"countrycode","country","year","polity5","democracy","gdppc","military","enrol_gross","primcomp","primcom_male","primcom_fem","enrol_net","agri","slums","telephone","internet","tax","pop","pop_fem","electricity","service","oil","natural","oda","literacy","lit_male","lit_fem","infant","health_ex","hospital","tuberculosis","life","life_male","life_female","unemploy","urban","attend","prenatal","un_continent_name","un_region_name","v2xcs_ccsi","v2cseeorgs","v2csreprss","v2cscnsult","v2csprtcpt","v2csgender","v2csantimv","v2csrlgrep","v2csrlgcon","v2regsupgroups_0","v2regsupgroups_1","v2regsupgroups_2","v2regsupgroups_3","v2regsupgroups_4","v2regsupgroups_5","v2regsupgroups_6","v2regsupgroups_7","v2regsupgroups_8","v2regsupgroups_9","v2regsupgroups_10","v2regsupgroups_11","v2regsupgroups_12","v2regsupgroups_13","v2x_libdem","v2x_neopat","v2dlencmps","v2elembaut","v2elvotbuy","v2exbribe","v2exembez","v2exrescon","v2jucomp","v2jucorrdc","v2juhccomp","v2juhcind","v2juncind","v2lgcrrpt","v2lgfunds","v2lginvstp","v2lgotovst","v2psprlnks","v2xnp_client"
"BLR","BELARUS",1991,6,1,1805.45592531527,NA,94.5129318237305,NA,NA,NA,NA,22.2222222222222,NA,NA,NA,NA,10194050,53.0750531028933,100,22.2222222222222,0.683545756548029,0.699615527627753,295519989.013672,NA,NA,NA,NA,NA,13.20470047,NA,70.3780487804878,65.5,75.5,NA,NA,NA,NA,"Europe","Eastern Europe",0.703,0.969,1.812,0.382,-0.638,2.15,0.731,0.305,-1.173,0,0.086,0.315,0,0.431,0.086,0,0,0.086,0.172,0.086,0.172,0.086,0.086,0.372,0.349,0.716,0.443,1.742,-0.484,-0.433,0.81,0.911,0.463,1.044,0.775,0.185,0.523,0.785,1.306,0.461,1.512,0.175
"BLR","BELARUS",1992,6,1,1658.08641281239,1.62249864791779,93.8576965332031,NA,NA,NA,NA,22.8260869565217,NA,NA,NA,20.5434782608696,10216470,53.0263435667279,100,27.1739130434783,0.678212480241202,2.26416851675533,393149993.896484,NA,NA,NA,NA,NA,12.6906995773,NA,70.0219512195122,64.9,75.4,NA,NA,NA,NA,"Europe","Eastern Europe",0.779,1.224,2.409,1.04,-0.325,2.15,-1.451,0.768,-1.173,0,0.143,0.286,0,0.857,0.429,0,0,0.286,0.286,0.143,0.286,0.143,0.143,0.441,0.326,0.716,0.837,1.742,-0.55,-0.433,0.81,0.911,0.463,1.044,0.975,0.543,0.523,0.785,1.306,0.461,1.512,0.175
"BLR","BELARUS",1993,6,1,1589.51011343649,2.79097146104819,94.0659027099609,NA,90.0582885742188,90.6777191162109,NA,17.1573604060914,NA,NA,NA,26.6395939086294,10239050,52.9784585406512,100,40.6091370558376,0.683699221725561,2.21248202232482,289100006.103516,NA,NA,NA,NA,NA,12.4762001038,NA,68.9707317073171,63.8,74.4,NA,NA,NA,NA,"Europe","Eastern Europe",0.708,0.95,1.834,1.04,-0.325,2.15,-1.451,0.768,-1.173,0,0.143,0.286,0,0.857,0.429,0,0,0.286,0.286,0.143,0.286,0.143,0.143,0.439,0.333,0.716,0.837,1.742,-0.55,-0.433,0.81,0.911,0.463,0.847,0.975,0.543,0.123,0.785,1.415,0.461,1.512,0.175
"BLR","BELARUS",1994,8,0,1460.00791360458,3.62160825483893,95.1763916015625,NA,96.1908874511719,94.788459777832,NA,13.589613893104,NA,NA,0.000486,24.7501826561007,10226955,53.0917567782485,100,44.4107233181588,0.662921666065701,1.92293267171276,174940002.441406,NA,NA,NA,NA,NA,12.4638996124,NA,68.7682926829268,63.5,74.3,NA,NA,NA,NA,"Europe","Eastern Europe",0.633,0.736,1.009,1.04,-0.325,2.15,-0.995,0.768,-1.173,0,0.029,0.399,0,0.857,0.428,0,0,0.058,0.286,0.143,0.286,0.143,0.143,0.409,0.449,0.716,0.885,1.726,-1.185,-1.319,-0.25,0.143,0.64,0.229,1.282,0.543,0.123,0.785,0.77,0.461,1.512,0.175
"BLR","BELARUS",1995,0,0,1370.69991385664,1.69946376942909,95.7500076293945,NA,97.3265075683594,92.8344573974609,88.16409,15.766496709307,NA,NA,0.00292,19.8876469280001,10193831,53.2038455835686,100,41.1505481742626,0.764551766430683,2.29540392663341,286869995.117188,NA,NA,NA,NA,NA,12.3800001144,NA,68.4609756097561,62.9,74.3,NA,NA,NA,NA,"Europe","Eastern Europe",0.561,0.202,1.009,0.621,-0.062,2.15,-0.995,0.768,-1.173,0,0.143,0.143,0.143,0.714,0.714,0,0,0.143,0.571,0.143,0.571,0.286,0.429,0.356,0.486,0.716,0.63,0.953,-1.047,-1.164,-0.329,-0.118,0.64,-0.082,1.282,0.359,0.123,0.213,0.77,0.326,1.512,0.212
"BLR","BELARUS",1996,-7,0,1427.26896385327,1.26069255990701,96.64990234375,NA,92.896240234375,90.0868682861328,NA,15.098598303786,NA,NA,0.0293,18.7997748111698,10159569,53.1744402907981,100,39.3642585709892,0.962363803239676,3.37119722373573,110930000.305176,NA,NA,NA,NA,NA,12.2700004578,NA,68.5121951219512,63,74.3,NA,NA,NA,NA,"Europe","Eastern Europe",0.496,0.202,0.799,-0.035,-0.813,2.15,1.105,0.359,-1.173,0,0.143,0.143,0.143,0.714,0.715,0,0,0.157,0.571,0.143,0.571,0.286,0.429,0.213,0.699,0.738,0.589,0.953,-1.047,-1.164,-0.329,-0.886,0.899,-1.29,-1.333,-1.222,-0.054,-0.227,-0.352,-1.018,2.888,0.144
"BLR","BELARUS",1997,-7,0,1396.44201900881,1.76896655126353,99.7674179077148,NA,98.1665115356445,93.5540466308594,NA,13.4179320121037,NA,NA,0.049,20.7345909549383,10117433,53.1404370421339,100,37.9104762424011,0.782137211300665,3.18802305084874,88059997.5585938,NA,NA,NA,NA,NA,12.3599996567,NA,68.4609756097561,62.9,74.3,NA,NA,NA,NA,"Europe","Eastern Europe",0.451,0.202,0.066,-0.035,-0.813,2.15,0.408,-0.322,-1.173,0,0.143,0.143,0.143,0.714,0.857,0,0,0.286,0.571,0.143,0.571,0.286,0.429,0.139,0.862,0.738,-1.878,0.953,-0.692,-1.24,-0.661,-2.008,0.899,-2.324,-2.178,-1.783,0.679,-1.496,-2.722,-1.871,2.888,0.144
"BLR","BELARUS",1998,-7,0,1511.32531567314,1.49509870243434,103.214653015137,NA,NA,NA,NA,12.0617636126188,NA,NA,0.0739,17.1123289388046,10071963,53.115907330323,100,39.5825173998556,0.225994396151491,0.79713486531659,63009998.3215332,NA,NA,NA,NA,NA,12.4200000763,NA,68.4073170731707,62.7,74.4,NA,0.679016470909119,NA,NA,"Europe","Eastern Europe",0.46,0.202,0.066,-0.371,-0.524,2.15,0.408,-0.322,-1.173,0,0.143,0.143,0.143,0.714,0.857,0,0,0.286,0.571,0.143,0.571,0.286,0.429,0.132,0.868,0.738,-1.878,0.953,-0.692,-1.24,-1.017,-2.008,0.899,-2.324,-2.178,-1.783,0.679,-1.496,-2.722,-1.871,2.888,0.144
"BLR","BELARUS",1999,-7,0,1210.6117195862,1.36676073838589,115.26725769043,NA,100.868156433105,99.4574127197266,NA,12.7005575559539,NA,NA,0.495,16.6724761934976,10026738,53.1302472312847,100,40.0357361906424,0.852060708251057,1.72073029417856,64589996.3378906,99.5899963378906,99.7900009155273,99.4199981689453,NA,NA,12.6400003433,NA,67.9073170731707,62.2,73.9,NA,0.681540191173553,NA,NA,"Europe","Eastern Europe",0.46,0.202,0.066,-1.934,-0.524,2.15,0.746,-0.322,-1.173,0,0.143,0.143,0.143,0.714,0.857,0,0,0.286,0.571,0.143,0.571,0.286,0.429,0.114,0.868,0.738,-1.878,0.953,-0.692,-1.24,-1.017,-2.008,0.899,-2.324,-2.178,-1.783,0.679,-1.496,-2.722,-1.871,2.888,0.144
"BLR","BELARUS",2000,-7,0,1276.2880341,1.34698415075765,117.421142578125,NA,105.265548706055,105.151733398438,NA,12.0968271694147,NA,NA,1.8604,16.6247345026167,9979610,53.1666458652631,100,39.8946769143182,1.78844487580508,2.54557671523974,60639999.3896484,NA,NA,NA,NA,5.28088045,12.01,153,68.9121951219512,63.4,74.7,NA,0.697750926017761,NA,NA,"Europe","Eastern Europe",0.364,-0.249,-0.128,-1.934,-0.775,2.15,0.746,-0.322,-1.173,0,0.143,0.143,0.143,0.714,0.857,0,0,0.286,0.429,0,0.429,0.143,0.571,0.107,0.875,0.738,-2.463,1.601,-0.692,-1.24,-1.017,-2.008,0.899,-2.324,-2.178,-1.783,0.679,-1.496,-2.722,-1.871,2.888,0.133
"BLR","BELARUS",2001,-7,0,1244.37318523431,1.43829074692244,117.492881774902,NA,110.553062438965,110.45906829834,95.5913,10.3504297393613,NA,NA,4.30062,15.7546642442876,9928549,53.1954560570896,100,44.3475881023921,1.34865249857526,2.14528094220705,68800003.0517578,NA,NA,NA,NA,5.7064805,11.99,121,68.5073170731707,62.8,74.5,NA,0.692712843418121,NA,NA,"Europe","Eastern Europe",0.308,-0.686,-0.128,-1.934,-0.775,2.15,0.746,-0.322,-1.173,0,0.143,0.143,0.143,0.714,0.857,0,0,0.286,0.429,0,0.429,0.143,0.571,0.103,0.87,0.738,-2.463,1.601,-0.692,-1.24,-1.017,-2.008,0.899,-2.324,-2.178,-1.783,0.679,-1.496,-2.722,-1.871,2.888,0.095
"BLR","BELARUS",2002,-7,0,1479.38066337175,1.40024580052512,114.62126159668,NA,134.29052734375,132.85888671875,92.53704,10.1284322239778,NA,NA,8.95097,14.2010383230738,9865548,53.2333534107484,100,44.0705784232333,1.17776447049082,1.81125653175824,65040000.9155273,NA,NA,NA,NA,5.62404203,11.4,110,68.0560975609756,62.3,74.1,NA,0.693484604358673,NA,NA,"Europe","Eastern Europe",0.281,-0.686,-0.428,-1.934,-0.775,2.15,-0.633,-0.322,-1.173,0,0.143,0.143,0.143,0.714,0.857,0,0,0.143,0.429,0,0.429,0.143,0.571,0.1,0.87,0.738,-2.463,1.601,-0.692,-1.24,-1.017,-2.008,0.899,-2.324,-2.178,-1.783,0.679,-1.496,-2.722,-1.871,2.888,0.095
"BLR","BELARUS",2003,-7,0,1819.52653114699,1.29906390002339,105.365631103516,NA,105.608261108398,105.455520629883,93.07121,8.63562770752199,NA,NA,NA,17.6881219095961,9796749,53.2813903084684,100,43.252800507592,1.13171633278447,1.76539619642518,65610000.6103516,NA,NA,NA,NA,5.77103186,10.83,124,68.5536585365854,62.7,74.7,NA,0.689112544059753,NA,NA,"Europe","Eastern Europe",0.281,-0.686,-0.428,-1.934,-0.775,2.15,-0.633,-0.565,-1.173,0,0.143,0.143,0.143,0.714,0.857,0,0,0.286,0.429,0,0.429,0.143,0.571,0.098,0.87,0.738,-2.463,1.601,-0.692,-1.24,-1.017,-2.008,0.899,-2.324,-2.178,-1.783,0.679,-1.496,-2.722,-1.871,2.888,0.095
"BLR","BELARUS",2004,-7,0,2378.33700470129,1.35822231382833,103.979820251465,NA,106.218238830566,102.75520324707,91.53975,8.85025144123636,NA,NA,NA,18.3713469008917,9730146,53.3271234958153,100,41.8164578990954,1.1746798782904,1.79153055739652,64319999.6948242,NA,NA,NA,NA,5.73650646,10.26,111,68.9560975609756,63.2,75,NA,0.689079523086548,NA,NA,"Europe","Eastern Europe",0.278,-0.686,-0.49,-1.934,-0.775,2.15,-0.633,-0.565,-1.173,0,0.143,0.143,0.143,0.714,0.857,0,0,0.286,0.429,0,0.429,0.143,0.571,0.098,0.878,0.738,-2.463,1.754,-0.692,-1.24,-1.631,-2.008,0.899,-2.324,-2.178,-1.783,0.679,-1.496,-2.722,-1.871,2.888,0.094
"BLR","BELARUS",2005,-7,0,3126.07176665248,1.49845313530187,102.126327514648,NA,105.095153808594,101.238571166992,89.60983,8.51859080856531,NA,NA,NA,20.1496562779039,9663915,53.3779217235539,100,39.6283221474447,1.28297270844558,1.76999857555488,73114242.5537109,NA,NA,NA,NA,6.07036304,10.69,105,68.8512195121951,62.9,75.1,NA,0.689370632171631,100,NA,"Europe","Eastern Europe",0.278,-0.686,-0.49,-1.934,-0.775,2.15,-0.633,-0.565,-1.173,0,0.143,0.143,0.143,0.714,0.857,0,0,0.286,0.429,0,0.429,0.143,0.571,0.096,0.875,0.738,-2.463,1.754,-0.692,-1.24,-1.631,-2.008,0.899,-2.324,-2.178,-1.783,0.679,-1.496,-2.722,-1.871,2.888,0.092
"BLR","BELARUS",2006,-7,0,3848.22350300163,1.70941249195756,101.282920837402,NA,106.381370544434,102.404350280762,89.71155,8.57872759155765,NA,NA,16.2,22.2230966228065,9604924,53.4278493544362,100,40.8328812746793,1.21065194701197,1.67789507585865,92598388.671875,NA,NA,NA,NA,5.57366323,10.76,97,69.4048780487805,63.6,75.5,NA,0.690776705741882,NA,NA,"Europe","Eastern Europe",0.274,-0.686,-0.671,-1.934,-0.775,2.15,-0.498,-0.565,-1.173,0,0.125,0.125,0.125,0.75,0.875,0,0,0.25,0.5,0,0.5,0.125,0.625,0.095,0.878,0.738,-2.463,1.62,-0.692,-1.24,-1.631,-2.008,0.899,-2.324,-2.178,-1.783,0.679,-1.496,-2.722,-1.871,2.888,0.1
"BLR","BELARUS",2007,-7,0,4735.48107556066,1.64976591437478,99.8373336791992,NA,104.058792114258,101.147636413574,89.59185,8.30316995882275,NA,NA,19.7,23.7266987288672,9560953,53.4627351242804,100,40.4715469411405,1.09295340297526,1.55510160465908,96568679.8095703,NA,NA,NA,NA,5.6917243,10.82,97,70.2073170731707,64.5,76.2,NA,0.69573450088501,NA,NA,"Europe","Eastern Europe",0.274,-0.686,-0.671,-1.934,-0.775,2.15,-0.689,-0.565,-1.173,0,0.125,0.125,0.125,0.75,0.875,0,0,0.25,0.5,0,0.5,0.125,0.625,0.096,0.879,0.738,-2.463,1.62,-0.692,-1.24,-1.631,-2.008,0.899,-2.324,-2.178,-1.783,0.679,-1.496,-2.722,-1.871,2.888,0.102
"BLR","BELARUS",2008,-7,0,6376.17569162063,1.45349285157346,99.810188293457,NA,96.9723968505859,97.7734832763672,NA,8.66625369440669,NA,NA,23,25.3533892078637,9527985,53.4854918872814,100,37.9914446940769,1.1998245861583,1.60385129982227,114458503.723145,NA,NA,NA,NA,5.29448891,10.72,88,70.4560975609756,64.7,76.5,NA,0.690605103969574,NA,NA,"Europe","Eastern Europe",0.269,-0.686,-0.663,-1.934,-0.775,2.15,-0.689,-0.565,-1.173,0,0.125,0.125,0.125,0.75,0.875,0,0,0.25,0.5,0,0.5,0.125,0.625,0.097,0.88,0.738,-2.463,1.586,-0.692,-1.24,-1.631,-2.008,0.899,-2.324,-2.178,-1.783,0.679,-1.496,-2.722,-1.871,2.888,0.101
"BLR","BELARUS",2009,-7,0,5352.48809190697,1.37257698145111,100.756843566895,NA,NA,NA,NA,8.13089893610657,0.004,NA,27.43,18.6294706290955,9504583,53.4967201124016,100,42.1690842437222,0.730286719935005,1.14110578701464,109000862.121582,99.620002746582,99.7600021362305,99.4899978637695,NA,5.3906498,10.68,87,70.4073170731707,64.7,76.4,NA,0.743663668632507,NA,NA,"Europe","Eastern Europe",0.272,-0.686,-0.559,-1.934,-0.775,2.15,-0.74,-0.59,-1.173,0,0.125,0.125,0.125,0.75,0.875,0,0,0.25,0.5,0,0.5,0.125,0.625,0.098,0.881,0.738,-2.463,1.586,-0.692,-1.24,-1.631,-2.008,0.899,-2.324,-2.178,-1.783,0.679,-1.496,-2.722,-1.871,2.888,0.099
"BLR","BELARUS",2010,-7,0,6034.67885177216,1.3413834329232,100.778805231093,NA,NA,NA,91.05012,8.89193022882009,NA,NA,31.8,16.3214383764955,9483836,53.5062342794333,100,43.4739988900999,0.772806204282758,1.2135788388197,151939636.230469,NA,NA,NA,NA,5.65694332,10.88,81,70.4048780487805,64.6,76.5,NA,0.738933086395264,NA,NA,"Europe","Eastern Europe",0.252,-0.686,-0.811,-1.934,-0.863,2.15,-0.476,-0.59,-1.173,0,0.125,0.125,0.25,0.875,0.875,0,0,0.125,0.375,0,0.5,0,0.625,0.096,0.88,0.738,-2.463,1.591,-0.692,-1.24,-1.631,-2.008,0.899,-2.324,-2.178,-1.783,0.679,-1.496,-2.722,-1.871,2.843,0.102
"BLR","BELARUS",2011,-7,0,6527.6593428786,1.22449510976582,100.927399800314,NA,103.556175368256,103.180840981068,90.70014,8.00188774430829,NA,NA,39.6489,14.5090725642403,9461643,53.5240983728564,100,44.138000618399,1.17084554095057,1.6541017837394,121704910.27832,NA,NA,NA,NA,4.87452745,10.68,73,70.5536585365854,64.7,76.7,NA,0.739237248897552,NA,NA,"Europe","Eastern Europe",0.253,-0.686,-0.912,-1.934,-0.863,2.15,-0.744,-0.59,-1.173,0,0.125,0.125,0.25,0.875,0.875,0,0,0.25,0.375,0,0.5,0,0.625,0.094,0.882,0.738,-2.463,1.591,-0.692,-1.24,-1.631,-2.008,0.899,-2.324,-2.178,-1.783,0.679,-1.496,-2.722,-1.871,2.843,0.106
"BLR","BELARUS",2012,-7,0,6953.21591683101,1.22921872178113,100.103580941107,NA,101.702920242134,101.385735352637,93.98101,8.13094268308472,NA,NA,46.91,14.6629750334495,9446836,53.533591663684,100,43.2927264636013,1.04464650090861,1.72782026745452,112244445.800781,NA,NA,NA,NA,5.24538946,10.71,73,71.9658536585366,66.6,77.6,NA,0.741121172904968,99.9561190605164,99.7458338737488,"Europe","Eastern Europe",0.253,-0.686,-0.912,-1.934,-0.863,2.15,-0.744,-0.59,-1.173,0,0.125,0.125,0.25,0.875,0.875,0,0,0.25,0.375,0,0.5,0,0.625,0.094,0.88,0.738,-2.463,1.736,-0.692,-1.24,-1.631,-2.008,0.899,-2.324,-2.178,-1.783,0.679,-1.496,-2.722,-1.871,2.843,0.103
"BLR","BELARUS",2013,-7,0,7998.0802045456,1.27079665150066,99.4024127097705,NA,100.217284171856,100.308254096223,93.23412,6.80909244753712,NA,NA,54.17,13.3549628478795,9443211,53.5244301518989,100,45.4217867161879,0.832270804096301,1.43580105606,114737915.039063,NA,NA,NA,NA,5.69563103,10.49,67,72.4707317073171,67.3,77.9,NA,0.742062449455261,NA,NA,"Europe","Eastern Europe",0.257,-0.727,-0.724,-1.934,-0.839,2.15,-0.806,-0.404,-1.215,0,0.125,0.125,0.25,0.875,0.875,0,0,0.25,0.375,0,0.5,0,0.625,0.099,0.881,0.671,-2.463,1.736,-0.692,-1.24,-1.418,-2.277,0.899,-2.976,-2.178,-1.783,0.846,-1.496,-2.722,-1.339,2.843,0.094
"BLR","BELARUS",2014,-7,0,8341.31809294883,1.04232763587955,98.8196297844518,NA,100.755898468076,100.950673492015,93.11386,7.30305697730942,NA,NA,59.0163,12.6977245264198,9448515,53.5034332315532,100,45.6522130319622,0.734771849347757,1.32461564136151,124444732.666016,NA,NA,NA,NA,5.38792181,10.31,56,72.9707317073171,67.8,78.4,NA,0.744201183319092,NA,NA,"Europe","Eastern Europe",0.257,-0.727,-0.724,-1.934,-0.839,2.15,-0.806,-0.404,-1.215,0,0.125,0.125,0.25,0.875,0.875,0,0,0.25,0.375,0,0.5,0,0.625,0.099,0.881,0.671,-2.463,1.736,-0.692,-1.24,-1.418,-2.277,0.899,-2.976,-2.178,-1.783,0.846,-1.496,-2.722,-1.339,2.843,0.094
"BLR","BELARUS",2015,-7,0,5967.05595058777,1.13806602416355,98.4724784063299,NA,99.9196316086711,98.3419148501826,93.96598,6.2832075832437,NA,NA,62.2304,14.1730944598815,9461076,53.4728026769277,100,47.7416980416264,0.439126030844868,1.16867046065759,124929893.493652,NA,NA,NA,NA,6.06528044,10.25,54,73.6243902439025,68.6,78.9,NA,0.743006527423859,NA,NA,"Europe","Eastern Europe",0.289,-0.727,-0.335,-1.576,-0.674,2.15,-0.867,-0.359,-1.215,0,0.125,0.125,0.25,0.875,0.875,0,0,0.25,0.375,0,0.5,0,0.625,0.102,0.885,0.635,-2.463,1.741,-0.692,-1.24,-1.418,-2.277,0.899,-2.976,-2.178,-1.783,0.846,-1.496,-2.722,-1.339,2.843,0.105
"BLR","BELARUS",2016,-7,0,5039.77560949445,1.52328091923032,99.4165601023018,NA,98.1964300471035,99.5005125744323,96.08237,6.89528062433517,NA,NA,71.113,13.7882356106963,9469379,53.4395024014474,100,48.5229965560459,0.386692377932086,1.24276957113325,-22019237.5183105,NA,NA,NA,NA,5.91054153,10.06,45,73.8268292682927,68.9,79,NA,0.742480635643005,NA,NA,"Europe","Eastern Europe",0.338,-0.64,0.101,-1.083,-0.528,2.12,-0.867,-0.216,-1.855,0,0.125,0.125,0.25,0.875,0.875,0,0,0.25,0.375,0,0.5,0,0.625,0.108,0.853,0.91,-2.463,1.741,-0.692,-0.8,-1.418,-2.005,0.899,-2.307,-2.6,-1.515,0.846,-0.621,-2.722,-0.81,2.136,0.124
"BLR","BELARUS",2017,-7,0,5785.54491935194,1.37200444073753,98.9911352828846,NA,97.6091081593928,97.5161400615434,95.61727,7.56580253848292,NA,NA,74.4364,13.0190056095517,9458989,53.4185942842664,NA,47.6337185881178,0.509192771843037,1.56417583319201,-281464935.302734,NA,NA,NA,NA,5.75974846,10,38,74.1292682926829,69.3,79.2,NA,0.739627778530121,NA,NA,"Europe","Eastern Europe",0.312,-0.716,-0.092,-0.738,-0.528,2.12,-0.867,-0.216,-2.059,0,0.125,0.125,0.25,0.875,0.875,0,0,0.25,0.375,0,0.5,0,0.625,0.109,0.862,0.91,-2.463,1.741,-0.692,-0.915,-1.418,-1.68,0.899,-2.307,-2.6,-2.262,0.846,-0.621,-2.722,-0.81,2.136,0.124
"BLR","BELARUS",2018,-7,0,6360.037502312,1.53799428873681,98.2260831226448,NA,97.5904490196435,98.2308226578176,94.92861,6.59010772590188,NA,NA,79.1299,14.6725689729455,9438785,53.3986966920256,NA,47.8104508104582,0.81482381135107,1.98128406238056,133033142.089844,NA,NA,NA,NA,5.52699471,9.93,31,74.1756097560976,69.2,79.4,NA,0.739043176174164,NA,NA,"Europe","Eastern Europe",0.318,-0.716,0.041,-0.738,-0.528,2.12,-0.867,-0.216,-1.85,0,0.125,0.125,0.25,0.875,0.875,0,0,0.25,0.375,0,0.5,0,0.625,0.112,0.862,0.91,-2.463,1.741,-0.692,-0.915,-1.418,-1.68,0.899,-2.307,-2.6,-2.262,0.846,-0.621,-2.722,-0.81,2.136,0.124
"BLR","BELARUS",2019,NA,0,6837.77339645635,1.39642297566801,97.0494273050719,NA,102.246772591857,102.195894959251,NA,6.79466882799274,0.004,NA,82.7892,13.3015061369933,9419758,53.3808351933459,NA,48.426692673832,0.652174604477283,1.66960534709783,241887435.913086,99.870002746582,99.870002746582,99.879997253418,NA,5.86133814,9.93,29,74.2268292682927,69.3,79.4,NA,0.741377592086792,NA,NA,"Europe","Eastern Europe",0.332,-0.624,0.011,-0.738,-0.528,2.12,-0.867,-0.216,-1.85,0,0.143,0.143,0.286,1,0.857,0,0,0.286,0.143,0,0.429,0,0.714,0.111,0.861,0.91,-2.463,1.693,-0.692,-0.915,-1.418,-1.68,0.899,-1.947,-2.6,-2.262,0.846,-0.621,-2.722,-0.938,2.136,0.125
"BLR","BELARUS",2020,NA,0,6542.85579976768,1.40325859867166,95.5250148309274,NA,97.5655598317372,97.5711351186853,NA,7.07723976895662,NA,NA,85.0879,12.0229232611634,9379952,53.3865457861795,NA,49.0118941389573,0.36508491305747,1.52063831654103,361020385.742188,NA,NA,NA,NA,6.40607214,10.09,26,72.1385609756098,67.101,77.428,NA,0.740960597991943,NA,NA,"Europe","Eastern Europe",0.265,-0.856,-1.319,-1.9,0.636,2.12,0.391,-0.94,-1.85,0,0.143,0.143,0.286,0.857,0.857,0,0,0.143,0,0,0.286,0,0.714,0.046,0.912,0.91,-2.463,1.693,-0.654,-1.151,-2.596,-1.659,0.899,-2.287,-3.508,-2.631,0.455,-1.375,-2.722,-1.632,2.136,0.131
"BGR","BULGARIA",1960,-7,0,NA,NA,NA,NA,NA,NA,NA,NA,NA,NA,NA,NA,7867374,50.0677101628579,NA,NA,NA,NA,NA,NA,NA,NA,NA,NA,6.21367740631104,NA,69.2475609756098,67.55,71.03,NA,NA,NA,NA,"Europe","Eastern Europe",0.038,-2.543,-1.579,-2.068,-2.95,1.653,-2.868,-0.924,-3.078,0,0.125,0.75,0.25,0.75,0.375,0,0,0.125,0.5,0.125,0.5,0.125,0.625,0.057,0.658,2.876,-2.434,0.043,0.049,0.409,-0.575,-1.605,1.701,-0.556,-0.686,-0.493,2.368,-0.417,-1.413,-1.348,0.758,0.269
"BGR","BULGARIA",1961,-7,0,NA,NA,NA,NA,NA,NA,NA,NA,NA,NA,NA,NA,7943118,50.0584885932756,NA,NA,NA,NA,NA,NA,NA,NA,NA,NA,NA,NA,70.1956097560976,68.42,72.06,NA,NA,NA,NA,"Europe","Eastern Europe",0.038,-2.543,-1.579,-2.068,-2.95,1.653,-2.868,-0.924,-3.078,0,0.125,0.75,0.25,0.75,0.375,0,0,0.125,0.5,0.125,0.5,0.125,0.625,0.057,0.658,2.876,-2.434,0.043,0.049,0.409,-0.575,-1.605,1.701,-0.556,-0.686,-0.493,2.368,-0.417,-1.413,-1.348,0.758,0.269
"BGR","BULGARIA",1962,-7,0,NA,NA,NA,NA,NA,NA,NA,NA,NA,NA,NA,NA,8012946,50.0513652979868,NA,NA,NA,NA,NA,NA,NA,NA,NA,NA,NA,NA,69.4919512195122,67.77,71.3,NA,NA,NA,NA,"Europe","Eastern Europe",0.038,-2.543,-1.579,-2.068,-2.95,1.653,-2.868,-0.924,-3.078,0,0.125,0.75,0.25,0.75,0.375,0,0,0.125,0.5,0.125,0.5,0.125,0.625,0.058,0.631,2.876,-2.434,2.32,0.049,0.409,-0.575,-1.605,1.701,-0.556,-0.686,-0.493,2.368,-0.417,-1.413,-1.348,0.758,0.135
"BGR","BULGARIA",1963,-7,0,NA,NA,NA,NA,NA,NA,NA,NA,NA,NA,NA,NA,8078145,50.0443041706116,NA,NA,NA,NA,NA,NA,NA,NA,NA,NA,NA,NA,70.3092682926829,68.68,72.02,NA,NA,NA,NA,"Europe","Eastern Europe",0.038,-2.543,-1.579,-2.068,-2.95,1.653,-2.868,-0.924,-3.078,0,0.125,0.75,0.25,0.75,0.375,0,0,0.125,0.5,0.125,0.5,0.125,0.625,0.058,0.626,2.876,-2.434,2.32,0.049,0.409,-0.575,-1.605,1.701,-0.556,-0.686,-0.493,2.368,-0.417,-1.413,-1.348,0.758,0.111
"BGR","BULGARIA",1964,-7,0,NA,NA,NA,NA,NA,NA,NA,NA,NA,NA,NA,NA,8144340,50.0367809472236,NA,NA,NA,NA,NA,NA,NA,NA,NA,NA,NA,NA,71.1212195121951,69.37,72.96,NA,NA,NA,NA,"Europe","Eastern Europe",0.038,-2.543,-1.579,-2.068,-2.95,1.653,-2.868,-0.924,-3.078,0,0.125,0.75,0.25,0.75,0.375,0,0,0.125,0.5,0.125,0.5,0.125,0.625,0.058,0.626,2.876,-2.434,2.32,0.049,0.409,-0.575,-1.605,1.701,-0.556,-0.686,-0.493,2.368,-0.417,-1.413,-1.348,0.758,0.111
"BGR","BULGARIA",1965,-7,0,NA,NA,NA,NA,NA,NA,NA,NA,NA,NA,NA,NA,8204168,50.0109784713457,NA,NA,NA,NA,NA,NA,NA,NA,NA,NA,NA,NA,71.2939024390244,69.45,73.23,NA,NA,NA,NA,"Europe","Eastern Europe",0.038,-2.543,-1.579,-2.068,-2.95,1.653,-2.868,-0.924,-3.078,0,0.125,0.75,0.25,0.75,0.375,0,0,0.125,0.5,0.125,0.5,0.125,0.625,0.058,0.626,2.876,-2.434,2.32,0.049,0.409,-0.575,-1.605,1.701,-0.556,-0.686,-0.493,2.368,-0.417,-1.413,-1.348,0.758,0.111
"BGR","BULGARIA",1966,-7,0,NA,NA,NA,NA,NA,NA,NA,NA,NA,NA,NA,NA,8258057,49.9871833447656,NA,NA,NA,NA,NA,NA,NA,NA,NA,NA,NA,NA,71.2234146341464,69.36,73.18,NA,NA,NA,NA,"Europe","Eastern Europe",0.038,-2.543,-1.579,-2.068,-2.95,1.653,-2.868,-0.924,-3.078,0,0.125,0.75,0.25,0.75,0.375,0,0,0.125,0.625,0.125,0.5,0.125,0.5,0.058,0.626,2.876,-2.434,2.324,0.049,0.409,-0.575,-1.605,1.701,-0.556,-0.686,-0.493,2.368,-0.417,-1.413,-1.348,0.758,0.11
"BGR","BULGARIA",1967,-7,0,NA,NA,NA,NA,NA,NA,NA,NA,NA,NA,NA,NA,8310226,49.988689857112,NA,NA,NA,NA,NA,NA,NA,NA,NA,NA,NA,NA,70.4139024390244,68.37,72.56,NA,NA,NA,NA,"Europe","Eastern Europe",0.038,-2.543,-1.579,-2.068,-2.95,1.653,-2.868,-0.924,-3.078,0,0.125,0.75,0.25,0.75,0.375,0,0,0.125,0.625,0.125,0.5,0.125,0.5,0.058,0.626,2.876,-2.434,2.324,0.049,0.409,-0.575,-1.605,1.701,-0.556,-0.686,-0.493,2.368,-0.417,-1.413,-1.348,0.758,0.11
"BGR","BULGARIA",1968,-7,0,NA,NA,NA,NA,NA,NA,NA,NA,NA,NA,NA,NA,8369603,49.992605103697,NA,NA,NA,NA,NA,NA,NA,NA,NA,NA,NA,NA,71.2251219512195,69.23,73.32,NA,NA,NA,NA,"Europe","Eastern Europe",0.038,-2.543,-1.579,-2.068,-2.95,1.653,-2.868,-0.924,-3.078,0,0.125,0.75,0.25,0.75,0.375,0,0,0.125,0.625,0.125,0.5,0.125,0.5,0.058,0.626,2.876,-2.434,2.324,0.049,0.409,-0.575,-1.605,1.701,-0.556,-0.686,-0.493,2.368,-0.417,-1.413,-1.348,0.758,0.11
"BGR","BULGARIA",1969,-7,0,NA,NA,NA,NA,NA,NA,NA,NA,NA,NA,NA,NA,8434172,49.9991345867047,NA,NA,NA,NA,NA,NA,NA,NA,NA,NA,NA,NA,70.43,68.23,72.74,NA,NA,NA,NA,"Europe","Eastern Europe",0.038,-2.543,-1.579,-2.068,-2.95,1.653,-2.868,-0.924,-3.078,0,0.125,0.75,0.25,0.75,0.375,0,0,0.125,0.625,0.125,0.5,0.125,0.5,0.058,0.626,2.876,-2.434,2.324,0.049,0.409,-0.575,-1.605,1.701,-0.556,-0.686,-0.493,2.368,-0.417,-1.413,-1.348,0.758,0.11
"BGR","BULGARIA",1970,-7,0,NA,NA,NA,NA,NA,NA,NA,NA,NA,NA,NA,NA,8489574,50.0051349550998,NA,NA,NA,NA,NA,NA,NA,NA,NA,NA,NA,NA,71.2563414634146,69.11,73.51,NA,NA,NA,NA,"Europe","Eastern Europe",0.042,-2.543,-1.394,-2.068,-2.95,1.653,-2.868,-0.924,-3.078,0,0,0.75,0.125,0.75,0.375,0,0,0.125,0.625,0,0.375,0,0.5,0.059,0.626,2.876,-2.434,2.324,0.049,0.409,-0.575,-1.605,1.701,-0.556,-0.686,-0.493,2.368,-0.417,-1.413,-1.348,0.758,0.11
"BGR","BULGARIA",1971,-7,0,NA,NA,NA,NA,NA,NA,NA,NA,NA,NA,NA,NA,8536395,50.0136551578435,NA,NA,NA,NA,NA,NA,NA,NA,NA,NA,NA,NA,70.8736585365854,68.62,73.24,NA,NA,NA,NA,"Europe","Eastern Europe",0.042,-2.543,-1.394,-2.068,-2.95,1.653,-2.868,-0.924,-3.078,0,0,0.75,0.125,0.75,0.375,0,0,0.125,0.625,0,0.375,0,0.5,0.059,0.629,2.876,-2.434,2.336,0.049,0.409,-0.575,-1.605,1.701,-0.556,-0.686,-0.493,2.368,-0.417,-1.413,-1.348,0.758,0.107
"BGR","BULGARIA",1972,-7,0,NA,NA,NA,NA,NA,NA,NA,NA,NA,NA,NA,NA,8576200,50.0261133183984,NA,NA,NA,NA,NA,NA,NA,NA,NA,NA,NA,NA,70.899512195122,68.68,73.23,NA,NA,NA,NA,"Europe","Eastern Europe",0.042,-2.543,-1.394,-2.068,-2.95,1.653,-2.868,-0.924,-3.078,0,0,0.75,0.125,0.75,0.375,0,0,0.125,0.625,0,0.375,0,0.5,0.059,0.632,2.876,-2.434,2.336,0.049,0.409,-0.575,-1.605,1.701,-0.556,-0.686,-0.493,2.368,-0.417,-1.413,-1.348,0.758,0.104
"BGR","BULGARIA",1973,-7,0,NA,NA,NA,NA,NA,NA,NA,NA,NA,NA,NA,NA,8620967,50.0388762637974,NA,NA,NA,NA,NA,NA,NA,NA,NA,NA,NA,NA,71.3421951219512,69.03,73.77,NA,NA,NA,NA,"Europe","Eastern Europe",0.042,-2.543,-1.394,-2.068,-2.95,1.653,-2.868,-0.924,-3.078,0,0,0.75,0.125,0.75,0.375,0,0,0.125,0.625,0,0.375,0,0.5,0.059,0.632,2.876,-2.434,2.336,0.049,0.409,-0.575,-1.605,1.701,-0.556,-0.686,-0.493,2.368,-0.417,-1.413,-1.348,0.758,0.104
"BGR","BULGARIA",1974,-7,0,NA,NA,NA,NA,NA,NA,NA,NA,NA,NA,NA,NA,8678745,50.0519708318385,NA,NA,NA,NA,NA,NA,NA,NA,NA,NA,NA,NA,71.2080487804878,68.93,73.6,NA,NA,NA,NA,"Europe","Eastern Europe",0.042,-2.543,-1.394,-2.068,-2.95,1.653,-2.868,-0.924,-3.078,0,0,0.75,0.125,0.75,0.375,0,0,0.125,0.625,0,0.375,0,0.5,0.059,0.632,2.876,-2.434,2.336,0.049,0.409,-0.575,-1.605,1.701,-0.556,-0.686,-0.493,2.368,-0.417,-1.413,-1.348,0.758,0.104
"BGR","BULGARIA",1975,-7,0,NA,NA,NA,NA,NA,NA,NA,NA,NA,NA,NA,NA,8720742,50.064191268543,NA,NA,NA,NA,NA,NA,NA,NA,NA,NA,NA,NA,71.049756097561,68.64,73.58,NA,NA,NA,NA,"Europe","Eastern Europe",0.092,-1.496,-1.394,-2.068,-2.95,1.653,-2.868,-0.924,-3.078,0,0,0.75,0.125,0.75,0.375,0,0,0.125,0.625,0,0.375,0,0.5,0.059,0.632,2.876,-2.434,2.336,0.049,0.409,-0.575,-1.605,1.701,-0.556,-0.686,-0.493,2.368,-0.417,-1.413,-1.348,0.758,0.104
"BGR","BULGARIA",1976,-7,0,NA,NA,NA,NA,NA,NA,NA,NA,NA,NA,NA,NA,8758599,50.079029051753,NA,NA,NA,NA,NA,NA,NA,NA,NA,NA,NA,NA,71.3948780487805,68.99,73.92,NA,NA,NA,NA,"Europe","Eastern Europe",0.092,-1.496,-1.394,-2.068,-2.95,1.653,-2.868,-0.924,-3.078,0,0,0.75,0.125,0.75,0.375,0,0,0.125,0.625,0,0.375,0,0.5,0.059,0.631,2.876,-2.434,2.334,0.049,0.409,-0.575,-1.605,1.701,-0.556,-0.686,-0.493,2.368,-0.417,-1.413,-1.348,0.758,0.106
"BGR","BULGARIA",1977,-7,0,NA,NA,NA,NA,NA,NA,NA,NA,NA,NA,NA,NA,8804183,50.0988734974619,NA,NA,NA,NA,NA,NA,NA,NA,NA,NA,NA,NA,70.8160975609756,68.26,73.5,NA,NA,NA,NA,"Europe","Eastern Europe",0.092,-1.496,-1.394,-2.068,-2.95,1.653,-2.868,-0.924,-3.078,0,0,0.75,0.125,0.75,0.375,0,0,0.125,0.625,0,0.375,0,0.5,0.059,0.63,2.876,-2.434,2.334,0.049,0.409,-0.575,-1.605,1.701,-0.556,-0.686,-0.493,2.368,-0.417,-1.413,-1.348,0.758,0.107
"BGR","BULGARIA",1978,-7,0,NA,NA,NA,NA,NA,NA,NA,NA,NA,NA,NA,NA,8814032,50.1250092752843,NA,NA,NA,NA,NA,NA,NA,NA,NA,NA,NA,NA,71.1846341463415,68.77,73.72,NA,NA,NA,NA,"Europe","Eastern Europe",0.092,-1.496,-1.394,-2.068,-2.95,1.653,-2.868,-0.924,-3.078,0,0,0.75,0.125,0.75,0.375,0,0,0.125,0.625,0,0.375,0,0.5,0.059,0.63,2.876,-2.434,2.334,0.049,0.409,-0.575,-1.605,1.701,-0.556,-0.686,-0.493,2.368,-0.417,-1.413,-1.348,0.758,0.107
"BGR","BULGARIA",1979,-7,0,NA,NA,NA,NA,NA,NA,NA,NA,NA,NA,NA,NA,8825940,50.1508046521963,NA,NA,NA,NA,NA,NA,NA,NA,NA,NA,NA,NA,71.3082926829268,68.64,74.11,NA,NA,NA,NA,"Europe","Eastern Europe",0.092,-1.496,-1.394,-2.068,-2.95,1.653,-2.868,-0.924,-3.078,0,0,0.75,0.125,0.75,0.375,0,0,0.125,0.625,0,0.375,0,0.5,0.059,0.63,2.876,-2.434,2.334,0.049,0.409,-0.575,-1.605,1.701,-0.556,-0.686,-0.493,2.368,-0.417,-1.413,-1.348,0.758,0.107
"BGR","BULGARIA",1980,-7,0,2238.80295786574,NA,NA,NA,NA,NA,NA,14.4185956341359,NA,NA,NA,NA,8861535,50.1764934217217,NA,30.492419836377,0.0995954310579948,1.84565645890179,NA,NA,NA,NA,NA,NA,8.85060024261475,NA,71.1575609756098,68.46,73.99,NA,NA,NA,NA,"Europe","Eastern Europe",0.092,-1.496,-1.394,-2.068,-2.95,1.653,-2.868,-0.924,-3.078,0,0,0.75,0.125,0.75,0.375,0,0,0.125,0.625,0,0.375,0,0.5,0.06,0.63,2.876,-2.434,2.334,0.049,0.409,-0.575,-1.605,1.701,-0.556,-0.686,-0.493,2.368,-0.417,-1.413,-1.348,0.758,0.107
"BGR","BULGARIA",1981,-7,0,2234.81481573125,NA,NA,NA,NA,NA,NA,16.6255661801711,NA,NA,NA,NA,8891117,50.2041506104828,NA,29.0035228988425,0.0770048003957087,1.96561435488843,NA,NA,NA,NA,NA,NA,8.85900020599365,NA,71.5719512195122,68.85,74.43,NA,NA,NA,NA,"Europe","Eastern Europe",0.092,-1.496,-1.394,-2.068,-2.95,1.653,-2.868,-0.924,-3.078,0,0,0.75,0.125,0.75,0.375,0,0,0.125,0.625,0,0.375,0,0.5,0.06,0.631,2.876,-2.434,2.313,0.049,0.409,-0.575,-1.605,1.701,-0.556,-0.686,-0.493,2.368,-0.417,-1.413,-1.348,0.758,0.112
"BGR","BULGARIA",1982,-7,0,2169.00401089683,NA,NA,NA,NA,NA,NA,17.1778168407266,NA,NA,NA,NA,8917457,50.2326222756389,NA,24.9860407403578,0.0536326670421855,2.05125743024026,NA,NA,NA,NA,NA,NA,8.88669967651367,NA,71.1860975609756,68.43,74.08,NA,NA,NA,NA,"Europe","Eastern Europe",0.092,-1.496,-1.394,-2.068,-2.95,1.653,-2.868,-0.924,-3.078,0,0,0.75,0.125,0.75,0.375,0,0,0.125,0.625,0,0.375,0,0.5,0.06,0.632,2.876,-2.434,2.313,0.049,0.409,-0.575,-1.605,1.701,-0.556,-0.686,-0.493,2.368,-0.417,-1.413,-1.348,0.758,0.115
"BGR","BULGARIA",1983,-7,0,1852.81343442802,NA,NA,NA,NA,NA,NA,14.4794832062144,NA,NA,NA,NA,8939738,50.2687912654257,NA,25.0957584539118,0.0743297285404802,1.49283027098411,NA,NA,NA,NA,NA,NA,8.87679958343506,NA,71.3863414634146,68.44,74.48,NA,NA,NA,NA,"Europe","Eastern Europe",0.092,-1.496,-1.394,-2.068,-2.95,1.653,-2.868,-0.924,-3.078,0,0,0.75,0.125,0.75,0.375,0,0,0.125,0.625,0,0.375,0,0.5,0.06,0.632,2.876,-2.434,2.313,0.049,0.409,-0.575,-1.605,1.701,-0.556,-0.686,-0.493,2.368,-0.417,-1.413,-1.348,0.758,0.115
"BGR","BULGARIA",1984,-7,0,1963.57267618274,NA,NA,NA,NA,NA,NA,15.8126229440906,NA,NA,NA,NA,8960679,50.3099210017555,NA,24.0741500873041,0.101803892526708,1.29223155573136,NA,NA,NA,NA,NA,NA,8.96300029754639,NA,71.499756097561,68.49,74.66,NA,NA,NA,NA,"Europe","Eastern Europe",0.092,-1.496,-1.394,-2.068,-2.95,1.653,-2.868,-0.924,-3.078,0,0,0.75,0.125,0.75,0.375,0,0,0.125,0.625,0,0.375,0,0.5,0.06,0.632,2.876,-2.434,2.313,0.049,0.409,-0.575,-1.605,1.701,-0.556,-0.686,-0.493,2.368,-0.417,-1.413,-1.348,0.758,0.115
"BGR","BULGARIA",1985,-7,0,1914.55064658793,NA,NA,NA,NA,NA,NA,11.8685822802674,NA,NA,NA,NA,8960547,50.3982763866896,NA,25.1373664301295,0.156159134802039,1.65953520689263,NA,NA,NA,NA,NA,NA,9.11400032043457,NA,71.2280487804878,68.15,74.46,NA,NA,NA,NA,"Europe","Eastern Europe",0.104,-1.496,-1.197,-2.068,-2.95,1.653,-2.868,-0.924,-3.078,0,0,0.75,0.125,0.75,0.375,0,0,0.125,0.625,0,0.375,0,0.5,0.06,0.632,2.876,-2.434,2.313,0.049,0.409,-0.575,-1.605,1.701,-0.556,-0.686,-0.493,2.368,-0.417,-1.413,-1.348,0.758,0.115
"BGR","BULGARIA",1986,-7,0,2260.4272811545,NA,NA,NA,NA,NA,NA,12.9195498463273,NA,NA,NA,NA,8958171,50.4909650493576,NA,21.370098594577,0.048995763378736,0.807505167730179,NA,NA,NA,NA,NA,NA,9.45209980010986,NA,71.7307317073171,68.56,75.06,NA,NA,NA,NA,"Europe","Eastern Europe",0.104,-1.496,-1.197,-2.068,-2.95,1.653,-2.868,-0.924,-3.078,0,0,0.75,0.125,0.75,0.375,0,0,0.125,0.625,0,0.375,0,0.5,0.06,0.64,2.876,-2.434,2.329,-0.303,0.409,-0.575,-1.605,1.701,-0.556,-0.686,-0.493,2.368,-0.417,-1.413,-1.348,0.758,0.108
"BGR","BULGARIA",1987,-7,0,3132.30136036246,NA,NA,NA,NA,NA,NA,11.7961857366149,NA,NA,NA,NA,8971359,50.5394540343051,NA,30.0572385871841,0.0579643762507766,0.552177362028996,NA,NA,NA,NA,NA,NA,9.56420040130615,NA,71.5268292682927,68.4,74.81,NA,NA,NA,NA,"Europe","Eastern Europe",0.118,-1.277,-1.197,-2.068,-2.95,1.653,-2.366,-0.924,-3.078,0,0,0.75,0.125,0.75,0.375,0,0,0.125,0.625,0,0.375,0,0.5,0.06,0.64,2.876,-2.434,2.329,-0.303,0.409,-0.575,-1.605,1.701,-0.556,-0.686,-0.493,2.368,-0.417,-1.413,-1.348,0.758,0.103
"BGR","BULGARIA",1988,-7,0,2511.39306259489,NA,NA,NA,NA,NA,NA,11.4593520423731,NA,NA,NA,NA,8981446,50.5848283174826,NA,32.4771613582961,0.0486972160838721,2.97602354735435,NA,NA,NA,NA,NA,NA,9.56019973754883,NA,71.6043902439024,68.38,74.99,NA,NA,NA,NA,"Europe","Eastern Europe",0.118,-1.277,-1.197,-2.068,-2.95,1.653,-1.261,-0.924,-3.078,0,0,0.75,0.125,0.75,0.375,0,0,0.125,0.625,0,0.375,0,0.5,0.06,0.64,2.876,-2.434,2.329,-0.303,0.409,-0.575,-1.605,1.701,-0.556,-0.686,-0.493,2.368,-0.417,-1.413,-1.348,0.758,0.103
"BGR","BULGARIA",1989,1,0,2477.0208179596,4.39627074963996,NA,NA,NA,NA,NA,10.9418583498403,NA,NA,NA,NA,8876972,50.6379428806743,NA,32.7416926062174,0.0905874606849773,2.73713710437441,NA,NA,NA,NA,NA,NA,9.70209980010986,NA,71.7224390243903,68.42,75.19,NA,NA,NA,NA,"Europe","Eastern Europe",0.118,-1.277,-1.197,-2.068,-2.95,1.653,-1.261,-0.924,-3.078,0,0,0.75,0.125,0.75,0.375,0,0,0.125,0.625,0,0.375,0,0.5,0.061,0.64,2.876,-2.434,2.329,-0.303,0.409,-0.575,-1.605,1.701,-0.556,-0.686,-0.493,2.368,-0.417,-1.413,-1.348,0.758,0.103
"BGR","BULGARIA",1990,7,1,2366.52982128614,3.83344348975545,NA,NA,NA,NA,NA,17.7459650235952,NA,NA,0,23.8331284450966,8718289,50.7034905039635,100,35.2033240362542,0.105709691779651,1.11438192336028,22709999.0844727,NA,NA,NA,NA,NA,9.7908000946,NA,71.6414634146342,68.3,75.15,NA,NA,NA,NA,"Europe","Eastern Europe",0.803,1.062,2.45,1.282,0.844,2.462,-2.7,2.065,-0.73,0,0,1,0.125,0.625,0.375,0,0,0.125,0.625,0.125,0.375,0.125,0.375,0.46,0.265,0.894,1.107,-0.01,0.97,0.658,1.337,0.732,1.158,0.98,-0.143,0.769,0.218,2.072,1.806,0.592,1.215,0.252
"BGR","BULGARIA",1991,7,1,883.736578319325,3.04323157297492,NA,NA,NA,NA,NA,15.3905674281503,NA,NA,NA,22.3338246131172,8632367,50.7672729710687,100,35.6985998526161,0.0292033619087007,1.38922350558753,514020019.53125,NA,NA,NA,NA,NA,9.7681999207,NA,71.5609756097561,68.4,74.88,NA,NA,NA,NA,"Europe","Eastern Europe",0.857,1.561,2.45,1.282,0.844,2.462,-2.7,2.065,-0.73,0,0.118,1,0.368,0.625,0.191,0,0,0.184,0.441,0.368,0.25,0.243,0.132,0.517,0.229,0.894,1.107,-0.24,0.97,0.863,1.337,1.796,1.158,1.26,0.378,0.529,0.218,2.072,1.806,0.592,1.215,0.343
"BGR","BULGARIA",1992,8,1,1007.34454544881,2.97263384321224,NA,NA,NA,NA,NA,11.6180278884462,NA,NA,NA,16.9033864541833,8540164,50.8368343824895,100,39.1195219123506,0.029445833366527,1.38870788658558,226789993.286133,NA,NA,NA,NA,NA,10.2063999176,NA,71.4943902439024,68.07,75.09,NA,NA,NA,NA,"Europe","Eastern Europe",0.857,1.561,2.45,1.282,0.844,2.462,-2.7,2.065,-0.73,0.125,0.375,1,0.5,0.625,0.125,0,0,0.25,0.25,0.5,0.125,0.375,0,0.598,0.198,0.894,1.107,-0.24,1.17,0.975,1.337,1.796,0.454,1.937,1.083,0.959,0.218,2.072,1.806,0.592,1.215,0.36
"BGR","BULGARIA",1993,8,1,1278.52511370319,2.60927161179391,NA,NA,NA,NA,NA,9.9344262295082,NA,NA,0.00234,15.2137838742054,8472313,50.9032149401396,100,45.2873870859819,0.0187795648595516,0.977500985414262,180380004.882813,NA,NA,NA,NA,NA,10.4941997528,NA,71.3468292682927,67.62,75.26,NA,NA,NA,NA,"Europe","Eastern Europe",0.857,1.561,2.45,1.282,0.844,2.462,-2.7,1.367,-0.73,0,0.25,1,0.625,0.625,0.125,0,0,0.375,0.25,0.375,0.125,0.25,0,0.595,0.208,0.894,1.107,-0.24,0.978,0.736,1.337,1.796,0.454,1.937,1.083,0.959,0.218,2.072,1.806,0.592,1.215,0.36
"BGR","BULGARIA",1994,8,1,1149.89464008734,2.49261728620574,NA,NA,NA,NA,NA,11.4916286149163,NA,NA,0.0195,21.2389649923897,8443591,50.9605653755923,100,44.6847412480974,0.0271668036563252,1.09498985430188,234559997.558594,NA,NA,NA,NA,NA,10.196100235,NA,71.2087804878049,67.36,75.25,NA,NA,NA,NA,"Europe","Eastern Europe",0.857,1.561,2.45,1.282,0.844,2.462,-2.7,1.367,-0.73,0,0.25,1,0.625,0.625,0.125,0,0,0.375,0.25,0.375,0.125,0.25,0,0.593,0.208,0.894,1.107,-0.291,0.978,0.736,1.337,1.796,0.454,1.937,1.083,0.959,0.218,2.072,1.806,0.592,1.215,0.36
"BGR","BULGARIA",1995,8,1,2259.25922555221,1.63834575680207,NA,NA,NA,NA,NA,9.2183209386075,NA,NA,0.12,11.1566642653274,8406067,51.0211575751528,100,65.2782796899215,0.0145595594944047,0.853350672167653,147009994.506836,NA,NA,NA,NA,NA,10.3699998856,NA,71.0534146341463,67.39,74.9,NA,NA,NA,NA,"Europe","Eastern Europe",0.857,1.561,2.45,1.282,0.844,2.462,-2.7,1.367,-0.73,0,0.25,1,0.625,0.625,0.125,0,0,0.375,0.25,0.375,0.125,0.25,0,0.598,0.208,0.894,1.107,-0.291,0.978,0.736,1.337,1.796,0.454,1.937,1.083,0.959,0.218,2.072,1.806,0.592,1.215,0.362
"BGR","BULGARIA",1996,8,1,1470.19259250682,1.73742958266484,NA,NA,NA,NA,93.93516,9.59257733504821,NA,NA,0.725,12.0685973776701,8362826,51.0756207819236,100,65.9314748628231,0.0217715233132045,1.00162472163927,240619995.117188,NA,NA,NA,NA,NA,10.470000267,NA,70.8973170731707,67.39,74.58,NA,NA,NA,NA,"Europe","Eastern Europe",0.857,1.561,2.45,1.282,0.844,2.462,-2.7,1.367,-0.73,0,0.25,1,0.625,0.625,0.125,0,0,0.375,0.25,0.375,0.125,0.25,0,0.606,0.208,0.894,1.107,-0.168,1.204,0.736,1.337,1.796,0.454,1.937,1.083,0.959,0.218,2.072,1.806,0.592,1.215,0.359
"BGR","BULGARIA",1997,8,1,1361.40938439884,2.15948029978631,NA,NA,NA,NA,95.0039,20.4768437246107,NA,NA,1.22,18.5226349001335,8312068,51.1227072512913,100,49.0908824377348,0.0161313187847838,0.969971853679339,324380004.882813,NA,NA,NA,NA,NA,10.279999733,NA,70.3512195121951,67,73.87,NA,NA,NA,NA,"Europe","Eastern Europe",0.857,1.561,2.45,1.282,0.844,2.462,-2.7,2.105,-0.73,0.125,0.25,1,0.75,0.625,0.125,0,0,0.375,0.125,0.625,0.125,0.375,0,0.617,0.204,0.894,1.107,-0.168,1.204,0.91,1.337,1.796,0.454,1.937,1.083,0.959,0.218,2.072,1.806,0.592,1.215,0.345
"BGR","BULGARIA",1998,8,1,1820.44866449942,2.13151621324202,NA,NA,NA,NA,95.1383,13.4115642615479,NA,NA,1.84,19.3755012747903,8256786,51.1738107988087,100,54.4354093520198,0.0050276720983797,0.537067260909246,352920013.427734,NA,NA,NA,NA,NA,8.4099998474,NA,71.0609756097561,67.5,74.8,NA,NA,NA,NA,"Europe","Eastern Europe",0.841,1.561,2.45,1.282,0.439,2.462,-2.7,2.105,-0.73,0.125,0.25,1,0.75,0.625,0.125,0,0,0.375,0.125,0.625,0.125,0.375,0,0.611,0.204,0.894,1.107,-0.168,1.204,0.91,1.337,1.796,0.454,1.937,1.083,0.959,0.218,2.072,1.806,0.592,1.215,0.345
"BGR","BULGARIA",1999,8,1,1660.9089125393,2.61950116392104,NA,NA,NA,NA,95.59626,12.9586243402131,NA,NA,2.91,20.0322957340146,8210624,51.2215922155453,100,53.4034627569227,0.0163645931817806,0.617206953468906,398149993.896484,NA,NA,NA,NA,NA,7.4899997711,NA,71.4121951219512,67.9,75.1,NA,NA,NA,NA,"Europe","Eastern Europe",0.841,1.561,2.45,1.282,0.439,2.462,-2.7,2.105,-0.73,0.125,0.25,1,0.75,0.625,0.125,0,0,0.375,0.125,0.625,0.125,0.375,0,0.62,0.204,0.894,1.107,-0.168,1.204,0.91,1.337,1.796,0.454,1.937,1.083,0.959,0.218,2.072,1.806,0.592,1.215,0.345
"BGR","BULGARIA",2000,8,1,1621.26210738992,2.65245576158903,104.70467376709,NA,96.1052627563477,95.5269927978516,95.27463,10.970482362947,0.05,NA,5.37092,20.4579930652149,8170172,51.2603494848272,100,54.0162589138158,0.0741391525631751,0.682250473694737,497549987.792969,NA,NA,NA,NA,5.82970953,7.57,83,71.6634146341463,68.2,75.3,NA,NA,NA,NA,"Europe","Eastern Europe",0.841,1.561,2.45,1.282,0.439,2.462,-2.7,2.105,-0.73,0.125,0.25,1,0.75,0.625,0.125,0,0,0.375,0.25,0.625,0.25,0.375,0,0.623,0.204,0.894,1.107,-0.168,1.204,0.91,1.337,1.796,0.454,1.937,1.083,0.959,0.218,2.072,1.806,0.592,1.215,0.345
"BGR","BULGARIA",2001,9,1,1770.90704918691,2.86251954387639,105.339256286621,NA,102.233100891113,100.304046630859,95.54443,10.6032532421664,NA,NA,7.6123,19.7804941270264,8009142,51.2994718262783,100,53.4910733280046,0.0192284252329358,0.714335209608195,571820007.324219,98.1999969482422,98.7399978637695,97.7099990844727,NA,6.85958815,7.19,94,71.7682926829268,68.5,75.2,NA,0.674884617328644,NA,NA,"Europe","Eastern Europe",0.841,1.561,2.45,1.282,0.439,2.462,-2.7,2.105,-0.73,0.125,0.25,1,0.75,0.625,0.125,0,0,0.375,0.25,0.625,0.25,0.375,0,0.6,0.224,0.678,1.42,-0.575,-0.017,0.91,1.337,1.796,0.454,1.937,1.083,0.959,-0.135,2.072,1.806,0.592,1.215,0.384
"BGR","BULGARIA",2002,9,1,2092.98288625558,2.77967655484011,109.646987915039,NA,102.440780639648,101.527702331543,93.96941,9.71056962763958,0.1,NA,9.08,18.1476658113756,7837161,51.3212257226014,100,55.2606420812152,0.0210526231438115,0.459805802148112,512299987.792969,NA,NA,NA,NA,7.0809865,6.49,80,71.8658536585366,68.5,75.4,NA,NA,NA,NA,"Europe","Eastern Europe",0.841,1.561,2.45,1.282,0.439,2.462,-2.7,2.105,-0.73,0,0.25,1,0.75,0.625,0.125,0.125,0,0.375,0.25,0.5,0.25,0.25,0,0.619,0.231,1.45,1.42,-0.575,-0.017,0.91,1.337,1.796,0.454,1.937,1.083,0.959,-0.135,2.072,1.404,0.592,0.888,0.408
"BGR","BULGARIA",2003,9,1,2719.49436859287,2.69120147161229,111.694488525391,NA,103.474487304688,101.943962097168,94.307,9.09562775017386,NA,NA,12.04,20.1151861523983,7775327,51.3293831730244,100,53.852620036115,0.0161830349966762,0.430571953471522,569190002.441406,NA,NA,NA,NA,7.19987392,6.3,77,72.0658536585366,68.7,75.6,NA,0.683831512928009,NA,NA,"Europe","Eastern Europe",0.841,1.561,2.45,1.282,0.439,2.462,-2.7,2.105,-0.73,0,0.25,1,0.75,0.625,0.125,0.125,0,0.375,0.25,0.5,0.25,0.25,0,0.618,0.225,1.45,1.42,-0.575,-0.017,0.91,1.337,1.796,0.454,1.937,1.083,0.959,-0.135,2.072,1.404,0.726,0.888,0.408
"BGR","BULGARIA",2004,9,1,3389.68743360274,2.3737116819405,111.75122833252,NA,104.651161193848,102.79443359375,95.46767,8.45218537659142,0.1,NA,18.13,21.0295709865638,7716860,51.3418793382223,100,54.0545337686821,0.0286550756706803,1.13721174341521,752729980.46875,NA,NA,NA,NA,6.89090872,6.16,71,72.5634146341463,69.1,76.2,NA,NA,NA,NA,"Europe","Eastern Europe",0.841,1.561,2.45,1.282,0.439,2.462,-2.7,2.105,-0.73,0,0.25,1,0.75,0.625,0.125,0.125,0,0.375,0.25,0.5,0.25,0.25,0,0.619,0.219,1.45,1.42,-0.575,-0.017,0.91,1.337,1.796,0.454,1.937,1.083,0.959,-0.135,2.072,1.404,1.181,0.888,0.408
"BGR","BULGARIA",2005,9,1,3899.82596332878,2.23535026726367,110.920433044434,NA,105.135520935059,104.744163513184,94.18482,7.28368572889434,NA,NA,19.97,20.8855219915078,7658972,51.3547607039279,100,53.5290714639992,0.037174267548741,0.981901509777394,NA,NA,NA,NA,NA,6.89011478,6.45,75,72.5609756097561,69,76.3,NA,NA,NA,NA,"Europe","Eastern Europe",0.841,1.561,2.45,1.282,0.439,2.462,-2.7,2.105,-0.73,0,0.25,1,0.75,0.625,0.125,0.125,0,0.375,0.25,0.5,0.25,0.25,0,0.611,0.218,1.45,1.42,-0.696,-0.017,0.91,1.337,1.796,0.454,1.937,1.083,0.959,-0.135,2.072,1.404,1.181,0.888,0.408
"BGR","BULGARIA",2006,9,1,4523.1465578805,2.08176190777138,108.823188781738,NA,108.383041381836,107.543296813965,95.18675,6.09628492053004,0.1,NA,27.09,21.812020406639,7601022,51.3652354215689,100,52.9401118883602,0.0372114671373268,1.83143811540013,NA,NA,NA,NA,NA,6.52544546,6.25,72,72.6121951219512,69.1,76.3,NA,0.497196793556213,NA,NA,"Europe","Eastern Europe",0.841,1.561,2.45,1.282,0.439,2.462,-2.7,2.105,-0.73,0,0.25,1,0.75,0.625,0.125,0.125,0,0.375,0.25,0.5,0.25,0.25,0,0.616,0.219,1.45,1.42,-0.642,-0.017,0.91,1.337,1.796,0.454,1.937,1.083,0.959,-0.135,2.072,1.404,1.275,0.888,0.407
"BGR","BULGARIA",2007,9,1,5888.57081403932,2.22853990097534,106.104972839355,NA,104.137283325195,103.991546630859,97.78147,4.65178489194212,NA,NA,33.64,21.7606132992206,7545338,51.3695338589419,100,53.9231720397525,0.032067929991172,1.6864723678113,NA,NA,NA,NA,NA,6.15651751,6.43,64,72.6634146341463,69.2,76.3,NA,0.485573261976242,NA,NA,"Europe","Eastern Europe",0.841,1.561,2.45,1.282,0.439,2.462,-2.7,2.105,-0.73,0,0.25,1,0.75,0.625,0.125,0.125,0,0.375,0.25,0.5,0.25,0.25,0,0.616,0.212,1.492,1.42,-0.642,-0.017,0.91,1.337,1.866,0.454,1.937,1.083,0.959,0.112,2.072,1.404,1.275,0.888,0.392
"BGR","BULGARIA",2008,9,1,7271.30338858025,2.13186398257533,104.157562255859,NA,103.88533782959,103.244132995605,98.04598,5.86962692201849,0.15,NA,39.67,21.9738798204441,7492561,51.3682136718655,100,53.2162517660805,0.0385928436056197,1.97470276622532,NA,NA,NA,NA,NA,6.28281593,6.57,66,72.9634146341463,69.5,76.6,NA,0.45924374461174,NA,NA,"Europe","Eastern Europe",0.841,1.561,2.45,1.282,0.439,2.462,-2.7,2.105,-0.73,0,0.25,1,0.75,0.625,0.125,0.125,0,0.375,0.25,0.5,0.25,0.25,0,0.618,0.212,1.492,1.42,-0.642,-0.017,0.91,1.337,1.866,0.454,1.937,1.083,0.959,0.112,2.072,1.404,1.275,0.888,0.392
"BGR","BULGARIA",2009,9,1,6988.27316296465,1.73951150062383,102.061912536621,NA,100.323692321777,100.916191101074,97.74258,4.23578565966123,NA,NA,45,18.5864986441581,7444443,51.3643140529155,100,56.0934493454046,0.0216533526362494,0.704216078965934,NA,NA,NA,NA,NA,6.59577608,6.68,59,73.4121951219512,69.9,77.1,NA,0.493794232606888,NA,NA,"Europe","Eastern Europe",0.84,1.561,2.252,1.514,0.61,2.462,-2.228,2.105,-0.73,0,0.25,1,0.75,0.625,0.125,0.125,0,0.375,0.25,0.5,0.25,0.25,0,0.592,0.248,1.437,1.42,-0.672,-0.42,0.811,1.337,1.761,0.265,1.803,1.083,0.865,-0.633,1.674,1.337,1.161,0.888,0.404
"BGR","BULGARIA",2010,9,1,6853.94805511171,1.64246152423714,101.400619506836,NA,100.040992736816,99.534797668457,97.95684,4.03250076157469,0.15,NA,46.23,17.8714315570459,7395599,51.3582810796871,100,59.500569647052,0.0253291596859351,1.67975403719023,NA,NA,NA,NA,NA,7.09477949,6.58,53,73.5121951219512,70,77.2,NA,0.504022359848022,NA,NA,"Europe","Eastern Europe",0.844,1.554,2.252,1.706,0.811,2.462,-2.228,2.036,-0.73,0,0.25,1,0.75,0.625,0.125,0,0,0.25,0.125,0.5,0.125,0.25,0,0.571,0.268,1.407,1.42,-0.672,-0.276,0.711,1.337,1.713,0.265,1.724,0.677,0.763,-0.882,1.674,1.305,1.381,0.836,0.432
"BGR","BULGARIA",2011,9,1,7849.58061302818,1.31400025609446,101.120269775391,NA,100.613807678223,99.2872924804688,97.97584,4.66136906796064,NA,NA,47.98,17.8827151475731,7348328,51.3501377027856,100,57.5905061435305,0.0367278516384984,2.14267004784609,NA,98.3499984741211,98.75,97.9800033569336,NA,7.10250568,6.42,47,74.1634146341463,70.7,77.8,NA,0.500686168670654,NA,NA,"Europe","Eastern Europe",0.848,1.554,2.252,1.706,0.915,2.462,-2.228,2.036,-0.73,0,0.25,1,0.75,0.625,0.125,0,0,0.25,0.125,0.5,0.125,0.25,0,0.565,0.264,1.414,1.42,-0.581,-0.276,0.711,1.337,1.753,0.265,1.724,0.677,0.763,-0.882,1.674,1.305,1.381,0.836,0.427
"BGR","BULGARIA",2012,9,1,7431.95789508871,1.32981896505284,100.363082885742,NA,99.9906005859375,99.0352325439453,95.726,4.43014002376589,0.15,NA,51.9,18.3853352646645,7305888,51.3393851644947,100,57.1818718497871,0.0377761581591458,1.60464880529568,NA,NA,NA,NA,NA,7.53903675,6.6,44,74.3146341463415,70.9,77.9,NA,0.655578911304474,NA,NA,"Europe","Eastern Europe",0.847,1.554,2.252,1.706,1.047,2.462,-2.02,2.036,-0.73,0,0.25,1,0.75,0.625,0.125,0,0,0.25,0.125,0.5,0.125,0.25,0,0.562,0.258,1.452,1.42,-0.581,-0.276,0.711,1.337,1.8,0.399,1.724,0.677,0.867,-0.882,1.674,1.305,1.381,0.836,0.404
"BGR","BULGARIA",2013,9,1,7795.98092108928,1.45404283053363,98.7911834716797,NA,101.69066619873,99.8572387695312,93.90701,4.51541694501881,NA,NA,53.0615,19.6862822353302,7160005,51.3413747957733,100,58.1902311834487,0.0340056163950494,1.1076323174832,NA,NA,NA,NA,NA,7.14167452,6.82,41,74.8609756097561,71.3,78.6,NA,0.655569195747375,NA,NA,"Europe","Eastern Europe",0.806,1.57,1.319,1.505,1.047,2.462,-1.496,1.831,-0.849,0,0.25,1,0.75,0.5,0.125,0.125,0,0.25,0,0.375,0,0.125,0,0.544,0.24,1.206,1.42,-0.834,0.107,0.868,1.337,1.376,0.629,1.586,0.91,1.257,-0.47,2.038,1.114,1.436,0.836,0.432
"BGR","BULGARIA",2014,9,1,8069.60005667684,1.30960223173333,99.2496109008789,NA,99.0927429199219,98.8547515869141,92.61403,4.55871704995626,0.2,NA,55.4904,19.5666207727537,7073572,51.362500102098,100,58.7280722436486,0.0309655080286577,0.784766836474764,NA,NA,NA,NA,NA,7.68306208,7.13,38,74.4658536585366,71.1,78,NA,0.658492386341095,NA,NA,"Europe","Eastern Europe",0.816,1.57,1.561,1.647,1.047,2.462,-1.538,1.831,-0.849,0,0.25,1,0.75,0.5,0.125,0.125,0,0.25,0,0.375,0,0.125,0,0.565,0.231,1.351,1.42,-0.824,0.238,0.868,1.337,1.328,0.629,1.586,1.328,1.153,-0.47,2.038,1.246,1.436,0.836,0.433
"BGR","BULGARIA",2015,9,1,7268.65445473873,1.24593360652028,99.1272201538086,NA,99.8682327270508,99.2664794921875,90.40649,4.06197577427238,NA,NA,56.6563,20.0778036414442,6984225,51.3843018414307,100,58.2751717161103,0.0148484893305972,0.6587242316101,NA,NA,NA,NA,NA,7.39363575,7.24,33,74.6146341463415,71.2,78.2,NA,0.672776818275452,NA,NA,"Europe","Eastern Europe",0.796,1.57,1.29,1.263,0.815,2.462,-1.804,1.831,-0.849,0,0.375,1,0.75,0.625,0.125,0,0,0.25,0,0.5,0,0.25,0,0.568,0.234,1.403,1.42,-0.824,-0.44,0.81,1.337,1.829,0.181,2.099,1.328,1.076,-0.85,1.632,1.267,1.419,0.836,0.431
"BGR","BULGARIA",2016,9,1,7822.49923292968,1.24384580804927,98.0771636962891,NA,97.789421081543,98.5221405029297,87.58166,4.0548985296075,0.2,NA,59.8255,20.3330299615082,6894139,51.4073928990433,100,57.5930646010408,0.0107367793608996,0.526340830586215,NA,NA,NA,NA,NA,7.45975018,7.27,31,74.8121951219512,71.3,78.5,NA,0.669695377349854,NA,NA,"Europe","Eastern Europe",0.804,1.57,1.29,1.123,1.139,2.462,-1.804,1.288,-0.858,0,0.375,1,0.75,0.625,0.125,0,0,0.25,0,0.5,0,0.25,0,0.562,0.247,1.564,1.42,-0.51,-0.44,0.81,1.337,1.785,0.181,2.016,0.901,1.076,-0.85,1.632,1.267,1.419,0.836,0.415
"BGR","BULGARIA",2017,9,1,8696.68930427924,1.22220854798635,97.5942993164062,NA,99.1724624633789,98.7016296386719,86.4454,4.04317689807308,NA,NA,63.4101,20.523224655166,6803468,51.4383159337196,NA,57.9586661145076,0.0150539945411986,0.749247066231762,NA,NA,NA,NA,NA,7.49624491,7.45,28,74.8146341463415,71.4,78.4,NA,NA,NA,NA,"Europe","Eastern Europe",0.8,1.57,1.29,0.898,1.029,2.462,-1.516,1.288,-0.858,0,0.25,1,0.75,0.5,0.125,0,0,0.25,0,0.5,0,0.25,0,0.526,0.255,1.105,1.42,-0.857,-0.593,0.784,1.337,1.785,0.181,2.016,0.901,1.076,-0.85,1.632,1.092,1.499,0.836,0.45
"BGR","BULGARIA",2018,9,1,9849.38397225174,1.45106212373153,96.7923202514648,NA,96.7033615112305,97.3978500366211,NA,3.40461542057457,0.2,NA,64.782,19.983539050314,6710798,51.4727649939229,NA,60.9475532175592,0.0215683047004454,0.678372706778028,NA,NA,NA,NA,NA,7.34086275,7.57,25,74.9634146341464,71.5,78.6,NA,NA,NA,NA,"Europe","Eastern Europe",0.794,1.57,1.208,1.252,1.029,2.462,-1.516,1.288,-1.151,0,0.25,1,0.75,0.5,0.125,0,0,0.25,0,0.5,0,0.25,0,0.514,0.276,1.041,1.42,-0.857,-0.645,0.784,1.617,1.363,0.181,1.46,0.901,1.076,-0.85,1.632,1.092,1.503,0.775,0.467
"BGR","BULGARIA",2019,NA,1,10353.7204584127,3.14495072906354,96.4398803710938,NA,97.4562606811523,96.7766036987305,NA,3.20205597512235,NA,NA,67.947,20.595103763448,6616726,51.5080778081015,NA,61.496655695838,0.0184983412131835,0.580269555247755,NA,NA,NA,NA,NA,7.11813641,7.74,25,75.1121951219512,71.6,78.8,NA,NA,NA,NA,"Europe","Eastern Europe",0.821,1.57,1.694,1.252,1.029,2.462,-0.802,1.288,-1.029,0,0.286,1,0.714,0.429,0.143,0,0,0.286,0,0.429,0,0.286,0,0.51,0.295,0.864,1.42,-0.857,-0.645,0.393,1.381,1.363,0.252,1.46,0.744,1.076,-0.85,1.632,1.092,1.606,0.735,0.5
"BGR","BULGARIA",2020,NA,1,10760.211975413,1.58561827051115,96.5437622070312,NA,97.4961318969727,97.914909362793,NA,3.43599846300539,0.25,NA,70.1625,20.1966624707302,6550696,51.5480730789489,NA,61.5163725088911,0.00967333606272928,0.618935967577506,NA,NA,NA,NA,NA,8.44060898,7.82,17,73.3560975609756,69.6,77.3,NA,NA,NA,NA,"Europe","Eastern Europe",0.812,1.57,1.501,1.573,1.029,2.462,-0.465,1.288,-1.029,0,0.286,1,0.714,0.571,0.143,0,0,0.286,0,0.429,0,0.286,0,0.498,0.298,0.827,1.42,-0.857,-0.645,0.262,1.125,1.471,0.252,1.46,0.728,0.947,-0.85,1.632,1.56,1.115,0.735,0.48
"CZE","CZECH REPUBLIC",1993,10,1,3984.1463439879,2.3304040663427,NA,NA,NA,NA,NA,4.22350146875076,NA,NA,0.581,18.6166021635235,10329855,51.4311125822001,NA,50.9083816517995,0.0143009433982058,0.977474119452411,155059997.558594,NA,NA,NA,NA,NA,10.3999996185,NA,72.7678048780488,69.28,76.43,NA,NA,NA,NA,"Europe","Eastern Europe",0.903,1.894,3.346,1.332,0.351,2.671,-1.618,2.656,0.489,0,0.25,0.875,0.625,0.5,0.125,0,0,0.125,0.375,0.625,0.375,0.625,0.125,0.824,0.137,1.508,2.57,1.645,-0.145,0.473,1.417,1.065,1.07,2.049,1.671,2.169,0.958,1.253,1.778,1.455,2.848,0.073
"CZE","CZECH REPUBLIC",1994,10,1,4663.28665345469,2.28340085763757,NA,NA,NA,NA,NA,4.24074163093722,NA,NA,1.26,16.5352256889033,10333587,51.4091198401911,NA,51.2275788217727,0.0125335992840751,0.728570452420536,226149993.896484,NA,NA,NA,NA,NA,10.1999998093,NA,72.9726829268293,69.48,76.64,NA,NA,NA,NA,"Europe","Eastern Europe",0.903,1.894,3.346,1.332,0.351,2.671,-1.618,2.656,0.489,0,0.25,0.875,0.625,0.5,0.125,0,0,0.125,0.25,0.625,0.375,0.625,0.25,0.824,0.137,1.508,2.57,1.645,-0.145,0.473,1.417,1.065,1.07,2.049,1.671,2.169,0.958,1.253,1.778,1.455,2.848,0.073
"CZE","CZECH REPUBLIC",1995,10,1,5865.29460556726,1.75885533074022,NA,NA,NA,NA,NA,4.00524760340161,NA,NA,1.45,16.1241883041147,10327253,51.3896615830636,NA,51.8147339715139,0.0137249404827816,0.746615356396145,196039993.286133,NA,NA,NA,NA,NA,NA,NA,73.0748780487805,69.67,76.65,NA,NA,NA,NA,"Europe","Eastern Europe",0.903,1.894,3.346,1.332,0.351,2.671,-1.618,2.656,0.489,0,0.25,0.75,0.625,0.5,0.125,0,0,0.125,0.375,0.625,0.375,0.625,0.125,0.824,0.137,1.508,2.57,1.645,-0.145,0.473,1.417,1.065,1.07,2.049,1.671,2.169,0.958,1.253,1.778,1.455,2.848,0.073
"CZE","CZECH REPUBLIC",1996,10,1,6573.19643136362,1.65758607725057,NA,NA,NA,NA,NA,3.8690482658501,NA,NA,1.94,15.2021454386609,10315241,51.3739922425207,NA,51.0532143547928,0.0239398023552188,0.701959148878735,174410003.662109,NA,NA,NA,NA,NA,NA,NA,73.7146341463415,70.3,77.3,NA,NA,NA,NA,"Europe","Eastern Europe",0.903,1.894,3.346,1.332,0.351,2.671,-1.618,2.656,0.489,0,0.25,0.875,0.625,0.5,0.125,0,0,0.125,0.25,0.625,0.375,0.5,0.125,0.824,0.136,1.508,2.57,1.66,-0.145,0.473,1.417,1.065,1.07,2.049,1.671,2.169,0.958,1.253,1.778,1.455,2.848,0.074
"CZE","CZECH REPUBLIC",1997,10,1,6069.38762357837,1.5803034972859,NA,NA,NA,NA,NA,3.46666680118219,NA,NA,2.92,14.9979091243393,10304131,51.3603774922907,NA,52.2399608963375,0.0158931801493376,0.661458599163763,172559997.558594,NA,NA,NA,NA,NA,NA,NA,73.8248780487805,70.42,77.4,NA,NA,NA,NA,"Europe","Eastern Europe",0.903,1.894,3.346,1.332,0.351,2.671,-1.618,2.656,0.489,0,0.25,0.875,0.625,0.5,0.125,0,0,0.125,0.375,0.625,0.25,0.5,0.125,0.824,0.135,1.508,2.57,1.66,-0.145,0.473,1.417,1.065,1.07,2.049,1.671,2.169,0.958,1.253,1.778,1.455,2.848,0.074
"CZE","CZECH REPUBLIC",1998,10,1,6526.59635780951,1.73559766220785,NA,NA,NA,NA,NA,3.48547916808829,NA,NA,3.9,14.2860567923411,10294373,51.3466999473086,NA,53.2280656780169,0.00507702640106989,0.515210661088895,677500000,NA,NA,NA,NA,NA,NA,NA,74.5146341463415,71.1,78.1,NA,NA,NA,NA,"Europe","Eastern Europe",0.903,1.894,3.346,1.332,0.351,2.671,-1.618,2.656,0.489,0,0.25,0.875,0.625,0.5,0.125,0,0,0.125,0.375,0.625,0.25,0.5,0.125,0.814,0.135,1.508,2.57,1.649,-0.145,0.473,1.417,1.065,1.07,2.049,1.671,2.169,0.958,1.253,1.778,1.455,2.848,0.071
"CZE","CZECH REPUBLIC",1999,10,1,6377.6211077224,1.83868741109923,NA,NA,NA,NA,89.06554,3.19661267380446,NA,NA,6.83,14.7763284118601,10283860,51.3321623688054,NA,54.116373179257,0.0159526982087267,0.436825556358793,499130004.882813,NA,NA,NA,NA,NA,NA,NA,74.6682926829268,71.4,78.1,NA,NA,NA,NA,"Europe","Eastern Europe",0.903,1.894,3.346,1.332,0.351,2.671,-1.725,2.656,0.489,0,0.25,0.875,0.625,0.5,0.125,0,0,0.125,0.375,0.625,0.25,0.5,0.125,0.806,0.137,1.508,2.57,1.649,-0.145,0.473,1.417,1.065,1.07,2.049,1.671,2.169,0.873,1.253,1.778,1.455,2.848,0.068
"CZE","CZECH REPUBLIC",2000,10,1,6062.92152842793,1.86147018377297,103.40754699707,NA,101.540298461914,101.900909423828,NA,3.23023711297245,0.05,NA,9.78053,14.3940909280327,10255063,51.3161334338334,NA,54.6093678376464,0.0350742549672057,0.557045437582327,783520019.53125,NA,NA,NA,NA,5.66916943,7.81,18,74.9682926829268,71.7,78.4,NA,NA,NA,NA,"Europe","Eastern Europe",0.908,1.894,3.346,1.332,0.651,2.671,-1.725,2.656,0.489,0,0.25,0.75,0.625,0.5,0.125,0,0,0.125,0.375,0.625,0.25,0.625,0.125,0.804,0.13,1.508,2.57,1.649,0.566,0.473,1.417,1.065,1.07,2.049,1.671,2.169,0.623,1.851,1.778,1.337,2.848,0.068
"CZE","CZECH REPUBLIC",2001,10,1,6669.07494847497,1.73552829284443,104.469627380371,NA,97.8607788085938,97.8253631591797,NA,3.18771526493166,NA,NA,14.6972,14.6706596068644,10216605,51.2890569986895,NA,54.3782658724003,0.02445812874736,0.778678694450316,564789978.027344,NA,NA,NA,NA,5.83479309,7.76,17,75.1731707317073,72.1,78.4,NA,NA,NA,NA,"Europe","Eastern Europe",0.908,1.894,3.346,1.332,0.651,2.671,-1.725,2.656,0.489,0,0.25,0.875,0.75,0.5,0.125,0,0,0.125,0.375,0.625,0.25,0.625,0.125,0.804,0.13,1.508,2.57,1.649,0.566,0.473,1.417,1.065,1.07,2.049,1.671,2.169,0.623,1.851,1.778,1.337,2.848,0.068
"CZE","CZECH REPUBLIC",2002,10,1,8101.26018588111,1.80901146474017,106.005058288574,NA,101.19841003418,102.532577514648,NA,2.64625253192312,0.05,NA,23.93,14.4922139897488,10196916,51.2508462353708,NA,55.7779243665848,0.0304619403231985,0.47003867905998,267299987.792969,NA,NA,NA,NA,6.14656258,7.73,15,75.2219512195122,72.1,78.5,NA,0.71608167886734,NA,NA,"Europe","Eastern Europe",0.908,1.894,3.346,1.332,0.651,2.671,-1.725,2.656,0.489,0,0.25,0.875,0.75,0.5,0.125,0,0,0.125,0.375,0.5,0.25,0.5,0.125,0.813,0.129,1.508,2.57,1.648,0.566,0.473,1.417,1.065,1.07,2.049,1.671,2.169,0.623,1.851,1.778,1.337,2.848,0.07
"CZE","CZECH REPUBLIC",2003,10,1,9852.45677945801,1.87752210665196,106.409980773926,NA,101.830459594727,100.580467224121,NA,2.43103462272479,NA,NA,34.3,14.9342597779117,10193998,51.2124799198198,NA,56.8065333967246,0.0351709363162619,0.416967463955133,360200012.207031,NA,NA,NA,NA,6.50168419,7.69,15,75.1707317073171,72,78.5,NA,0.716013014316559,NA,NA,"Europe","Eastern Europe",0.908,1.894,3.346,1.332,0.651,2.671,-1.725,2.656,0.489,0,0.25,0.875,0.625,0.5,0.125,0,0,0.125,0.375,0.625,0.25,0.5,0.125,0.822,0.128,1.508,2.57,1.648,0.566,0.473,1.417,1.065,1.07,2.049,1.671,2.169,0.623,1.851,1.778,1.337,2.848,0.072
"CZE","CZECH REPUBLIC",2004,10,1,11782.5546676117,1.69964346518547,106.529113769531,NA,99.9789123535156,100.144836425781,NA,2.40804306787699,0.05,NA,35.5,15.3637066407322,10197101,51.1749119276515,NA,54.7067356224235,0.0383298465371606,0.888200041529852,340179992.675781,NA,NA,NA,NA,6.33308411,7.6,13,75.7219512195122,72.6,79,NA,0.716305315494537,NA,NA,"Europe","Eastern Europe",0.908,1.894,3.346,1.332,0.651,2.671,-1.725,2.656,0.489,0,0.25,0.875,0.75,0.5,0.125,0,0,0.125,0.375,0.625,0.25,0.5,0.125,0.822,0.122,2.197,2.57,1.648,0.566,0.473,1.417,1.065,1.07,2.049,1.671,2.169,0.623,1.851,1.778,1.337,2.848,0.055
"CZE","CZECH REPUBLIC",2005,10,1,13442.4916284309,1.7772578503284,106.737777709961,NA,107.397102355957,106.73844909668,NA,2.28125770679761,NA,NA,35.27,14.4719480929411,10211216,51.1356299852736,NA,54.6370936474549,0.0508088454131561,0.76785403178025,NA,NA,NA,NA,NA,6.33529043,7.52,13,75.9243902439025,72.9,79.1,NA,0.586565911769867,NA,NA,"Europe","Eastern Europe",0.908,1.894,3.346,1.332,0.651,2.671,-1.725,2.656,0.489,0,0.222,0.778,0.667,0.444,0.111,0,0,0.111,0.222,0.556,0.222,0.444,0.111,0.823,0.122,2.197,2.57,1.648,0.566,0.473,1.417,1.065,1.07,2.049,1.671,2.169,0.623,1.851,1.778,1.337,2.848,0.055
"CZE","CZECH REPUBLIC",2006,9,1,15259.0788162004,1.56811468416419,104.372779846191,NA,105.727256774902,104.31706237793,NA,2.16293341098596,0.05,NA,47.93,14.2247635579556,10238905,51.0942116268986,NA,54.4482943427268,0.0436075630517138,0.764905941611277,NA,NA,NA,NA,NA,6.16489983,7.4,12,76.5243902439024,73.5,79.7,NA,0.576769053936005,NA,NA,"Europe","Eastern Europe",0.908,1.894,3.346,1.332,0.651,2.671,-1.725,2.656,0.489,0,0.222,0.889,0.667,0.444,0.111,0,0,0.111,0.222,0.556,0.333,0.444,0.111,0.828,0.122,2.197,2.57,1.71,0.566,0.473,1.417,1.065,1.07,2.049,1.671,2.169,0.623,1.851,1.778,1.337,2.848,0.059
"CZE","CZECH REPUBLIC",2007,9,1,18452.6532812196,1.4247883319863,103.382110595703,NA,106.450500488281,105.084053039551,89.22317,2.08871530033094,NA,NA,51.93,14.6226925120358,10298828,51.0548106063501,NA,54.3201070157384,0.0367473553909014,0.695946015888964,NA,NA,NA,NA,NA,5.99029112,7.3,10,76.7243902439025,73.7,79.9,NA,0.585944771766663,NA,NA,"Europe","Eastern Europe",0.908,1.894,3.346,1.332,0.651,2.671,-1.725,2.656,0.489,0,0.222,0.778,0.667,0.444,0.111,0,0,0.111,0.333,0.556,0.222,0.444,0.111,0.83,0.123,2.197,2.57,1.71,0.566,0.473,1.417,1.065,1.07,2.049,1.671,2.169,0.623,1.851,1.778,1.284,2.848,0.063
"CZE","CZECH REPUBLIC",2008,9,1,22774.7045076205,1.23408817792114,102.214767456055,NA,101.682929992676,101.049110412598,88.6485,1.92036584435566,0.05,NA,62.97,13.6910275601823,10384603,51.0164100219959,NA,55.1728220283319,0.0429704222612688,1.53373245830398,NA,NA,NA,NA,NA,6.33855247,7.22,10,76.9756097560976,74,80.1,NA,0.595134675502777,NA,NA,"Europe","Eastern Europe",0.908,1.894,3.346,1.332,0.651,2.671,-1.725,2.656,0.489,0,0.222,0.778,0.667,0.444,0.111,0,0,0.111,0.333,0.556,0.222,0.444,0.111,0.83,0.12,2.197,2.57,1.71,0.566,0.473,1.417,1.065,1.07,2.049,2.016,2.095,0.623,1.851,1.778,1.284,2.848,0.063
"CZE","CZECH REPUBLIC",2009,9,1,19817.4215836554,1.31349218921279,101.478927612305,NA,100.229286193848,100.78946685791,88.92463,1.75886230026321,NA,NA,64.43,13.6005403617534,10443936,50.9774029016838,NA,55.7128174973799,0.0244055189347667,0.70108342596168,NA,NA,NA,NA,NA,7.2650013,7.16,7.9,77.0780487804878,74.2,80.1,NA,0.590716361999512,NA,NA,"Europe","Eastern Europe",0.908,1.894,3.346,1.332,0.651,2.671,-1.725,2.656,0.489,0,0.222,0.889,0.667,0.444,0.111,0,0,0.111,0.333,0.556,0.222,0.556,0.111,0.821,0.119,2.197,2.57,1.71,0.566,0.528,1.417,1.065,1.07,2.049,2.077,2.095,0.514,1.851,1.867,1.344,2.848,0.063
"CZE","CZECH REPUBLIC",2010,9,1,20160.4355077059,1.18289778802227,101.036407470703,NA,102.326400756836,101.859939575195,88.90289,1.52258196973334,0.05,NA,68.82,13.5150877074659,10474410,50.9388204454591,NA,56.2888177196257,0.0217719950834572,0.965734444102689,NA,NA,NA,NA,NA,7.47836781,7.35,7.6,77.4243902439025,74.4,80.6,NA,0.600964188575745,NA,NA,"Europe","Eastern Europe",0.908,1.894,3.346,1.414,0.651,2.671,-1.725,2.656,0.489,0,0.222,0.889,0.667,0.444,0.111,0,0,0.111,0.333,0.556,0.333,0.444,0.111,0.81,0.123,2.078,2.57,1.487,0.566,0.474,1.417,1.065,1.455,1.603,1.927,2.182,0.514,1.851,1.867,1.344,2.848,0.063
"CZE","CZECH REPUBLIC",2011,9,1,22049.1080788682,1.06914296806992,100.081001281738,NA,100.29810333252,100.808853149414,88.00827,1.96393230867654,NA,NA,70.49,14.4031469799321,10496088,50.9109703271265,NA,55.1142697031149,0.0306168472969245,1.07008711032612,NA,NA,NA,NA,NA,7.47281456,7.11,6.9,77.8731707317073,74.8,81.1,NA,0.597836554050446,NA,NA,"Europe","Eastern Europe",0.908,1.894,3.346,1.414,0.651,2.671,-1.725,2.656,0.489,0,0.222,0.889,0.667,0.444,0.111,0,0,0.111,0.333,0.556,0.222,0.444,0.111,0.814,0.126,2.078,2.57,1.487,0.566,0.474,1.151,1.065,1.329,1.603,1.98,2.182,0.514,1.851,1.823,1.344,2.848,0.065
"CZE","CZECH REPUBLIC",2012,9,1,20014.0354015165,1.05560770651415,99.3585815429688,NA,99.902229309082,98.971061706543,88.24667,2.23162666151254,0.05,NA,73.43,14.8219229571973,10510785,50.8897831847942,NA,55.1671455759611,0.0305352758913579,0.640579925432997,NA,NA,NA,NA,NA,7.53974962,6.98,6.8,78.0756097560976,75.1,81.2,NA,0.612092554569244,NA,NA,"Europe","Eastern Europe",0.908,1.894,3.346,1.414,0.651,2.671,-1.725,2.656,0.489,0,0.222,0.889,0.667,0.444,0.111,0,0,0.111,0.333,0.556,0.222,0.444,0.111,0.819,0.112,2.078,2.57,1.487,0.566,0.474,1.42,1.065,1.467,2.13,1.98,2.182,0.604,1.851,1.823,1.538,2.848,0.065
"CZE","CZECH REPUBLIC",2013,9,1,20260.4954999375,1.00870446252121,98.7804794311523,NA,98.2150726318359,99.258430480957,87.95611,2.34758315581321,NA,NA,74.1104,14.986384060872,10514272,50.8645713133742,NA,54.9680487770361,0.0274970082447114,0.382852117100547,NA,NA,NA,NA,NA,7.44831276,6.75,5.7,78.1756097560976,75.2,81.3,NA,0.626765429973602,NA,NA,"Europe","Eastern Europe",0.908,1.894,3.346,1.414,0.651,2.671,-1.725,2.656,0.489,0,0.222,0.889,0.667,0.444,0.111,0,0,0.111,0.333,0.556,0.222,0.444,0.111,0.788,0.127,1.161,2.57,1.469,0.566,0.474,1.368,1.065,1.467,2.13,1.98,2.182,0.564,1.851,1.669,1.453,2.334,0.121
"CZE","CZECH REPUBLIC",2014,9,1,20038.4163180257,0.959115722257081,97.6821594238281,NA,99.0820007324219,99.5554580688477,88.11683,2.39269564510297,0.05,NA,74.2317,14.3234419623065,10525347,50.8400313923082,NA,54.5981250304078,0.0252681890510458,0.345428962074698,NA,NA,NA,NA,NA,7.53919601,6.73,5.7,78.8243902439024,75.8,82,NA,0.626956820487976,NA,NA,"Europe","Eastern Europe",0.908,1.894,3.346,1.414,0.651,2.671,-1.725,2.656,0.489,0,0.222,0.889,0.556,0.444,0.111,0,0,0.111,0.222,0.556,0.333,0.556,0.111,0.776,0.126,1.389,2.57,1.469,0.856,0.61,1.368,1.065,1.467,2.066,1.664,2.182,0.386,1.851,1.572,1.453,2.283,0.115
"CZE","CZECH REPUBLIC",2015,9,1,17931.5987670768,0.941202924537164,96.9615478515625,NA,96.6455307006836,97.4269714355469,88.69066,2.25892571347988,NA,NA,75.6688,14.6856290224908,10546059,50.8140260880959,NA,54.3330095169346,0.0102914811209634,0.314061907144002,NA,NA,NA,NA,NA,7.29346752,6.73,6,78.5780487804878,75.7,81.6,NA,0.63049590587616,NA,NA,"Europe","Eastern Europe",0.908,1.894,3.346,1.414,0.651,2.671,-1.481,1.775,0.489,0,0.222,0.889,0.556,0.444,0.111,0,0,0.111,0.222,0.556,0.333,0.556,0.111,0.776,0.124,1.389,2.57,1.469,0.856,0.827,1.368,1.065,1.467,2.066,1.664,2.182,0.386,1.851,1.572,1.453,2.283,0.115
"CZE","CZECH REPUBLIC",2016,9,1,18753.9686718096,0.986634400365061,96.9097595214844,NA,97.3964462280273,97.9728698730469,88.79724,2.14809736879598,0.05,NA,76.4812,14.7706497791672,10566332,50.7882302495227,NA,54.8701536021871,0.00692491287997829,0.310276297011828,NA,NA,NA,NA,NA,7.32258606,6.73,5.9,79.0268292682927,76.1,82.1,NA,0.58907562494278,NA,NA,"Europe","Eastern Europe",0.908,1.894,3.346,1.414,0.651,2.671,-1.291,1.775,0.489,0,0.222,0.889,0.556,0.444,0.111,0,0,0.111,0.222,0.556,0.333,0.556,0.111,0.773,0.126,1.389,2.57,1.469,0.856,0.827,1.302,1.065,1.467,2.066,1.664,2.182,0.386,1.851,1.572,1.453,2.283,0.115
"CZE","CZECH REPUBLIC",2017,9,1,20913.197632212,0.943984411925526,97.2324905395508,NA,97.1741485595703,97.3155975341797,89.3503,2.10545968755889,NA,NA,78.7192,14.8067786190684,10594438,50.7640013956477,NA,55.6563920064008,0.00881622275858796,0.372292874562504,NA,NA,NA,NA,NA,7.24190664,6.71,5.7,78.9780487804878,76.1,82,NA,NA,NA,NA,"Europe","Eastern Europe",0.918,1.894,3.346,1.414,1.015,2.671,-1.291,1.775,0.317,0,0.222,0.889,0.556,0.444,0.111,0,0,0.111,0.222,0.556,0.333,0.556,0.111,0.741,0.148,1.389,2.437,1.08,0.514,0.298,1.041,1.065,1.403,1.531,1.67,1.917,0.883,2.264,1.246,1.539,2.582,0.108
"CZE","CZECH REPUBLIC",2018,9,1,23705.9329811299,1.07552668819544,98.2727584838867,NA,93.9899368286133,93.3873062133789,NA,1.96856224682798,0.05,NA,80.6882,14.65729130846,10629928,50.7407523620626,NA,57.0226523268952,0.0125584051035841,0.389418621280193,NA,NA,NA,NA,NA,7.37173605,6.72,5,79.0292682926829,76.2,82,NA,NA,NA,NA,"Europe","Eastern Europe",0.911,1.894,3.346,1.368,0.818,2.671,-1.291,1.775,0.317,0,0.222,0.889,0.556,0.444,0.111,0,0,0.111,0.222,0.556,0.333,0.556,0.111,0.717,0.152,1.389,2.437,1.08,0.42,0.001,1.211,1.065,1.64,1.531,1.67,1.653,1.19,2.264,1.191,1.691,2.582,0.12
"CZE","CZECH REPUBLIC",2019,NA,1,24062.7190013343,1.13323967641325,99.2833023071289,NA,95.1848983764648,96.514892578125,NA,1.89151770908811,NA,NA,80.8669,14.524571696195,10671870,50.7198806238823,NA,57.8053442859741,0.0083220468689857,0.399790319341053,NA,NA,NA,NA,NA,7.48754358,6.7,5.2,79.2292682926829,76.4,82.2,NA,NA,NA,NA,"Europe","Eastern Europe",0.919,1.894,3.346,1.368,1.085,1.645,-1.291,1.775,0.317,0,0.286,0.857,0.714,0.429,0.143,0,0,0.143,0.286,0.571,0.286,0.714,0.143,0.712,0.169,1.389,1.774,1.08,0.42,0.001,0.902,1.065,1.64,1.531,1.67,1.653,0.841,2.264,1.315,1.691,2.582,0.12
"CZE","CZECH REPUBLIC",2020,NA,1,23472.8915454417,1.295406324775,99.7845306396484,NA,96.7975006103516,96.5886306762695,NA,1.94399138825301,0.05,NA,81.3389,14.0731168065984,10697858,50.7054842646948,NA,59.5821298700586,0.00507207922757448,0.416571327081177,NA,NA,NA,NA,NA,8.96995831,6.63,4.1,78.2268292682927,75.3,81.3,NA,NA,NA,NA,"Europe","Eastern Europe",0.919,1.894,3.346,1.297,1.085,1.645,-1.291,1.775,0.317,0,0.429,0.714,0.571,0.571,0.143,0,0,0.143,0.429,0.571,0.429,0.714,0.143,0.719,0.151,1.163,2.594,1.08,0.134,0.373,0.727,1.159,1.64,1.665,1.67,1.888,0.841,2.264,1.528,1.748,2.004,0.168
"HUN","HUNGARY",1960,-7,0,NA,NA,NA,NA,NA,NA,NA,NA,NA,NA,NA,NA,9983512,51.7602666192812,NA,NA,NA,NA,NA,NA,NA,NA,NA,NA,NA,NA,68.0031707317073,65.93,70.18,NA,NA,NA,NA,"Europe","Eastern Europe",0.043,-1.961,-2.327,-1.2,-2.967,0.217,-2.276,-2.45,-1.742,0,0,1,0,0.667,0.333,0,0,0.222,0.667,0.333,0.444,0.222,0.778,0.079,0.562,1.203,-1.214,1.854,0.615,-0.151,0.948,0.204,-0.266,2.539,-1.713,-1.018,1.081,-0.603,-2.326,0.276,-0.49,0.326
"HUN","HUNGARY",1961,-7,0,NA,NA,NA,NA,NA,NA,NA,NA,NA,NA,NA,NA,10027958,51.7281531475599,NA,NA,NA,NA,NA,NA,NA,NA,NA,NA,NA,NA,68.9360975609756,66.78,71.2,NA,NA,NA,NA,"Europe","Eastern Europe",0.043,-1.961,-2.327,-1.2,-2.967,0.217,-2.276,-2.45,-1.742,0,0,1,0,0.667,0.444,0,0,0.222,0.667,0.333,0.444,0.222,0.778,0.081,0.562,1.203,-1.214,1.854,0.615,-0.151,0.948,0.204,-0.266,2.539,-1.713,-1.018,1.081,-0.603,-2.326,0.276,-0.49,0.326
"HUN","HUNGARY",1962,-7,0,NA,NA,NA,NA,NA,NA,NA,NA,NA,NA,NA,NA,10060825,51.7012216861572,NA,NA,NA,NA,NA,NA,NA,NA,NA,NA,NA,NA,67.8658536585366,65.7,70.14,NA,NA,NA,NA,"Europe","Eastern Europe",0.056,-1.961,-1.786,-1.2,-2.967,0.217,-2.276,-2.45,-1.742,0,0,1,0,0.667,0.333,0,0,0.222,0.667,0.333,0.444,0.222,0.778,0.085,0.553,1.203,-1.214,1.854,0.615,-0.151,0.948,0.204,-0.266,2.539,-1.713,-1.018,1.081,-0.603,-1.926,0.276,-0.256,0.285
"HUN","HUNGARY",1963,-7,0,NA,NA,NA,NA,NA,NA,NA,NA,NA,NA,NA,NA,10087947,51.6783090568672,NA,NA,NA,NA,NA,NA,NA,NA,NA,NA,NA,NA,68.8741463414634,66.64,71.22,NA,NA,NA,NA,"Europe","Eastern Europe",0.056,-1.961,-1.786,-1.2,-2.967,0.217,-2.276,-2.45,-1.742,0,0,1,0,0.667,0.333,0,0,0.222,0.667,0.333,0.444,0.222,0.778,0.084,0.568,1.203,-1.214,1.83,0.615,-0.151,0.948,0.204,-0.266,1.98,-1.713,-1.018,1.081,-0.603,-1.926,0.276,-0.256,0.297
"HUN","HUNGARY",1964,-7,0,NA,NA,NA,NA,NA,NA,NA,NA,NA,NA,NA,NA,10119835,51.6557480440455,NA,NA,NA,NA,NA,NA,NA,NA,NA,NA,NA,NA,69.3809756097561,67.02,71.86,NA,NA,NA,NA,"Europe","Eastern Europe",0.081,-1.517,-1.786,-1.2,-2.967,0.217,-2.276,-2.45,-0.415,0,0,1,0,0.667,0.333,0,0,0.222,0.667,0.333,0.444,0.222,0.778,0.092,0.557,1.203,-1.214,1.83,0.615,-0.151,0.948,0.204,-0.266,1.98,-1.713,-0.687,1.081,-0.603,-1.926,0.276,-0.256,0.299
"HUN","HUNGARY",1965,-7,0,NA,NA,NA,NA,NA,NA,NA,NA,NA,NA,NA,NA,10147935,51.6340897257897,NA,NA,NA,NA,NA,NA,NA,NA,NA,NA,NA,NA,69.0712195121951,66.72,71.54,NA,NA,NA,NA,"Europe","Eastern Europe",0.09,-1.517,-1.786,-0.14,-2.419,0.217,-1.457,-2.45,-0.415,0,0,1,0,0.667,0.333,0,0,0.222,0.667,0.333,0.444,0.222,0.778,0.093,0.557,1.203,-1.214,1.83,0.615,-0.151,0.948,0.204,-0.266,1.98,-1.713,-0.687,1.081,-0.603,-1.926,0.276,-0.256,0.299
"HUN","HUNGARY",1966,-7,0,NA,NA,NA,NA,NA,NA,NA,NA,NA,NA,NA,NA,10178653,51.6102062798876,NA,NA,NA,NA,NA,NA,NA,NA,NA,NA,NA,NA,69.8224390243902,67.52,72.24,NA,NA,NA,NA,"Europe","Eastern Europe",0.09,-1.517,-1.786,-0.14,-2.419,0.217,-1.457,-2.45,-0.415,0,0,1,0,0.667,0.333,0,0,0.222,0.667,0.333,0.444,0.222,0.778,0.093,0.557,1.203,-1.214,1.83,0.615,-0.151,0.948,0.204,-0.266,1.98,-1.713,-0.687,1.081,-0.603,-1.926,0.276,-0.256,0.299
"HUN","HUNGARY",1967,-7,0,NA,NA,NA,NA,NA,NA,NA,NA,NA,NA,NA,NA,10216604,51.5847408166958,NA,NA,NA,NA,NA,NA,NA,NA,NA,NA,NA,NA,69.4070731707317,66.89,72.05,NA,NA,NA,NA,"Europe","Eastern Europe",0.09,-1.517,-1.786,-0.14,-2.419,0.217,-1.457,-2.45,-0.415,0,0,1,0,0.667,0.333,0,0,0.222,0.667,0.333,0.444,0.222,0.778,0.093,0.559,1.203,-1.214,1.851,0.615,-0.151,0.948,0.204,-0.266,1.98,-1.713,-0.687,1.081,-0.603,-1.926,0.276,-0.256,0.299
"HUN","HUNGARY",1968,-7,0,476.434350138292,NA,NA,NA,NA,NA,NA,NA,NA,NA,NA,NA,10255815,51.5627878056078,NA,NA,NA,NA,NA,NA,NA,NA,NA,NA,NA,NA,69.230243902439,66.64,71.95,NA,NA,NA,NA,"Europe","Eastern Europe",0.09,-1.517,-1.786,-0.14,-2.419,0.217,-1.457,-2.45,-0.415,0,0,1,0,0.667,0.444,0,0,0.222,0.667,0.333,0.556,0.222,0.778,0.095,0.574,0.804,-1.214,1.851,0.615,-0.364,0.948,0.204,-0.266,1.98,-1.713,-0.687,1.081,-0.603,-1.926,0.276,-0.256,0.327
"HUN","HUNGARY",1969,-7,0,527.231617602682,NA,NA,NA,NA,NA,NA,NA,NA,NA,NA,NA,10298723,51.5418774277011,NA,NA,NA,NA,NA,NA,NA,NA,NA,NA,NA,NA,69.3146341463415,66.7,72.06,NA,NA,NA,NA,"Europe","Eastern Europe",0.09,-1.517,-1.786,-0.14,-2.419,0.217,-1.457,-2.45,-0.415,0,0,1,0,0.667,0.444,0,0,0.222,0.667,0.333,0.556,0.222,0.778,0.097,0.574,0.804,-1.214,1.851,0.615,-0.364,0.948,0.204,-0.266,1.98,-1.713,-0.687,1.081,-0.603,-1.926,0.276,-0.256,0.327
"HUN","HUNGARY",1970,-7,0,559.197091346639,4.03007518796992,NA,NA,NA,NA,NA,NA,NA,NA,NA,NA,10337910,51.5322279099766,NA,NA,NA,NA,NA,NA,NA,NA,NA,NA,NA,NA,69.1646341463415,66.35,72.12,NA,NA,NA,NA,"Europe","Eastern Europe",0.106,-1.517,-1.453,-0.14,-2.063,0.217,-1.457,-2.45,0.19,0,0,1,0.111,0.667,0.222,0,0,0.222,0.667,0.333,0.556,0.222,0.778,0.099,0.578,0.804,-1.214,1.851,0.29,-0.364,0.948,0.204,-0.266,1.98,-1.713,-0.687,1.081,-0.603,-1.926,0.276,-0.256,0.327
"HUN","HUNGARY",1971,-7,0,606.852738581394,3.74168514412417,NA,NA,NA,NA,NA,NA,NA,NA,NA,NA,10367537,51.53752877643,NA,NA,NA,NA,NA,NA,NA,NA,NA,NA,NA,NA,69.0524390243903,66.15,72.1,NA,NA,NA,NA,"Europe","Eastern Europe",0.106,-1.517,-1.453,-0.14,-2.063,0.217,-1.457,-2.45,0.19,0,0,1,0.111,0.667,0.222,0,0,0.222,0.667,0.333,0.556,0.222,0.778,0.1,0.576,0.804,-1.214,1.84,0.29,-0.364,0.948,0.204,-0.266,1.98,-1.713,-0.687,1.081,-0.603,-1.926,0.276,-0.256,0.324
"HUN","HUNGARY",1972,-7,0,709.652502602719,3.27365728900256,NA,NA,NA,NA,NA,NA,NA,NA,NA,NA,10398489,51.5409854522275,NA,NA,NA,NA,NA,NA,NA,NA,NA,NA,NA,NA,69.6646341463415,66.85,72.62,NA,NA,NA,NA,"Europe","Eastern Europe",0.106,-1.517,-1.453,-0.14,-2.063,0.217,-1.457,-2.45,0.19,0,0,1,0.111,0.667,0.222,0,0,0.222,0.667,0.333,0.556,0.222,0.778,0.1,0.575,0.804,-1.214,1.84,0.29,-0.364,0.948,0.204,-0.266,1.98,-1.713,-0.687,1.081,-0.603,-1.926,0.276,-0.256,0.322
"HUN","HUNGARY",1973,-7,0,875.981999921224,3.00699300699301,NA,NA,NA,NA,NA,NA,NA,NA,NA,NA,10432055,51.540402975218,NA,NA,NA,NA,NA,NA,NA,NA,NA,NA,NA,NA,69.5180487804878,66.64,72.54,NA,NA,NA,NA,"Europe","Eastern Europe",0.106,-1.517,-1.453,-0.14,-2.063,0.217,-1.457,-2.45,0.19,0,0,1,0.111,0.667,0.222,0,0,0.222,0.667,0.333,0.556,0.222,0.778,0.1,0.575,0.804,-1.214,1.84,0.29,-0.364,0.948,0.204,-0.266,1.98,-1.713,-0.687,1.081,-0.603,-1.926,0.276,-0.256,0.322
"HUN","HUNGARY",1974,-7,0,955.874207823024,3.2078413900646,NA,NA,NA,NA,NA,NA,NA,NA,NA,NA,10478720,51.5387445388865,NA,NA,NA,NA,NA,NA,NA,NA,NA,NA,NA,NA,69.2480487804878,66.37,72.27,NA,NA,NA,NA,"Europe","Eastern Europe",0.106,-1.517,-1.453,-0.14,-2.063,0.217,-0.797,-1.319,0.19,0,0,1,0.111,0.667,0.222,0,0,0.222,0.667,0.333,0.556,0.222,0.778,0.1,0.575,0.804,-1.214,1.84,0.29,-0.364,0.948,0.204,-0.266,1.98,-1.713,-0.687,1.081,-0.603,-1.926,0.276,-0.256,0.322
"HUN","HUNGARY",1975,-7,0,1083.47473343284,3.33540501346592,NA,NA,NA,NA,NA,NA,NA,NA,NA,NA,10540525,51.5347978423021,NA,NA,NA,NA,NA,NA,NA,NA,NA,NA,NA,NA,69.29,66.29,72.44,NA,NA,NA,NA,"Europe","Eastern Europe",0.106,-1.517,-1.453,-0.14,-2.063,0.217,-0.797,-1.319,0.19,0,0,1,0.111,0.667,0.222,0,0,0.222,0.667,0.333,0.556,0.222,0.778,0.1,0.579,0.804,-1.214,1.774,0.29,-0.364,0.948,0.204,-0.266,1.98,-1.713,-0.687,1.081,-0.603,-1.926,0.276,-0.256,0.326
"HUN","HUNGARY",1976,-7,0,1248.79851313891,3.00623936471923,NA,NA,NA,NA,NA,NA,NA,NA,NA,NA,10598677,51.5299603140639,NA,NA,NA,NA,NA,NA,NA,NA,NA,NA,NA,NA,69.5731707317073,66.7,72.59,NA,NA,NA,NA,"Europe","Eastern Europe",0.106,-1.517,-1.453,-0.14,-2.063,0.217,-0.797,-1.319,0.19,0,0,1,0.111,0.667,0.222,0,0,0.222,0.667,0.333,0.556,0.222,0.778,0.1,0.582,0.804,-1.214,1.774,0.29,-0.364,0.948,0.204,-0.266,1.98,-1.713,-0.687,1.081,-0.603,-1.926,0.276,-0.256,0.329
"HUN","HUNGARY",1977,-7,0,1388.39509904029,2.9553264604811,NA,NA,NA,NA,NA,NA,NA,NA,NA,NA,10648031,51.5293312523416,NA,NA,NA,NA,NA,NA,NA,NA,NA,NA,NA,NA,69.8480487804878,66.77,73.08,NA,NA,NA,NA,"Europe","Eastern Europe",0.106,-1.517,-1.453,-0.14,-2.063,0.217,-0.797,-1.319,0.19,0,0,1,0.111,0.667,0.222,0,0,0.222,0.667,0.333,0.556,0.222,0.778,0.1,0.582,0.804,-1.214,1.774,0.29,-0.364,0.948,0.204,-0.266,1.98,-1.713,-0.687,1.081,-0.603,-1.926,0.276,-0.256,0.329
"HUN","HUNGARY",1978,-7,0,1617.87853402771,3.23963792282039,NA,NA,NA,NA,NA,NA,NA,NA,NA,NA,10684822,51.5337815805875,NA,NA,NA,NA,NA,NA,NA,NA,NA,NA,NA,NA,69.3939024390244,66.15,72.8,NA,NA,NA,NA,"Europe","Eastern Europe",0.106,-1.517,-1.453,-0.14,-2.063,0.217,-0.797,-1.319,0.19,0,0,1,0.111,0.667,0.222,0,0,0.222,0.667,0.333,0.556,0.222,0.778,0.1,0.582,0.804,-1.214,1.774,0.29,-0.364,0.948,0.204,-0.266,1.98,-1.713,-0.687,1.081,-0.603,-1.926,0.276,-0.256,0.329
"HUN","HUNGARY",1979,-7,0,1864.67188851588,3.23904440861791,NA,NA,NA,NA,NA,NA,NA,NA,NA,NA,10704152,51.539283360901,NA,NA,NA,NA,NA,NA,NA,NA,NA,NA,NA,NA,69.6153658536585,66.23,73.17,NA,NA,NA,NA,"Europe","Eastern Europe",0.106,-1.517,-1.453,-0.14,-2.063,0.217,-0.797,-1.319,0.19,0,0,1,0.111,0.667,0.222,0,0,0.222,0.667,0.333,0.556,0.222,0.778,0.1,0.593,0.804,-1.214,1.774,-0.039,-0.364,0.948,0.204,-0.266,1.98,-1.713,-0.687,0.76,-0.603,-1.926,0.276,-0.256,0.329
"HUN","HUNGARY",1980,-7,0,2158.22181355246,3.34257975034674,NA,NA,NA,NA,NA,NA,NA,NA,NA,NA,10711122,51.5613210431508,NA,NA,NA,NA,NA,98.8600006103516,99.3000030517578,98.4499969482422,NA,NA,NA,NA,69.0617073170732,65.53,72.77,NA,NA,NA,NA,"Europe","Eastern Europe",0.106,-1.517,-1.453,-0.14,-2.063,0.217,-0.314,-1.077,0.19,0,0,1,0.111,0.667,0.222,0,0,0.222,0.667,0.333,0.556,0.222,0.778,0.102,0.589,0.804,-1.214,1.835,-0.039,-0.364,0.948,0.204,-0.266,1.98,-1.713,-0.687,0.348,-0.603,-1.926,0.276,0.4,0.268
"HUN","HUNGARY",1981,-7,0,2213.05267699322,3.33376073855623,NA,NA,NA,NA,NA,NA,NA,NA,NA,35.13355273722,10711848,51.6012195148216,NA,NA,NA,NA,NA,NA,NA,NA,NA,NA,NA,NA,69.1392682926829,65.51,72.95,NA,NA,NA,NA,"Europe","Eastern Europe",0.106,-1.517,-1.453,-0.14,-2.063,0.217,-0.314,-1.077,0.19,0,0,1,0.111,0.667,0.222,0,0,0.222,0.667,0.333,0.556,0.222,0.778,0.102,0.591,0.804,-1.214,1.835,-0.039,-0.364,0.948,0.204,-0.266,1.98,-1.713,-0.687,0.348,-0.603,-1.926,0.276,0.4,0.257
"HUN","HUNGARY",1982,-7,0,2255.06405686887,3.24330699374926,NA,NA,NA,NA,NA,NA,NA,NA,NA,33.9232085555418,10705535,51.6410669703671,NA,NA,NA,NA,NA,NA,NA,NA,NA,NA,NA,NA,69.3578048780488,65.67,73.23,NA,NA,NA,NA,"Europe","Eastern Europe",0.106,-1.517,-1.453,-0.14,-2.063,0.217,-0.314,-1.077,0.19,0,0,1,0.111,0.667,0.222,0,0,0.222,0.667,0.333,0.556,0.222,0.778,0.103,0.591,0.804,-1.214,1.835,-0.039,-0.364,0.948,0.204,-0.266,1.98,-1.713,-0.687,0.348,-0.603,-1.926,0.276,0.4,0.257
"HUN","HUNGARY",1983,-7,0,2049.71617921793,3.33593662836104,NA,NA,NA,NA,NA,NA,NA,NA,NA,36.6336484207121,10689463,51.6836411751571,NA,NA,NA,NA,NA,NA,NA,NA,NA,NA,NA,NA,68.9736585365854,65.12,73.02,NA,NA,NA,NA,"Europe","Eastern Europe",0.106,-1.517,-1.453,-0.14,-2.063,0.217,-0.314,-1.077,0.19,0,0,1,0.111,0.667,0.222,0,0,0.222,0.667,0.333,0.556,0.222,0.778,0.103,0.596,0.804,-1.214,1.835,-0.039,-0.566,0.948,0.204,-0.266,1.98,-1.713,-0.687,0.348,-0.603,-1.926,0.276,0.4,0.257
"HUN","HUNGARY",1984,-7,0,1991.23894795513,3.14767501277466,NA,NA,NA,NA,NA,NA,NA,NA,NA,34.5596716860911,10668095,51.7340872529567,NA,NA,NA,NA,NA,NA,NA,NA,NA,NA,NA,NA,69.0258536585366,65.06,73.19,NA,NA,NA,NA,"Europe","Eastern Europe",0.106,-1.517,-1.453,-0.14,-2.063,0.217,-0.314,-1.077,0.19,0,0,1,0.111,0.667,0.222,0,0,0.222,0.667,0.333,0.556,0.222,0.778,0.103,0.597,0.426,-1.214,1.835,-0.039,-0.566,0.948,0.204,-0.266,1.98,-1.713,-0.687,0.348,-0.603,-1.926,0.276,0.4,0.27
"HUN","HUNGARY",1985,-7,0,2020.02286569062,4.97242913804779,NA,NA,NA,NA,NA,NA,NA,NA,NA,29.8572341905933,10648713,51.7832393721747,NA,NA,NA,NA,NA,NA,NA,NA,NA,NA,NA,NA,68.9721951219512,65.06,73.08,NA,NA,NA,NA,"Europe","Eastern Europe",0.106,-1.517,-1.453,-0.14,-2.063,0.217,-0.314,-1.077,0.19,0,0,1,0.111,0.667,0.222,0,0,0.222,0.667,0.333,0.556,0.222,0.778,0.105,0.591,0.426,-1.214,1.822,-0.039,-0.566,0.948,0.204,-0.266,1.98,-1.713,-0.687,0.348,-0.603,-1.686,0.276,0.4,0.269
"HUN","HUNGARY",1986,-7,0,2330.84188308476,3.22373254959589,NA,NA,NA,NA,NA,NA,NA,NA,NA,34.1303782570866,10630564,51.8259367384835,NA,NA,NA,NA,NA,NA,NA,NA,NA,NA,NA,NA,69.1734146341463,65.31,73.23,NA,NA,NA,NA,"Europe","Eastern Europe",0.106,-1.517,-1.453,-0.14,-2.063,0.217,-0.314,-1.077,0.19,0,0,1,0.111,0.667,0.222,0,0,0.222,0.667,0.333,0.556,0.222,0.778,0.109,0.593,0.426,-1.214,1.822,-0.039,-0.566,0.948,0.204,-0.266,1.98,-1.713,-0.687,0.348,-0.603,-1.686,0.276,0.4,0.268
"HUN","HUNGARY",1987,-7,0,2565.9739107384,3.15557729941292,NA,NA,NA,NA,NA,NA,NA,NA,NA,34.1481003703144,10612741,51.8659049241034,NA,NA,NA,NA,NA,NA,NA,NA,NA,NA,NA,NA,69.6512195121951,65.7,73.8,NA,NA,NA,NA,"Europe","Eastern Europe",0.106,-1.517,-1.453,-0.14,-2.063,0.217,0.983,-1.077,0.19,0,0,1,0.111,0.667,0.222,0,0,0.222,0.667,0.333,0.556,0.222,0.778,0.11,0.593,0.426,-1.214,1.822,-0.039,-0.566,0.948,0.204,-0.266,1.98,-1.713,-0.687,0.348,-0.603,-1.686,0.276,0.4,0.268
"HUN","HUNGARY",1988,-2,0,2812.23754602897,3.59622327131352,NA,NA,NA,NA,NA,NA,NA,NA,NA,33.5211515596914,10596487,51.9038734715696,NA,NA,NA,NA,NA,NA,NA,NA,NA,NA,NA,NA,70.0234146341463,66.16,74.08,NA,NA,NA,NA,"Europe","Eastern Europe",0.155,-1.517,-0.748,-0.14,-1.136,0.217,0.983,-0.669,0.19,0,0,1,0.111,0.667,0.222,0,0,0.222,0.667,0.333,0.556,0.222,0.778,0.123,0.597,0.426,-1.214,1.822,-0.039,-0.566,0.948,0.204,-0.266,1.98,-1.713,-0.687,0.348,-0.603,-1.686,0.35,0.4,0.268
"HUN","HUNGARY",1989,4,0,2902.43508126549,2.78616206175993,NA,NA,NA,NA,NA,NA,NA,NA,NA,28.8376371736574,10481719,51.9457493837844,NA,NA,NA,NA,NA,NA,NA,NA,NA,NA,NA,NA,69.4617073170732,65.33,73.8,NA,NA,NA,NA,"Europe","Eastern Europe",0.541,0.691,-0.032,0.902,-0.204,0.653,1.414,-0.669,0.19,0,0,1,0.111,0.646,0.222,0,0,0.201,0.625,0.375,0.514,0.264,0.715,0.186,0.551,0.426,-1.214,1.822,-0.328,-0.354,1.175,0.204,-0.266,1.98,-1.713,-0.687,0.348,-0.205,-1.275,1.319,0.4,0.268
"HUN","HUNGARY",1990,10,1,3323.53967237633,2.56353802709041,NA,NA,NA,NA,NA,NA,NA,NA,0,28.0331616252036,10373988,51.9886033332495,100,NA,NA,NA,111069999.694824,NA,NA,NA,NA,NA,NA,NA,69.3156097560976,65.14,73.7,NA,NA,NA,NA,"Europe","Eastern Europe",0.856,1.417,2.733,1.433,0.935,2.114,-0.946,3.136,0.939,0,0,1,0.778,0.556,0,0,0,0,0.222,0.556,0,0.556,0.111,0.714,0.17,-0.101,1.891,1.008,0.008,0.232,1.366,1.704,1.823,1.462,1.654,2.278,0.092,1.866,1.714,1.627,0.91,0.321
"HUN","HUNGARY",1991,10,1,3361.22268037924,2.16146979946364,NA,NA,NA,NA,NA,NA,NA,NA,0.00338,25.4661872727268,10373400,52.0270756607832,100,NA,0.425007394601361,1.09075547968015,1023880004.88281,NA,NA,NA,NA,NA,NA,NA,69.3770731707317,65.06,73.91,NA,NA,NA,NA,"Europe","Eastern Europe",0.856,1.417,2.733,1.433,0.935,2.114,-0.946,3.136,0.939,0,0,0.889,0.889,0.556,0,0,0,0,0.111,0.667,0,0.556,0,0.757,0.168,-0.101,1.891,1.008,0.008,0.232,1.366,1.704,1.823,1.462,1.654,2.618,0.092,1.866,1.714,1.627,0.91,0.34
"HUN","HUNGARY",1992,10,1,3747.32966394956,2.1796531721192,NA,NA,NA,NA,NA,NA,NA,NA,0.0484,23.9958935451066,10369341,52.070226469256,100,NA,0.405846584465721,0.901641093069374,338529998.779297,NA,NA,NA,NA,NA,NA,NA,69.1170731707317,64.6,73.86,NA,NA,NA,NA,"Europe","Eastern Europe",0.856,1.417,2.733,1.433,0.935,2.114,-0.946,3.136,0.939,0,0,0.889,0.889,0.556,0,0,0,0,0.111,0.667,0,0.556,0,0.757,0.168,-0.101,1.891,1.008,0.008,0.232,1.366,1.704,1.823,1.462,1.654,2.618,0.092,1.866,1.714,1.627,0.91,0.34
"HUN","HUNGARY",1993,10,1,3886.66608419616,1.90656828980965,NA,NA,NA,NA,NA,NA,NA,NA,0.193,24.9289055431283,10357523,52.1198972276373,100,NA,0.367007077476078,0.815199937141816,252809997.558594,NA,NA,NA,NA,NA,NA,NA,69.1012195121951,64.55,73.88,NA,NA,NA,NA,"Europe","Eastern Europe",0.856,1.417,2.733,1.433,0.935,2.114,-0.946,3.136,0.939,0,0,0.889,0.889,0.556,0,0,0,0,0.111,0.667,0,0.556,0,0.757,0.164,-0.101,1.891,1.008,0.304,0.232,1.366,1.704,1.823,1.462,1.654,2.618,0.092,1.866,1.714,1.627,0.91,0.34
"HUN","HUNGARY",1994,10,1,4187.0311799663,1.82413438385634,NA,NA,NA,NA,91.54598,NA,NA,NA,0.484,24.1158616614856,10343355,52.1701147695581,100,NA,0.294098578756702,0.627061259476291,298410003.662109,NA,NA,NA,NA,NA,9.3000001907,NA,69.469756097561,64.86,74.31,NA,NA,NA,NA,"Europe","Eastern Europe",0.856,1.417,2.733,1.433,0.935,2.114,-0.946,3.136,0.939,0,0,0.889,0.889,0.556,0,0,0,0,0.222,0.667,0,0.444,0,0.757,0.157,-0.101,1.891,1.009,0.304,0.474,1.366,1.704,1.823,1.462,1.654,2.618,0.092,1.866,1.714,1.627,0.91,0.332
"HUN","HUNGARY",1995,10,1,4509.41740910077,1.3139594616011,NA,NA,NA,NA,90.50608,7.2801790564357,NA,NA,0.677,23.0916335586681,10328965,52.2170076533588,100,51.7369232513785,0.304408450491375,0.75638967041039,-340450012.207031,NA,NA,NA,NA,NA,8.8000001907,NA,69.7917073170732,65.26,74.55,NA,NA,NA,NA,"Europe","Eastern Europe",0.856,1.417,2.733,1.433,0.935,2.114,-0.946,3.136,0.939,0,0,0.889,0.889,0.556,0,0,0,0,0.222,0.667,0,0.444,0,0.759,0.162,-0.341,1.891,1.009,0.304,0.474,1.366,1.704,1.823,1.462,1.654,2.618,0.092,1.866,1.714,1.627,0.91,0.35
"HUN","HUNGARY",1996,10,1,4542.0120380978,1.24968177456491,NA,NA,NA,NA,78.42221,7.39216004431377,NA,NA,0.969,22.8304438930091,10311238,52.2556901487881,100,52.6589238804759,0.362825153663463,0.755257320956188,270029998.779297,NA,NA,NA,NA,NA,8.8000001907,NA,70.3287804878049,66.08,74.79,NA,NA,NA,NA,"Europe","Eastern Europe",0.856,1.417,2.733,1.433,0.935,2.114,-0.946,3.136,0.939,0,0,0.889,0.889,0.556,0,0,0,0,0.222,0.667,0,0.444,0,0.759,0.162,-0.341,1.891,1.009,0.304,0.474,1.366,1.704,1.823,1.462,1.654,2.618,0.092,1.866,1.714,1.627,0.91,0.35
"HUN","HUNGARY",1997,10,1,4606.0569733295,1.46833921798512,NA,NA,NA,NA,87.00003,6.4978302464325,NA,NA,1.94,20.8898361559331,10290486,52.2889980563505,100,52.1661166042058,0.219233411220824,0.605176512091605,248779998.779297,NA,NA,NA,NA,NA,8,NA,70.7024390243902,66.4,75.22,NA,NA,NA,NA,"Europe","Eastern Europe",0.856,1.417,2.733,1.433,0.935,2.114,-0.946,3.136,0.939,0,0,0.889,0.889,0.556,0,0,0,0,0.222,0.667,0,0.444,0,0.759,0.162,-0.341,1.891,1.009,0.304,0.474,1.366,1.704,1.823,1.462,1.654,2.618,0.092,1.866,1.714,1.627,0.91,0.35
"HUN","HUNGARY",1998,10,1,4751.7732430202,1.26775175126137,NA,NA,NA,NA,86.77309,6.17370244986811,NA,NA,3.89,20.7321964296248,10266570,52.3273762168207,100,52.073821012383,0.0624360896482294,0.228600184405014,350989990.234375,NA,NA,NA,NA,NA,8.1000003815,NA,70.5578048780488,66.15,75.186,NA,0.621127963066101,NA,NA,"Europe","Eastern Europe",0.856,1.417,2.733,1.433,0.935,2.114,-0.946,3.136,0.939,0,0.111,0.889,0.778,0.556,0,0,0.111,0.111,0.111,0.667,0,0.556,0,0.756,0.161,-0.341,1.891,1.006,0.304,0.474,1.366,1.704,1.823,1.462,1.654,2.618,0.092,1.866,1.714,1.627,0.91,0.348
"HUN","HUNGARY",1999,10,1,4801.95949584162,1.42990268770239,NA,NA,NA,NA,87.14489,5.44561326098786,NA,NA,5.86,21.7636593019673,10237530,52.3661384597245,100,52.9058590498515,0.178412634960964,0.358607756221379,411779998.779297,NA,NA,NA,NA,NA,8.1000003815,NA,70.6770731707317,66.36,75.21,NA,0.6391641497612,NA,NA,"Europe","Eastern Europe",0.856,1.417,2.733,1.433,0.935,2.114,-0.946,3.136,0.939,0,0.111,0.889,0.778,0.556,0,0,0.111,0.111,0.111,0.667,0,0.556,0,0.752,0.178,-0.341,1.891,1.006,0.008,0.031,1.366,1.704,1.823,1.462,1.654,2.618,0.092,1.866,1.408,1.627,0.91,0.346
"HUN","HUNGARY",2000,10,1,4629.91760812548,1.51420984744636,101.967720031738,NA,99.6719589233398,98.6530532836914,87.82211,5.06575156419002,15.4,NA,6.99968,22.3512215738023,10210971,52.4005703688272,100,53.1799868533602,0.373626435642133,0.71337030705953,444820007.324219,NA,NA,NA,NA,6.76979256,8.17,45,71.2463414634146,67.1,75.6,NA,NA,NA,NA,"Europe","Eastern Europe",0.856,1.417,2.733,1.433,0.935,2.114,-0.946,3.136,0.939,0,0.222,0.889,0.778,0.556,0,0,0.111,0.111,0.111,0.667,0,0.556,0,0.752,0.176,0.059,1.891,1.006,0.008,0.031,1.366,1.704,1.518,1.462,1.654,2.618,0.092,1.866,1.408,1.627,0.91,0.316
"HUN","HUNGARY",2001,10,1,5280.94887987063,1.57074717283351,101.178359985352,NA,97.8574371337891,96.8905029296875,88.60332,5.02945329369332,NA,NA,14.5286,21.3797375690868,10187576,52.4296553184621,100,54.2933139696518,0.234436692691698,0.684989297945054,746520019.53125,NA,NA,NA,NA,6.8197937,7.93,43,72.2487804878049,68.2,76.5,NA,0.642082631587982,NA,NA,"Europe","Eastern Europe",0.856,1.417,2.733,1.433,0.935,2.114,-0.946,3.136,0.939,0,0.222,0.889,0.778,0.556,0.111,0,0.111,0.111,0.111,0.667,0,0.556,0,0.752,0.176,0.059,1.891,1.006,0.008,0.031,1.366,1.704,1.518,1.462,1.654,2.618,0.092,1.866,1.408,1.627,0.91,0.316
"HUN","HUNGARY",2002,10,1,6658.04494326809,1.5956687712714,101.256103515625,NA,98.4519882202148,97.8937683105469,89.1568,4.3698045801714,14.2,NA,16.67,20.8845406070754,10158608,52.4572999956108,100,55.6510899082809,0.187700537212006,0.45421890497725,263579986.572266,NA,NA,NA,NA,7.1181159,7.93,40,72.3487804878049,68.3,76.6,NA,0.650252103805542,NA,NA,"Europe","Eastern Europe",0.856,1.417,2.733,1.433,0.935,2.114,-0.946,3.136,0.939,0,0.111,0.889,0.889,0.556,0,0,0,0,0.222,0.667,0.111,0.444,0,0.757,0.176,0.059,1.891,0.93,0.008,0.031,1.366,1.704,1.518,1.462,1.654,2.618,0.092,1.866,1.537,1.627,0.91,0.313
"HUN","HUNGARY",2003,10,1,8410.09248198479,1.64521118628476,101.329246520996,NA,98.4615631103516,97.9729232788086,88.63265,3.90627498031927,NA,NA,21.63,20.6845560575176,10129552,52.4837315162792,100,55.6102732391313,0.17971724484931,0.418114307449232,337670013.427734,NA,NA,NA,NA,8.12986469,7.91,40,72.3,68.3,76.5,NA,0.642854750156403,NA,NA,"Europe","Eastern Europe",0.856,1.417,2.733,1.433,0.935,2.114,-0.388,3.136,0.939,0,0.111,0.889,0.889,0.556,0,0,0,0,0.222,0.667,0.111,0.444,0,0.762,0.168,0.059,1.891,0.93,0.141,0.089,1.366,1.704,1.518,1.462,1.654,2.618,0.092,1.866,1.913,1.627,0.91,0.313
"HUN","HUNGARY",2004,10,1,10291.2694721409,1.47344940256568,100.859748840332,NA,98.9631729125977,99.2405776977539,88.68183,4.35683545455054,12.9,NA,27.74,20.3833165834293,10107146,52.5038839293814,100,54.3555693723428,0.188780374253933,0.449426242668097,368510009.765625,NA,NA,NA,NA,7.76592064,7.9,33,72.6487804878049,68.6,76.9,NA,0.647925317287445,NA,NA,"Europe","Eastern Europe",0.856,1.417,2.733,1.433,0.935,2.114,-0.388,3.136,0.939,0,0.111,0.889,0.889,0.556,0,0,0,0,0.222,0.667,0.111,0.444,0,0.762,0.168,0.059,1.891,0.93,0.141,0.089,1.366,1.704,1.518,1.462,1.654,2.618,0.092,1.866,1.913,1.627,0.91,0.313
"HUN","HUNGARY",2005,10,1,11212.2046968994,1.4112437788596,100.982482910156,NA,97.3380966186523,96.688606262207,89.3733,3.72514185336456,NA,NA,38.97,19.919313955977,10087065,52.5063020914777,100,55.2362663318157,0.214107473091597,0.409312455814952,NA,NA,NA,NA,NA,7.99248505,7.93,26,72.6487804878049,68.6,76.9,NA,0.655066907405853,NA,NA,"Europe","Eastern Europe",0.856,1.417,2.733,1.433,0.935,2.114,-0.388,3.136,0.939,0,0.083,0.667,0.667,0.417,0,0,0,0,0.167,0.5,0.083,0.333,0,0.755,0.184,0.059,1.891,0.93,0.141,0.089,1.366,1.704,1.518,1.462,1.654,1.717,0.092,1.866,1.913,1.627,0.91,0.313
"HUN","HUNGARY",2006,10,1,11478.4891640501,1.21974188828371,101.501808166504,NA,99.3760681152344,99.1709518432617,90.61516,3.53874601085628,11.6,NA,47.06,19.8288097717827,10071370,52.5025962833819,100,56.0697458908412,0.238336091702377,0.543296413793284,NA,NA,NA,NA,NA,7.78556442,7.99,24,73.0975609756098,69,77.4,NA,0.538803160190582,NA,NA,"Europe","Eastern Europe",0.755,0.943,1.85,1.433,0.935,2.114,-0.056,3.136,0.939,0,0.083,0.917,0.833,0.583,0,0,0,0.083,0.167,0.583,0.083,0.333,0.083,0.744,0.176,0.059,1.891,0.951,0.141,0.089,1.366,1.704,1.518,1.565,1.654,2.087,0.092,1.866,1.913,1.627,0.91,0.321
"HUN","HUNGARY",2007,10,1,13934.605460375,1.2677875208247,101.520332336426,NA,97.8425216674805,97.140998840332,89.72605,3.48786630899698,NA,NA,53.3,21.391802600658,10055780,52.5049127563438,100,55.8105907838157,0.194767249769338,0.466808154363912,NA,NA,NA,NA,NA,7.20719147,7.2,22,73.1512195121951,69.2,77.3,NA,0.521609961986542,NA,NA,"Europe","Eastern Europe",0.857,1.421,2.713,1.433,0.935,2.114,-0.127,3.136,0.939,0,0.083,0.917,0.833,0.583,0,0,0,0.083,0.167,0.583,0.083,0.333,0.083,0.768,0.179,0.059,1.891,0.951,0.077,0.089,1.366,1.704,1.518,1.565,1.654,2.087,-0.006,1.866,1.913,1.627,0.91,0.324
"HUN","HUNGARY",2008,10,1,15762.6322515113,1.18049340457337,101.747993469238,NA,101.397682189941,99.926872253418,91.18075,3.47814940071837,10.4,NA,61,23.2735248156211,10038188,52.5030955936696,100,56.412478905794,0.240895210564367,0.659685571385385,NA,NA,NA,NA,NA,7.09275723,7.12,20,73.7024390243903,69.8,77.8,NA,0.522521317005157,NA,NA,"Europe","Eastern Europe",0.857,1.421,2.713,1.433,0.935,2.114,-0.202,3.136,0.939,0,0.083,0.917,0.833,0.583,0,0,0,0.083,0.167,0.583,0.083,0.333,0.083,0.767,0.177,0.059,1.891,0.951,0.077,0.089,1.366,1.704,1.518,1.565,1.654,2.087,-0.006,1.866,1.97,1.627,0.91,0.324
"HUN","HUNGARY",2009,10,1,13051.1831777184,1.12823884115794,100.920570373535,NA,99.9512786865234,98.5040512084961,91.91353,2.99527728031797,NA,NA,62,23.3408896848246,10022650,52.4936663727738,100,56.8583070750119,0.148972460616952,0.474511486110666,NA,NA,NA,NA,NA,7.2366724,7.16,18,73.9048780487805,70.1,77.9,NA,0.518260061740875,NA,NA,"Europe","Eastern Europe",0.857,1.421,2.713,1.433,0.935,2.114,-0.202,3.136,0.939,0,0,0.917,0.833,0.583,0,0,0,0.083,0.167,0.583,0.083,0.333,0.083,0.766,0.171,0.059,1.891,0.951,0.192,0.256,1.366,1.704,1.518,1.458,1.654,2.087,-0.006,1.866,2.01,1.741,0.91,0.324
"HUN","HUNGARY",2010,10,1,13189.8433874768,1.02413363369774,100.467422485352,NA,100.866638183594,98.953727722168,92.05381,3.00710894106453,9.1,NA,65,22.6349958124257,10000023,52.4829023137092,100,56.6270118030494,0.152616225507853,0.502154293766183,NA,NA,NA,NA,NA,7.46420383,7.2,22,74.2073170731707,70.5,78.1,NA,0.517580986022949,NA,NA,"Europe","Eastern Europe",0.766,1.22,1.414,0.685,0.935,2.114,0.195,2.459,1.682,0,0.167,0.917,0.833,0.75,0,0.083,0.334,0.417,0.083,0.417,0.334,0.5,0.083,0.676,0.275,-0.384,1.699,0.959,-0.462,-0.374,0.87,1.446,1.518,1.045,1.138,1.8,-0.27,1.866,0.618,1.453,1.033,0.34
"HUN","HUNGARY",2011,10,1,14211.460557822,1.03876980779352,100.100288391113,NA,98.3245697021484,97.110221862793,91.45924,3.97302154410133,NA,NA,68.02,21.0755779468166,9971727,52.4557249074967,100,55.9639510898261,0.227052369950292,0.675554220375786,NA,NA,NA,NA,NA,7.49342251,7.21,18,74.8585365853659,71.2,78.7,NA,0.526613652706146,NA,NA,"Europe","Eastern Europe",0.725,1.162,0.945,0.406,0.935,2.114,0.195,1.653,1.42,0,0.417,1,0.833,0.833,0,0.083,0.5,0.417,0.083,0.417,0.5,0.667,0,0.642,0.307,-0.65,1.39,0.959,-0.792,-0.557,0.756,1.446,1.518,1.045,0.815,1.8,-0.435,1.866,0.567,1.322,1.033,0.363
"HUN","HUNGARY",2012,10,1,12950.1594488143,1.0292472545828,101.069969177246,NA,98.0367279052734,97.7053909301758,90.78135,3.88850753892061,7.9,NA,70.58,22.9290319408291,9920362,52.4192910813196,100,55.199441422864,0.237336346667221,0.61841992081818,NA,NA,NA,NA,NA,7.43047714,7,16,75.0634146341463,71.6,78.7,NA,0.621835052967072,NA,NA,"Europe","Eastern Europe",0.73,1.162,0.847,0.406,0.935,2.114,0.195,1.432,1.42,0,0.417,1,0.833,0.833,0,0.083,0.5,0.417,0.083,0.417,0.5,0.667,0,0.619,0.355,-0.65,1.346,0.959,-0.868,-0.759,0.756,1.446,1.518,1.045,0.237,1.432,-0.51,1.866,0.433,1.101,1.033,0.363
"HUN","HUNGARY",2013,10,1,13739.4620151401,0.943669886878651,100.705917358398,NA,97.7911682128906,97.8251113891602,90.77126,3.92253734459854,NA,NA,72.6439,22.8744366474572,9872734,52.396386980494,100,55.4667804576846,0.194311507285997,0.507806206790584,NA,NA,NA,NA,NA,7.23645353,7.04,14,75.5658536585366,72.2,79.1,NA,0.615852355957031,NA,NA,"Europe","Eastern Europe",0.672,0.95,0.858,-0.07,0.543,2.383,0.454,1.432,1.19,0,0.417,1,0.833,0.833,0,0.083,0.5,0.417,0.083,0.417,0.5,0.667,0,0.564,0.389,-0.779,0.989,0.959,-0.868,-1.017,0.756,1.34,1.518,1.045,-0.083,1.432,-0.748,1.866,0.433,0.701,1.033,0.36
"HUN","HUNGARY",2014,10,1,14352.501883174,0.857233093600132,101.314437866211,NA,99.0740737915039,98.3560409545898,91.07825,3.94529830379291,7.2,NA,75.6532,23.0029515544783,9833038,52.3705796331909,100,54.8738788494878,0.168537005640249,0.403352372971262,NA,NA,NA,NA,NA,7.04192352,6.99,11,75.7634146341463,72.3,79.4,NA,0.603687405586243,NA,NA,"Europe","Eastern Europe",0.655,0.863,0.754,-0.249,0.446,2.383,0.348,1.432,1.314,0,0.417,1,0.833,0.833,0,0.083,0.5,0.417,0.083,0.417,0.5,0.667,0,0.518,0.398,-0.867,0.989,0.469,-0.91,-1.017,0.756,1.34,1.518,1.045,-0.2,1.432,-0.836,1.866,0.496,0.58,0.995,0.411
"HUN","HUNGARY",2015,10,1,12782.9412577973,0.904216708106145,100.827682495117,NA,98.7607421875,98.5247116088867,91.23812,3.76135548183773,NA,NA,72.8347,23.2221491904117,9797755,52.3319095403077,100,54.1102603119559,0.0838041826706206,0.285147410110642,NA,NA,NA,NA,NA,6.8501935,7,11,75.5682926829269,72.3,79,NA,0.528985857963562,NA,NA,"Europe","Eastern Europe",0.629,0.809,0.503,-0.249,0.521,2.383,0.414,1.252,1.209,0,0.417,1,0.833,0.833,0,0.084,0.5,0.417,0.083,0.417,0.5,0.667,0,0.478,0.414,-0.867,0.989,0.469,-0.91,-1.017,0.756,1.34,1.518,1.045,-0.2,1.432,-0.942,1.866,0.466,0.58,0.995,0.422
"HUN","HUNGARY",2016,10,1,13215.8605277789,0.999116487545317,99.0286331176758,NA,96.5126113891602,97.1097106933594,91.39837,3.8677257212942,7.2,NA,79.2594,23.0006172635172,9759755,52.2950539277585,100,55.5583018252813,0.0703386643669383,0.227029691782411,NA,NA,NA,NA,NA,6.96752644,7,9.8,76.0634146341464,72.6,79.7,NA,0.531029582023621,NA,NA,"Europe","Eastern Europe",0.63,0.785,0.486,-0.249,0.521,2.383,0.414,1.252,1.312,0,0.417,1,0.833,0.833,0,0.167,0.5,0.417,0.083,0.417,0.5,0.667,0,0.471,0.406,-0.867,0.989,0.469,-0.91,-1.096,0.756,1.34,1.518,1.045,-0.054,1.432,-0.942,1.866,0.374,0.58,0.919,0.419
"HUN","HUNGARY",2017,10,1,14736.1668157258,1.19169678184034,98.431266784668,NA,100.491287231445,99.6636428833008,90.83399,3.74894666908719,NA,NA,76.7505,22.845714410355,9726756,52.2543470740951,NA,55.9261229091602,0.0926984004070823,0.282558589313256,NA,NA,NA,NA,NA,6.73338366,7.02,8.6,75.8170731707317,72.5,79.3,NA,NA,NA,NA,"Europe","Eastern Europe",0.547,0.427,0.206,-0.249,0.521,2.383,0.378,1.084,1.312,0,0.333,1,0.833,0.833,0,0.167,0.5,0.417,0.083,0.417,0.5,0.667,0,0.435,0.411,-0.867,0.829,0.469,-0.91,-1.096,0.756,1.34,1.518,1.045,-0.054,1.441,-1.181,1.866,0.451,0.486,0.919,0.419
"HUN","HUNGARY",2018,10,1,16605.0570511887,1.00220452852258,96.7522125244141,NA,97.3921279907227,98.8534622192383,NA,3.47162730279737,NA,NA,76.0744,22.4479923581732,9706964,52.1896142297532,NA,56.0731413227318,0.133636368428239,0.347622949150536,NA,NA,NA,NA,NA,6.55460501,6.95,8,76.0658536585366,72.7,79.6,NA,NA,NA,NA,"Europe","Eastern Europe",0.528,0.359,0.149,-0.249,0.41,2.383,0.482,1.186,1.312,0,0.417,1,0.833,0.833,0.083,0.167,0.5,0.417,0.083,0.417,0.5,0.667,0,0.373,0.438,-1.107,0.626,0.116,-0.91,-1.096,0.756,1.249,1.518,1.045,-0.337,1.441,-1.239,1.866,0.412,0.161,0.756,0.485
"HUN","HUNGARY",2019,NA,1,17012.8598553199,1.32782522734016,96.6208801269531,NA,92.9443435668945,93.1781463623047,NA,3.32505112170721,NA,NA,80.3717,22.2398241353198,9694824,52.1201091547833,NA,56.5905221339387,0.144282544677301,0.303895061476493,NA,NA,NA,NA,NA,6.24677849,6.91,7,76.3195121951219,73.1,79.7,NA,NA,NA,NA,"Europe","Eastern Europe",0.55,0.472,0.149,-0.249,0.41,2.383,0.359,1.186,1.312,0,0.375,1,0.875,0.875,0.125,0.125,0.5,0.5,0.125,0.375,0.5,0.75,0,0.364,0.451,-1.173,0.661,0.116,-0.91,-1.096,0.794,1.316,1.518,1.045,-0.524,1.441,-1.239,1.866,0.412,0.161,0.716,0.511
"HUN","HUNGARY",2020,NA,1,16386.9308821258,1.74628152413286,97.1749420166016,NA,93.6646575927734,92.9049606323242,NA,3.36254685371176,NA,NA,84.7712,22.6858959289388,9670419,52.0786234556448,NA,56.7924026680508,0.0833512506762371,0.204655214271402,NA,NA,NA,NA,NA,7.230515,6.76,5.1,75.419512195122,72.2,78.8,NA,NA,NA,NA,"Europe","Eastern Europe",0.521,0.335,0.149,-0.249,0.383,2.383,-0.104,1.186,1.312,0,0.375,1,0.875,0.875,0.125,0.125,0.5,0.5,0.125,0.375,0.405,0.655,0,0.358,0.477,-1.137,0.769,0.116,-1.254,-1.096,0.763,1.316,1.518,1.04,-0.998,1.235,-1.351,1.866,0.412,0.154,0.577,0.52
"MDA","MOLDOVA",1991,5,1,1037.89950336245,NA,NA,NA,NA,NA,NA,NA,NA,NA,NA,NA,2981566,53.5398999553248,95.2743988037109,NA,NA,NA,NA,NA,NA,NA,NA,NA,13.1162004471,NA,67.554,63.705,71.08,NA,NA,NA,NA,"Europe","Eastern Europe",0.635,0.366,1.45,0.44,0.379,2.025,-1.508,0.537,-1.536,0,0.143,0.483,0.049,0.34,0,0.049,0.143,0.143,0.099,0.384,0.291,0.241,0.049,0.331,0.393,0.022,0.807,0.416,-0.457,-0.405,1.41,1.822,-0.94,1.868,0.535,1.509,-0.216,0.566,-0.667,-0.264,0.255,0.455
"MDA","MOLDOVA",1992,5,1,778.017667420102,NA,NA,NA,NA,NA,NA,NA,NA,NA,NA,NA,2980965,53.5148158205987,95.6288528442383,NA,NA,NA,16979999.5422363,NA,NA,NA,NA,NA,12.7903003693,NA,66.749,62.595,70.652,NA,NA,NA,NA,"Europe","Eastern Europe",0.612,0.366,1.45,0.44,-0.062,2.025,-1.508,0.537,-1.536,0,0.143,0.857,0.143,0.714,0,0,0.143,0.143,0.286,0.571,0.571,0.429,0.143,0.368,0.391,-0.211,0.807,0.416,-0.696,-0.826,1.742,1.822,-0.94,1.868,0.535,1.509,-0.216,1.411,-0.367,-0.264,0.255,0.468
"MDA","MOLDOVA",1993,5,1,796.989388848336,0.530067157581448,NA,NA,NA,NA,NA,NA,NA,NA,NA,NA,2975966,53.5013743641023,95.9802474975586,NA,NA,NA,49090000.1525879,NA,NA,NA,NA,NA,12.4827003479,NA,66.66,62.712,70.356,NA,NA,NA,NA,"Europe","Eastern Europe",0.626,0.476,1.45,0.44,-0.062,2.025,-1.508,0.537,-1.536,0,0.143,0.857,0.143,0.714,0,0,0.143,0.143,0.286,0.571,0.571,0.429,0.143,0.372,0.391,-0.211,0.807,0.416,-0.696,-0.826,1.742,1.822,-0.94,1.868,0.535,1.509,-0.216,1.411,-0.367,-0.264,0.255,0.468
"MDA","MOLDOVA",1994,7,1,573.798647201304,0.773794067290296,NA,NA,NA,NA,NA,NA,NA,NA,0.000825,NA,2966745,53.4963581786902,96.3255233764648,NA,NA,NA,86239997.8637695,NA,NA,NA,NA,NA,12.2215003967,NA,66.319,62.359,70.052,NA,NA,NA,NA,"Europe","Eastern Europe",0.67,0.743,1.45,0.44,-0.062,2.025,-1.508,0.179,-1.536,0,0.143,0.857,0.143,0.714,0,0,0.142,0.142,0.286,0.571,0.571,0.429,0.143,0.407,0.473,-0.889,0.467,-0.389,-0.696,-1.088,1.742,1.247,-0.94,1.868,0.535,0.712,-0.993,1.411,-0.367,-0.264,0.255,0.594
"MDA","MOLDOVA",1995,7,1,593.593177049161,0.925966651311053,NA,NA,NA,NA,NA,29.2735097145476,NA,NA,0.00346,NA,2953200,53.5001158757477,96.6616287231445,33.1450380147892,0.0198602406699322,0.296026513447815,93580001.8310547,NA,NA,NA,NA,NA,12.2100000381,NA,66.218,62.229,69.998,NA,NA,NA,NA,"Europe","Eastern Europe",0.67,0.743,1.45,0.44,-0.062,2.025,-1.508,0.179,-1.536,0,0.286,0.857,0.286,0.714,0,0.143,0,0,0.286,0.571,0.571,0.429,0.143,0.409,0.517,-0.559,0.592,-0.389,-0.696,-1.088,1.742,1.247,-0.94,0.786,0.535,0.712,-0.993,1.411,-0.611,-0.553,-0.138,0.632
"MDA","MOLDOVA",1996,7,1,575.145455139019,0.906693656299238,NA,NA,NA,NA,NA,27.484282907914,NA,NA,0.00464,12.0896762347,2947293,53.5137668039609,96.9854888916016,37.5048765242264,0.027368035018493,0.292635675217652,53259998.3215332,NA,NA,NA,NA,NA,12.1300001144,NA,66.248,62.262,70.032,NA,NA,NA,NA,"Europe","Eastern Europe",0.67,0.743,1.45,0.44,-0.062,2.025,-1.508,0.179,-1.536,0,0.286,0.857,0.286,0.714,0,0.143,0,0,0.286,0.571,0.571,0.429,0.143,0.409,0.517,-0.559,0.592,-0.395,-0.696,-1.088,1.742,1.247,-0.94,0.786,0.535,0.712,-0.993,1.411,-0.611,-0.553,-0.138,0.632
"MDA","MOLDOVA",1997,7,1,657.29213459795,0.90277252095021,NA,NA,NA,NA,NA,25.9637937753554,NA,NA,0.0281,18.2831060982003,2936413,53.5359351703509,97.2940521240234,38.325149504176,0.0178195291815185,0.262545841972771,99197616.5771484,NA,NA,NA,NA,NA,11.6199998856,NA,66.484,62.5,70.264,NA,NA,NA,NA,"Europe","Eastern Europe",0.67,0.743,1.45,0.44,-0.062,2.025,-1.508,0.179,-1.536,0,0.286,0.857,0.286,0.714,0,0.143,0,0,0.286,0.571,0.571,0.429,0.143,0.412,0.515,-0.874,0.592,-0.395,-0.696,-1.088,1.742,1.247,-0.94,0.786,0.535,0.712,-0.993,1.411,-0.611,-0.553,-0.055,0.631
"MDA","MOLDOVA",1998,7,1,578.734627562193,0.624855228169175,NA,NA,NA,NA,NA,25.7680868456683,NA,NA,0.261,18.0802408389372,2935227,53.5646722612333,97.5842666625977,43.3002419505218,0.00595280295942445,0.22036155853904,62887718.2006836,NA,NA,NA,NA,NA,11.2299995422,NA,66.84,62.878,70.586,NA,0.363942801952362,NA,NA,"Europe","Eastern Europe",0.685,1.107,0.945,0.242,-0.062,2.025,-1.508,0.475,-1.536,0,0.286,0.857,0.429,0.714,0,0.143,0,0.143,0.286,0.714,0.571,0.429,0.143,0.434,0.47,-0.874,0.592,-0.638,-0.696,-0.612,1.742,1.247,-0.94,0.786,0.535,0.712,-0.993,1.411,0.576,-0.145,-0.055,0.657
"MDA","MOLDOVA",1999,7,1,399.499818596336,0.511299142949014,NA,NA,NA,NA,NA,24.8810986016861,NA,NA,0.601,15.0573539668779,2930622,53.6003216294646,97.8530654907227,49.499657267257,0.0245114225787651,0.351298723227498,166878036.499023,NA,NA,NA,NA,NA,8.1899995804,NA,67.205,63.233,70.953,NA,0.372688770294189,NA,NA,"Europe","Eastern Europe",0.685,1.107,0.945,0.749,-0.062,2.025,-1.508,0.475,-1.536,0,0.143,0.857,0.429,0.714,0,0.143,0,0.143,0.286,0.714,0.571,0.429,0.143,0.45,0.388,1.014,1.384,-0.638,-0.475,-0.457,1.742,1.247,-0.94,0.786,0.535,0.712,-0.757,1.411,1.113,0.456,0.405,0.488
"MDA","MOLDOVA",2000,7,1,440.538683980372,0.395141963645816,NA,NA,NA,NA,89.1081,25.409321530594,26.5,NA,1.28285,14.7257496118183,2924668,53.6431933573965,98.0854339599609,45.3431424262767,0.0462293945531825,0.314995330975289,200321716.308594,96.6500015258789,97.9800033569336,95.4899978637695,NA,5.92687273,6.09,70,67.462,63.481,71.218,NA,0.377427995204926,NA,NA,"Europe","Eastern Europe",0.626,0.749,0.945,0.749,-0.062,2.025,-0.929,0.475,-1.536,0,0.286,0.857,0.714,0.714,0,0.143,0,0.143,0.286,0.714,0.571,0.429,0.143,0.437,0.421,-0.188,1.384,-0.638,-0.475,-0.457,1.414,1.247,-0.94,0.786,0.535,0.712,-0.757,1.411,0.796,0.178,0.405,0.584
"MDA","MOLDOVA",2001,8,1,507.404076252819,0.402592295464743,NA,NA,NA,NA,92.52591,22.4200406780956,NA,NA,1.48781,12.1712003093085,2918135,53.685810915635,98.3171081542969,45.9236688117086,0.027932952617252,0.215340731521014,196013473.510742,NA,NA,NA,NA,6.23449755,5.98,87,67.672,63.677,71.445,NA,0.363532334566116,NA,NA,"Europe","Eastern Europe",0.493,0.183,0.397,-0.374,-0.228,2.025,-1.708,0.091,-1.536,0,0.286,0.857,0.714,0.714,0,0.143,0,0,0.286,0.571,0.714,0.429,0.143,0.346,0.548,-0.388,0.731,-1,-1.108,-0.99,1.414,1.373,-1.166,1.501,0.271,0.353,-1.299,0.599,-1.48,-0.255,0.618,0.589
"MDA","MOLDOVA",2002,8,1,570.799866188293,0.419846605695363,NA,NA,NA,NA,91.36379,21.0218294511342,23.7,NA,3.78724,12.8813543692286,2911385,53.7278577547431,99,47.9359774298987,0.0246158649690204,0.227964199126278,227556655.883789,NA,NA,NA,NA,7.40437651,5.9,92,67.793,63.783,71.582,NA,0.36783966422081,NA,NA,"Europe","Eastern Europe",0.493,0.183,0.397,-0.374,-0.228,2.025,-1.708,0.56,-1.536,0,0.286,0.857,0.714,0.714,0,0.143,0,0.143,0.429,0.571,0.857,0.429,0.143,0.374,0.501,-0.388,0.731,-1,-1.285,-1.41,1.607,1.373,-1.166,1.501,0.271,0.353,-1.539,0.829,0.748,0.549,0.179,0.634
"MDA","MOLDOVA",2003,8,1,682.319095965299,0.416381264465176,NA,NA,NA,NA,92.66273,18.3282016003476,NA,NA,7.40754,14.6728701256381,2903198,53.7735568024769,98.7500762939453,48.5114051920779,0.0230683030184434,0.260076624122249,173073242.1875,NA,NA,NA,NA,7.02227592,5.88,106,67.9,63.862,71.718,NA,0.38224858045578,NA,NA,"Europe","Eastern Europe",0.493,0.183,0.397,-0.374,-0.228,2.025,-1.708,0.56,-1.536,0,0.286,0.857,0.714,0.714,0,0.143,0,0.143,0.429,0.571,0.857,0.429,0.143,0.374,0.501,-0.388,0.731,-1,-1.285,-1.41,1.607,1.373,-1.166,1.501,0.271,0.353,-1.539,0.829,0.748,0.549,0.179,0.634
"MDA","MOLDOVA",2004,8,1,897.178494749468,0.360979036536125,NA,NA,NA,NA,92.37394,17.5867382617383,20.8,NA,10.6294,16.3573926073926,2896023,53.8082556295066,99.1,49.8806943056943,0.0224885889043192,0.211322275281976,159280670.166016,NA,NA,NA,NA,8.97114944,5.71,120,68.017,63.936,71.876,NA,0.37195411324501,NA,NA,"Europe","Eastern Europe",0.493,0.183,0.397,-0.374,-0.228,2.025,-1.708,0.56,-1.536,0,0.286,0.857,0.571,0.714,0,0.143,0,0.143,0.429,0.571,0.857,0.429,0.143,0.378,0.501,-0.388,0.731,-1,-1.285,-1.41,1.607,1.373,-1.166,1.501,0.271,0.353,-1.539,0.829,0.748,0.549,0.179,0.634
"MDA","MOLDOVA",2005,9,1,1034.39197746993,0.400235101204801,NA,NA,NA,NA,90.98955,16.3997954955912,NA,NA,14.6303,18.4853394242006,2888985,53.7896476243078,98.6,50.4115505152449,0.0375729585706165,0.194137366155948,214845291.137695,NA,NA,NA,12.8361186981201,9.55814838,5.76,130,68.197,64.067,72.102,NA,0.364089697599411,99.7098326683044,93.1704521179199,"Europe","Eastern Europe",0.493,0.183,0.397,-0.374,-0.228,2.025,-1.708,0.56,-1.536,0,0.25,0.75,0.625,0.75,0,0.125,0,0,0.375,0.5,0.75,0.375,0.25,0.342,0.482,0.548,0.731,-0.839,-1.285,-1.41,1.607,1.373,-0.895,1.501,0.271,0.353,-1.539,0.829,0.748,0.549,0.179,0.565
"MDA","MOLDOVA",2006,9,1,1183.02481442894,0.48263447637712,NA,NA,NA,NA,87.78561,14.4988760781159,18,NA,19.6206,19.5712115118202,2880967,53.7332874983807,99.4096374511719,52.6490324887161,0.0298150598802193,0.297372393044233,270997375.488281,NA,NA,NA,NA,10.54445267,5.73,129,68.423,64.246,72.385,NA,0.41885581612587,NA,NA,"Europe","Eastern Europe",0.505,0.219,0.397,-0.374,-0.228,2.025,-1.935,0.56,-1.747,0,0.25,0.75,0.625,0.625,0,0.125,0,0,0.375,0.5,0.75,0.375,0.25,0.341,0.479,0.526,0.731,-0.839,-1.285,-1.315,1.607,1.373,-0.895,1.501,0.271,0.353,-1.539,0.829,0.748,0.549,0.179,0.561
"MDA","MOLDOVA",2007,9,1,1531.21618590748,0.516193541658915,NA,NA,NA,NA,87.5708,9.98297024143739,NA,NA,20.45,20.5665356541269,2874299,53.684274481253,99.6332931518555,55.9735991016283,0.0519331771812052,0.199605642635997,296092010.498047,NA,NA,NA,NA,11.02066803,5.68,127,68.674,64.449,72.693,NA,0.422230124473572,NA,NA,"Europe","Eastern Europe",0.499,0.219,0.397,-0.173,-0.261,2.025,-1.625,0.56,-1.747,0,0.25,0.75,0.625,0.75,0,0.125,0,0,0.375,0.5,0.75,0.375,0.25,0.342,0.478,0.526,0.731,-0.839,-1.285,-1.315,1.607,1.373,-0.895,1.563,0.271,0.353,-1.539,0.829,0.748,0.549,0.179,0.561
"MDA","MOLDOVA",2008,9,1,2110.55305353857,0.6085356171256,NA,NA,NA,NA,87.71829,8.8109341724675,15.1,NA,23.39,20.4459489526716,2868833,53.642633096133,99.8194274902344,56.4299847430152,0.104253032464958,0.22497712039963,310992706.298828,NA,NA,NA,NA,10.94920063,5.77,119,69,64.74,73.06,NA,0.423267811536789,NA,NA,"Europe","Eastern Europe",0.51,0.266,0.397,-0.173,-0.261,2.025,-1.625,0.56,-1.528,0,0.25,0.75,0.625,0.75,0,0.125,0,0,0.375,0.5,0.75,0.375,0.25,0.342,0.475,0.526,0.731,-0.839,-1.285,-1.315,1.607,1.373,-0.895,1.514,0.271,0.353,-1.539,0.829,0.748,0.549,0.179,0.561
"MDA","MOLDOVA",2009,9,1,1898.43975710988,0.457886649076119,NA,91.97,NA,NA,87.51561,8.49746275029227,NA,NA,27.5,17.6853133213094,2865213,53.6083222483346,99.9363021850586,60.0497721298214,0.0709039203172028,0.207982951961716,265570739.746094,NA,NA,NA,NA,13.6766243,5.92,122,69.406,65.108,73.507,NA,0.413761466741562,NA,NA,"Europe","Eastern Europe",0.548,0.375,0.568,0.314,-0.062,2.025,-1.102,0.56,-1.528,0,0.25,0.75,0.625,0.625,0,0.125,0,0.125,0.375,0.625,0.625,0.375,0.25,0.357,0.424,0.952,1.168,-0.709,-0.808,-0.793,1.738,1.014,-0.895,1.514,0.271,0.353,-1.26,1.19,1.241,0.742,0.066,0.538
"MDA","MOLDOVA",2010,9,1,2436.79935102421,0.262879174562087,93.5407792138963,NA,91.3397961720109,92.6536810137187,87.59101,11.1612572325879,12.3,NA,29.68,15.1606407229695,2862354,53.5799235185329,99.9860610961914,54.5367158254819,0.0410121464400827,0.13247898619691,442494689.941406,NA,NA,NA,NA,10.13112831,6.06,115,69.876,65.545,74.011,NA,0.421206653118134,NA,NA,"Europe","Eastern Europe",0.803,1.47,1.837,1.907,0.541,2.182,-1.001,1.084,-0.674,0,0.25,0.75,0.75,0.625,0,0.125,0,0.25,0.25,0.75,0.5,0.5,0.125,0.507,0.32,1.089,1.585,-0.277,-0.848,-0.484,1.986,1.355,-0.39,1.741,0.746,0.571,-1.188,1.554,1.963,1.059,0.365,0.497
"MDA","MOLDOVA",2011,9,1,2941.36224066021,0.272949600366091,93.6029804526123,NA,91.9754977029096,90.1737535074466,87.81111,11.3842525996445,NA,NA,32.07,15.2403272229961,2860699,53.5538247631749,99.9986038208008,53.572447894711,0.0658151040070292,0.168687807572078,468497497.558594,NA,NA,NA,NA,9.09670353,6.19,120,70.173,65.818,74.341,NA,0.567944467067719,NA,NA,"Europe","Eastern Europe",0.803,1.47,1.837,1.907,0.541,2.182,-0.961,1.084,-0.674,0,0.25,0.75,0.75,0.75,0,0.125,0,0.25,0.25,0.75,0.5,0.5,0.125,0.563,0.315,1.089,1.585,-0.277,-0.848,-0.484,1.986,1.355,-0.39,1.741,0.746,0.571,-1.188,1.554,1.963,1.059,0.365,0.451
"MDA","MOLDOVA",2012,9,1,3044.8084324815,0.27407991661782,93.7979704671729,NA,89.3352812271731,89.9617113367738,87.92876,10.4481727207152,9.4,NA,34.65,15.5953463406884,2860324,53.5262030645257,100,54.4511648315395,0.0520121651564088,0.168529747001159,507601623.535156,NA,NA,NA,14.6269054412842,9.13962078,6.36,128,70.344,65.966,74.55,NA,0.424821585416794,99.1699516773224,96.6485202312469,"Europe","Eastern Europe",0.825,1.628,1.837,1.733,0.602,2.182,-1.032,1.084,-0.674,0,0.25,0.75,0.75,0.75,0,0.125,0,0.25,0.25,0.75,0.5,0.5,0.125,0.554,0.304,1.292,1.585,-0.277,-0.848,-0.484,2.141,1.355,-0.39,1.741,0.746,0.571,-1.093,1.554,2.077,1.121,0.465,0.419
"MDA","MOLDOVA",2013,9,1,3321.04397795719,0.281261545863777,93.7649180861452,NA,93.3465156049594,92.6968838526912,87.85464,11.550361937388,NA,NA,37.44,15.4696360019738,2859558,53.4969833410488,100,52.7992027050012,0.0398922117138423,0.282675631947635,378530670.166016,NA,NA,NA,NA,8.68300343,6.09,133,70.291,65.882,74.554,NA,0.430023014545441,NA,NA,"Europe","Eastern Europe",0.793,1.485,1.575,1.733,0.602,2.182,-1.115,1.084,-0.674,0,0.25,0.75,0.75,0.75,0,0.125,0,0.25,0.25,0.75,0.5,0.5,0.125,0.527,0.304,1.12,1.896,-0.277,-0.962,-0.554,1.912,1.355,-0.607,1.741,1.08,0.754,-1.26,1.554,1.986,1.296,0.418,0.435
"MDA","MOLDOVA",2014,9,1,3289.95758568777,0.293185445408591,107.431409833521,NA,108.597227521302,109.71714711057,87.14635,14.0709569584487,6.5,NA,67,16.8287991530895,2857815,53.5170725300946,100,51.5066274945247,0.0299660461211061,0.305194557556724,565800537.109375,99.3600006103516,99.5999984741211,99.1399993896484,NA,8.73206043,6.02,123,70.241,65.8,74.561,NA,0.422470659017563,NA,NA,"Europe","Eastern Europe",0.793,1.485,1.575,1.733,0.602,2.182,-0.126,1.084,-0.674,0,0.25,0.75,0.75,0.75,0,0.125,0,0.25,0.25,0.75,0.5,0.5,0.125,0.518,0.31,0.782,1.852,-0.308,-0.962,-0.554,1.912,1.355,-0.607,1.741,1.08,0.754,-1.26,1.554,1.986,1.296,0.328,0.475
"MDA","MOLDOVA",2015,9,1,2749.55137054338,0.295624500989931,105.727652234967,NA,107.712113781265,106.488302959804,86.85478,12.8212557522034,NA,NA,69,16.2909680870475,2835978,53.5859178306893,100,53.3342064591852,0.0136446165022722,0.329718543865743,369838684.082031,NA,NA,NA,NA,8.50013351,5.72,111,70.118,65.595,74.528,NA,0.43222114443779,NA,NA,"Europe","Eastern Europe",0.738,1.096,1.355,1.371,0.609,2.182,0.446,0.897,-1.059,0,0.25,0.75,0.75,0.75,0,0.125,0,0.25,0.25,0.75,0.5,0.5,0.125,0.474,0.354,0.824,1.679,-0.308,-1.719,-1.19,1.742,1.5,-0.79,1.584,1.004,0.711,-1.55,1.921,1.597,1.299,0.672,0.438
"MDA","MOLDOVA",2016,9,1,2847.08794770479,0.344191282076352,104.469976581506,NA,106.990447835256,106.144164017388,86.88255,12.4797438509487,6.5,NA,71,16.4301183204667,2803186,53.6509117009915,100,53.7937240113846,0.00862196490392666,0.268595627765572,317056762.695313,NA,NA,NA,NA,7.62106228,5.81,111,70.179,65.588,74.65,NA,0.425282299518585,NA,NA,"Europe","Eastern Europe",0.715,1.022,0.953,1.371,0.99,2.182,0.433,0.869,-0.558,0,0.25,0.75,0.75,0.75,0,0.125,0,0.25,0.25,0.75,0.5,0.5,0.125,0.43,0.415,0.653,0.915,-0.364,-1.719,-1.19,1.434,1.565,-0.79,1.989,-0.354,0.376,-1.1,1.921,1.468,1.193,0.885,0.42
"MDA","MOLDOVA",2017,9,1,3453.26727720294,0.324532007174344,103.685761485913,NA,107.657381273776,106.788665879575,86.50643,12.1995910772854,NA,NA,49.9,17.7273904313314,2755189,53.7129818149252,NA,53.1080578877536,0.00923649995277875,0.260534449680804,284720581.054688,NA,NA,NA,NA,7.1278038,5.76,106,70.375,65.72,74.892,NA,0.434828191995621,NA,NA,"Europe","Eastern Europe",0.704,1.022,0.953,0.997,0.749,2.182,0.172,1.435,-0.558,0,0.25,0.75,0.625,0.875,0,0.125,0,0.25,0.25,0.625,0.5,0.375,0.125,0.397,0.415,0.956,0.861,-0.364,-1.1,-0.891,1.026,1.614,-0.79,1.989,-0.034,0.757,-1.241,1.476,1.011,0.525,0.688,0.436
"MDA","MOLDOVA",2018,9,1,4156.44981956646,0.332323743240549,103.337388931903,NA,102.424492685229,101.095441954168,86.31417,10.1468784571365,6.5,NA,50.3,18.014083738484,2707203,53.7676934896709,NA,53.9337913876541,0.0127635798638785,0.262039473546905,293093383.789063,NA,NA,NA,NA,6.70760345,5.75,97,70.236,65.645,74.665,NA,0.437474340200424,NA,NA,"Europe","Eastern Europe",0.704,1.022,0.953,0.997,0.749,2.182,-0.754,1.435,-0.558,0,0.25,0.75,0.625,0.875,0,0.125,0,0.25,0.25,0.625,0.5,0.375,0.125,0.393,0.446,0.956,0.842,-0.364,-1.1,-1.127,0.849,1.614,-0.79,1.734,-0.226,0.582,-1.241,1.476,0.967,0.383,0.736,0.436
"MDA","MOLDOVA",2019,NA,1,4405.33418162155,0.362122379105516,105.074923420813,NA,105.066440143195,99.7059191590539,NA,10.1608126286441,NA,NA,57.7605,17.656290127877,2664224,53.8205182740135,NA,54.6779595310298,0.0102511321031361,0.249756859922812,393052429.199219,NA,NA,NA,NA,6.49662447,5.8,91,70.181,65.575,74.622,NA,0.397683143615723,NA,NA,"Europe","Eastern Europe",0.819,1.552,1.88,0.997,0.749,2.182,-0.65,1.435,-0.558,0,0.143,0.714,0.429,0.714,0,0,0,0.286,0.286,0.571,0.571,0.286,0.143,0.441,0.441,0.947,1.326,-0.558,-1.13,-0.969,0.984,0.76,-0.049,0.759,0.389,0.832,-1.049,1.476,1.185,0.172,0.736,0.446
"MDA","MOLDOVA",2020,NA,1,4375.7788930524,0.385463275729941,106.519975508955,NA,104.209049456331,104.061859511832,NA,9.36669201380178,NA,NA,58.2153,17.9098984894955,2635130,53.8783453687705,NA,54.0947225317709,0.00619089364526559,0.245939852669041,579150695.800781,NA,NA,NA,NA,7.00484037,5.59,86,69.914,65.46,74.223,NA,NA,NA,NA,"Europe","Eastern Europe",0.848,1.881,1.853,2.025,0.749,2.07,-0.966,1.097,-0.427,0,0.143,0.714,0.429,0.714,0,0,0,0.143,0.429,0.429,0.714,0.286,0.143,0.526,0.307,0.947,1.341,-0.402,-0.529,-0.385,0.984,0.76,0.543,1.701,1.363,1.506,-0.65,1.834,1.382,0.376,1.105,0.392
"POL","POLAND",1960,-7,0,NA,NA,NA,NA,NA,NA,NA,NA,NA,NA,NA,NA,29637450,51.6358602915671,NA,NA,NA,NA,NA,NA,NA,NA,NA,NA,4.59999990463257,NA,67.6804878048781,64.9,70.6,NA,NA,NA,NA,"Europe","Eastern Europe",0.202,-0.854,-0.281,-1.391,-2.591,0.909,-0.525,-0.535,-0.845,0,0,0.778,0,0.778,0.889,0,0,0.222,0.778,0,0.556,0,0.778,0.135,0.489,0.948,-1.452,1.005,1.297,1.296,-0.764,0.53,1.831,1.22,-0.01,-0.377,0.955,0.943,-1.504,-1.267,-0.658,0.43
"POL","POLAND",1961,-7,0,NA,NA,NA,NA,NA,NA,NA,NA,NA,NA,NA,NA,29964000,51.5971596636643,NA,NA,NA,NA,NA,NA,NA,NA,NA,NA,NA,NA,67.7780487804878,64.9,70.8,NA,NA,NA,NA,"Europe","Eastern Europe",0.202,-0.854,-0.281,-1.391,-2.591,0.909,-0.525,-0.535,-0.845,0,0,0.778,0,0.778,0.889,0,0,0.222,0.778,0,0.556,0,0.778,0.133,0.5,0.948,-1.917,0.634,1.297,1.296,-0.764,0.53,1.831,1.22,-0.01,-0.377,0.955,0.943,-1.504,-1.267,-0.658,0.458
"POL","POLAND",1962,-7,0,NA,NA,NA,NA,NA,NA,NA,NA,NA,NA,NA,NA,30308500,51.5615388525169,NA,NA,NA,NA,NA,NA,NA,NA,NA,NA,NA,NA,67.4268292682927,64.5,70.5,NA,NA,NA,NA,"Europe","Eastern Europe",0.202,-0.854,-0.281,-1.391,-2.591,0.909,-0.525,-0.535,-0.845,0,0,0.778,0,0.778,0.889,0,0,0.222,0.778,0,0.556,0,0.778,0.132,0.501,0.948,-1.917,0.634,1.297,1.296,-0.764,0.53,1.831,1.22,-0.01,-0.377,0.955,0.943,-1.504,-1.267,-0.658,0.47
"POL","POLAND",1963,-7,0,NA,NA,NA,NA,NA,NA,NA,NA,NA,NA,NA,NA,30712000,51.5295908394139,NA,NA,NA,NA,NA,NA,NA,NA,NA,NA,NA,NA,68.3756097560976,65.4,71.5,NA,NA,NA,NA,"Europe","Eastern Europe",0.202,-0.854,-0.281,-1.391,-2.591,0.909,-0.525,-0.535,-0.845,0,0,0.778,0,0.778,0.889,0,0,0.222,0.778,0,0.556,0,0.778,0.132,0.501,0.948,-1.917,0.634,1.297,1.296,-0.764,0.53,1.831,1.22,-0.01,-0.377,0.955,0.943,-1.504,-1.267,-0.658,0.47
"POL","POLAND",1964,-7,0,NA,NA,NA,NA,NA,NA,NA,NA,NA,NA,NA,NA,31139450,51.5016857765437,NA,NA,NA,NA,NA,NA,NA,NA,NA,NA,NA,NA,68.6292682926829,65.8,71.6,NA,NA,NA,NA,"Europe","Eastern Europe",0.202,-0.854,-0.281,-1.391,-2.591,0.909,-0.525,-0.535,-0.845,0,0,0.778,0,0.778,0.889,0,0,0.222,0.778,0,0.556,0,0.778,0.132,0.501,0.948,-1.917,0.634,1.297,1.296,-0.764,0.53,1.831,1.22,-0.01,-0.377,0.955,0.943,-1.504,-1.267,-0.658,0.47
"POL","POLAND",1965,-7,0,NA,NA,NA,NA,NA,NA,NA,NA,NA,NA,NA,NA,31444950,51.4758598859332,NA,NA,NA,NA,NA,NA,NA,NA,NA,NA,NA,NA,69.4292682926829,66.6,72.4,NA,NA,NA,NA,"Europe","Eastern Europe",0.202,-0.854,-0.281,-1.391,-2.591,0.909,-0.525,-0.535,-0.845,0,0,0.778,0,0.778,0.889,0,0,0.222,0.778,0,0.556,0,0.778,0.132,0.504,0.948,-1.917,0.629,1.297,1.296,-0.764,0.53,1.831,1.22,-0.01,-0.377,0.955,0.943,-1.504,-1.267,-0.658,0.469
"POL","POLAND",1966,-7,0,NA,NA,NA,NA,NA,NA,NA,NA,NA,NA,NA,NA,31681000,51.454884275623,NA,NA,NA,NA,NA,NA,NA,NA,NA,NA,NA,NA,69.8268292682927,66.9,72.9,NA,NA,NA,NA,"Europe","Eastern Europe",0.202,-0.854,-0.281,-1.391,-2.591,0.909,-0.525,-0.535,-0.845,0,0,0.778,0,0.778,0.889,0,0,0.222,0.778,0,0.556,0,0.778,0.132,0.505,0.948,-1.917,0.629,1.297,1.296,-0.764,0.53,1.831,1.22,-0.01,-0.377,0.955,0.943,-1.504,-1.267,-0.658,0.469
"POL","POLAND",1967,-7,0,NA,NA,NA,NA,NA,NA,NA,NA,NA,NA,NA,NA,31987155,51.4395765246705,NA,NA,NA,NA,NA,NA,NA,NA,NA,NA,NA,NA,69.4243902439024,66.4,72.6,NA,NA,NA,NA,"Europe","Eastern Europe",0.202,-0.854,-0.281,-1.391,-2.591,0.909,-0.525,-0.535,-0.845,0,0,0.778,0,0.778,0.889,0,0,0.222,0.778,0,0.556,0,0.778,0.132,0.505,0.948,-1.917,0.629,1.297,1.296,-0.764,0.53,1.831,1.22,-0.01,-0.377,0.955,0.943,-1.504,-1.267,-0.658,0.469
"POL","POLAND",1968,-7,0,NA,NA,NA,NA,NA,NA,NA,NA,NA,NA,NA,NA,32294655,51.427087029033,NA,NA,NA,NA,NA,NA,NA,NA,NA,NA,NA,NA,70.219512195122,67,73.6,NA,NA,NA,NA,"Europe","Eastern Europe",0.202,-0.854,-0.281,-1.391,-2.591,0.909,-0.525,-0.535,-0.845,0,0,0.778,0,0.778,0.889,0,0,0.222,0.778,0,0.556,0,0.778,0.131,0.505,0.948,-1.917,0.629,1.297,1.296,-0.764,0.53,1.831,1.22,-0.01,-0.377,0.955,0.943,-1.504,-1.267,-0.658,0.469
"POL","POLAND",1969,-7,0,NA,NA,NA,NA,NA,NA,NA,NA,NA,NA,NA,NA,32548300,51.4193010965179,NA,NA,NA,NA,NA,NA,NA,NA,NA,NA,NA,NA,69.719512195122,66.5,73.1,NA,NA,NA,NA,"Europe","Eastern Europe",0.202,-0.854,-0.281,-0.82,-2.591,0.909,-0.525,-0.535,-0.845,0,0,0.778,0,0.778,0.889,0,0,0.222,0.778,0,0.556,0,0.778,0.132,0.504,0.948,-1.917,0.645,1.297,1.296,-0.764,0.53,1.831,1.22,-0.01,-0.377,0.955,0.943,-1.504,-1.267,-0.658,0.478
"POL","POLAND",1970,-7,0,NA,NA,NA,NA,NA,NA,NA,NA,NA,NA,NA,NA,32664300,51.4179138485813,NA,NA,NA,NA,NA,NA,NA,NA,NA,NA,5.19999980926514,NA,69.8682926829268,66.6,73.3,NA,NA,NA,NA,"Europe","Eastern Europe",0.202,-0.854,-0.281,-0.82,-2.591,0.909,-0.525,-0.535,-0.845,0,0,0.778,0,0.778,0.889,0,0,0.222,0.778,0,0.556,0,0.778,0.132,0.508,0.948,-1.917,0.645,1.068,1.296,-0.764,0.53,1.831,1.22,-0.01,-0.377,0.955,0.943,-1.504,-1.267,-0.658,0.484
"POL","POLAND",1971,-7,0,NA,NA,NA,NA,NA,NA,NA,NA,NA,NA,NA,NA,32783500,51.4106125067498,NA,NA,NA,NA,NA,NA,NA,NA,NA,NA,NA,NA,69.6121951219512,66.1,73.3,NA,NA,NA,NA,"Europe","Eastern Europe",0.243,-0.561,-0.281,-0.82,-2.591,0.909,-0.525,-0.316,-0.845,0,0,0.778,0,0.778,0.889,0,0,0.222,0.778,0,0.556,0,0.778,0.134,0.514,0.948,-1.917,0.645,0.844,1.296,-0.764,0.53,1.831,1.22,-0.01,-0.377,0.955,0.943,-1.504,-1.267,-0.658,0.484
"POL","POLAND",1972,-7,0,NA,NA,NA,NA,NA,NA,NA,NA,NA,NA,NA,NA,33055650,51.3896587845359,NA,NA,NA,NA,NA,NA,NA,NA,NA,NA,NA,NA,70.6658536585366,67.3,74.2,NA,NA,NA,NA,"Europe","Eastern Europe",0.243,-0.561,-0.281,-0.82,-2.591,0.909,-0.525,-0.316,-0.845,0,0,0.778,0,0.778,0.889,0,0,0.222,0.778,0,0.556,0,0.778,0.135,0.52,0.948,-1.917,0.645,0.844,1.296,-0.764,0.53,1.831,1.22,-0.01,-0.377,0.955,0.943,-1.504,-1.267,-0.658,0.478
"POL","POLAND",1973,-7,0,NA,NA,NA,NA,NA,NA,NA,NA,NA,NA,NA,NA,33357200,51.3663388910931,NA,NA,NA,NA,NA,NA,NA,NA,NA,NA,NA,NA,70.6634146341463,67.2,74.3,NA,NA,NA,NA,"Europe","Eastern Europe",0.243,-0.561,-0.281,-0.82,-2.591,0.909,-0.525,-0.316,-0.845,0,0,0.778,0,0.778,0.889,0,0,0.222,0.778,0,0.556,0,0.778,0.134,0.522,0.948,-1.917,0.645,0.844,1.296,-0.764,0.53,1.831,1.22,-0.01,-0.377,0.955,0.943,-1.504,-1.267,-0.658,0.476
"POL","POLAND",1974,-7,0,NA,NA,NA,NA,NA,NA,NA,NA,NA,NA,NA,NA,33678899,51.34078627601,NA,NA,NA,NA,NA,NA,NA,NA,NA,NA,NA,NA,71.1170731707317,67.8,74.6,NA,NA,NA,NA,"Europe","Eastern Europe",0.243,-0.561,-0.281,-0.82,-2.591,0.909,-0.525,-0.316,-0.845,0,0,0.778,0,0.778,0.889,0,0,0.222,0.778,0,0.556,0,0.778,0.135,0.522,0.948,-1.917,0.645,0.844,1.296,-0.764,0.53,1.831,1.22,-0.01,-0.377,0.955,0.943,-1.504,-1.267,-0.658,0.476
"POL","POLAND",1975,-7,0,NA,NA,NA,NA,NA,NA,NA,NA,NA,NA,NA,NA,34015199,51.3126671253626,NA,NA,NA,NA,NA,NA,NA,NA,NA,NA,NA,NA,70.5609756097561,67,74.3,NA,NA,NA,NA,"Europe","Eastern Europe",0.243,-0.561,-0.281,-0.82,-2.591,0.909,-0.525,-0.316,-0.845,0,0,0.778,0,0.778,0.889,0,0,0.222,0.778,0,0.556,0,0.778,0.135,0.522,0.948,-1.917,0.645,0.844,1.296,-0.764,0.53,1.831,1.22,-0.01,-0.377,0.955,0.943,-1.504,-1.267,-0.658,0.476
"POL","POLAND",1976,-7,0,NA,NA,NA,NA,NA,NA,NA,NA,NA,NA,NA,NA,34356300,51.2924908286117,NA,NA,NA,NA,NA,NA,NA,NA,NA,NA,NA,NA,70.6560975609756,66.9,74.6,NA,NA,NA,NA,"Europe","Eastern Europe",0.201,-0.842,-0.281,-0.82,-2.591,0.909,-0.525,-0.316,-0.845,0,0,0.778,0,0.778,0.889,0,0,0.222,0.778,0,0.556,0,0.889,0.133,0.514,0.948,-1.917,0.822,0.844,1.296,-0.764,0.53,1.831,1.22,-0.01,-0.377,0.955,0.943,-1.504,-1.267,-0.658,0.449
"POL","POLAND",1977,-7,0,NA,NA,NA,NA,NA,NA,NA,NA,NA,NA,NA,NA,34689050,51.2831550857038,NA,NA,NA,NA,NA,NA,NA,NA,NA,NA,NA,NA,70.4024390243902,66.5,74.5,NA,NA,NA,NA,"Europe","Eastern Europe",0.201,-0.842,-0.281,-0.82,-2.591,0.909,-0.525,-0.316,-0.845,0,0,0.778,0,0.778,0.889,0,0,0.222,0.667,0,0.556,0,0.889,0.133,0.512,0.948,-1.917,0.822,0.844,1.296,-0.764,0.53,1.831,1.22,-0.01,-0.377,0.955,0.943,-1.504,-1.267,-0.658,0.441
"POL","POLAND",1978,-7,0,NA,NA,NA,NA,NA,NA,NA,NA,NA,NA,NA,NA,34965600,51.2825292500507,NA,NA,NA,NA,NA,98.7399978637695,99.2799987792969,98.25,NA,NA,NA,NA,70.3512195121951,66.4,74.5,NA,NA,NA,NA,"Europe","Eastern Europe",0.201,-0.842,-0.281,-0.82,-2.591,0.909,-0.525,-0.316,-0.845,0,0,0.778,0,0.778,0.889,0,0,0.222,0.667,0,0.556,0,0.889,0.134,0.501,0.948,-1.917,0.822,0.844,1.296,-0.764,0.53,1.831,1.22,-0.01,-0.098,0.955,0.943,-1.504,-1.267,-0.658,0.441
"POL","POLAND",1979,-7,0,NA,NA,NA,NA,NA,NA,NA,NA,NA,NA,NA,NA,35247217,51.282847390516,NA,NA,NA,NA,NA,NA,NA,NA,NA,NA,NA,NA,70.7512195121951,66.8,74.9,NA,NA,NA,NA,"Europe","Eastern Europe",0.201,-0.842,-0.281,-0.82,-2.591,0.909,-0.525,-0.316,-0.845,0,0,0.778,0,0.778,0.889,0,0,0.222,0.667,0,0.556,0,0.889,0.134,0.501,0.948,-1.917,0.822,0.844,1.296,-0.764,0.53,1.831,1.22,-0.01,-0.098,0.955,0.943,-1.504,-1.267,-0.658,0.441
"POL","POLAND",1980,-6,0,NA,2.65232974910394,NA,NA,NA,NA,NA,NA,NA,NA,NA,NA,35574150,51.2784429527802,NA,NA,NA,NA,NA,NA,NA,NA,NA,NA,5.59999990463257,NA,70.0975609756098,66,74.4,NA,NA,NA,NA,"Europe","Eastern Europe",0.634,0.504,0.808,0.579,0.965,1.378,1.302,0.499,0.448,0,0,0.778,0,0.778,0.889,0,0,0.222,0.667,0,0.556,0,0.889,0.14,0.505,0.948,-1.917,0.616,0.941,1.296,-0.764,0.53,1.831,1.22,-0.01,-0.098,0.955,0.943,-1.504,-1.267,-0.658,0.462
"POL","POLAND",1981,-8,0,NA,2.91318561569197,NA,NA,NA,NA,NA,NA,NA,NA,NA,NA,35898587,51.2734940397339,NA,NA,NA,NA,NA,NA,NA,NA,NA,NA,NA,NA,71.0512195121951,67.1,75.2,NA,NA,NA,NA,"Europe","Eastern Europe",0.655,0.504,0.808,0.579,1.433,1.378,1.482,0.499,0.448,0,0,0.778,0,0.778,1,0,0,0.222,0.556,0,0.444,0,0.889,0.131,0.508,0.948,-1.917,0.616,1.141,1.484,-0.98,0.53,1.831,1.22,-0.01,-0.369,0.955,0.943,-1.504,-1.267,-0.658,0.468
"POL","POLAND",1982,-8,0,NA,3.24558240173098,NA,NA,NA,NA,NA,NA,NA,NA,NA,NA,36230481,51.265269725828,NA,NA,NA,NA,NA,NA,NA,NA,NA,NA,NA,NA,71.1024390243903,67.2,75.2,NA,NA,NA,NA,"Europe","Eastern Europe",0.164,-1.077,-1.085,-1.375,-1.68,0.91,0.897,0.16,-0.159,0,0,0.778,0,0.778,1,0,0,0.222,0.556,0,0.444,0,0.889,0.12,0.486,0.948,-1.917,0.616,1.141,1.484,-0.98,0.53,1.831,1.22,0.815,-0.369,0.955,0.943,-1.504,-1.267,-0.658,0.468
"POL","POLAND",1983,-7,0,NA,2.90294627383016,NA,NA,NA,NA,NA,NA,NA,NA,NA,NA,36571808,51.2517232670395,NA,NA,NA,NA,NA,NA,NA,NA,NA,NA,NA,NA,71,67,75.2,NA,NA,NA,NA,"Europe","Eastern Europe",0.164,-1.077,-1.085,-1.375,-1.68,0.91,0.897,0.16,-0.159,0,0,0.778,0,0.778,1,0,0,0.222,0.556,0,0.444,0,0.889,0.124,0.486,0.948,-1.917,0.616,1.141,1.484,-0.98,0.53,1.831,1.22,0.815,-0.369,0.955,0.943,-1.504,-1.267,-0.658,0.468
"POL","POLAND",1984,-7,0,NA,3.05503731343284,NA,NA,NA,NA,NA,NA,NA,NA,NA,NA,36904134,51.2383148448211,NA,NA,NA,NA,NA,NA,NA,NA,NA,NA,NA,NA,70.8,66.8,75,NA,NA,NA,NA,"Europe","Eastern Europe",0.201,-0.848,-0.962,-1.375,-1.68,0.91,0.897,0.16,-0.159,0,0,0.778,0,0.778,1,0,0,0.222,0.556,0,0.444,0,0.889,0.134,0.494,0.948,-1.917,0.616,1.141,1.484,-0.98,0.53,1.831,1.22,0.344,-0.369,0.955,0.943,-1.504,-1.267,-0.658,0.468
"POL","POLAND",1985,-7,0,NA,3.01579703207276,NA,NA,NA,NA,NA,NA,NA,NA,NA,NA,37201885,51.2269194472503,NA,NA,NA,NA,NA,NA,NA,NA,NA,NA,5.69999980926514,NA,70.5487804878049,66.5,74.8,NA,NA,NA,NA,"Europe","Eastern Europe",0.201,-0.848,-0.962,-1.375,-1.68,0.91,0.897,0.16,-0.159,0,0,0.778,0,0.778,1,0,0,0.222,0.556,0,0.444,0,0.889,0.138,0.497,0.948,-1.917,0.648,1.065,1.306,-0.98,0.53,1.831,1.22,0.344,-0.369,0.955,0.943,-1.504,-1.03,-0.658,0.468
"POL","POLAND",1986,-7,0,NA,2.94140353586042,NA,NA,NA,NA,NA,NA,NA,NA,NA,NA,37456119,51.2220977063522,NA,NA,NA,NA,NA,NA,NA,NA,NA,NA,NA,NA,70.8487804878049,66.8,75.1,NA,NA,NA,NA,"Europe","Eastern Europe",0.201,-0.848,-0.962,-1.375,-1.68,0.91,0.897,0.16,-0.159,0,0,0.778,0,0.778,1,0,0,0.222,0.556,0,0.444,0,0.889,0.144,0.495,0.948,-1.917,0.648,1.065,1.306,-0.98,0.53,1.831,1.22,0.344,-0.369,0.955,0.943,-1.504,-1.03,-0.658,0.47
"POL","POLAND",1987,-6,0,NA,2.76269185360094,NA,NA,NA,NA,NA,NA,NA,NA,NA,NA,37668045,51.2220771211841,NA,NA,NA,NA,NA,NA,NA,NA,NA,NA,NA,NA,70.8975609756098,66.8,75.2,NA,NA,NA,NA,"Europe","Eastern Europe",0.201,-0.848,-0.962,-1.375,-1.68,0.91,0.897,0.16,-0.159,0,0,0.778,0,0.778,1,0,0,0.222,0.556,0,0.444,0,0.889,0.151,0.462,0.948,-1.917,0.648,1.065,1.306,-0.98,0.53,1.831,1.22,1.665,-0.369,0.955,0.943,-1.504,-1.03,-0.658,0.47
"POL","POLAND",1988,-6,0,NA,2.59205508117047,NA,NA,NA,NA,NA,NA,NA,NA,NA,NA,37824487,51.2387743527768,NA,NA,NA,NA,NA,NA,NA,NA,NA,NA,NA,NA,71.3317073170732,67.2,75.67,NA,NA,NA,NA,"Europe","Eastern Europe",0.201,-0.848,-0.962,-1.375,-1.68,0.91,0.897,0.16,-0.159,0,0,0.778,0,0.778,1,0,0,0.222,0.556,0,0.444,0,0.889,0.156,0.443,0.948,-1.917,0.648,1.065,1.306,-0.98,0.53,1.831,1.22,1.665,-0.369,0.955,0.943,-1.504,-0.307,-0.658,0.47
"POL","POLAND",1989,5,1,NA,1.81712151049282,NA,NA,NA,NA,NA,NA,NA,NA,NA,NA,37961529,51.2646987182037,NA,NA,NA,NA,NA,NA,NA,NA,NA,NA,NA,NA,71.0439024390244,66.8,75.5,NA,NA,NA,NA,"Europe","Eastern Europe",0.715,1.137,1.143,1.31,0.184,2.34,-0.959,0.606,0.592,0,0,0.778,0.128,0.778,0.872,0,0.064,0.222,0.556,0.128,0.381,0.128,0.761,0.29,0.248,1.189,-1.213,0.151,1.065,1.306,-0.418,2.077,2.261,1.984,2.521,1.653,0.301,0.943,-1.238,0.102,0.756,0.321
"POL","POLAND",1990,5,1,1731.2095094382,2.61248574350627,NA,NA,NA,NA,NA,NA,NA,NA,0,NA,38110782,51.2852796342937,100,NA,0.0167916861938739,3.39655197453992,2148060058.59375,NA,NA,NA,NA,NA,5.6999998093,NA,70.890243902439,66.5,75.5,NA,NA,NA,NA,"Europe","Eastern Europe",0.887,1.743,2.894,2.435,0.939,2.34,-1.42,1.789,1.817,0,0.222,0.778,0.889,0.778,0.111,0.111,0.222,0.334,0.222,0.778,0.222,0.667,0,0.662,0.069,1.669,1.116,0.584,2.172,1.765,2.156,2.077,2.261,1.984,2.521,2.968,1.129,2.033,1.245,1.748,1.519,0.244
"POL","POLAND",1991,8,1,2235.54108862522,2.25165022520211,NA,NA,NA,NA,NA,NA,NA,NA,0.00523,NA,38246193,51.3098319770685,100,NA,0.00931764776666933,2.13956315004938,4344709960.9375,NA,NA,NA,NA,NA,5.6999998093,NA,70.5878048780488,66.1,75.3,NA,NA,NA,NA,"Europe","Eastern Europe",0.936,2.545,2.894,2.435,0.939,2.34,-1.42,1.789,1.817,0,0.222,0.778,0.889,0.778,0.111,0,0.111,0.444,0.111,0.889,0.111,0.778,0,0.782,0.053,1.669,3.566,0.868,2.172,1.765,2.156,2.077,2.261,1.984,2.521,2.968,1.129,2.033,1.245,1.748,1.519,0.207
"POL","POLAND",1992,8,1,2459.02068468253,2.23099944320713,NA,NA,NA,NA,NA,NA,NA,NA,0.0521,NA,38363667,51.3363598129814,100,NA,0.00977634571042619,1.7158490482036,2122270019.53125,NA,NA,NA,NA,NA,5.5999999046,NA,71.090243902439,66.7,75.7,NA,NA,NA,NA,"Europe","Eastern Europe",0.936,2.545,2.894,2.435,0.939,2.34,-1.42,1.789,1.817,0,0.222,0.778,0.889,0.778,0.111,0,0.111,0.444,0.222,0.889,0.111,0.778,0,0.804,0.05,1.883,3.566,0.868,2.172,1.765,2.156,2.077,2.261,1.984,2.521,2.968,1.129,2.033,1.414,1.748,1.519,0.172
"POL","POLAND",1993,8,1,2497.13055936127,2.46918731544486,NA,NA,NA,NA,NA,NA,NA,NA,0.13,NA,38461408,51.3591346227415,100,NA,0.0142175417105698,1.25337859784623,1602540039.0625,NA,NA,NA,NA,NA,5.5999999046,NA,71.5951219512195,67.4,76,NA,NA,NA,NA,"Europe","Eastern Europe",0.936,2.545,2.894,2.435,0.939,2.34,-1.42,1.789,1.817,0,0.222,0.778,0.889,0.778,0.111,0,0.111,0.444,0.222,0.889,0.111,0.778,0,0.809,0.05,1.883,3.566,0.944,2.172,1.765,2.156,2.077,2.261,1.984,2.521,2.968,1.129,2.033,1.414,1.748,1.519,0.172
"POL","POLAND",1994,8,1,2874.83163555069,2.27323210335054,NA,NA,NA,NA,NA,NA,NA,NA,0.389,22.7826807304818,38542652,51.3799321427405,100,NA,0.0112970514764707,0.964498482798245,2815330078.125,NA,NA,NA,NA,NA,5.5999999046,NA,71.6951219512195,67.5,76.1,NA,NA,NA,NA,"Europe","Eastern Europe",0.936,2.545,2.894,2.435,0.939,2.34,-1.42,1.789,1.817,0,0.222,0.778,0.889,0.778,0.111,0,0.111,0.444,0.222,0.889,0.111,0.778,0,0.814,0.05,1.883,3.566,0.944,2.172,1.765,2.156,2.077,2.261,1.984,2.521,2.968,1.129,2.033,1.414,1.748,1.519,0.173
"POL","POLAND",1995,9,1,3700.95956775144,1.90379957330223,NA,NA,NA,NA,NA,5.7358804322408,NA,NA,0.648,22.2838435133567,38594998,51.4027673276238,100,48.7708621431314,0.0111794366658501,1.12137264225809,4707279785.15625,NA,NA,NA,NA,NA,5.5,NA,71.8926829268293,67.6,76.4,NA,NA,NA,NA,"Europe","Eastern Europe",0.936,2.545,2.894,2.435,0.939,2.34,-1.42,1.789,1.817,0,0.222,0.778,0.889,0.778,0.111,0,0.111,0.444,0.222,0.889,0.111,0.778,0,0.813,0.05,1.883,3.566,0.965,2.172,1.765,2.156,2.077,2.261,1.984,2.521,2.968,1.129,2.033,1.414,1.748,1.519,0.173
"POL","POLAND",1996,9,1,4163.51195431959,1.91739242748542,NA,NA,NA,NA,NA,5.30020665731788,NA,NA,1.3,21.572394641671,38624370,51.4237677347094,100,50.2926876522253,0.0133583590986962,0.836661886376283,1588020019.53125,NA,NA,NA,NA,NA,5.5,NA,72.2463414634146,68.1,76.6,NA,NA,NA,NA,"Europe","Eastern Europe",0.936,2.545,2.894,2.435,0.939,2.34,-1.42,1.789,1.817,0,0.222,0.778,0.889,0.778,0.111,0,0.111,0.444,0.222,0.889,0.111,0.778,0,0.804,0.05,1.883,3.566,0.965,2.172,1.765,2.156,2.077,2.261,1.984,2.521,2.968,1.129,2.033,1.414,1.748,1.519,0.169
"POL","POLAND",1997,9,1,4137.00831823145,1.99649463419658,NA,NA,NA,NA,NA,4.62334482081249,NA,NA,2.07,20.8348034382337,38649660,51.4444547882293,100,51.9495974932248,0.011582347033565,0.824176286532763,1327030029.29688,NA,NA,NA,NA,NA,5.4000000954,NA,72.6463414634146,68.5,77,NA,NA,NA,NA,"Europe","Eastern Europe",0.89,1.835,2.894,2.435,0.939,2.34,-1.42,1.789,1.817,0,0.222,0.778,0.889,0.778,0.111,0,0.111,0.444,0.222,0.889,0.111,0.778,0,0.793,0.05,1.883,3.566,0.949,2.172,1.765,2.156,2.077,2.261,1.984,2.521,2.968,1.129,2.033,1.414,1.748,1.519,0.172
"POL","POLAND",1998,9,1,4533.5356551781,1.9916575833585,NA,NA,NA,NA,NA,4.01837892497406,NA,NA,4.1,20.0841792848044,38663481,51.4681993528384,100,53.2983899562688,0.00400105044718496,0.472405290594329,1368819946.28906,NA,NA,NA,NA,NA,5.3000001907,NA,72.9975609756098,68.9,77.3,NA,0.610896348953247,NA,NA,"Europe","Eastern Europe",0.89,1.835,2.894,2.435,0.939,2.34,-1.42,1.789,1.817,0,0.222,0.778,0.889,0.778,0.111,0,0.111,0.444,0.222,0.889,0.111,0.778,0,0.801,0.05,1.883,3.566,0.949,2.172,1.765,2.156,2.077,2.261,1.984,2.521,2.968,1.129,2.033,1.414,1.748,1.519,0.182
"POL","POLAND",1999,9,1,4415.50067547826,1.89014224685951,NA,NA,NA,NA,96.92873,3.35556694226104,NA,NA,5.46,17.9929799484054,38660271,51.5029926180234,100,54.1654422676804,0.0150485769674635,0.411421201078829,1890979980.46875,NA,NA,NA,NA,NA,5.0999999046,NA,73.0439024390244,68.8,77.5,NA,0.60580587387085,NA,NA,"Europe","Eastern Europe",0.89,1.835,2.894,2.435,0.939,2.34,-1.42,1.789,1.817,0,0.222,0.778,0.889,0.778,0.111,0,0.111,0.444,0.222,0.889,0.111,0.778,0,0.804,0.049,1.883,3.566,0.949,2.172,1.765,2.156,2.077,2.261,1.984,2.521,2.968,1.129,2.033,1.563,1.748,1.519,0.182
"POL","POLAND",2000,9,1,4520.64100449111,1.81904535107873,100.339080810547,NA,NA,NA,96.5775,3.19050007383569,2.1,NA,7.28543,16.8889497903998,38258629,51.5332856170401,100,56.8411095841388,0.0465319775920722,0.607750041899211,2494800048.82813,NA,NA,NA,NA,5.26548243,NA,46,73.7487804878049,69.7,78,NA,0.60131299495697,NA,NA,"Europe","Eastern Europe",0.89,1.835,2.894,2.435,0.939,2.34,-1.42,1.789,1.817,0,0.333,0.778,0.889,0.778,0.111,0,0.111,0.444,0.222,0.889,0.111,0.667,0,0.804,0.048,1.883,3.566,1.814,2.172,1.765,2.156,2.077,2.261,1.984,2.521,2.968,1.129,2.033,1.563,1.748,1.519,0.17
"POL","POLAND",2001,9,1,5015.23790036613,1.89270410859475,100.530227661133,NA,NA,NA,96.31324,3.32495017859303,NA,NA,9.90067,15.9791418620791,38248076,51.5493920272713,100,58.280540681646,0.0366402877333744,0.785713115899639,1736099975.58594,NA,NA,NA,NA,5.64010143,NA,42,74.2,70.2,78.4,NA,0.602738499641418,NA,NA,"Europe","Eastern Europe",0.89,1.835,2.894,2.435,0.939,2.34,-1.42,1.789,1.817,0,0.333,0.778,0.889,0.778,0.111,0,0.111,0.444,0.111,0.889,0.111,0.778,0,0.804,0.049,0.878,3.566,1.953,2.172,1.765,2.156,2.077,2.261,1.984,2.521,2.968,1.129,2.033,1.563,1.748,1.519,0.154
"POL","POLAND",2002,10,1,5223.45178967082,1.89097402916196,100.300102233887,NA,NA,NA,95.41977,2.80941626982179,1.8,NA,21.15,16.7881339290098,38230364,51.5668068937923,100,58.7964553979086,0.0319240191640549,0.565655329458689,1485020019.53125,NA,NA,NA,NA,6.04828405,NA,41,74.4975609756098,70.4,78.8,NA,0.60271281003952,NA,NA,"Europe","Eastern Europe",0.89,1.835,2.894,2.435,0.939,2.34,-1.42,1.789,1.817,0,0.333,0.778,0.889,0.778,0.111,0,0.111,0.444,0.111,0.889,0.111,0.778,0,0.812,0.049,0.878,3.566,1.953,2.172,1.765,2.156,2.077,2.261,1.984,2.521,2.968,1.129,2.033,1.563,1.748,1.519,0.141
"POL","POLAND",2003,10,1,5720.81366178104,1.89890364834865,100.183227539062,NA,NA,NA,94.48538,2.69176153910407,NA,NA,24.87,16.6652745114418,38204570,51.5847176820651,100,57.9482847667238,0.0369313368575611,0.598445982092893,1639160034.17969,NA,NA,NA,NA,5.93375778,6.68,40,74.5975609756098,70.5,78.9,NA,0.602562785148621,NA,NA,"Europe","Eastern Europe",0.89,1.835,2.894,2.435,0.939,2.34,-1.42,1.789,1.817,0,0.333,0.778,0.889,0.778,0.111,0,0.111,0.444,0.111,0.889,0.111,0.778,0,0.812,0.049,0.878,3.566,1.953,2.172,1.765,2.156,2.077,2.261,1.984,2.521,2.968,1.129,2.033,1.563,1.748,1.519,0.141
"POL","POLAND",2004,10,1,6711.72715262967,1.86469356337462,100.051498413086,NA,NA,NA,93.68903,3.33358582113835,1.55,NA,32.53,15.6185755633767,38182222,51.6061907212751,100,55.9833742114646,0.0493919088310566,1.44432044481015,1869339965.82031,NA,NA,NA,NA,5.84185648,6.67,34,74.8463414634146,70.7,79.2,NA,0.615667879581451,NA,NA,"Europe","Eastern Europe",0.89,1.835,2.894,2.435,0.939,2.34,-1.42,1.789,1.817,0,0.333,0.778,0.889,0.778,0.111,0,0.111,0.444,0.111,0.889,0.111,0.778,0,0.812,0.049,0.878,3.566,1.953,2.172,1.765,2.156,2.077,2.261,1.984,2.521,2.968,1.129,2.033,1.563,1.748,1.519,0.141
"POL","POLAND",2005,10,1,8043.92332253757,1.92065181170108,99.9291229248047,NA,NA,NA,93.08055,2.96760371813755,NA,NA,38.81,16.4279824784832,38165445,51.6308475477069,100,55.8857255613399,0.0578824280780389,1.16882023675091,NA,NA,NA,NA,NA,5.79073858,6.53,31,74.9951219512195,70.8,79.4,NA,0.5382479429245,NA,NA,"Europe","Eastern Europe",0.89,1.835,2.894,2.435,0.939,2.34,-1.42,1.789,1.817,0,0.3,0.7,0.7,0.7,0.2,0,0.2,0.4,0.1,0.7,0.3,0.8,0,0.814,0.049,0.878,3.566,2.388,2.172,1.765,2.156,2.077,2.261,1.984,2.521,2.968,1.129,2.033,1.563,1.748,1.519,0.135
"POL","POLAND",2006,10,1,9068.85528307627,1.9136927914289,99.6375198364258,NA,NA,NA,93.13525,2.7459182485152,1.25,NA,44.58,17.0920694072435,38141267,51.6630656475542,100,55.7400722021661,0.0615454869644112,1.60097843809302,NA,NA,NA,NA,NA,5.78148365,6.48,30,75.1439024390244,70.9,79.6,NA,0.537062287330627,NA,NA,"Europe","Eastern Europe",0.878,1.957,2.208,2.435,0.939,2.34,-1.42,1.789,1.817,0,0.3,0.7,0.7,0.7,0.2,0,0.2,0.4,0.1,0.7,0.3,0.8,0,0.805,0.051,0.878,3.566,2.388,2.172,1.765,1.799,2.077,2.261,1.863,2.521,2.968,1.129,2.033,1.563,1.748,1.519,0.12
"POL","POLAND",2007,10,1,11272.5293683383,1.99879774345695,99.1174926757812,NA,NA,NA,93.21407,3.09408708372918,NA,NA,48.6,18.0573047594226,38120560,51.7014685345015,100,54.9294199742734,0.0473205232861409,1.36253196224239,NA,NA,NA,NA,NA,5.86390114,6.44,30,75.2439024390244,71,79.7,NA,0.532880425453186,NA,NA,"Europe","Eastern Europe",0.867,1.841,2.208,2.435,0.939,2.34,-1.42,1.789,1.817,0,0.3,0.7,0.7,0.7,0.2,0,0.2,0.4,0.1,0.7,0.3,0.8,0,0.804,0.051,0.878,3.566,2.157,2.172,1.765,1.799,2.077,2.261,1.863,2.521,2.968,1.129,2.033,1.563,1.748,1.616,0.127
"POL","POLAND",2008,10,1,14048.5604672654,1.74555706324845,98.238639831543,NA,NA,NA,93.39226,2.64309499472652,0.85,NA,53.13,18.1987400991461,38125759,51.7290140465934,100,55.8299281086221,0.0547816525517377,2.04775399554984,NA,NA,NA,NA,NA,6.35196781,6.64,27,75.5439024390244,71.3,80,NA,0.540690183639526,NA,NA,"Europe","Eastern Europe",0.891,1.841,2.893,2.435,0.939,2.34,-1.42,1.789,1.817,0,0.3,0.7,0.8,0.7,0.1,0,0.1,0.4,0.2,0.9,0.1,0.7,0,0.831,0.048,1.529,3.566,2.157,2.172,1.765,1.799,2.077,2.261,2.003,2.521,2.968,1.129,2.033,1.598,1.748,1.616,0.113
"POL","POLAND",2009,10,1,11556.3026866026,1.79268764302392,98.0396499633789,NA,96.7493667602539,96.7333679199219,94.08139,2.62640625045433,NA,NA,58.97,16.0096652913108,38151603,51.8510528718423,100,56.2042941342382,0.031855529279931,1.14376244780615,NA,NA,NA,NA,NA,6.57037735,6.68,28,75.6951219512195,71.5,80.1,NA,0.539307713508606,NA,NA,"Europe","Eastern Europe",0.891,1.841,2.893,2.435,0.939,2.34,-1.42,1.789,1.817,0,0.3,0.7,0.8,0.7,0.1,0,0.1,0.4,0.2,0.9,0.1,0.7,0,0.831,0.048,1.529,3.566,2.157,2.172,1.765,1.799,2.077,2.261,2.003,2.521,2.968,1.129,2.033,1.598,1.748,1.616,0.113
"POL","POLAND",2010,10,1,12567.7317676382,1.83851836437415,98.6196365356445,NA,97.4822387695312,97.0186920166016,94.57285,2.91554815662609,0.55,NA,62.32,16.5370235494052,38042794,51.8082639532577,100,55.3297957201817,0.0346450541991475,4.33027218366267,NA,NA,NA,NA,NA,6.43533468,6.6,25,76.2463414634146,72.1,80.6,NA,0.546723127365112,NA,NA,"Europe","Eastern Europe",0.891,1.841,2.893,2.866,0.939,2.319,-1.285,1.789,1.817,0,0.3,0.7,0.8,0.7,0.1,0,0.1,0.4,0.2,0.9,0.1,0.7,0,0.831,0.046,1.529,3.566,2.375,1.979,1.765,2.136,2.077,2.261,2.003,2.521,2.968,1.129,2.033,1.598,1.922,1.673,0.099
"POL","POLAND",2011,10,1,13867.6669408192,1.79131485643585,99.2583465576172,NA,97.1721572875977,96.8002090454102,94.67055,3.17180701243977,NA,NA,61.95,16.6696825635336,38063255,51.5956337835823,100,54.294328089083,0.0482151843545218,5.71416347861788,NA,NA,NA,NA,NA,6.24533606,6.6,28,76.6951219512195,72.5,81.1,NA,0.550405025482178,NA,NA,"Europe","Eastern Europe",0.891,1.841,2.893,2.511,0.939,2.319,-1.285,1.789,1.817,0,0.3,0.7,0.8,0.7,0.1,0,0.1,0.4,0.2,0.9,0.1,0.7,0,0.833,0.044,1.602,3.566,2.174,1.979,1.765,2.136,1.981,2.372,1.885,2.633,3.115,1.129,2.033,1.598,1.922,1.673,0.096
"POL","POLAND",2012,10,1,13087.420943321,1.80404649861118,100.680816650391,NA,97.0783233642578,96.5579681396484,95.46034,2.98562113420809,0.25,NA,62.31,16.0052569222101,38063164,51.5351783790929,100,55.3349007114845,0.0514476768766974,3.79887246755542,NA,NA,NA,NA,NA,6.22854042,6.6,24,76.7463414634146,72.6,81.1,NA,0.584102272987366,NA,NA,"Europe","Eastern Europe",0.891,1.841,2.893,2.104,0.939,2.319,-1.285,1.789,1.817,0,0.3,0.7,0.8,0.7,0.1,0,0.1,0.4,0.2,0.9,0.1,0.7,0,0.832,0.046,1.602,3.566,2.174,1.979,1.765,2.136,1.981,2.372,1.885,2.633,3.115,1.129,2.033,1.598,1.922,1.673,0.105
"POL","POLAND",2013,10,1,13621.9023794031,1.7900581767381,100.073501586914,NA,96.5132369995117,96.1321792602539,96.00958,3.22652536867249,NA,NA,62.8492,15.6742591136229,38040196,51.5292819814454,100,56.7410646685001,0.0680195690834472,3.33330904653522,NA,NA,NA,NA,NA,6.44993687,6.57,24,77,73,81.2,NA,0.575579166412354,NA,NA,"Europe","Eastern Europe",0.891,1.841,2.893,2.138,0.939,2.319,-1.202,1.789,1.817,0,0.3,0.7,0.8,0.7,0.1,0,0.1,0.4,0.2,0.9,0.1,0.7,0,0.827,0.048,1.509,3.566,2.174,1.979,1.765,1.797,1.981,2.372,1.885,2.633,3.115,1.129,2.033,1.598,1.922,1.673,0.106
"POL","POLAND",2014,10,1,14262.2841914116,1.90822735552002,99.5637130737305,NA,96.198860168457,96.2034530639648,96.0052,2.97119902232799,0.05,NA,66.5987,15.6271982270924,38011735,51.522090108554,100,55.7052599572561,0.0603215388253716,3.15767703778128,NA,NA,NA,NA,NA,6.39059496,6.58,22,77.6024390243903,73.7,81.7,NA,0.577039420604706,NA,NA,"Europe","Eastern Europe",0.891,1.841,2.893,2.138,0.939,2.319,-1.189,1.789,1.817,0,0.3,0.7,0.8,0.7,0.1,0,0.1,0.4,0.2,0.9,0.1,0.7,0,0.817,0.06,1.509,2.459,2.174,1.979,1.196,1.797,1.649,2.372,1.885,2.633,3.115,1.129,2.033,1.598,1.922,1.673,0.106
"POL","POLAND",2015,10,1,12637.5220324406,2.12742384353358,NA,NA,99.0123291015625,99.9403076171875,NA,2.48363694237949,NA,NA,67.997,15.6135953190934,37986412,51.5141058134289,100,55.299619134775,0.0284289039455379,1.29098319489632,NA,NA,NA,NA,NA,6.36490345,6.59,21,77.4512195121951,73.5,81.6,NA,0.568180978298187,NA,NA,"Europe","Eastern Europe",0.891,1.841,2.893,1.053,0.939,2.319,-0.866,1.645,2.118,0,0.3,0.7,0.8,0.7,0.1,0,0.1,0.4,0.2,0.9,0.1,0.7,0,0.779,0.09,1.354,3.055,2.36,1.889,1.851,0.78,1.136,2.372,1.266,1.871,2.523,1.31,2.033,1.193,1.859,1.522,0.116
"POL","POLAND",2016,10,1,12464.0110508476,1.93589358828699,NA,NA,99.6512298583984,101.264251708984,NA,2.6237968659564,4.5,NA,73.3007,16.2090291324573,37970087,51.506062015356,100,55.0625951252974,0.0235512516028107,2.02624729962296,NA,NA,NA,NA,NA,6.5470438,6.59,20,77.8512195121951,73.9,82,NA,0.574241042137146,NA,NA,"Europe","Eastern Europe",0.779,1.414,1.174,0.343,0.939,2.031,-0.529,1.645,2.848,0,0.3,0.7,0.6,0.7,0.2,0,0.4,0.3,0.3,0.6,0.4,0.7,0,0.593,0.142,0.842,3.055,2.36,1.572,1.578,0.249,0.807,2.372,0.145,1.241,2.643,1.168,2.033,0.655,1.586,1.522,0.12
"POL","POLAND",2017,10,1,13913.3402919927,1.88828727046187,97.6803283691406,NA,103.738677978516,106.823669433594,95.78475,2.98537285986431,NA,NA,75.9854,16.7355756807269,37974826,51.4972020097369,NA,56.0708540911722,0.0316721725753569,3.06146096477289,NA,NA,NA,NA,NA,6.53713226,6.58,18,77.7536585365854,73.9,81.8,NA,NA,NA,NA,"Europe","Eastern Europe",0.723,1.234,0.729,0.118,0.939,1.625,-0.334,1.645,2.848,0,0.3,0.7,0.6,0.7,0.2,0,0.4,0.3,0.3,0.6,0.4,0.7,0,0.544,0.19,0.842,1.835,2.36,1.572,1.578,0.196,0.521,2.372,0.515,0.366,1.893,1.168,2.033,0.59,1.586,1.522,0.12
"POL","POLAND",2018,10,1,15658.2120316794,2.02472821822818,94.4897613525391,NA,94.507080078125,93.8408889770508,NA,2.41564136866167,4.3,NA,77.5417,17.1848218488937,37974750,51.4870229445195,NA,56.4266313774483,0.0456118701886835,2.71315064903734,NA,NA,NA,NA,NA,6.25094128,6.49,17,77.6024390243903,73.7,81.7,NA,NA,NA,NA,"Europe","Eastern Europe",0.723,1.234,0.729,0.118,0.939,1.625,-0.384,1.645,2.848,0,0.3,0.7,0.6,0.7,0.2,0,0.4,0.3,0.3,0.6,0.4,0.7,0,0.523,0.23,0.952,1.595,2.36,1.323,1.37,0.196,0.422,2.372,0.515,-0.374,1.17,1.168,2.033,0.59,1.586,1.522,0.12
"POL","POLAND",2019,NA,1,15874.5220531254,1.95338318505019,94.9449615478516,NA,95.0488967895508,94.2923431396484,NA,2.37029744646443,NA,NA,80.4359,17.1407592886385,37965475,51.4763111822345,NA,56.8247340346225,0.0402025974033284,0.671601200907606,NA,NA,NA,NA,NA,6.38906956,6.13,16,77.9048780487805,74.1,81.9,NA,0.609164237976074,NA,NA,"Europe","Eastern Europe",0.714,1.211,0.729,0.118,0.939,1.625,-0.284,1.645,2.848,0,0.333,0.667,0.556,0.667,0.222,0,0.444,0.222,0.333,0.556,0.444,0.667,0,0.508,0.242,0.854,1.484,1.509,1.323,1.37,0.196,0.236,2.372,0.33,-0.374,1.17,1.168,2.033,0.59,1.534,1.551,0.139
"POL","POLAND",2020,NA,1,16150.9304813473,2.26305371895405,82.211540222168,NA,NA,NA,NA,2.56844423547416,3.7,NA,83.1849,17.291144093996,37515748,51.484698611483,NA,57.0960625229325,0.0207199460419149,0.535468929487005,NA,NA,NA,NA,NA,6.42739105,6.15,10,76.4,72.4,80.6,NA,NA,NA,NA,"Europe","Eastern Europe",0.697,1.05,0.731,0.118,0.939,1.327,-0.198,2.241,2.848,0,0.222,0.667,0.556,0.667,0.222,0,0.444,0.222,0.444,0.556,0.556,0.556,0,0.449,0.282,0.854,0.775,0.963,1.323,1.139,0.132,0.417,2.372,0.446,-0.507,1.007,0.943,2.033,0.55,1.287,1.287,0.222
"RUS","RUSSIA",1992,5,1,3098.802734375,4.42703232125367,NA,NA,NA,NA,NA,7.2633640189374,NA,NA,0.000673,NA,148538197,53.1124159333058,100,48.725712256707,4.80032510802607,7.92090688488057,2752989990.23438,NA,NA,NA,NA,NA,12.2342996597,NA,66.8731707317073,62,71.99,NA,NA,NA,NA,"Europe","Eastern Europe",0.682,0.801,1.215,0.14,0.534,1.154,0.569,1.176,0.217,0,0,0.6,0.6,0.8,0.3,0,0,0.3,0.2,0.4,0.1,0.1,0.1,0.294,0.632,0.325,0.414,0.372,-0.784,-1.415,-0.252,-0.413,-0.342,-0.496,0.079,-0.212,-0.853,-0.826,0.756,0.483,0.657,0.4
"RUS","RUSSIA",1993,3,1,2930.67016601563,4.18132464712269,NA,NA,NA,NA,NA,7.55720377820535,NA,NA,0.0134,NA,148458777,53.101722650755,100,42.8464496530815,4.30486115047474,7.61983790170856,3757929931.64063,NA,NA,NA,NA,NA,12.1958999634,NA,64.9358536585366,58.97,71.2,NA,NA,NA,NA,"Europe","Eastern Europe",0.682,0.801,1.215,0.14,0.534,1.154,0.846,1.176,0.217,0,0,0.628,0.683,0.8,0.328,0,0,0.272,0.2,0.428,0.1,0.1,0.1,0.294,0.612,0.331,0.414,0.01,-0.784,-1.415,-0.249,-0.413,-0.342,-0.496,0.079,-0.212,NA,NA,0.756,0.483,0.657,0.402
"RUS","RUSSIA",1994,3,1,2662.10400390625,4.5237006553879,NA,NA,NA,NA,96.84388,6.10956103151862,NA,NA,0.0538,NA,148407912,53.0899070568718,100,44.8326084322554,3.85813139293591,6.87370636107636,2652959960.9375,NA,NA,NA,NA,NA,11.9611997604,NA,64.4670731707317,57.55,71.73,NA,NA,NA,NA,"Europe","Eastern Europe",0.682,0.801,1.215,0.14,0.534,1.154,-0.526,1.176,0.217,0,0,0.7,0.9,0.8,0.3,0,0,0.2,0.2,0.5,0.1,0.1,0.1,0.291,0.635,0.331,0.414,0.01,-0.784,-1.415,-0.108,-0.413,-0.342,-0.496,-0.506,-0.212,-1.29,-2.029,0.756,0.208,0.657,0.421
"RUS","RUSSIA",1995,3,1,2665.77978515625,3.78442996742671,NA,NA,NA,NA,93.30283,6.69223108273929,NA,NA,0.148,NA,148375787,53.1017040819285,100,52.2288034605835,4.54593521684435,9.15926099813667,2519379882.8125,NA,NA,NA,NA,NA,11.8699998856,NA,64.6907317073171,58.12,71.59,NA,NA,NA,NA,"Europe","Eastern Europe",0.682,0.801,1.215,0.14,0.534,1.154,-0.526,1.176,0.217,0,0,0.7,0.9,0.8,0.3,0,0,0.2,0.2,0.5,0.1,0.1,0.1,0.296,0.654,0.331,0.414,-0.258,-0.784,-1.415,-0.108,-0.413,-0.342,-0.496,-0.506,-0.212,-1.29,-0.106,0.756,0.208,0.657,0.422
"RUS","RUSSIA",1996,3,1,2643.92919921875,3.75655882080282,NA,NA,NA,NA,NA,6.54937524189732,NA,NA,0.27,NA,148160129,53.134283756833,100,49.4166548670001,6.32131864255256,10.4926691422543,1993209960.9375,NA,NA,NA,NA,NA,11.6300001144,NA,65.8541463414634,59.62,72.4,NA,NA,NA,NA,"Europe","Eastern Europe",0.682,0.801,1.215,0.14,0.534,1.154,-0.526,1.176,0.217,0,0,0.7,0.9,0.8,0.3,0,0,0.2,0.2,0.5,0.1,0.1,0.1,0.288,0.658,0.386,0.414,-0.891,-0.784,-1.415,-0.108,-0.413,-0.342,-0.496,-0.506,-0.212,-1.29,-0.106,0.756,0.208,0.657,0.492
"RUS","RUSSIA",1997,3,1,2737.57202148438,4.03980929678188,NA,NA,NA,NA,NA,5.86976214443115,NA,NA,0.473,NA,147915361,53.1557744306704,100,50.5952152260349,4.82777869917989,8.83139882948576,1393869995.11719,NA,NA,NA,NA,NA,11.3400001526,NA,66.6987804878049,60.85,72.84,NA,NA,NA,NA,"Europe","Eastern Europe",0.682,0.801,1.215,0.14,0.534,1.154,-0.713,1.176,0.217,0,0,0.7,0.9,0.8,0.3,0,0,0.2,0.2,0.5,0.1,0.1,0.1,0.281,0.67,0.386,0.414,-0.891,-0.784,-1.415,-0.108,-0.413,-0.342,-0.496,-0.506,-0.502,-1.29,-0.106,0.756,0.208,0.657,0.527
"RUS","RUSSIA",1998,3,1,1834.86181640625,2.73264908865687,NA,NA,NA,NA,NA,5.10339314799118,NA,NA,0.813,NA,147670784,53.1720937827629,100,51.8249193895855,2.22399348794497,4.27229659862483,1842790039.0625,NA,NA,NA,NA,NA,11.1099996567,NA,67.029756097561,61.22,73.13,NA,NA,NA,NA,"Europe","Eastern Europe",0.682,0.801,1.215,0.14,0.534,1.154,-0.713,1.176,0.217,0,0,0.7,0.9,0.8,0.3,0,0,0.2,0.2,0.5,0.1,0.1,0.1,0.28,0.678,0.386,0.414,-0.891,-0.784,-1.415,-0.108,-0.413,-0.342,-0.719,-0.506,-0.502,-1.29,-0.106,0.756,0.208,0.657,0.527
"RUS","RUSSIA",1999,3,0,1330.75720214844,3.07328792235108,NA,NA,NA,NA,NA,6.58064760911948,NA,NA,1.02,11.2428726496447,147214776,53.1992575703991,100,49.8897679326535,8.76039094628312,11.829566491586,3048689941.40625,NA,NA,NA,NA,NA,10.8500003815,NA,65.9821951219512,59.87,72.4,NA,NA,NA,NA,"Europe","Eastern Europe",0.682,0.801,1.215,-0.073,0.534,1.154,-0.713,1.176,0.217,0,0,0.7,0.9,0.8,0.3,0,0,0.2,0.2,0.5,0.1,0.1,0.1,0.282,0.678,0.386,0.414,-0.883,-0.784,-1.415,-0.108,-0.413,-0.342,-0.719,-0.506,-0.502,-1.29,-0.106,0.756,0.208,0.657,0.527
"RUS","RUSSIA",2000,6,0,1771.59411621094,3.30702983667541,110.809799194336,NA,NA,NA,NA,5.75171562849956,3.65,NA,1.97723,13.7255344540838,146596869,53.2454702729898,100,49.7177094379727,15.355993811466,21.5026961545567,2513030029.29688,NA,NA,NA,NA,5.01989794,10.73,95,65.4836585365854,59.03,72.26,NA,NA,NA,NA,"Europe","Eastern Europe",0.567,0.346,0.724,-0.073,0.182,1.154,-0.713,0.794,0.359,0,0,0.9,0.9,1,0.7,0,0.1,0.3,0.4,0.3,0.4,0.1,0,0.219,0.756,0.386,0.288,-0.628,-0.698,-2.172,-0.181,-0.413,-0.342,-0.719,-1.638,-0.992,-1.29,-0.106,0.264,-0.508,0.613,0.499
"RUS","RUSSIA",2001,6,0,2100.3525390625,3.54631922908818,115.666496276855,NA,NA,NA,NA,5.87572156767964,NA,NA,2.94437,15.778699595813,145976482,53.3123822640996,100,51.4659539559897,10.3003624423723,19.5086027305984,1737500000,NA,NA,NA,NA,5.24284792,10.66,92,65.3834146341463,58.92,72.17,NA,NA,NA,NA,"Europe","Eastern Europe",0.514,0.244,0.472,-0.073,-0.165,1.154,-0.565,0.106,0.595,0,0,0.9,0.9,1,0.7,0,0.1,0.3,0.4,0.3,0.4,0.1,0,0.201,0.781,0.386,0.22,-0.628,-0.698,-1.817,-0.181,-0.938,-0.342,-1.13,-1.395,-1.596,-1.29,-0.106,0.264,-0.508,0.535,0.5
"RUS","RUSSIA",2002,6,0,2377.52954101563,3.75627739108018,122.04638671875,NA,NA,NA,NA,5.56571375282766,3.55,NA,4.12827,13.6349660680486,145306497,53.3848772950435,100,53.8437413886709,10.4623662427989,16.9811963787946,1969199951.17188,99.4400024414062,99.6900024414062,99.2300033569336,NA,5.52166557,10.49,90,65.1287804878049,58.68,71.9,NA,NA,NA,NA,"Europe","Eastern Europe",0.502,0.244,0.472,-0.073,-0.452,1.154,-0.565,0.106,0.595,0,0,0.9,0.9,1,0.7,0,0.1,0.3,0.4,0.3,0.4,0.1,0,0.176,0.791,0.386,-0.117,-0.628,-0.698,-1.817,-0.181,-0.938,-0.342,-1.13,-1.395,-1.596,-1.358,-0.106,-0.167,-0.508,0.687,0.505
"RUS","RUSSIA",2003,6,0,2975.123046875,3.67083808960104,126.574638366699,NA,NA,NA,NA,5.50294605214831,NA,NA,8.29886,13.3140302058853,144648618,53.4558994550059,100,53.8174550832199,10.9344981048,16.8227791604724,1771910034.17969,NA,NA,NA,NA,5.16368914,10.34,88,65.0275609756098,58.53,71.85,NA,0.732631802558899,NA,NA,"Europe","Eastern Europe",0.492,0.244,0.311,-0.073,-0.452,1.154,-0.565,0.106,0.595,0,0,0.9,0.9,1,0.7,0,0.1,0.3,0.4,0.3,0.4,0.1,0,0.166,0.79,0.386,-0.117,-0.421,-0.698,-1.817,-0.181,-0.938,-0.342,-1.13,-1.395,-1.596,-1.358,-0.106,-0.167,-0.508,0.687,0.502
"RUS","RUSSIA",2004,6,0,4102.36474609375,3.30035364660483,NA,NA,NA,NA,NA,4.90444194797732,3.5,NA,12.8594,13.2340253922543,144067316,53.5348099402358,100,50.6582705909717,11.6957615431619,16.4102250034065,1759589965.82031,NA,NA,NA,NA,4.7603755,9.79,87,65.4709756097561,58.91,72.36,NA,NA,NA,NA,"Europe","Eastern Europe",0.469,0.136,0.311,-0.073,-0.452,1.154,-0.565,0.106,0.595,0,0,0.9,0.9,1,0.7,0,0.1,0.3,0.4,0.3,0.4,0.1,0,0.153,0.767,0.514,-0.117,-0.298,-0.698,-0.777,-0.181,-0.938,-0.342,-1.13,-1.395,-1.596,-1.358,-0.106,-0.318,-0.58,0.687,0.454
"RUS","RUSSIA",2005,6,0,5323.455078125,3.33123723441659,96.7937927246094,NA,NA,NA,NA,4.25591600597494,NA,NA,15.2267,16.6229096832565,143518814,53.6170363322882,100,48.8060444911754,13.686863716874,17.4165849709082,NA,NA,NA,NA,NA,4.77177477,9.64,88,65.529756097561,58.92,72.47,NA,0.732279598712921,NA,NA,"Europe","Eastern Europe",0.456,0.021,0.311,-0.381,-0.452,1.154,-0.565,0.106,0.595,0,0,0.917,0.75,0.917,0.583,0,0.083,0.25,0.333,0.167,0.333,0.083,0,0.15,0.772,0.429,-0.117,-0.298,-0.698,-0.777,-0.181,-0.938,-0.342,-1.13,-1.395,-1.596,-1.358,-0.106,-0.575,-0.58,0.687,0.469
"RUS","RUSSIA",2006,6,0,6920.19970703125,3.24635723405838,96.5280838012695,NA,NA,NA,90.00407,3.86131247123383,3.35,NA,18.0233,16.5682157586489,143049637,53.684633849406,100,49.721475563319,12.4450132664814,18.0379914298715,NA,NA,NA,NA,NA,4.76654387,9.55,88,66.7275609756098,60.43,73.34,NA,NA,NA,NA,"Europe","Eastern Europe",0.461,0.021,0.246,-0.381,-0.452,1.154,-0.565,0.106,0.595,0,0,0.917,0.75,0.917,0.667,0,0.083,0.25,0.333,0.167,0.333,0.083,0,0.148,0.769,0.481,-0.117,-0.298,-0.698,-0.777,-0.181,-0.938,-0.342,-1.13,-1.341,-1.596,-1.358,-0.106,-0.575,-0.58,0.687,0.46
"RUS","RUSSIA",2007,4,0,9101.2392578125,3.1185420747754,96.1058807373047,NA,NA,NA,90.42511,3.7789017062609,NA,NA,24.66,16.5513130624161,142805114,53.7221832228225,100,50.6730476139936,10.7326206704977,15.7870611841198,NA,NA,NA,NA,NA,4.74792528,9.39,90,67.5868292682927,61.46,74.02,NA,0.732112467288971,NA,NA,"Europe","Eastern Europe",0.443,-0.043,0.246,-0.381,-0.433,1.154,-0.565,0.106,0.595,0,0,0.917,0.75,0.917,0.667,0,0.083,0.25,0.333,0.167,0.333,0.083,0,0.146,0.77,0.481,-0.237,-0.643,-0.698,-0.777,-0.181,-0.938,-0.342,-1.13,-1.341,-1.596,-1.358,-0.106,-0.575,-0.58,0.974,0.415
"RUS","RUSSIA",2008,4,0,11635.2841796875,3.14948602002222,95.3222122192383,NA,NA,NA,92.46538,3.75334118813491,3.3,NA,32,15.8180678239761,142742366,53.7417082366674,100,50.6956877769402,12.3954143055606,19.1049787037836,NA,NA,NA,NA,NA,4.90364122,9.12,90,67.9492682926829,61.92,74.28,NA,NA,NA,NA,"Europe","Eastern Europe",0.439,-0.053,0.235,-0.282,-0.433,1.154,-0.526,0.106,0.606,0,0,0.917,0.75,0.917,0.667,0,0.083,0.25,0.333,0.167,0.333,0.083,0,0.137,0.783,0.481,-0.237,-0.643,-0.698,-0.777,-0.181,-0.938,-0.368,-1.081,-1.408,-1.596,-1.358,-0.106,-0.737,-0.748,0.838,0.471
"RUS","RUSSIA",2009,4,0,8562.82421875,3.92406340302834,95.5198287963867,NA,NA,NA,94.06098,4.08444869718417,NA,NA,42.55,12.9563524123295,142785348,53.749397056208,100,53.766526695736,9.19214468199248,14.4591281726985,NA,NA,NA,NA,NA,5.64392471,8.89,89,68.6846341463415,62.87,74.79,NA,0.733003973960876,NA,NA,"Europe","Eastern Europe",0.445,-0.026,0.235,-0.282,-0.433,1.154,-0.49,0.007,0.606,0,0,0.917,0.75,0.917,0.667,0,0.083,0.25,0.333,0.167,0.333,0.083,0,0.14,0.783,0.383,-0.242,-0.643,-0.698,-0.777,-0.181,-0.938,-0.462,-1.081,-1.408,-1.596,-1.358,-0.106,-0.737,-0.748,0.838,0.476
"RUS","RUSSIA",2010,4,0,10674.990234375,3.58508572012112,NA,NA,NA,NA,NA,3.34389824902191,3.2,NA,49,13.048348846076,142849468,53.7440160700913,100,53.1202122391884,8.57128659193273,13.6767287816453,NA,99.6800003051758,99.7300033569336,99.6500015258789,NA,4.97111797,8.69,85,68.8412195121951,63.09,74.88,NA,NA,NA,NA,"Europe","Eastern Europe",0.447,-0.063,0.235,-0.389,-0.433,1.154,-0.434,-0.05,0.904,0,0,0.833,0.75,0.917,0.667,0,0.083,0.25,0.25,0.083,0.25,0.083,0,0.136,0.806,0.434,-0.242,-0.643,-0.698,-0.777,-0.181,-0.921,-0.373,-1.081,-1.81,-2.178,-1.358,-0.106,-0.737,-1.034,0.838,0.469
"RUS","RUSSIA",2011,4,0,14305.33203125,3.43304383760131,96.133405106655,NA,NA,NA,95.35339,3.1507257212962,NA,NA,58,13.9542036796753,143018195,53.7271989062656,100,53.7975831653192,10.6778918258558,16.2675600700583,NA,NA,NA,NA,10.6999998092651,4.79491472,8.51,81,69.6839024390244,64.04,75.61,NA,NA,NA,NA,"Europe","Eastern Europe",0.409,-0.219,0.062,-0.389,-0.394,1.154,0.075,-0.094,1.106,0,0,0.833,0.75,0.917,0.667,0,0.083,0.25,0.25,0.083,0.25,0.083,0,0.132,0.807,0.434,-0.27,-0.568,-0.698,-0.777,-0.113,-0.933,-0.463,-1.035,-1.81,-2.178,-1.358,-0.106,-0.737,-0.997,0.838,0.469
"RUS","RUSSIA",2012,4,0,15401.8515625,3.68924043459907,97.262229693837,NA,NA,NA,96.25961,2.92603087775353,3.15,NA,66,13.7546730412872,143378447,53.7026009683707,100,54.5096468238003,9.61307623916807,14.293372457197,NA,NA,NA,NA,NA,4.93637276,8.33,77,70.0721951219512,64.56,75.86,NA,0.742169737815857,NA,NA,"Europe","Eastern Europe",0.34,-0.514,-0.255,-0.655,-0.302,1.154,0.172,-0.133,1.309,0,0,0.833,0.75,0.917,0.735,0,0.083,0.25,0.25,0.015,0.25,0.083,0,0.12,0.823,0.382,-0.354,-1.109,-0.698,-0.777,-0.162,-1.168,-0.463,-1.281,-1.887,-2.178,-1.356,-0.106,-0.773,-1.133,0.919,0.501
"RUS","RUSSIA",2013,4,0,15941.4482421875,3.85404258314373,96.9484148725836,NA,NA,NA,96.16903,2.99360048776678,NA,NA,67.97,12.933492451261,143805638,53.6756500059607,100,56.121604545822,8.68048261508321,12.799885012616,NA,NA,NA,NA,NA,5.08104849,8.08,73,70.5787804878049,65.13,76.3,NA,NA,NA,NA,"Europe","Eastern Europe",0.322,-0.635,-0.308,-0.676,-0.444,1.154,-0.292,-0.373,1.028,0,0,0.833,0.75,0.917,0.75,0,0.083,0.25,0.25,0,0.25,0.083,0,0.115,0.848,0.382,-0.409,-1.109,-0.698,-0.777,-0.188,-1.591,-0.463,-1.281,-2.509,-2.178,-1.432,-0.106,-0.884,-1.133,0.875,0.511
"RUS","RUSSIA",2014,4,0,14055.47265625,4.11299297822323,97.4962712179576,NA,94.3920258389515,95.6619513053092,94.3729,3.36060548804252,3,NA,70.5176,13.2553613058332,144237223,53.6540129197431,100,55.6848306883462,9.08748946492807,12.4271978897589,NA,NA,NA,NA,NA,5.1820941,7.85,70,70.7436585365854,65.29,76.47,NA,NA,NA,NA,"Europe","Eastern Europe",0.31,-0.635,-0.348,-0.86,-0.484,1.154,-0.298,-0.373,1.028,0,0,0.833,0.75,0.917,0.75,0,0.083,0.25,0.25,0,0.25,0.083,0,0.108,0.849,0.382,-0.544,-1.109,-0.698,-0.777,-0.188,-1.591,-0.338,-1.281,-2.509,-2.178,-1.432,-0.106,-0.963,-1.133,0.875,0.511
"RUS","RUSSIA",2015,4,0,9277.7138671875,4.87151474680202,98.3827760103169,NA,96.5984748084353,98.1234037980996,95.66588,3.87310448732299,NA,NA,70.0992,10.6420948085991,144640716,53.6368781936385,100,56.1424909685464,5.93285842314704,9.761666714108,NA,NA,NA,NA,NA,5.29604626,7.55,67,71.1834146341463,65.92,76.71,NA,0.727002322673798,NA,NA,"Europe","Eastern Europe",0.31,-0.643,-0.378,-0.86,-0.484,1.154,-0.298,-0.373,1.028,0,0,0.833,0.75,0.917,0.75,0,0.083,0.25,0.25,0,0.25,0.083,0,0.107,0.847,0.382,-0.435,-1.109,-0.698,-0.777,-0.188,-1.524,-0.338,-1.38,-2.352,-2.18,-1.432,-0.106,-0.984,-1.133,0.875,0.511
"RUS","RUSSIA",2016,4,0,8663.158203125,5.42514770504505,98.3341307364642,NA,94.3150289918324,95.5871817160823,96.73427,3.84021728459951,2.9,NA,73.0914,9.18312209969854,145015460,53.6148756953332,100,57.012325152629,5.00613659535062,8.19418914130003,NA,NA,NA,NA,NA,5.28970337,7.37,63,71.6512195121951,66.5,77.06,NA,0.725413382053375,NA,NA,"Europe","Eastern Europe",0.31,-0.655,-0.418,-0.86,-0.484,1.154,-0.298,-0.427,1.093,0,0,0.833,0.75,0.917,0.75,0,0.083,0.25,0.25,0,0.25,0.083,0,0.106,0.85,0.382,-0.633,-0.646,-0.698,-0.777,-0.188,-1.455,-0.398,-1.38,-2.634,-2.18,-1.432,-0.106,-0.984,-1.133,0.632,0.539
"RUS","RUSSIA",2017,4,0,10658.9130859375,4.24899605173948,100.767602587422,NA,NA,NA,95.09612,3.55363208990976,NA,NA,76.0081,10.2884056740183,145293260,53.5901596696156,NA,56.0327684706108,6.22864519091822,9.71546623895349,NA,NA,NA,NA,NA,5.35890055,7.21,59,72.4514634146342,67.51,77.64,NA,0.743079006671906,NA,NA,"Europe","Eastern Europe",0.31,-0.655,-0.418,-0.86,-0.484,1.154,-0.2,-0.68,1.093,0,0,0.833,0.75,0.917,0.75,0.083,0.083,0.25,0.25,0,0.25,0.083,0,0.106,0.861,0.382,-0.633,-0.646,-0.982,-0.777,-0.188,-1.626,-0.29,-1.48,-2.969,-2.18,-1.653,-0.106,-0.984,-0.882,0.632,0.502
"RUS","RUSSIA",2018,4,0,11211.8876953125,3.71982243956434,102.018364437962,NA,99.8524947341103,99.3330019109762,NA,3.3942533806976,2.85,NA,80.8647,11.4687676015317,145398106,53.5707487006859,NA,53.428805517337,9.65476095672088,14.4734868157828,NA,NA,NA,NA,NA,5.35520792,7.14,54,72.6621951219512,67.75,77.82,NA,0.743624150753021,NA,NA,"Europe","Eastern Europe",0.309,-0.655,-0.327,-0.86,-0.484,1.154,-0.132,-0.621,1.093,0,0,0.833,0.75,0.917,0.75,0.083,0.083,0.25,0.25,0,0.25,0.083,0,0.104,0.86,0.382,-0.577,-0.417,-0.982,-0.777,-0.188,-1.626,-0.29,-1.48,-2.562,-2.481,-1.653,-0.106,-0.984,-0.986,0.632,0.483
"RUS","RUSSIA",2019,NA,0,11447.701171875,3.86033750437073,101.832335105065,NA,100.3560907929,99.6756547069578,NA,3.53030291392166,NA,NA,82.6422,10.938399737976,145453291,53.56393962302,NA,54.1729442140787,8.49370743083853,12.2071140110196,NA,NA,NA,NA,NA,5.64849091,7.03,50,73.0839024390244,68.24,78.17,NA,0.745442926883698,NA,NA,"Europe","Eastern Europe",0.303,-0.655,-0.477,-0.86,-0.435,0.966,-0.341,-0.683,1.093,0,0,0.833,0.75,0.917,0.75,0.083,0.083,0.25,0.25,0,0.25,0.083,0,0.102,0.857,0.382,-0.691,-0.417,-0.982,-0.777,-0.188,-1.626,-0.29,-1.48,-2.562,-2.481,-1.653,-0.106,-0.984,-0.986,0.99,0.433
"RUS","RUSSIA",2020,NA,0,10108.3271484375,4.14471713241985,101.731047648404,NA,NA,NA,NA,4.00635163401546,2.75,NA,84.9947,10.7991196203537,145245148,53.55968968725,NA,56.3729429025777,4.70777096931075,7.58812544004463,NA,NA,NA,NA,NA,8.04076004,7.05,49,71.3387804878049,66.49,76.43,NA,NA,NA,NA,"Europe","Eastern Europe",0.302,-0.655,-0.609,-0.86,-0.346,0.966,-0.269,-0.683,1.093,0,0,0.75,0.75,0.917,0.75,0.083,0.083,0.25,0.25,0,0.25,0.083,0,0.095,0.864,0.382,-0.927,-0.417,-0.887,-0.777,-0.322,-1.626,-0.29,-1.48,-2.562,-2.481,-1.653,-0.106,-0.984,-1.01,0.76,0.457
"SVK","SLOVAKIA",1993,7,1,3143.10143068756,1.99636032146556,NA,NA,NA,NA,NA,NA,NA,NA,0.128,NA,5325305,51.2615369595746,100,NA,0.0213759915575167,0.830401181586743,80529998.7792969,NA,NA,NA,NA,NA,7.8740000725,NA,72.4487804878049,68.4,76.7,NA,NA,NA,NA,"Europe","Eastern Europe",0.792,1.309,1.664,1.133,0.747,1.876,-1.229,2.427,0.676,0,0,0.667,0.333,0.667,0.167,0.167,0.167,0,0.833,0.833,0.667,0.667,0,0.627,0.226,0.704,1.316,NA,0.747,0.531,1.499,1.209,0.442,1.279,1.557,0.658,-0.228,1.975,0.718,0.893,2.047,0.125
"SVK","SLOVAKIA",1994,7,1,3820.96427542658,1.93951901446386,NA,NA,NA,NA,NA,NA,NA,NA,0.319,NA,5346331,51.2839794341702,100,NA,0.0156386182294211,0.536439465100375,120040000.915527,NA,NA,NA,NA,NA,7.0992999077,NA,72.3,68.3,76.5,NA,NA,NA,NA,"Europe","Eastern Europe",0.768,1.309,1.251,0.929,0.747,1.876,-0.925,2.427,0.676,0,0,0.667,0.333,0.667,0.167,0.167,0.167,0,0.833,0.833,0.667,0.667,0,0.539,0.3,0.704,1.316,1.828,0.597,0.222,-0.08,0.98,0.442,0.777,1.913,0.509,-0.125,1.975,0.155,0.728,2.047,0.129
"SVK","SLOVAKIA",1995,7,1,4882.51158238228,3.10070289089865,NA,NA,NA,NA,NA,2.1295687371656,NA,NA,0.523,22.9400085890968,5361999,51.3059918573598,100,57.0516299985665,0.0149998130978498,0.498550713214508,133149993.896484,NA,NA,NA,NA,NA,NA,NA,72.2536585365854,68.4,76.3,NA,NA,NA,NA,"Europe","Eastern Europe",0.768,1.309,1.251,0.929,0.747,1.876,-0.925,2.427,0.676,0,0,0.667,0.333,0.667,0.167,0.167,0.167,0,0.833,0.833,0.667,0.667,0,0.537,0.303,0.704,1.316,1.828,0.597,0.222,-0.08,0.98,0.442,0.655,1.913,0.509,-0.125,1.975,0.155,0.728,2.047,0.14
"SVK","SLOVAKIA",1996,7,1,5247.70081044708,2.93418881478054,NA,NA,NA,NA,NA,2.14604807961432,NA,NA,0.783,21.2113983706532,5373361,51.325630852293,100,57.1545326407605,0.0223281669641781,0.489853876392068,135110000.610352,NA,NA,NA,NA,NA,8.3000001907,NA,72.6536585365854,68.8,76.7,NA,NA,NA,NA,"Europe","Eastern Europe",0.768,1.309,1.251,0.929,0.747,1.876,-0.925,2.427,0.676,0,0,0.667,0.333,0.667,0.167,0.167,0.167,0,0.833,0.833,0.667,0.667,0,0.535,0.303,0.704,1.316,1.828,0.597,0.222,-0.08,0.98,0.442,0.655,1.913,0.509,-0.125,1.975,0.155,0.728,2.047,0.14
"SVK","SLOVAKIA",1997,7,1,5172.41757491248,2.26783995445767,NA,NA,NA,NA,NA,1.94135888286546,NA,NA,1.17,20.3602675741932,5383291,51.3439193680038,100,59.0537793792889,0.016510382368542,0.378012958126354,1.05e+08,NA,NA,NA,NA,NA,8.1000003815,NA,72.7048780487805,68.9,76.7,NA,NA,NA,NA,"Europe","Eastern Europe",0.768,1.309,1.251,0.929,0.747,1.876,-0.925,2.427,0.676,0,0,0.667,0.333,0.667,0.167,0.167,0.167,0,0.833,0.833,0.667,0.667,0,0.535,0.303,0.704,1.316,1.828,0.597,0.222,-0.08,0.98,0.442,0.655,1.913,0.509,-0.125,1.975,0.155,0.728,2.047,0.14
"SVK","SLOVAKIA",1998,9,1,5560.916177503,1.7353509879857,NA,NA,NA,NA,NA,2.00526337552562,NA,NA,2.69,20.0819070738579,5390516,51.3662004351048,100,58.0930201869462,0.0037940962216565,0.330940623478682,233850006.103516,NA,NA,NA,NA,NA,8,NA,72.5512195121951,68.6,76.7,NA,NA,NA,NA,"Europe","Eastern Europe",0.789,1.309,1.596,1.395,0.864,1.876,-0.925,2.427,0.676,0,0,0.667,0.333,0.667,0.167,0.167,0.167,0,0.667,0.833,0.667,0.667,0,0.625,0.216,0.704,1.782,1.851,1.013,0.526,0.425,1.321,0.442,1.71,1.952,0.946,-0.125,1.975,0.302,0.946,2.047,0.139
"SVK","SLOVAKIA",1999,9,1,5651.62327514236,1.56985344586326,NA,NA,NA,NA,NA,1.5193958678326,NA,NA,5.44,19.7247472368203,5396020,51.3922006714634,100,58.565360841229,0.00846299820339081,0.356253003675616,500010009.765625,NA,NA,NA,NA,NA,8,NA,72.9024390243902,69,77,NA,NA,NA,NA,"Europe","Eastern Europe",0.857,1.309,2.98,2.273,0.864,1.876,-1.277,2.427,0.676,0,0,0.833,0.667,0.667,0.167,0,0,0,0.5,0.833,0.5,0.5,0,0.742,0.148,0.911,2.311,1.851,1.013,1.034,2.069,1.321,0.442,1.662,1.952,0.946,-0.125,1.975,1.296,1.475,2.047,0.124
"SVK","SLOVAKIA",2000,9,1,5421.6448441887,1.65370432455852,102.84538269043,NA,98.9206237792969,98.7543563842773,NA,1.58662671347368,0.05,NA,9.4268,18.5187665091838,5388720,51.4170727541027,100,57.225187835805,0.0241597051195618,0.404812702829579,199199996.948242,NA,NA,NA,NA,5.30743933,7.87,32,73.0512195121951,69.1,77.2,NA,NA,NA,NA,"Europe","Eastern Europe",0.857,1.309,2.98,2.273,0.864,1.876,-1.277,2.427,0.676,0,0,0.833,0.667,0.667,0.167,0,0,0,0.5,0.833,0.5,0.5,0,0.746,0.142,1.581,2.311,1.851,1.013,1.034,2.069,1.321,0.442,1.662,1.952,0.946,-0.125,1.975,1.296,1.475,2.047,0.102
"SVK","SLOVAKIA",2001,9,1,5712.47802761654,1.84333774482959,104.609687805176,NA,101.106002807617,100.883781433105,88.10281,1.9852549303455,NA,NA,12.5283,17.3046857738748,5378867,51.4257904684078,100,57.5097503938808,0.0158003204347444,0.359441674513417,293010009.765625,NA,NA,NA,NA,5.34054947,7.67,30,73.4024390243903,69.5,77.5,NA,NA,NA,NA,"Europe","Eastern Europe",0.857,1.309,2.98,2.273,0.864,1.876,-1.277,2.427,0.676,0,0,0.833,0.667,0.667,0.167,0,0,0,0.5,0.833,0.5,0.5,0,0.746,0.142,1.581,2.311,1.851,1.013,1.034,2.069,1.321,0.442,1.662,1.952,0.946,-0.125,1.975,1.296,1.475,2.047,0.102
"SVK","SLOVAKIA",2002,9,1,6554.62808369461,1.77638869541757,104.180992126465,NA,99.9813766479492,99.0469589233398,85.33072,1.9090155227557,0.05,NA,40.14,17.144541429323,5376912,51.4215588557759,100,58.1907777604399,0.0138850270798446,0.257190615969929,252179992.675781,NA,NA,NA,NA,5.51793909,7.57,29,73.6048780487805,69.8,77.6,NA,NA,NA,NA,"Europe","Eastern Europe",0.857,1.309,2.98,1.487,0.864,1.876,-1.277,2.427,0.676,0,0,0.833,0.667,0.667,0.167,0,0,0,0.5,0.833,0.5,0.5,0,0.747,0.142,1.581,2.311,1.823,1.013,1.034,2.069,1.321,0.442,1.662,1.952,0.946,-0.125,1.975,1.296,1.475,2.047,0.101
"SVK","SLOVAKIA",2003,9,1,8675.39633696465,1.84975289310525,104.272399902344,NA,99.5367813110352,99.4868698120117,83.61607,1.67051880193861,NA,NA,43.04,17.7982723506955,5373374,51.4182704648417,100,56.3942388071508,0.0114928737044564,0.256611358525381,218910003.662109,NA,NA,NA,NA,5.48400879,7.24,28,73.6048780487805,69.8,77.6,NA,NA,NA,NA,"Europe","Eastern Europe",0.857,1.309,2.98,1.487,0.864,1.876,-1.277,2.427,0.676,0,0,0.833,0.667,0.667,0.167,0,0,0,0.5,0.833,0.5,0.5,0,0.749,0.143,1.581,2.311,1.823,1.013,1.034,2.069,1.321,0.442,1.662,1.952,0.946,-0.125,1.975,1.296,1.475,2.047,0.098
"SVK","SLOVAKIA",2004,9,1,10650.1290097126,1.65576883362586,104.143577575684,NA,103.693641662598,102.868186950684,82.27864,1.50647353218952,0.05,NA,52.89,17.3599644270589,5372280,51.4104529375624,100,54.8778447629321,0.0115043850236051,0.300470034071033,282019989.013672,NA,NA,NA,NA,6.39662457,6.91,18,73.9585365853659,70.3,77.8,NA,NA,NA,NA,"Europe","Eastern Europe",0.857,1.309,2.98,1.487,0.864,1.876,-1.277,2.427,0.676,0,0,0.833,0.667,0.667,0.167,0,0,0,0.5,0.833,0.5,0.5,0,0.748,0.144,1.581,2.311,1.831,1.013,1.034,2.069,1.321,0.442,1.662,1.952,0.946,-0.125,1.975,1.296,1.475,2.047,0.096
"SVK","SLOVAKIA",2005,9,1,11641.5410321763,1.68609625574848,102.934013366699,NA,101.24259185791,100.845520019531,83.00852,1.47125970663954,NA,NA,55.19,18.0805131747428,5372807,51.3998097344186,100,54.8097720625407,0.0123977111611511,0.320443991598652,NA,NA,NA,NA,NA,6.61619043,6.78,19,73.9048780487805,70.1,77.9,NA,0.586090862751007,NA,NA,"Europe","Eastern Europe",0.857,1.309,2.98,1.487,0.864,1.876,-1.277,2.427,0.676,0,0,0.778,0.667,0.556,0.111,0,0,0,0.333,0.667,0.333,0.333,0,0.748,0.144,1.581,2.311,1.831,1.013,1.034,2.069,1.321,0.442,1.662,1.952,0.946,-0.125,1.975,1.296,1.475,2.047,0.096
"SVK","SLOVAKIA",2006,10,1,13167.8954730379,1.594347802785,102.14640045166,NA,98.2638931274414,97.8597793579102,85.18724,1.69161295680886,0.05,NA,56.08,16.8065571990021,5373054,51.3899598389093,100,53.6189033144475,0.0115567670110504,0.295365970628096,NA,NA,NA,NA,NA,6.8522706,6.73,18,74.2048780487805,70.4,78.2,NA,0.572191476821899,NA,NA,"Europe","Eastern Europe",0.826,1.309,2.239,1.02,0.864,1.876,-1.277,2.427,0.676,0,0,0.889,0.778,0.667,0.111,0,0,0,0.444,0.667,0.333,0.333,0,0.726,0.152,1.581,2.311,1.079,0.98,0.831,2.069,1.321,0.442,1.662,1.952,0.946,-0.125,1.975,1.296,1.475,1.77,0.141
"SVK","SLOVAKIA",2007,10,1,16110.4817265237,1.47798320217802,102.25048828125,NA,96.8075485229492,97.7223815917969,86.94492,2.13456038332977,NA,NA,61.8,16.7431549616955,5374622,51.3795148557774,100,54.0259934795585,0.0082301455398637,0.320032290067116,NA,NA,NA,NA,NA,7.17538357,6.78,16,74.2073170731707,70.5,78.1,NA,0.600212514400482,NA,NA,"Europe","Eastern Europe",0.826,1.309,2.239,1.02,0.864,1.876,-1.277,2.427,0.676,0,0,0.889,0.778,0.667,0.111,0,0,0,0.333,0.667,0.333,0.333,0,0.73,0.155,1.581,2.311,1.079,0.98,0.831,2.069,1.321,0.442,1.597,1.798,0.946,-0.006,1.975,1.296,1.475,1.77,0.165
"SVK","SLOVAKIA",2008,10,1,18744.3192278346,1.46010645649302,102.774559020996,NA,97.31298828125,98.0448303222656,87.14783,2.36047432017713,0.05,NA,66.05,16.4538900641944,5379233,51.368736893767,100,54.837861450192,0.00898207738807562,0.384452093508407,NA,NA,NA,NA,NA,6.95978355,6.59,15,74.7048780487805,70.9,78.7,NA,0.596931338310242,NA,NA,"Europe","Eastern Europe",0.826,1.309,2.239,1.02,0.864,1.876,-1.277,2.427,0.676,0,0,0.889,0.778,0.667,0.111,0,0,0,0.333,0.667,0.333,0.333,0,0.735,0.164,1.581,2.311,1.079,0.98,0.831,2.069,1.321,0.442,1.597,1.602,0.946,-0.006,1.975,1.296,1.475,1.77,0.165
"SVK","SLOVAKIA",2009,10,1,16586.7527805228,1.51744260464589,102.228988647461,NA,97.1344299316406,96.8726119995117,85.7367,1.90942987698677,NA,NA,70,15.5330498765119,5386406,51.3513839740676,100,59.2772889220554,0.00458673613083437,0.269772306103852,NA,NA,NA,NA,NA,7.95280409,6.55,12,74.909756097561,71.3,78.7,NA,0.598616182804108,NA,NA,"Europe","Eastern Europe",0.826,1.309,2.239,1.02,0.864,1.876,-1.043,2.427,0.676,0,0,0.889,0.778,0.667,0,0,0,0,0.333,0.667,0.333,0.333,0,0.737,0.155,1.581,2.311,1.796,0.98,0.831,2.069,1.321,0.442,1.597,1.602,0.946,-0.006,1.975,1.296,1.475,1.77,0.122
"SVK","SLOVAKIA",2010,10,1,16899.448680529,1.24987774042242,101.638298034668,NA,95.9227828979492,97.0864028930664,84.07748,1.4985946805378,0.05,NA,75.71,15.0118814047322,5391428,51.3318339100988,100,59.1835880081695,0.00461386183404766,0.337208259001387,NA,NA,NA,NA,NA,7.67065239,6.46,10,75.1121951219512,71.6,78.8,NA,0.589456796646118,NA,NA,"Europe","Eastern Europe",0.826,1.309,2.239,1.536,0.864,1.876,-0.996,2.427,0.676,0,0,0.889,0.778,0.667,0,0,0,0,0.333,0.667,0.333,0.333,0,0.752,0.146,2.061,2.311,0.865,1.148,1.163,2.069,1.321,0.442,1.562,1.602,0.946,0.044,1.975,1.296,1.475,1.729,0.137
"SVK","SLOVAKIA",2011,10,1,18469.4354316836,1.06939130819127,100.502960205078,NA,98.0195007324219,99.0674514770508,83.26437,1.79373080653758,NA,NA,74.44,16.0042157471556,5398384,51.313543316743,100,58.3282317364822,0.00792826107571999,0.359867998454853,NA,NA,NA,NA,NA,7.31452227,6.05,9.4,75.9585365853659,72.3,79.8,NA,0.575782954692841,NA,NA,"Europe","Eastern Europe",0.857,1.309,2.964,1.605,0.945,1.876,-0.996,1.793,0.676,0,0,0.889,0.778,0.667,0,0,0,0,0.333,0.667,0.333,0.333,0,0.754,0.154,2.061,2.311,0.865,1.148,1.163,1.923,1.321,0.442,1.562,1.602,0.946,0.044,1.975,1.296,1.475,1.964,0.147
"SVK","SLOVAKIA",2012,10,1,17516.9691054078,1.0769371641209,99.1328735351562,NA,95.1036071777344,95.6266326904297,84.21212,1.79463304702131,0.05,NA,76.71,15.4994966810736,5407579,51.2929725797341,100,59.0349975688211,0.00771268380260719,0.325157520045924,NA,NA,NA,NA,NA,7.52780581,5.91,7.8,76.109756097561,72.5,79.9,NA,0.555863738059998,NA,NA,"Europe","Eastern Europe",0.828,1.309,2.238,2.107,0.945,1.876,-0.921,2.433,0.676,0,0,0.889,0.778,0.667,0,0,0,0,0.333,0.667,0.333,0.333,0,0.74,0.165,2.061,2.311,1.081,0.979,0.824,2.077,1.321,0.442,1.207,1.602,0.946,0.044,1.975,1.296,1.323,1.707,0.15
"SVK","SLOVAKIA",2013,10,1,18312.7805149823,0.976653153261356,98.6928482055664,NA,94.95947265625,94.6119003295898,84.54456,2.07432555568651,NA,NA,77.8826,16.6590836493512,5413393,51.2764533480851,100,60.4707594132048,0.00600611018293953,0.296934539699268,NA,NA,NA,NA,NA,7.48013163,5.81,9.5,76.4121951219512,72.9,80.1,NA,0.529154539108276,NA,NA,"Europe","Eastern Europe",0.799,1.085,2.238,1.955,0.813,1.876,-0.699,2.433,0.932,0,0,0.889,0.778,0.667,0,0,0,0,0.333,0.667,0.333,0.333,0,0.73,0.169,1.975,2.311,1.081,0.979,0.578,2.077,1.321,0.628,1.207,1.602,0.946,0.044,1.975,1.296,1.336,1.707,0.144
"SVK","SLOVAKIA",2014,10,1,18770.9289896545,0.982206647396956,98.5119476318359,NA,92.4501113891602,93.5914993286133,83.89503,2.6149279736894,0.05,NA,79.9843,17.3884614229196,5418649,51.2628457147711,100,57.8083495401784,0.00491177248757578,0.288569282906269,NA,NA,NA,NA,NA,6.86543369,5.79,7.5,76.8121951219512,73.3,80.5,NA,0.587129354476929,NA,NA,"Europe","Eastern Europe",0.799,1.085,2.238,1.955,0.813,1.876,-0.699,2.433,0.932,0,0,0.889,0.778,0.667,0,0,0,0,0.333,0.667,0.333,0.333,0,0.732,0.17,1.975,2.311,1.719,0.979,0.578,1.75,1.321,0.628,1.207,1.602,0.946,0.044,1.975,1.296,1.336,1.707,0.116
"SVK","SLOVAKIA",2015,10,1,16442.0760860018,1.10604733307789,98.3121109008789,NA,93.738639831543,93.9752731323242,82.57315,2.04596984034113,NA,NA,77.6347,18.0514912186747,5423801,51.2431834677114,100,58.0921327972931,0.00239610899150758,0.26302479249352,NA,NA,NA,NA,NA,6.74109745,5.75,7,76.5634146341463,73.1,80.2,NA,0.582149803638458,NA,NA,"Europe","Eastern Europe",0.798,1.085,2.238,1.955,0.893,1.876,0.014,2.433,0.932,0,0,0.889,0.778,0.667,0,0,0,0,0.333,0.667,0.333,0.333,0,0.733,0.169,1.975,2.312,1.719,0.979,0.578,1.75,1.321,0.73,1.207,1.447,0.946,0.044,1.975,1.296,1.336,1.707,0.109
"SVK","SLOVAKIA",2016,10,1,16636.0769133073,1.11122582751499,97.6210403442383,NA,93.6343612670898,93.8041610717773,82.18406,2.06264218897129,0.05,NA,80.4759,18.0127305314246,5430798,51.2192618778651,100,59.4295223886459,0.00142932910460491,0.261669771629207,NA,NA,NA,NA,NA,7.06081343,5.79,6.3,77.1658536585366,73.8,80.7,NA,0.584990680217743,NA,NA,"Europe","Eastern Europe",0.798,1.085,2.238,1.955,0.893,1.876,0.055,1.448,0.932,0,0,0.889,0.778,0.667,0,0,0,0,0.333,0.667,0.333,0.333,0,0.732,0.171,1.975,2.495,0.862,0.979,0.578,1.913,1.321,0.73,1.207,1.447,0.946,0.061,1.975,1.296,1.336,1.707,0.159
"SVK","SLOVAKIA",2017,10,1,17645.5298716761,1.10051309804795,98.2659530639648,NA,93.8388824462891,94.8120498657227,83.09318,1.84814166887456,NA,NA,81.6257,18.5023794034795,5439232,51.1982355173693,NA,59.7079238237781,0.00151193128645312,0.333116894336664,NA,NA,NA,NA,NA,6.73388767,5.82,5,77.1658536585366,73.8,80.7,NA,NA,NA,NA,"Europe","Eastern Europe",0.78,1.085,1.766,1.341,0.944,1.553,-0.31,1.251,0.932,0,0,0.889,0.778,0.667,0,0,0,0,0.333,0.667,0.333,0.333,0,0.726,0.169,1.975,2.495,0.862,0.979,0.578,1.913,1.321,0.73,1.482,1.447,0.946,0.066,1.975,1.296,1.336,1.707,0.17
"SVK","SLOVAKIA",2018,10,1,19573.3717031314,1.21627211246117,97.0244369506836,NA,91.4731597900391,92.8151473999023,NA,2.00932916157168,0.05,NA,80.4489,18.4643033716736,5446771,51.1784910141622,NA,59.0323950532463,0.00198363398162276,0.289202597240663,NA,NA,NA,NA,NA,6.63677502,5.7,6.1,77.2658536585366,73.9,80.8,NA,NA,NA,NA,"Europe","Eastern Europe",0.78,1.085,1.766,1.341,0.944,1.874,-0.362,1.467,0.606,0,0,0.889,0.778,0.667,0,0,0,0,0.333,0.667,0.333,0.333,0,0.706,0.173,1.975,2.495,0.862,0.979,0.578,1.523,1.321,0.73,1.482,1.447,0.946,0.066,1.975,1.296,1.54,1.707,0.17
"SVK","SLOVAKIA",2019,NA,1,19406.0589683582,1.702848063096,97.9945983886719,NA,91.6466827392578,91.3837127685547,NA,1.6170097133415,NA,NA,82.8537,18.7604262425428,5454147,51.1630774153281,NA,58.6553990162234,0.00156694289828893,0.251989434209045,NA,NA,NA,NA,NA,6.91102982,5.76,4.8,77.6658536585366,74.3,81.2,NA,NA,NA,NA,"Europe","Eastern Europe",0.783,1.183,1.766,1.341,0.944,1.874,-0.514,1.467,0.908,0,0,0.875,0.75,0.625,0,0,0,0,0.375,0.75,0.375,0.375,0,0.742,0.141,1.975,3.063,1.142,0.979,0.578,2.013,1.321,0.73,1.482,1.72,0.946,0.066,1.975,1.643,1.924,1.707,0.15
"SVK","SLOVAKIA",2020,NA,1,19735.4858280801,1.9041442947824,99.9172286987305,NA,97.0830917358398,96.5482406616211,NA,1.72917824309886,0.05,NA,89.9209,18.4644586007277,5458827,51.1568512176759,NA,59.4854550464346,0.000491874857273577,0.219233025168727,NA,NA,NA,NA,NA,7.06027794,5.69,3.4,76.8658536585366,73.5,80.4,NA,NA,NA,NA,"Europe","Eastern Europe",0.783,1.183,1.766,1.614,0.944,1.752,-0.402,1.831,1.312,0,0,0.75,0.625,0.625,0.125,0,0.125,0,0.375,0.75,0.375,0.375,0,0.76,0.097,1.631,3.063,1.014,1.373,0.905,2.013,1.692,0.73,1.832,2.478,0.946,0.628,1.975,1.913,2.288,2.135,0.135
"UKR","UKRAINE",1991,6,1,1482.6396484375,NA,NA,NA,NA,NA,NA,24.6488294314381,NA,NA,NA,NA,52170961,53.5690928439883,98.1783142089844,28.9197324414716,0.350289964902525,2.52691475149282,581340026.855469,NA,NA,NA,NA,NA,12.9690999985,NA,69.688,64.593,74.412,NA,NA,NA,NA,"Europe","Eastern Europe",0.582,0.94,0.694,-0.221,-1.289,1.097,3.232,1.08,-0.07,0.032,0.032,0.433,0.161,0.38,0.064,0,0,0.096,0.129,0.096,0.193,0.064,0.091,0.271,0.529,1.53,-1.151,1.147,-0.351,-0.164,1.003,-0.331,0.436,0.912,-0.638,-0.279,0.846,-0.084,-0.278,-1.409,2.531,0.102
"UKR","UKRAINE",1992,6,1,1413.24011230469,NA,NA,NA,NA,NA,NA,20.851976952116,NA,NA,NA,NA,52323671,53.5091373844928,98.3519439697266,29.4329425789787,0.364054139576722,4.37288223354,791020019.53125,NA,NA,NA,NA,NA,12.7290000916,NA,68.947,63.774,73.865,NA,NA,NA,NA,"Europe","Eastern Europe",0.625,0.927,0.619,0.205,-0.438,1.097,0.583,1.353,0.298,0.091,0.182,0.727,0.545,0.909,0.182,0.091,0,0.364,0.182,0.273,0.364,0.091,0.182,0.33,0.59,0.408,0.013,1.147,-1.608,-0.588,1.078,-0.524,0.22,0.405,-0.912,-0.452,0.251,0.777,0.165,-0.397,0.865,0.3
"UKR","UKRAINE",1993,5,1,1254.02868652344,0.434645819133778,NA,NA,NA,NA,NA,21.5406715990099,NA,NA,0.000777,NA,52350126,53.4625284378494,98.5220184326172,40.4031752240799,0.376224331407413,2.68084890080396,496730010.986328,NA,NA,NA,NA,NA,12.470700264,NA,68.287,63.026,73.409,NA,NA,NA,NA,"Europe","Eastern Europe",0.625,0.927,0.619,0.205,-0.438,1.097,0.359,1.353,0.424,0.091,0.182,0.727,0.636,0.909,0.182,0.091,0,0.273,0.091,0.273,0.273,0.091,0.182,0.356,0.593,0.28,0.013,1.147,-1.608,-0.704,1.078,-0.524,-0.112,0.405,-0.912,-0.452,-0.092,0.777,0.755,-0.159,0.865,0.302
"UKR","UKRAINE",1994,7,1,1009.09405517578,2.41777179479269,NA,NA,NA,NA,NA,14.5723971958075,NA,NA,0.0136,NA,52075998,53.4326946552229,98.6858673095703,32.5122178756888,0.409357925402319,2.16005249023886,443679992.675781,NA,NA,NA,NA,NA,12.3022003174,NA,67.534,62.155,72.898,NA,NA,NA,NA,"Europe","Eastern Europe",0.629,0.927,0.679,0.069,-0.438,1.097,0.359,1.353,0.424,0.083,0.167,0.667,0.667,0.833,0.167,0.083,0,0.417,0.083,0.25,0.25,0.083,0.167,0.353,0.59,0.154,0.013,0.671,-1.467,-0.704,1.078,-0.524,-0.112,0.405,-0.912,-0.452,-0.092,0.777,0.755,-0.159,0.865,0.355
"UKR","UKRAINE",1995,7,1,933.191772460938,2.73494760851588,NA,NA,NA,NA,NA,13.769759643058,NA,NA,0.0431,NA,51665539,53.4122038289391,98.8405456542969,37.4760485006169,0.485904965322784,3.00013519630908,455779998.779297,NA,NA,NA,NA,NA,11.8900003433,NA,67.114,61.607,72.704,NA,NA,NA,NA,"Europe","Eastern Europe",0.615,0.835,0.784,0.069,-0.438,1.097,-0.145,1.353,0.424,0.091,0.182,0.818,0.727,0.909,0.182,0,0,0.364,0.182,0.273,0.273,0.091,0.182,0.326,0.697,-1.318,-0.416,0.671,-1.752,-1.202,1.078,-0.524,-0.481,0.405,-0.912,-0.452,-0.52,0.235,0.164,-1.133,0.191,0.532
"UKR","UKRAINE",1996,7,1,869.846069335938,3.17883449282933,NA,NA,NA,NA,NA,12.2290508961101,NA,NA,0.0986,NA,51226109,53.4003802631194,98.9829711914063,42.4220120462714,0.739944616412603,3.00659576743048,609059997.558594,NA,NA,NA,NA,NA,10.8400001526,NA,67.097,61.547,72.763,NA,NA,NA,NA,"Europe","Eastern Europe",0.631,0.835,0.784,0.069,-0.031,1.097,-0.698,1.353,0.424,0.091,0.182,0.818,0.727,0.909,0.182,0,0,0.364,0.182,0.273,0.273,0.091,0.182,0.325,0.711,-1.318,-0.073,0.671,-1.92,-1.202,1.212,-0.281,-0.776,-0.772,-1.084,-0.452,-0.52,0.235,0.668,-1.133,0.191,0.532
"UKR","UKRAINE",1997,7,1,987.489807128906,3.98824090389786,NA,NA,NA,NA,NA,12.5153965618808,NA,NA,0.199,NA,50786885,53.3923404318328,99.1101379394531,43.8322711937021,0.512363843755259,2.3661179742638,432320007.324219,NA,NA,NA,NA,NA,9.3699998856,NA,67.658,62.18,73.197,NA,NA,NA,NA,"Europe","Eastern Europe",0.583,0.589,0.706,0.069,-0.209,1.097,-1.09,1.353,0.424,0.091,0.182,0.818,0.818,0.909,0.182,0,0,0.455,0.091,0.273,0.182,0.091,0.182,0.299,0.743,-1.57,-0.073,0.671,-1.92,-1.202,-0.037,-0.281,-0.776,-0.772,-0.499,-0.452,-0.52,0.235,0.077,-1.133,-0.026,0.567
"UKR","UKRAINE",1998,7,1,831.336791992188,3.24403179965191,NA,NA,NA,NA,NA,12.0680748199195,NA,NA,0.301,NA,50379731,53.3811702964432,99.2192306518555,42.0730459193122,0.181694617548708,1.82031485198517,739969970.703125,NA,NA,NA,NA,NA,9.0399999619,NA,67.993,62.553,73.473,NA,NA,NA,NA,"Europe","Eastern Europe",0.583,0.589,0.706,0.069,-0.209,1.097,-1.09,1.353,0.424,0.091,0.182,0.818,0.818,0.909,0.182,0,0,0.455,0.091,0.273,0.182,0.091,0.182,0.26,0.764,-0.832,-0.073,-0.729,-1.92,-1.202,-0.037,-0.489,-1.388,-0.772,-0.499,-0.452,-1.104,0.235,0.077,-1.133,0.33,0.6
"UKR","UKRAINE",1999,7,1,631.910461425781,2.88352763946873,NA,NA,NA,NA,NA,11.8750095828031,NA,NA,0.405,12.9917511231045,49976446,53.374812739289,99.3084106445312,39.2588276782018,0.702404231194259,1.8914890284607,915869995.117188,NA,NA,NA,NA,NA,8.9499998093,NA,68.004,62.507,73.582,NA,NA,NA,NA,"Europe","Eastern Europe",0.583,0.589,0.706,0.069,-0.209,1.097,-1.09,1.353,0.424,0.091,0.182,0.818,0.818,0.909,0.182,0,0,0.455,0.091,0.273,0.182,0.091,0.182,0.246,0.779,-1.582,-0.201,-0.728,-1.603,-1.202,-0.037,-0.489,-1.388,-0.772,-0.499,-0.452,-1.346,0.235,0.33,-1.133,0.113,0.691
"UKR","UKRAINE",2000,6,1,653.294311523438,3.51108284883721,112.915328979492,NA,95.4003372192383,95.2164306640625,NA,13.951785065407,5,NA,0.716184,13.6153819949128,49556660,53.3838236878757,99.3778686523438,39.7449582122093,0.991786006161771,3.37065587715521,893369995.117188,NA,NA,NA,NA,5.30685186,8.76,193,67.786,62.208,73.514,NA,NA,NA,NA,"Europe","Eastern Europe",0.553,0.662,-0.119,0.01,0.123,1.097,-0.392,1.786,0.424,0.091,0.182,0.818,0.818,0.909,0.182,0,0,0.455,0.091,0.182,0.182,0,0.182,0.228,0.782,-1.582,-0.201,-0.728,-1.432,-0.932,-0.037,-1.159,-1.815,-0.772,-0.499,-0.452,-1.346,0.235,0.33,-0.985,0.16,0.7
"UKR","UKRAINE",2001,6,1,800.49072265625,2.76926719545401,119.877792358398,NA,98.7792282104492,97.8973770141602,NA,13.9760861844442,NA,NA,1.23876,11.6624126908962,49106855,53.4040695540368,99.4304046630859,44.893098141352,0.595777693101294,4.2625129241196,837500000,99.4300003051758,99.7399978637695,99.1699981689453,NA,5.72534418,8.74,205,67.675,62.028,73.52,NA,NA,NA,NA,"Europe","Eastern Europe",0.553,0.662,-0.119,0.01,0.123,1.097,-0.049,1.786,0.424,0.091,0.182,0.818,0.818,0.909,0.182,0,0,0.455,0.091,0.182,0.182,0,0.182,0.233,0.77,-1.178,-0.201,-0.728,-1.594,-0.932,-0.037,-1.159,-1.815,-0.772,-0.499,-0.452,-1.346,0.235,0.06,0.121,0.16,0.673
"UKR","UKRAINE",2002,6,1,903.011901855469,2.67619950627408,127.055168151855,NA,101.453338623047,101.689552307129,93.63565,12.6032510741528,5,NA,1.87389,12.6327971410023,48677281,53.4224210263511,99.4708862304688,46.6677771228933,0.557285488022957,3.31708349401602,749119995.117188,NA,NA,NA,NA,5.99220037,8.77,210,67.699,62.077,73.526,NA,0.666698575019836,NA,NA,"Europe","Eastern Europe",0.553,0.662,-0.119,0.01,0.123,1.097,-0.399,1.786,0.424,0.091,0.182,0.818,0.818,0.909,0.182,0,0,0.455,0.091,0.182,0.182,0,0.182,0.243,0.744,0.246,-0.201,-0.895,-1.773,-0.932,-0.037,-0.523,-1.815,-0.772,-0.499,-0.452,-1.346,0.235,0.172,0.121,0.16,0.585
"UKR","UKRAINE",2003,6,1,1076.48156738281,2.74557877088929,99.2439193725586,NA,NA,NA,88.57612,10.4995403003371,NA,NA,3.14813,13.1616259486939,48315136,53.4325040500766,99.5051116943359,49.2931441654198,0.596245150941,3.00747829119925,471829986.572266,NA,NA,NA,NA,6.54574108,8.69,213,67.638,61.997,73.517,NA,0.666698575019836,NA,NA,"Europe","Eastern Europe",0.569,0.745,-0.119,0.01,0.123,1.097,0.379,1.786,0.424,0.091,0.182,0.818,0.818,0.909,0.182,0,0,0.455,0.091,0.182,0.182,0,0.182,0.26,0.746,-1.196,-0.365,-0.895,-1.604,-1.205,-0.037,-0.523,-1.815,-0.772,-0.499,-0.452,-1.346,0.235,0.537,0.608,0.16,0.679
"UKR","UKRAINE",2004,6,1,1401.01806640625,2.50682433490703,98.8630523681641,NA,NA,NA,88.01456,10.4370371199069,4.6,NA,3.48948,12.8140914572752,47979507,53.447364517522,99.5391082763672,51.2225068802721,0.66971110889553,3.35413577019042,492820007.324219,NA,NA,NA,NA,6.16856956,8.6,211,67.472,61.805,73.418,NA,0.666952013969421,NA,NA,"Europe","Eastern Europe",0.6,0.745,0.241,0.01,0.123,1.097,2.188,1.081,0.537,0.091,0.182,0.818,0.909,0.818,0.182,0,0,0.364,0.091,0.364,0.091,0.091,0.273,0.27,0.719,-0.494,-1.174,-0.882,-1.754,-0.927,-1.016,-0.523,-1.815,-0.772,0.425,0.543,-1.346,0.235,0.885,0.914,0.16,0.65
"UKR","UKRAINE",2005,6,1,1875.33508300781,2.79248933066336,109.224052429199,NA,120.350273132324,119.574073791504,89.53734,8.87530749467009,NA,NA,3.74976,16.5287705679768,47585556,53.4775678569354,99.8855617013161,49.3819493795441,0.781757652119267,4.34601419220758,531132507.324219,NA,NA,NA,NA,6.3461585,8.56,205,67.517,61.824,73.5,NA,0.668636441230774,99.8075544834137,NA,"Europe","Eastern Europe",0.76,1.179,1.799,0.957,0.123,2.35,-0.515,1.455,0.034,0.071,0.21,0.71,0.915,0.442,0.277,0.134,0.067,0.353,0.071,0.487,0.272,0.406,0.281,0.288,0.725,0.58,0.606,-0.729,-1.754,-0.858,-0.869,-1.319,-1.871,-0.772,-0.076,0.25,-1.137,1.333,0.579,-0.698,0.918,0.475
"UKR","UKRAINE",2006,7,1,2366.494140625,2.77159181333191,103.984046936035,NA,105.740463256836,105.043228149414,88.34219,7.23906141043294,3.9,NA,4.50612,17.0921634355012,47278694,53.4990920011454,99.63037109375,49.823191473546,0.765715565056406,4.59204338036687,611767150.878906,NA,NA,NA,NA,6.4171896,8.61,197,67.49,61.748,73.521,NA,0.671166777610779,NA,NA,"Europe","Eastern Europe",0.74,0.954,1.799,0.743,0.182,2.35,-0.892,1.744,0.676,0.077,0.231,0.692,0.923,0.538,0.308,0.154,0.077,0.308,0.077,0.538,0.231,0.385,0.308,0.379,0.691,0.704,0.661,-0.664,-1.849,-0.929,-0.359,-1.15,-1.871,-0.851,0.063,0.404,-1.137,1.91,0.71,-0.467,0.521,0.499
"UKR","UKRAINE",2007,7,1,3160.32763671875,2.87000281658483,102.665367126465,NA,104.25106048584,104.382057189941,87.75066,6.28300133403275,NA,NA,6.55,15.8179537908098,47062798,53.51120220264,99.8,51.6170820097297,0.626895264506606,5.41574038243989,485059997.558594,NA,NA,NA,13.8654127120972,6.01776791,8.59,183,67.715,62.001,73.706,NA,NA,99.5608270168304,97.3660707473755,"Europe","Eastern Europe",0.757,1.059,1.984,0.743,0.182,2.35,-0.73,1.744,0.676,0.077,0.231,0.692,0.923,0.462,0.308,0.154,0.077,0.308,0.077,0.538,0.231,0.385,0.308,0.396,0.684,0.568,0.443,-0.66,-1.861,-0.929,-0.359,-1.15,-1.52,-0.851,0.155,0.404,-1.418,1.91,1.003,-0.404,0.729,0.475
"UKR","UKRAINE",2008,7,1,4017.806640625,2.67292227463357,101.713829040527,NA,101.20352935791,101.233612060547,87.51849,6.53540152136768,3.2,NA,11,17.0917178616882,46819175,53.5287881514358,99.7827072143555,52.878376373485,0.684740010329571,7.94411211992449,657703369.140625,NA,NA,NA,NA,5.49754429,8.61,162,68.262,62.66,74.053,NA,0.673404455184937,NA,NA,"Europe","Eastern Europe",0.757,1.059,1.984,0.787,0.182,2.35,-0.613,1.744,0.676,0.077,0.231,0.692,0.923,0.462,0.308,0.154,0.077,0.308,0.077,0.538,0.231,0.385,0.308,0.392,0.703,0.689,0.648,-0.66,-1.861,-0.947,-0.359,-1.326,-1.52,-0.817,0.031,0.255,-1.418,1.366,0.596,-0.285,0.729,0.478
"UKR","UKRAINE",2009,7,1,2607.08764648438,2.8403538702613,100.661819458008,NA,99.8539733886719,100.418472290039,87.92446,6.90539595920772,NA,NA,17.9,15.7892363802239,46623731,53.531526681123,99.8724822998047,55.9948766791758,0.534186376625519,4.78921031716247,702492065.429688,NA,NA,NA,NA,6.60991716,9.25,144,69.159,63.784,74.573,NA,0.675054013729095,NA,NA,"Europe","Eastern Europe",0.747,1.059,1.813,0.787,0.182,2.35,-0.613,1.744,0.622,0.077,0.231,0.692,0.923,0.462,0.308,0.154,0.077,0.308,0.077,0.538,0.231,0.385,0.308,0.396,0.716,0.689,0.648,-0.66,-2.274,-1.07,-0.383,-1.326,-1.52,-0.817,0.031,0.255,-1.418,1.366,0.596,-0.285,0.783,0.469
"UKR","UKRAINE",2010,6,1,3039.63232421875,2.74199654235065,100.067630734888,NA,99.728446735746,100.323619350168,90.41149,7.40220509822994,2.5,NA,23.3,14.997505767077,46456003,53.5202555742959,99.9450759887695,55.4893203103736,0.466160187976772,7.06385110746983,724088562.011719,NA,NA,NA,NA,6.81387615,9.23,136,70.188,65.021,75.254,NA,0.676945626735687,NA,NA,"Europe","Eastern Europe",0.677,0.922,1.063,-0.13,0.123,2.162,-0.348,1.607,0.622,0.143,0.143,0.786,0.857,0.857,0.214,0.143,0.071,0.429,0.214,0.357,0.214,0.071,0.286,0.265,0.824,0.039,-0.248,-0.846,-2.071,-1.302,-0.563,-1.266,-1.52,-0.967,-0.814,-0.729,-1.956,0.478,0.393,-1.313,-0.013,0.629
"UKR","UKRAINE",2011,6,1,3656.69799804688,2.25828771122262,98.9314565375041,NA,100.740087087608,101.909593633574,92.43046,8.15022183877887,NA,NA,28.7083,17.8400492744471,46307853,53.5072279531675,99.9850463867188,53.5003535486051,0.604564339662443,7.90825649188772,765148864.746094,NA,NA,NA,NA,6.81669855,8.9,132,70.711,65.592,75.678,NA,0.677819013595581,NA,NA,"Europe","Eastern Europe",0.68,0.952,1.063,-0.199,0.123,2.162,-0.462,1.607,0.622,0.154,0.154,0.846,0.846,0.846,0.231,0.154,0.077,0.462,0.154,0.308,0.154,0.077,0.385,0.259,0.837,0.039,-0.283,-0.846,-2.071,-1.302,-0.563,-1.266,-1.802,-0.967,-0.814,-0.81,-2.13,0.478,0.141,-1.376,0.093,0.613
"UKR","UKRAINE",2012,6,1,3951.34228515625,2.35345197687142,97.1419917645414,NA,96.3627748962917,98.3159204513762,93.20535,7.76131248389414,1.8,NA,35.27,17.6333154227001,46210056,53.4815062764693,99.8674911660777,54.4753052575019,0.512858516672917,4.70265519474683,842800598.144531,NA,NA,NA,NA,7.11789227,8.75,127,71.09,65.963,76.049,NA,0.678940176963806,100,94.508558511734,"Europe","Eastern Europe",0.68,0.952,1.063,-0.199,0.123,2.162,-0.282,1.607,0.622,0.154,0.154,0.846,0.846,0.846,0.231,0.154,0.077,0.462,0.154,0.308,0.154,0.077,0.385,0.257,0.83,0.121,-0.283,-1.232,-2.071,-1.302,-0.563,-1.266,-1.802,-0.967,-0.814,-0.725,-2.13,0.478,0.141,-1.376,0.093,0.615
"UKR","UKRAINE",2013,6,1,4129.89697265625,2.3928953083474,96.3140767527901,NA,98.0481699479061,99.232681843194,93.39155,8.69230562102956,NA,NA,40.9541,16.8986843392832,46126770,53.4530393837036,100,56.6426976003131,0.429728228604793,3.99136453684378,836617370.605469,NA,NA,NA,NA,6.94358015,8.63,120,71.474,66.345,76.424,NA,0.680174231529236,NA,NA,"Europe","Eastern Europe",0.687,0.913,0.907,-0.131,0.617,2.162,0.988,1.607,0.663,0.154,0.154,0.846,0.846,0.846,0.231,0.154,0.077,0.462,0.154,0.308,0.154,0.077,0.385,0.25,0.827,0.059,0.031,-1.232,-2.071,-1.302,-0.563,-1.006,-1.796,-0.979,-0.718,-0.809,-2.13,0.478,0.086,-1.273,0.093,0.658
"UKR","UKRAINE",2014,4,1,3054.908203125,2.96736825853937,95.4720427707137,NA,95.5510271825324,96.9167117439804,91.66472,10.1546081548161,1.1,NA,46.236,17.294347838416,45972380,53.4403635400212,100,54.1589184045774,0.53740181709907,3.6083209332499,1442353515.625,NA,NA,NA,NA,7.19506168,7.31,115,71.803,66.611,76.818,NA,0.656467854976654,NA,NA,"Europe","Eastern Europe",0.698,0.823,0.547,0.972,1.821,1.813,1.954,0.854,0.663,0.082,0.265,0.663,0.908,0.663,0.459,0.204,0.194,0.306,0.082,0.469,0.143,0.255,0.541,0.212,0.794,0.404,0.229,-0.488,-0.927,-1.114,-1.021,-1.84,-1.084,-1.078,-1.165,-0.481,-1.913,1.301,-0.121,-0.682,1.042,0.473
"UKR","UKRAINE",2015,4,1,2094.47387695313,3.84784847607093,87.8509930688999,NA,87.8364172596046,89.3611963744975,NA,12.0593761063371,NA,NA,48.8846,20.4513654211322,45784896,53.429554584988,100,51.1686439927907,0.298048598397704,2.59911540564351,1733819213.86719,NA,NA,NA,NA,7.78352833,7.27,108,72.686,67.651,77.458,NA,NA,NA,NA,"Europe","Eastern Europe",0.744,0.796,1.514,2.392,1.492,1.813,0.48,0.612,1.036,0.077,0.308,0.615,1,0.692,0.538,0.154,0.154,0.308,0.077,0.615,0.154,0.308,0.462,0.224,0.757,0.681,0.473,-0.488,-0.895,-0.528,-0.828,-1.84,-1.189,-1.078,-0.983,-0.57,-1.736,1.794,0.08,-0.586,1.042,0.419
"UKR","UKRAINE",2016,4,1,2158.46118164063,3.66861786886462,87.4091952779085,NA,85.3523102683622,87.0106312577068,NA,11.7257009089167,1.1,NA,53.001,19.6301198096561,45616832,53.4139854341485,100,49.9142479962203,0.2004056293323,2.39942596673544,1691150756.83594,NA,NA,NA,NA,7.55205393,6.91,99,73.389,68.458,78.004,NA,0.660930156707764,NA,NA,"Europe","Eastern Europe",0.744,0.758,1.726,1.344,1.322,2.025,0.546,0.785,1.344,0.077,0.308,0.615,1,0.692,0.615,0.154,0.154,0.308,0.077,0.615,0.154,0.308,0.462,0.236,0.753,0.798,0.556,-0.488,-0.895,-0.528,-0.828,-1.84,-0.98,-1.078,-0.983,-0.57,-1.518,1.794,0.08,-0.586,0.659,0.464
"UKR","UKRAINE",2017,4,1,2604.28759765625,3.24149291547879,88.2140898931621,NA,86.85217299215,88.2546815781009,NA,10.1776550393512,NA,NA,58.8895,20.0523676996082,45436041,53.3999584162714,NA,50.9587159917712,0.348582540397727,2.95421204623726,1377578857.42188,NA,NA,NA,NA,7.44610357,6.8,90,73.993,69.1,78.55,NA,0.661529660224915,NA,NA,"Europe","Eastern Europe",0.743,0.905,1.843,1.13,0.852,1.605,0.294,0.603,1.195,0.077,0.308,0.615,1,0.692,0.538,0.154,0.231,0.308,0.077,0.615,0.154,0.308,0.462,0.24,0.728,0.781,0.684,-0.488,-0.834,-0.528,-0.717,-1.735,-0.91,-1.04,-0.638,-0.141,-1.518,1.794,0.08,-0.619,0.695,0.453
"UKR","UKRAINE",2018,4,1,3059.0517578125,3.63516607992805,88.5728806539141,NA,82.7968607825296,85.0923916333042,NA,10.1395331070229,1.1,NA,62.5532,20.1425525138036,45208907,53.3927850410713,NA,51.3323027091522,0.484549678010453,2.91046955095297,1357255615.23438,NA,NA,NA,NA,7.52051353,6.68,82,73.569,68.569,78.326,NA,0.662228405475616,NA,NA,"Europe","Eastern Europe",0.736,0.803,1.733,0.869,0.919,1.767,0.054,0.161,1.913,0.077,0.308,0.615,1,0.692,0.538,0.154,0.231,0.308,0.077,0.615,0.154,0.308,0.462,0.245,0.719,0.651,0.604,-0.488,-0.834,-0.528,-0.717,-1.21,-0.884,-0.884,-0.506,-0.282,-1.518,1.009,0.08,-0.619,0.684,0.478
"UKR","UKRAINE",2019,NA,1,3619.86157226563,4.06793765037597,90.6809653278847,NA,88.295336075709,89.8622836594431,NA,8.96518101437243,NA,NA,70.1248,19.1961400966208,44957458,53.3934280714893,NA,54.4855197050788,0.363416965283388,1.73179870039083,1272021484.375,NA,NA,NA,NA,7.09389353,6.56,76,73.92,68.866,78.73,NA,0.668456614017487,NA,NA,"Europe","Eastern Europe",0.721,0.803,1.282,1.039,1.07,1.539,-0.044,0.145,1.939,0.071,0.286,0.571,0.857,0.5,0.429,0.071,0.071,0.286,0.357,0.714,0.429,0.429,0.429,0.313,0.62,1.142,1.053,-0.121,-0.303,-0.302,-0.783,-0.983,-0.884,-0.758,-0.186,0.054,-0.889,1.834,0.579,-0.366,1.306,0.331
"UKR","UKRAINE",2020,NA,1,3709.76928710938,4.40031470276707,91.1122134493007,NA,89.2770661812595,90.2680355726497,NA,9.31015109807472,NA,NA,75.0379,19.1514002992876,44680014,53.4002898924785,NA,55.7900164518172,0.191284197093986,1.09312749593482,2550517333.98438,NA,NA,NA,NA,7.56217051,6.15,75,73.283,68.348,78.024,NA,0.670072674751282,NA,NA,"Europe","Eastern Europe",0.742,0.803,1.788,1.313,1.136,1.996,-0.181,0.385,1.113,0.077,0.308,0.692,0.923,0.615,0.538,0.077,0.077,0.308,0.231,0.692,0.308,0.385,0.462,0.323,0.643,1.194,0.586,-0.121,-0.457,-0.211,-0.825,-1.128,-0.982,-0.897,-0.088,-0.217,-0.888,1.834,0.579,-0.276,0.797,0.379
