"countrycode","country","year","polity5","democracy","gdppc","gdppc_growth","enrol_gross","primcomp","primcom_male","primcom_fem","enrol_net","agri","slums","telephone","internet","tax","pop","pop_fem","electricity","service","oil","natural","oda","literacy","lit_male","lit_fem","infant","health_ex","hospital","tuberculosis","life","life_male","life_female","unemploy","urban","attend","prenatal","military","un_continent_name","un_region_name","v2xcs_ccsi","v2cseeorgs","v2csreprss","v2cscnsult","v2csprtcpt","v2csgender","v2csantimv","v2csrlgrep","v2csrlgcon","v2regsupgroups_0","v2regsupgroups_1","v2regsupgroups_2","v2regsupgroups_3","v2regsupgroups_4","v2regsupgroups_5","v2regsupgroups_6","v2regsupgroups_7","v2regsupgroups_8","v2regsupgroups_9","v2regsupgroups_10","v2regsupgroups_11","v2regsupgroups_12","v2regsupgroups_13","v2x_libdem","v2x_neopat","v2dlencmps","v2elembaut","v2elvotbuy","v2exbribe","v2exembez","v2exrescon","v2jucomp","v2jucorrdc","v2juhccomp","v2juhcind","v2juncind","v2lgcrrpt","v2lgfunds","v2lginvstp","v2lgotovst","v2psprlnks","v2xnp_client"
"ARG","ARGENTINA",1960,5,1,778.251706763404,NA,NA,NA,NA,NA,NA,NA,NA,NA,NA,NA,20386045,49.9141839429865,NA,NA,NA,NA,264795318.603516,NA,NA,NA,NA,NA,6.35225057601929,NA,64.242,61.202,67.789,NA,NA,NA,NA,1.55,"Americas","South America",0.788,1.337,1.204,1.125,1.292,0.288,-0.974,2.128,2.305,0,0.5,0.667,0.5,0,0.5,0,0,0,0.167,0.833,0,0,0,0.356,0.365,0.785,0.039,0.3,0.884,0.436,0.949,0.622,0.851,1.292,-0.193,0.094,0.868,1.689,0.464,0.121,0.863,0.354
"ARG","ARGENTINA",1961,5,1,971.338043308372,24.8102683061212,NA,NA,NA,NA,NA,NA,NA,NA,NA,NA,20726276,49.9721705915718,NA,NA,NA,NA,381292022.705078,NA,NA,NA,NA,NA,NA,NA,64.631,61.526,68.236,NA,NA,NA,NA,2.14,"Americas","South America",0.788,1.337,1.204,1.125,1.292,0.288,-0.974,2.128,2.305,0,0.5,0.667,0.5,0,0.5,0,0,0,0.167,0.833,0,0,0,0.362,0.346,0.785,0.039,0.3,0.884,0.436,0.949,0.622,0.851,1.292,-0.193,1.005,0.868,1.689,0.464,0.121,0.863,0.355
"ARG","ARGENTINA",1962,5,0,870.217490905403,-10.4104387859198,NA,NA,NA,NA,NA,NA,NA,NA,NA,NA,21072538,50.0160303424296,NA,NA,NA,NA,426919494.628906,NA,NA,NA,NA,NA,NA,NA,64.618,61.474,68.282,NA,NA,NA,NA,2.66,"Americas","South America",0.712,0.772,1.204,1.125,1.292,0.288,-0.974,2.128,2.305,0,0.333,0.5,0.5,0,0.667,0,0,0,0.167,0.833,0,0,0,0.206,0.344,0.785,0.039,0.304,0.884,0.124,-0.284,0.622,0.851,1.292,1.297,1.005,0.868,1.689,0.464,0.121,0.863,0.354
"ARG","ARGENTINA",1963,6,1,852.972425139433,-1.98169606405264,NA,NA,NA,NA,NA,NA,NA,NA,NA,NA,21421705,50.0597501459384,NA,NA,NA,NA,260181182.861328,NA,NA,NA,NA,NA,NA,NA,64.855,61.65,68.575,NA,NA,NA,NA,1.68,"Americas","South America",0.761,1.623,0.284,1.125,1.292,0.288,-0.974,2.128,2.305,0.167,0.5,0.333,0.667,0,0.833,0,0.167,0,0,0.667,0,0,0,0.226,0.226,0.785,0.686,0.306,1.991,1.712,0.183,0.727,1.116,1.444,1.489,1.456,1.204,1.69,0.923,0.121,0.863,0.353
"ARG","ARGENTINA",1964,6,1,1176.20086190313,37.8943594467148,NA,NA,NA,NA,NA,NA,NA,NA,NA,NA,21769453,50.1034844511948,NA,NA,NA,NA,-1921867.0129776,NA,NA,NA,NA,NA,NA,NA,64.816,61.609,68.537,NA,NA,NA,NA,1.15,"Americas","South America",0.816,1.623,1.205,1.125,1.292,0.288,-0.974,2.128,2.305,0.167,0.5,0.5,0.5,0,0.667,0,0.167,0,0,0.667,0,0,0,0.423,0.203,0.785,0.686,0.306,1.991,1.712,0.965,0.727,1.116,1.444,1.489,1.456,1.204,1.695,0.923,0.121,0.863,0.352
"ARG","ARGENTINA",1965,6,1,1281.83337976859,8.98082302835106,NA,NA,NA,NA,NA,12.9041629886915,NA,NA,NA,NA,22112629,50.1463326614699,NA,38.6813582857261,NA,NA,-441073333.740234,NA,NA,NA,NA,NA,NA,NA,65.053,61.783,68.819,NA,NA,NA,NA,1.07,"Americas","South America",0.736,1.623,-0.014,1.125,1.292,0.288,-0.974,2.128,2.305,0.167,0.5,0.5,0.5,0,0.667,0,0.167,0,0,0.667,0,0,0,0.427,0.196,0.785,0.686,0.338,1.991,1.712,0.965,0.727,1.116,1.444,1.489,1.456,1.204,1.695,0.923,0.599,0.863,0.339
"ARG","ARGENTINA",1966,-9,0,1275.07843418966,-0.526975321874485,NA,NA,NA,NA,NA,10.2787574725073,NA,NA,NA,NA,22453893,50.1862839635997,NA,40.1170927423721,NA,NA,-120212768.554688,NA,NA,NA,NA,NA,NA,NA,65.398,62.157,69.095,NA,NA,NA,NA,1.168,"Americas","South America",0.356,-0.568,-0.996,1.125,1.292,0.288,-0.974,2.128,2.305,0.167,0.67,0.245,0.67,0,0.837,0,0.167,0.085,0,0.497,0,0,0,0.202,0.379,0.321,0.686,0.338,1.223,-0.172,-0.779,0.638,0.858,1.309,0.122,0.104,1.204,1.695,0.923,0.599,0.863,0.377
"ARG","ARGENTINA",1967,-9,0,1063.93283833587,-16.5594202044502,NA,NA,NA,NA,NA,9.98038631665412,NA,NA,NA,NA,22799059,50.2254895695476,NA,42.6362011624409,NA,NA,66357719.4213867,NA,NA,NA,NA,NA,NA,NA,65.467,62.126,69.288,NA,NA,NA,NA,1.4,"Americas","South America",0.282,-0.971,-1.221,1.125,1.292,0.288,-0.974,2.128,2.305,0.167,0.833,0,0.833,0,1,0,0.167,0.167,0,0.333,0,0,0,0.089,0.624,-0.15,0.231,NA,-0.416,-1.109,-2.986,0.638,0.858,1.309,-0.215,0.104,NA,NA,NA,NA,0.863,0.452
"ARG","ARGENTINA",1968,-9,0,1141.95211617341,7.33310177356425,NA,NA,NA,NA,NA,9.72127698537181,NA,NA,NA,NA,23150583,50.2675267284834,NA,43.2426585257493,NA,NA,-31353643.4173584,NA,NA,NA,NA,NA,NA,NA,65.234,61.779,69.193,NA,NA,NA,NA,1.68571428571429,"Americas","South America",0.282,-0.971,-1.221,1.125,1.292,0.288,-0.508,2.128,2.305,0.167,0.833,0,0.833,0,1,0,0.167,0.167,0,0.333,0,0,0,0.084,0.624,-0.15,0.231,NA,-0.416,-1.109,-2.986,0.638,0.858,1.309,-0.215,0.104,NA,NA,NA,NA,0.863,0.452
"ARG","ARGENTINA",1969,-9,0,1329.56181832409,16.4288589244306,NA,NA,NA,NA,NA,9.18580964838541,NA,NA,NA,NA,23508711,50.3123714439299,NA,43.4271542070252,NA,NA,57573871.6125488,NA,NA,NA,NA,NA,NA,NA,65.085,61.553,69.133,NA,NA,NA,NA,1.9375,"Americas","South America",0.282,-0.971,-1.221,1.125,1.292,0.288,0.196,2.128,2.305,0.167,0.833,0,0.833,0,1,0,0.167,0.167,0,0.333,0,0,0,0.081,0.624,-0.15,0.231,NA,-0.416,-1.109,-2.986,0.638,0.858,1.309,-0.215,0.104,NA,NA,NA,NA,0.863,0.452
"ARG","ARGENTINA",1970,-9,0,1322.71454216808,-0.515002466349469,105.226760864258,NA,67.6584396362305,73.6693267822266,95.12735,9.6375609641048,NA,NA,NA,NA,23878327,50.3546333040837,NA,48.0836525009197,0.183779149216649,0.301180697327039,-26425924.3011475,NA,NA,NA,NA,NA,5.58580017089844,NA,65.647,62.165,69.564,NA,NA,NA,NA,1.87777777777778,"Americas","South America",0.282,-0.971,-1.221,1.125,1.292,0.288,0.442,2.128,2.305,0.261,0.833,0.094,0.833,0.094,0.812,0,0.167,0.167,0,0.333,0,0,0,0.092,0.585,-0.589,0.231,NA,-0.107,-1.109,-1.98,0.638,0.858,1.309,-0.215,0.104,NA,NA,NA,NA,0.863,0.481
"ARG","ARGENTINA",1971,-9,0,1372.50746646061,3.76444975126029,106.137718200684,NA,69.4541397094727,75.2126235961914,NA,10.8658823843399,NA,NA,NA,NA,24257208,50.4023257746728,NA,43.1787867210794,0.312886775004762,0.43636922778285,36685562.1337891,NA,NA,NA,NA,NA,NA,NA,65.619,62.21,69.417,NA,NA,NA,NA,1.80769230769231,"Americas","South America",0.282,-0.971,-1.221,1.125,1.292,0.288,0.442,2.128,2.305,0.333,0.833,0.167,0.833,0.167,0.667,0,0.167,0.167,0,0.333,0,0,0,0.094,0.585,-0.589,0.231,NA,-0.107,-1.109,-1.98,0.638,0.858,1.309,-0.215,0.104,NA,NA,NA,NA,0.863,0.481
"ARG","ARGENTINA",1972,-9,0,1409.37097316211,2.68585108659283,105.921112060547,NA,NA,NA,NA,10.984869871837,NA,NA,NA,NA,24644328,50.4570037187866,NA,43.4334758186795,0.359047343543258,0.502356036574644,13203251.8386841,NA,NA,NA,NA,NA,NA,NA,65.953,62.517,69.764,NA,NA,NA,NA,1.82380952380952,"Americas","South America",0.282,-0.971,-1.221,1.125,1.292,0.288,0.442,2.128,2.305,0.333,0.833,0.167,0.833,0.167,0.667,0,0.167,0.167,0,0.333,0,0,0,0.095,0.585,-0.589,0.231,NA,-0.107,-1.109,-1.98,0.638,0.858,1.309,-0.215,0.104,NA,NA,NA,NA,0.863,0.481
"ARG","ARGENTINA",1973,6,1,2097.89945010806,48.8536013623968,105.967742919922,NA,NA,NA,NA,11.9525224881086,NA,NA,NA,NA,25046005,50.5091849977671,NA,44.6950283481664,0.412805282018559,0.576658816124267,67415122.9858398,NA,NA,NA,NA,NA,NA,NA,66.186,62.671,70.087,NA,NA,NA,NA,1.84857142857143,"Americas","South America",0.58,0.195,0.399,1.907,1.292,0.288,0.442,2.128,2.305,0.333,0.532,0.267,0.632,0.167,0.667,0,0.167,0.167,0.201,0.333,0.1,0,0,0.278,0.485,0.079,0.231,0.756,-0.887,-1.109,-0.293,0.638,0.858,1.309,-0.457,0.434,0.872,1.671,0.451,-0.532,1.854,0.255
"ARG","ARGENTINA",1974,6,1,2844.96990526761,35.610403307035,106.928817749023,NA,NA,NA,96.62253,10.2308377488651,NA,NA,NA,NA,25461351,50.5580438367155,NA,46.176359627142,1.65885773770647,1.8513473465424,72233062.7441406,NA,NA,NA,NA,NA,NA,NA,66.405,62.808,70.371,NA,1,NA,NA,1.65918367346939,"Americas","South America",0.685,1.105,0.149,1.907,1.292,0.288,0.442,2.128,2.305,0.167,0.167,0.333,0.333,0.333,0.5,0,0,0.167,0.5,0.5,0.167,0,0,0.326,0.495,0.079,1.023,0.756,-0.887,-1.451,-0.647,0.638,0.858,1.309,-0.72,0.299,0.872,1.671,0.451,-0.532,1.854,0.252
"ARG","ARGENTINA",1975,6,1,2026.68435752865,-28.7625379173207,106.597358703613,NA,75.3107604980469,81.314811706543,96.32775,6.5839104917193,NA,NA,NA,NA,25874107,50.5985887744841,NA,43.2747682872493,2.11889964582298,2.41761839929652,46500366.2109375,NA,NA,NA,NA,NA,NA,NA,66.965,63.367,70.913,NA,NA,NA,NA,2.04195804195804,"Americas","South America",0.577,1.105,-1.35,1.907,1.292,0.288,0.442,2.128,2.884,0.167,0.167,0.333,0.333,0.333,0.5,0,0,0.167,0.5,0.5,0.167,0,0,0.295,0.495,0.079,1.023,0.756,-0.887,-1.451,-0.647,0.638,0.858,1.309,-0.72,0.299,0.872,1.671,0.451,-0.532,1.854,0.252
"ARG","ARGENTINA",1976,-9,0,1946.91990388248,-3.9357117130679,106.326446533203,NA,75.1209106445312,80.9332885742188,NA,8.15217071197931,NA,NA,NA,NA,26282283,50.6314158477024,NA,40.9540839979597,2.35967093826561,2.67110832885348,54314113.6169434,NA,NA,NA,NA,NA,NA,NA,67.03,63.406,70.983,NA,NA,NA,NA,3.78129117259552,"Americas","South America",0.117,-1.344,-2.732,-1.043,-0.376,0.288,0.442,-0.235,2.884,0.295,0.423,0.205,0.719,0.205,0.757,0,0.128,0.167,0.115,0.243,0.038,0,0,0.068,0.652,-0.855,-0.345,0.756,-1.27,-1.682,-1.495,0.29,0.858,1.309,-2.255,-0.484,0.872,1.671,0.451,-0.532,1.854,0.31
"ARG","ARGENTINA",1977,-9,0,2126.48546048047,9.22305823880616,107.213661193848,NA,NA,NA,NA,8.0871421139688,NA,NA,NA,NA,26701805,50.6602175643264,NA,44.1066558208208,1.93385257138462,2.15976492115428,54846054.0771484,NA,NA,NA,NA,NA,NA,NA,67.595,63.944,71.559,NA,NA,NA,NA,4.00860009555662,"Americas","South America",0.033,-2.84,-2.732,-1.043,-0.376,0.288,0.442,-0.235,2.884,0.333,0.667,0.167,0.833,0.167,0.833,0,0.167,0.167,0,0.167,0,0,0,0.049,0.723,-0.855,-0.345,NA,-1.27,-1.682,-2.994,0.29,0.858,1.309,-0.724,-0.484,NA,NA,NA,NA,1.854,0.31
"ARG","ARGENTINA",1978,-9,0,3282.06304446289,54.3421342613517,106.620620727539,NA,NA,NA,NA,7.5044274778029,NA,NA,NA,NA,27132158,50.6828797031183,NA,46.3979525030898,2.19019719332059,2.41643044783543,45893615.7226563,NA,NA,NA,NA,NA,NA,NA,67.999,64.535,71.708,NA,NA,NA,NA,4.71914405808177,"Americas","South America",0.033,-2.84,-2.732,-1.043,-0.376,0.288,0.442,-0.235,2.884,0.333,0.667,0.167,0.833,0.167,0.833,0,0.167,0.167,0,0.167,0,0,0,0.049,0.723,-0.855,-0.345,NA,-1.27,-1.682,-2.994,0.29,0.858,1.309,-0.724,-0.484,NA,NA,NA,NA,1.854,0.31
"ARG","ARGENTINA",1979,-9,0,2511.97332905958,-23.463586925989,106.773086547852,NA,NA,NA,NA,7.79627735939132,NA,NA,NA,NA,27568895,50.6995964364766,NA,48.1755980563708,5.02863549439409,5.42727046114618,68854934.6923828,NA,NA,NA,NA,NA,NA,NA,68.434,65.072,72.001,NA,NA,NA,NA,4.67335625570135,"Americas","South America",0.033,-2.84,-2.732,-1.043,-0.376,0.288,0.122,-0.235,2.884,0.333,0.667,0.167,0.833,0.167,0.833,0,0.167,0.167,0,0.167,0,0,0,0.049,0.723,-0.855,-0.345,NA,-1.27,-1.682,-2.994,0.29,0.858,1.309,-0.724,-0.484,NA,NA,NA,NA,1.854,0.31
"ARG","ARGENTINA",1980,-9,0,2747.5022751674,9.37625186474397,106.572631835938,NA,NA,NA,NA,6.35350500487903,NA,NA,NA,NA,28011596,50.7138400825144,NA,52.4268325075777,5.84241226408529,6.3109329235752,101597793.579102,93.9100036621094,94.2600021362305,93.5800018310547,NA,NA,NA,NA,68.576,65.282,72.047,NA,1,NA,NA,3.09895833333333,"Americas","South America",0.033,-2.84,-2.732,-1.043,-0.376,0.288,-0.962,-0.235,2.884,0.333,0.833,0.167,1,0.167,0.833,0,0.167,0.167,0,0.167,0,0,0,0.05,0.718,-0.855,-0.345,NA,-1.27,-1.682,-2.994,0.29,0.858,1.309,-0.724,-0.28,NA,NA,NA,NA,1.854,0.31
"ARG","ARGENTINA",1981,-8,0,2764.08641421079,0.603607836589665,107.081596374512,NA,NA,NA,NA,6.47552296063439,NA,NA,NA,NA,28463959,50.7280452448656,NA,53.1862535979657,4.79626652315171,5.15070531952354,94028701.7822266,NA,NA,NA,NA,NA,NA,NA,68.858,65.455,72.436,NA,NA,NA,NA,3.46534653465347,"Americas","South America",0.033,-2.84,-2.732,-1.043,-0.376,0.288,-1.868,-0.235,2.884,0.333,0.833,0.167,1,0.167,0.833,0,0.167,0.167,0,0.167,0,0,0,0.05,0.718,-0.855,-0.345,NA,-1.27,-1.682,-2.994,0.29,0.858,1.309,-0.724,-0.28,NA,NA,NA,NA,1.854,0.31
"ARG","ARGENTINA",1982,-8,0,2914.76708504176,5.45137337444614,107.572708129883,NA,NA,NA,NA,9.59615604621897,NA,NA,NA,NA,28924262,50.742509895067,NA,49.3009953094612,2.64858284193801,2.91715510466177,82208663.9404297,NA,NA,NA,NA,NA,NA,NA,68.973,65.559,72.557,NA,1,NA,NA,2.70455793520044,"Americas","South America",0.099,-1.922,-1.962,-1.043,-0.376,0.288,-1.637,-0.235,2.884,0.333,0.833,0.167,1,0.167,0.833,0,0.167,0.167,0,0.167,0,0,0,0.051,0.718,-0.855,-0.345,NA,-1.27,-1.682,-2.994,0.29,0.858,1.309,-0.724,-0.28,NA,NA,NA,NA,1.854,0.31
"ARG","ARGENTINA",1983,8,1,3537.7473459832,21.373243307793,NA,NA,NA,NA,NA,8.65832496118367,NA,NA,NA,NA,29391332,50.7523935712613,NA,49.7853685268061,2.93199669852781,3.27353016254466,95149902.34375,NA,NA,NA,NA,NA,NA,NA,69.29,66.002,72.706,NA,NA,NA,NA,2.73881278538813,"Americas","South America",0.262,-0.357,-1.912,-1.043,-0.184,1.268,-1.637,-0.235,1.393,0.333,0.748,0.223,0.943,0.195,0.777,0,0.138,0.167,0.057,0.252,0.028,0.057,0,0.21,0.33,1.083,1.546,0.72,0.562,1.477,0.048,0.729,0.858,1.445,-0.347,-0.009,0.38,1.685,0.05,0.623,1.854,0.197
"ARG","ARGENTINA",1984,8,1,3915.03492645691,10.6646276168389,106.792488098145,NA,NA,NA,NA,8.3459768371011,NA,NA,NA,NA,29863093,50.7578267261198,NA,51.9458352298589,3.68570761843442,4.11858427984105,90436225.8911133,NA,NA,NA,NA,NA,NA,NA,69.353,66.054,72.778,NA,NA,NA,NA,2.16203914428767,"Americas","South America",0.939,2.269,2.464,1.602,2.384,1.268,-1.371,2.477,1.393,0.167,0,0.833,0.333,0.333,0.167,0,0,0.167,0.5,0.833,0.167,0.333,0,0.677,0.237,1.083,1.546,0.72,1.231,1.477,2.323,0.611,-0.267,1.376,0.661,0.779,0.38,1.685,0.156,0.623,1.854,0.201
"ARG","ARGENTINA",1985,8,1,2905.77565536137,-25.7790617466832,107.549728393555,NA,NA,NA,NA,7.63430725730443,NA,NA,NA,NA,30336441,50.7635289188999,NA,53.0895381715363,3.00657445804799,3.36451641029919,110254280.090332,NA,NA,NA,NA,NA,NA,NA,69.879,66.474,73.402,NA,NA,NA,NA,2.29971724787936,"Americas","South America",0.939,2.269,2.464,1.602,2.384,1.268,-1.371,2.477,1.393,0.167,0,0.833,0.333,0.333,0.167,0,0,0.167,0.5,0.833,0.167,0.333,0,0.677,0.237,1.083,1.546,0.309,1.231,1.477,2.323,0.611,-0.267,1.376,0.661,0.779,0.38,1.685,0.156,0.623,1.854,0.206
"ARG","ARGENTINA",1986,8,1,3436.07819471053,18.2499477676714,109.186721801758,NA,NA,NA,NA,7.80040264019792,NA,NA,NA,NA,30811980,50.7691082894021,NA,54.8191624683246,0.97146283280127,1.24913613407026,154378723.144531,NA,NA,NA,NA,NA,NA,NA,70.281,66.852,73.81,NA,NA,NA,NA,2.31367874921125,"Americas","South America",0.939,2.269,2.464,1.602,2.384,1.268,-1.371,2.477,1.393,0.167,0,0.833,0.333,0.333,0.167,0,0,0.167,0.5,0.833,0.167,0.333,0,0.675,0.237,1.083,1.546,0.309,1.231,1.477,2.323,0.611,-0.267,1.376,0.661,0.779,0.38,1.685,0.156,0.623,1.854,0.234
"ARG","ARGENTINA",1987,8,1,3477.30131979313,1.19971440539562,109.791351318359,NA,NA,NA,95.45755,8.09435846444628,NA,NA,NA,NA,31291762,50.7728967131988,NA,54.0769662656489,1.54851052425753,1.8064671567475,145219039.916992,NA,NA,NA,NA,NA,NA,NA,70.699,67.256,74.219,NA,1,NA,NA,2.2843868799904,"Americas","South America",0.939,2.269,2.464,1.602,2.384,1.268,-1.371,2.477,1.393,0.167,0,0.833,0.333,0.333,0.167,0,0,0.167,0.5,0.833,0.167,0.333,0,0.675,0.247,1.083,1.546,0.276,1.231,1.477,2.323,0.611,-0.267,1.376,0.661,0.779,0.38,1.685,0.156,0.623,1.33,0.284
"ARG","ARGENTINA",1988,8,1,3992.70330179156,14.8218959071713,110.074310302734,NA,NA,NA,NA,8.97786821775225,NA,NA,NA,NA,31780532,50.7748690542647,NA,52.5355207001495,1.07039410413757,1.48517881481193,242313095.092773,NA,NA,NA,NA,NA,NA,NA,71.097,67.632,74.623,NA,1,NA,NA,2.12493922313663,"Americas","South America",0.939,2.269,2.464,1.602,2.384,1.268,-1.371,2.477,1.393,0.167,0,0.833,0.333,0.333,0.167,0,0,0.167,0.5,0.833,0.167,0.333,0,0.675,0.245,1.083,1.546,0.276,1.231,1.477,2.323,0.611,-0.267,1.376,0.661,0.779,0.38,1.685,0.156,0.623,1.33,0.283
"ARG","ARGENTINA",1989,7,1,2374.57321551641,-40.5271808087789,NA,NA,NA,NA,NA,9.61606509643166,NA,NA,NA,NA,32270948,50.7756140290642,NA,48.0360922412516,2.73924507290797,3.54375457141287,350846435.546875,NA,NA,NA,NA,NA,NA,NA,71.502,68.008,75.039,NA,NA,NA,NA,1.88036559239223,"Americas","South America",0.939,2.269,2.464,1.602,2.384,1.268,-1.371,2.477,1.393,0.167,0,0.833,0.333,0.333,0.167,0,0,0.167,0.5,0.833,0.167,0.333,0,0.672,0.327,1.083,1.546,0.278,-0.448,-0.58,2.323,0.611,-0.267,1.376,0.661,0.779,0.38,1.685,0.467,0.623,1.33,0.275
"ARG","ARGENTINA",1990,7,1,4315.33403111588,81.7309318119889,107.306182861328,NA,NA,NA,NA,8.12367620787488,NA,NA,0,4.83851314669697,32755901,50.7724150222581,90.6408233642578,55.8544476443929,2.18272104761879,2.54133379153863,259850067.138672,NA,NA,NA,NA,NA,4.5942997932,NA,71.615,68.347,74.878,NA,NA,NA,NA,1.45090921225786,"Americas","South America",0.939,2.269,2.464,1.602,2.384,1.268,-1.66,2.477,1.393,0.167,0.167,1,0.667,0.333,0.167,0,0,0.333,0.667,0.833,0.167,0.167,0,0.622,0.527,-0.225,1.546,0.278,-2.148,-0.776,0.496,0.507,-0.637,1.177,-0.629,0.212,0.217,1.685,0.165,0.623,0.234,0.512
"ARG","ARGENTINA",1991,7,1,5709.24784079504,32.3014116550026,108.608459472656,NA,NA,NA,96.1759,6.71649176009431,NA,NA,NA,5.00823654744009,33230294,50.7660359550234,91.1236724853516,60.5611985052019,0.893993392718008,1.11216953670952,401638793.945313,96.0400009155273,96.1699981689453,95.9199981689453,NA,NA,NA,NA,72.02,68.681,75.344,NA,1,NA,NA,1.50692655529635,"Americas","South America",0.939,2.269,2.464,1.602,2.384,1.268,-2.49,2.477,1.393,0.167,0.167,1,0.667,0.333,0.167,0,0,0.333,0.667,0.833,0.167,0.167,0,0.632,0.512,-0.225,1.546,-0.126,-2.148,-0.776,0.91,0.507,-0.637,1.177,-0.629,0.212,0.217,1.685,0.458,0.623,0.234,0.525
"ARG","ARGENTINA",1992,7,1,6789.99611136495,18.9297837597362,NA,NA,NA,NA,NA,5.99078709147934,NA,NA,0.00299,5.54792213441138,33693527,50.7609191522158,91.6060180664063,63.3252164422299,0.911490169536768,1.09688763068098,360497131.347656,NA,NA,NA,NA,NA,NA,NA,72.096,68.691,75.496,NA,1,NA,NA,1.42122223348777,"Americas","South America",0.939,2.269,2.464,1.602,2.384,1.268,-2.49,2.477,1.393,0.167,0.167,1,0.667,0.333,0.167,0,0,0.333,0.667,0.833,0.167,0.167,0,0.635,0.516,-0.225,1.546,-0.126,-2.148,-0.776,0.91,0.507,-0.637,1.177,-0.629,0.212,0.217,1.685,0.458,0.623,0.234,0.544
"ARG","ARGENTINA",1993,7,1,6931.85596375876,2.08924791807123,NA,NA,NA,NA,NA,5.13682648211779,NA,NA,0.0295,8.01513800555669,34152717,50.7568827029745,92.0853042602539,61.056897614085,0.90189290799156,1.09534038350252,374331054.6875,NA,NA,NA,NA,NA,4.5999999046,NA,72.303,68.892,75.707,NA,1,NA,NA,1.42280290057293,"Americas","South America",0.939,2.269,2.464,1.602,2.384,1.268,-2.49,2.477,1.393,0.167,0.167,1,0.667,0.333,0.167,0,0,0.333,0.667,0.833,0.167,0.167,0,0.635,0.515,-0.225,1.546,-0.086,-2.148,-0.776,0.91,0.507,-0.637,1.177,-0.629,0.212,0.217,1.685,0.458,0.623,0.234,0.54
"ARG","ARGENTINA",1994,7,1,7437.56242327594,7.29539768513834,111.172019958496,NA,NA,NA,NA,5.08266800031075,NA,NA,0.0437,8.12643722809198,34613491,50.7477459945388,92.5584716796875,61.5907929226228,0.882210245002207,1.03761625538356,241025207.519531,NA,NA,NA,NA,NA,NA,NA,72.732,69.501,75.909,NA,1,NA,NA,1.45703853325047,"Americas","South America",0.939,2.269,2.464,1.602,2.384,1.268,-2.49,2.477,1.393,0.167,0.167,1,0.667,0.333,0.167,0,0,0.333,0.667,0.833,0.167,0.167,0,0.641,0.505,-0.225,1.546,0.77,-2.148,-0.776,0.91,0.507,-0.637,1.177,-0.629,0.212,0.217,1.685,0.458,0.623,0.234,0.461
"ARG","ARGENTINA",1995,7,1,7357.6162773788,-1.07489714166227,NA,NA,NA,NA,NA,5.351464616273,NA,NA,0.0863,8.05435765172309,35070020,50.7366348807329,93.0224609375,62.263779670525,1.11368338221007,1.29807343639538,173096984.863281,NA,NA,NA,NA,NA,NA,NA,72.864,69.521,76.17,NA,1,NA,NA,1.47307310721151,"Americas","South America",0.939,2.269,2.464,1.602,2.384,1.268,-2.49,2.477,1.393,0.167,0.167,1,0.667,0.333,0.167,0,0,0.333,0.667,0.833,0.167,0.167,0,0.646,0.502,-0.225,1.546,-0.115,-2.148,-0.776,0.91,0.507,-0.637,1.177,-0.629,0.087,0.217,1.685,0.458,1.089,0.234,0.497
"ARG","ARGENTINA",1996,7,1,7663.21271287469,4.15347068907976,111.643989562988,NA,90.2013626098633,94.2097778320312,NA,5.61086611323361,NA,NA,0.142,8.17178777492906,35513793,50.7290885749401,93.4742126464844,61.3509955456509,1.42093287722449,1.59598410207505,160315536.499023,NA,NA,NA,NA,NA,3.2899999619,NA,73.056,69.656,76.433,NA,1,NA,NA,1.24122726437626,"Americas","South America",0.939,2.269,2.464,1.602,2.384,1.268,-2.49,2.477,1.393,0.167,0.167,1,0.667,0.333,0.167,0,0,0.333,0.667,0.833,0.167,0.167,0,0.637,0.506,-0.225,1.546,-0.115,-2.148,-0.776,0.91,0.507,-0.637,1.177,-0.629,0.087,0.217,1.685,0.458,1.089,0.234,0.532
"ARG","ARGENTINA",1997,7,1,8146.78710021431,6.31033491380429,108.679977416992,NA,89.1708221435547,94.2892990112305,100,5.22197210944516,NA,NA,0.28,8.69008635554994,35947791,50.7235020164799,93.9106750488281,60.8492831021072,1.27158678591403,1.42473252510187,136203903.198242,NA,NA,NA,NA,NA,NA,NA,73.407,69.95,76.838,NA,1,NA,NA,1.14013911131295,"Americas","South America",0.939,2.269,2.464,1.602,2.384,1.268,-2.49,2.477,1.393,0.167,0.167,1,0.667,0.333,0.167,0,0,0.333,0.667,0.833,0.167,0.167,0,0.638,0.507,-0.225,1.546,-0.087,-2.148,-0.776,0.91,0.507,-0.637,1.177,-0.629,0.087,0.217,1.685,0.458,1.089,0.234,0.529
"ARG","ARGENTINA",1998,7,1,8218.99212764682,0.886300655022761,113.214256286621,NA,98.4460906982422,103.562942504883,99.31647,5.25272256987622,NA,NA,0.831,9.03052618638845,36372860,50.719410021648,94.3287734985352,61.5396856144834,0.67625546126761,0.821860211536179,98439369.2016602,NA,NA,NA,NA,NA,NA,NA,73.412,69.935,76.876,NA,1,NA,NA,1.13631802186333,"Americas","South America",0.939,2.269,2.464,1.602,2.384,1.268,-2.49,2.477,1.393,0.167,0.167,1,0.667,0.333,0.167,0,0,0.333,0.667,0.833,0.167,0.167,0,0.639,0.499,-0.225,1.546,-0.087,-2.148,-0.776,0.91,0.507,-0.637,1.177,-0.489,0.087,0.217,1.685,0.458,1.089,0.234,0.52
"ARG","ARGENTINA",1999,8,1,7705.54288252851,-6.2471071530922,115.890823364258,NA,97.8752670288086,100.728843688965,99.16485,4.45782610229152,NA,NA,3.28,9.07612433559182,36794682,50.7138939263016,94.7254638671875,63.4877305192171,1.18222911614852,1.4005641030747,96489898.6816406,NA,NA,NA,NA,NA,NA,NA,73.683,70.263,77.075,NA,1,NA,NA,1.22035954754993,"Americas","South America",0.939,2.269,2.464,1.602,2.384,1.268,-2.49,2.477,1.393,0.167,0.167,1,0.667,0.333,0.167,0,0,0.167,0.5,0.833,0.167,0.167,0,0.646,0.494,-0.225,1.546,-0.073,-2.148,-0.776,1.207,0.507,-0.637,1.177,-0.489,0.087,0.217,1.685,0.458,1.089,0.234,0.522
"ARG","ARGENTINA",2000,8,1,7637.01489203628,-0.889333711289957,116.558296203613,NA,97.5186996459961,100.006637573242,98.92861,4.67991094417297,20.29188,NA,7.03868,9.62260350188905,37213984,50.707244889448,95.0992050170898,63.469313441501,2.03921231896402,2.36414526373118,86728462.2192383,NA,NA,NA,NA,8.22001076,NA,49,73.91,70.498,77.288,NA,1,NA,NA,1.14882267666887,"Americas","South America",0.939,2.269,2.464,1.602,2.384,1.268,-1.854,2.477,1.393,0.167,0.167,0.833,0.333,0.167,0.167,0,0,0.167,0.5,0.833,0.167,0.333,0,0.676,0.333,0.793,1.546,-0.073,0.239,0.421,1.207,0.597,-0.637,1.177,0.911,0.437,0.502,1.685,0.766,1.089,0.234,0.463
"ARG","ARGENTINA",2001,8,1,7141.47507662826,-6.48865849305543,116.749336242676,NA,97.0879898071289,99.8243179321289,99.0026,4.56858960891786,NA,NA,9.78081,9.32489879390056,37624825,50.7032138833014,95.5110634674458,65.0812573281962,1.57828961704899,1.91854085449722,269518524.169922,97.1900024414062,97.1900024414062,97.1900024414062,NA,8.26966286,NA,46,74.154,70.637,77.642,NA,1,NA,NA,1.18423354187058,"Americas","South America",0.939,2.269,2.464,1.602,2.384,1.268,-1.854,2.477,1.393,0.167,0,1,0.167,0.167,0.167,0,0,0.167,0.5,0.667,0.167,0.333,0,0.682,0.331,0.793,1.546,-0.121,0.239,0.421,0.832,0.597,-0.637,1.177,1.137,0.267,0.502,1.685,1.145,1.089,0.234,0.462
"ARG","ARGENTINA",2002,8,1,2569.69963519124,-64.0172428298317,116.877983093262,NA,99.7899703979492,102.597869873047,98.95948,10.2066467144411,19.56624,NA,10.8821,9.81895834666325,38029349,50.7013228125467,95.7975082397461,54.7764456459146,4.58801102253871,5.63090239331634,159443450.927734,NA,NA,NA,NA,7.33203077,NA,45,74.312,70.704,77.911,NA,1,NA,NA,1.09188047859748,"Americas","South America",0.939,2.269,2.464,1.602,2.384,1.268,-1.833,2.477,1.393,0.167,0.167,1,0.333,0.167,0.167,0,0,0.167,0.5,0.667,0.167,0.333,0,0.666,0.367,0.793,1.546,-0.121,-0.621,-0.078,0.882,0.443,-0.637,1.177,1.013,0.538,0.502,1.685,1.157,1.089,0.234,0.462
"ARG","ARGENTINA",2003,8,1,3320.47775133903,29.2165709122621,114.37532043457,NA,97.8274993896484,100.172576904297,98.87379,10.328166939117,NA,NA,11.9137,12.5187797009653,38424282,50.6983891071797,96.1342086791992,51.0316942508769,3.79526357487009,4.54405237920157,162685974.121094,NA,NA,NA,NA,6.92670012,NA,41,74.307,70.796,77.808,NA,1,NA,NA,1.06089505704838,"Americas","South America",0.939,2.269,2.464,1.602,2.384,1.268,-1.833,2.477,0.812,0.167,0,0.833,0.333,0.333,0.167,0,0,0.167,0.833,0.833,0.167,0.167,0,0.645,0.387,0.992,1.546,-0.095,-0.877,-0.969,0.882,0.47,-0.414,1.177,1.125,0.391,0.502,1.685,1.157,1.089,0.234,0.443
"ARG","ARGENTINA",2004,8,1,4242.02099089422,27.7533327601296,115.446090698242,NA,96.3771514892578,98.445426940918,98.57855,8.36248661002826,18.84059,NA,16.0367,13.1007799001848,38815916,50.6906458343182,96.4706802368164,47.8369882937827,3.62815045579444,4.29522015828479,117969955.444336,NA,NA,NA,NA,7.09477043,NA,42,74.871,71.5,78.177,12.4741871577,1,NA,NA,0.883295358833529,"Americas","South America",0.879,1.629,1.935,1.602,2.384,1.268,-1.833,2.477,0.812,0.167,0,0.833,0.333,0.333,0.167,0,0,0.167,0.833,0.833,0.167,0.167,0,0.641,0.384,0.992,1.546,-0.095,-0.877,-0.969,0.882,0.47,-0.414,1.177,1.125,0.391,0.502,1.685,1.157,1.089,0.234,0.44
"ARG","ARGENTINA",2005,8,1,5067.65342293276,19.4631859156476,114.580780029297,NA,93.6234283447266,95.4885330200195,98.81425,7.93875427420938,NA,NA,17.7206,13.1031756459852,39216789,50.6793034310049,96.8129959106445,48.4861459282405,4.36083044381745,5.18727382834912,110194305.419922,NA,NA,NA,NA,7.73392439,NA,38,75.231,71.767,78.632,10.4219424653,1,NA,NA,0.847154783885961,"Americas","South America",0.879,1.629,1.935,1.602,2.384,1.268,-1.833,2.477,0.812,0.125,0,0.875,0.375,0.5,0.125,0,0,0.375,0.875,0.75,0.125,0.125,0,0.632,0.399,0.992,1.546,-0.389,-0.877,-0.969,0.882,0.47,-0.414,1.177,0.738,0.391,0.502,1.685,1.157,1.089,0.234,0.45
"ARG","ARGENTINA",2006,8,1,5869.38028970204,15.8204754717678,116.187850952148,NA,94.890007019043,96.5267486572266,98.85437,6.93557229126392,18.11494,NA,20.9272,12.8788866954319,39622115,50.6643713828913,97.1672210693359,48.7491333682456,4.49089064691066,5.77560944191323,131892776.489258,NA,NA,NA,NA,7.70940399,NA,34,75.279,72.021,78.437,9.23931284783,1,NA,NA,0.788233877461469,"Americas","South America",0.879,1.629,1.935,1.602,2.384,1.268,-1.833,2.477,0.812,0.125,0,0.875,0.375,0.5,0.125,0,0,0.375,0.875,0.75,0.125,0.125,0,0.621,0.404,0.992,1.546,-0.389,-0.877,-0.969,0.882,0.47,-0.414,1.177,0.738,0.391,0.502,1.685,1.157,1.089,0.234,0.491
"ARG","ARGENTINA",2007,8,1,7185.25155147027,22.4192537681867,117.236312866211,NA,97.7480392456055,99.3816528320312,99.13952,7.45235394606923,NA,NA,25.9466,12.4482684483004,40016763,50.6449959483229,97.5394134521484,49.5083307772744,3.70577772027876,4.83861569507875,95790397.644043,NA,NA,NA,NA,7.86196613,NA,35,74.783,71.574,77.925,7.32218500532,1,NA,NA,0.792548175031362,"Americas","South America",0.879,1.629,1.935,1.602,2.384,1.268,-1.833,2.477,0.812,0.125,0,0.875,0.25,0.5,0.125,0,0,0.25,0.875,0.625,0.25,0.125,0,0.617,0.414,0.992,1.546,-0.389,-0.877,-0.969,0.737,0.47,-0.414,1.177,0.738,0.27,0.502,1.685,1.14,0.887,0.32,0.472
"ARG","ARGENTINA",2008,8,1,8944.1102657357,24.4787353882625,118.320129394531,NA,101.681922912598,102.988456726074,99.13278,7.3189545972436,17.3893,NA,28.1126,13.3178463574032,40424148,50.6241739467212,97.9341278076172,50.2551922042782,4.03900096602208,4.94937994883837,125829071.044922,NA,NA,NA,NA,8.24087811,NA,31,75.428,72.192,78.577,7.5031769989,1,NA,NA,0.762756475390461,"Americas","South America",0.861,1.573,1.631,1.602,2.384,1.268,-1.833,2.477,0.812,0.125,0,0.875,0.25,0.625,0.125,0,0,0.375,0.875,0.625,0.25,0.125,0,0.593,0.429,0.992,1.546,-0.389,-0.877,-0.969,0.551,0.47,-0.414,0.914,0.738,0.27,0.502,1.685,1.069,0.887,0.32,0.475
"ARG","ARGENTINA",2009,8,1,8150.23527028221,-8.87595268692934,118.293312072754,NA,102.486610412598,103.467819213867,99.09709,5.2736234689014,NA,NA,34,12.3830415594157,40854831,50.602359623085,98.3633651733398,53.3060010032753,2.12453488071178,3.09834695426024,117144836.425781,NA,NA,NA,NA,9.56852913,NA,25,75.577,72.449,78.593,8.54142446168,1,NA,NA,0.886508576686385,"Americas","South America",0.861,1.573,1.631,1.602,2.384,1.268,-1.833,2.477,0.812,0.125,0,0.875,0.25,0.625,0.125,0,0,0.375,0.875,0.625,0.25,0.125,0,0.594,0.431,0.992,1.546,-0.38,-0.877,-0.969,0.551,0.47,-0.414,0.914,0.738,0.27,0.502,1.685,1.069,0.887,0.32,0.476
"ARG","ARGENTINA",2010,8,1,10260.1313108254,25.8875476667084,118.128196716309,NA,103.019830309479,103.621623975302,98.7319,7.13216745078964,16.66365,NA,45,12.8530426903255,41288694,50.5797446632727,98.82,51.4951802052167,2.30522041977185,3.25709519384359,115441986.083984,NA,NA,NA,NA,9.4852438,NA,24,75.68,72.542,78.732,7.38070544732,1,NA,NA,0.814878118220695,"Americas","South America",0.844,1.573,1.299,1.293,1.959,1.268,-1.833,2.477,0.812,0.125,0,0.875,0.25,0.625,0.125,0,0,0.375,0.875,0.625,0.25,0.125,0,0.591,0.419,0.992,1.546,-0.38,-0.877,-0.969,0.551,0.47,-0.414,0.914,0.738,0.27,0.632,1.685,1.129,0.887,0.465,0.446
"ARG","ARGENTINA",2011,8,1,12704.2831819684,23.8218381139449,117.372833251953,NA,102.831045597942,103.791505149105,98.91685,6.99873377022519,NA,NA,51,12.6636277012315,41730660,50.5599731573866,99.2161636352539,51.8119007511102,2.74533146547491,3.88650404225898,97899429.3212891,NA,NA,NA,NA,9.51042366,4.38,31,76.1,72.739,79.402,7.19399755352,1,NA,NA,0.764287095310235,"Americas","South America",0.844,1.573,1.299,1.293,1.959,1.268,-1.833,2.477,0.812,0.125,0,0.875,0.25,0.625,0.125,0,0,0.375,0.875,0.625,0.25,0.125,0,0.588,0.426,0.992,1.546,-0.388,-0.877,-0.969,0.551,0.47,-0.414,0.914,0.738,0.27,0.632,1.685,0.943,0.887,0.465,0.449
"ARG","ARGENTINA",2012,8,1,12949.717486654,1.93190202997013,116.43643951416,NA,103.338889946006,104.005001038129,99.05122,5.7817442068501,15.93801,NA,55.8,12.9528415127413,42161721,50.5371175304462,99.5844116210938,53.6581179163924,2.55649872416885,3.62564790864033,187530181.884766,NA,NA,NA,NA,9.8851881,4.58,27,75.802,72.851,78.672,7.2821889785,1,NA,NA,0.784824735364742,"Americas","South America",0.844,1.573,1.299,1.293,1.959,1.268,-1.833,2.477,0.812,0.125,0,0.875,0.25,0.625,0.125,0,0,0.375,0.875,0.625,0.25,0.125,0,0.589,0.423,0.992,1.546,-0.388,-0.877,-0.969,0.551,0.47,-0.414,0.914,0.738,0.27,0.632,1.685,0.877,0.887,0.465,0.461
"ARG","ARGENTINA",2013,8,1,12963.675773326,0.107788348945718,114.421348571777,NA,103.096425135666,103.468628388216,99.11341,6.05291843670451,NA,NA,59.9,12.4529027558077,42582455,50.506882458823,99.8371276855469,53.9190936666216,2.25387298647688,3.15558730477948,37472755.4321289,NA,NA,NA,NA,9.92091465,4.77,27,75.829,72.963,78.623,6.5775989523,1,NA,NA,0.83773642721392,"Americas","South America",0.847,1.573,1.299,1.293,2.462,1.218,-1.833,2.477,0.738,0.125,0,0.875,0.25,0.625,0.125,0,0,0.375,0.875,0.625,0.25,0.125,0,0.594,0.428,0.872,1.546,-0.407,-0.877,-1.066,0.551,0.47,-0.414,0.914,0.738,0.27,0.632,1.685,0.96,0.935,0.465,0.459
"ARG","ARGENTINA",2014,8,1,12233.1444119186,-5.63521777450296,113.873519897461,NA,105.178570925373,105.570753849346,99.44461,6.71270351428559,15.2,NA,64.7,12.6109666067191,43024071,50.4795803614312,99.9592437744141,52.9405434663365,2.09270565105548,2.96561619466374,49490070.3430176,NA,NA,NA,NA,9.79773045,4.84,27,76.268,73.303,79.15,7.20500989307,1,NA,NA,0.878100924236765,"Americas","South America",0.847,1.573,1.299,1.293,2.462,1.218,-1.833,2.477,0.738,0.125,0,0.875,0.25,0.625,0.125,0,0,0.375,0.875,0.625,0.25,0.125,0,0.604,0.422,0.872,1.546,-0.407,-0.877,-1.066,0.551,0.47,-0.414,0.914,0.738,0.27,0.632,1.685,0.96,1.159,0.465,0.473
"ARG","ARGENTINA",2015,9,1,13679.6264980954,11.8242868511183,112.936653137207,NA,105.736216015524,106.208514641268,99.49576,5.1566859021408,NA,NA,68.0431,12.3365069418291,43477012,50.4618624665375,99.9952087402344,55.8149012843362,0.693912054976671,1.11677493458146,-24463310.2416992,NA,NA,NA,NA,10.27364159,4.95,28,76.6,73.367,79.795,NA,1,NA,NA,0.850128597463815,"Americas","South America",0.847,1.573,1.299,1.293,2.462,1.218,-1.833,2.477,0.811,0.125,0.25,0.875,0.5,0.375,0.125,0,0,0.375,0.625,0.75,0.125,0.25,0,0.601,0.401,0.872,1.546,-0.401,-0.57,-0.84,0.551,0.47,-0.414,0.914,0.686,0.323,0.632,1.685,1.186,1.159,0.662,0.443
"ARG","ARGENTINA",2016,9,1,12699.9623137756,-7.16148342541514,111.654647827148,NA,105.326155244202,107.808027044358,99.10172,6.26456582010254,14.5,NA,70.969,12.0972836411962,43900313,50.4493179707097,100,56.1222358547004,0.549552011638029,0.929681521135013,6454796.79107666,NA,NA,NA,NA,10.05355549,4.94,30,76.105,73.044,79.131,NA,1,NA,NA,0.809245362717563,"Americas","South America",0.898,1.992,1.616,1.073,2.462,1.218,-0.658,2.477,0.811,0.125,0.5,0.875,0.75,0.125,0.125,0,0,0.25,0.25,0.875,0.125,0.625,0,0.616,0.299,0.929,1.546,-0.401,-0.048,0.372,0.889,0.85,-0.414,1.589,0.783,0.703,0.632,1.685,1.797,1.135,0.662,0.42
"ARG","ARGENTINA",2017,9,1,14532.5009308511,14.4294807480472,109.879669189453,NA,100.911945856337,102.169574526945,99.184,5.23162237725058,NA,NA,74.2949,10.939623860491,44288894,50.431923181464,NA,57.3499373815692,0.663565866238942,1.02056616793198,1143874.04918671,NA,NA,NA,NA,10.26057911,4.99,29,76.543,73.791,79.204,NA,1,NA,NA,0.84775481125944,"Americas","South America",0.88,1.992,1.156,1.073,2.462,1.218,-0.658,2.477,0.811,0.125,0.5,0.875,0.75,0.125,0.125,0,0,0.25,0.375,0.875,0.125,0.625,0,0.612,0.298,0.929,1.622,-0.402,-0.048,0.372,0.807,1.103,-0.123,1.612,0.351,0.703,0.632,1.685,1.619,1.168,0.765,0.437
"ARG","ARGENTINA",2018,9,1,11752.7998922979,-19.127478826801,109.305458068848,NA,99.3931908153891,100.941932583823,NA,4.53787889681146,14.5,NA,77.7,9.79144711720618,44654882,50.4135158167029,NA,56.3697502721818,1.31095340723836,2.0371251352841,85483421.3256836,NA,NA,NA,NA,10.17289257,3.69,30,76.77,73.951,79.505,NA,1,NA,NA,0.732300347538541,"Americas","South America",0.903,2.306,1.156,0.721,2.462,1.499,-0.658,2.477,0.811,0.111,0.445,0.778,0.667,0.111,0.111,0,0,0.222,0.222,0.778,0.111,0.556,0,0.637,0.302,0.929,1.727,-0.402,-0.112,0.448,0.807,1.103,-0.123,1.612,0.304,0.703,0.632,1.685,1.467,0.962,0.765,0.439
"ARG","ARGENTINA",2019,NA,1,9955.97478680428,-15.2884854839667,109.338218688965,NA,99.5688523594961,101.04723322764,NA,5.3185559967348,NA,NA,79.947,10.3919973375404,44973465,50.3980547107488,NA,55.4388171093669,1.29099565501431,2.16668838721926,16726140.9759521,NA,NA,NA,NA,10.11911297,3.69,33,76.847,74.163,79.439,NA,1,NA,NA,0.699696134379197,"Americas","South America",0.903,2.306,1.156,0.705,2.462,1.499,-0.658,2.477,0.811,0.125,0.375,0.75,0.5,0.25,0.125,0,0,0.375,0.375,0.75,0.125,0.375,0,0.626,0.317,0.929,1.606,-0.409,-0.112,0.366,0.898,1.103,-0.123,1.596,0.304,0.391,0.632,1.685,1.467,0.891,0.765,0.436
"ARG","ARGENTINA",2020,NA,1,8535.59938004389,-14.2665629149942,108.504623413086,NA,98.6217246737269,101.135527844995,NA,6.35703367575527,14.5,NA,85.5144,10.7081211457574,45191965,50.390551736145,NA,54.8578674557962,0.677055565819106,1.42962432529499,111248207.092285,99.1399993896484,99.129997253418,99.1600036621094,NA,10.67246342,3.19,27,75.878,72.981,78.783,NA,1,NA,NA,0.734111593948744,"Americas","South America",0.888,1.717,1.895,1.112,2.462,1.499,-1.12,2.477,0.643,0.125,0,0.875,0.5,0.5,0.125,0,0,0.375,0.875,0.75,0.125,0.125,0,0.644,0.333,0.695,1.865,-0.409,-0.366,-0.583,0.216,1.632,-0.123,1.596,1.004,0.532,0.585,1.685,1.124,0.851,0.631,0.458
"BLZ","BELIZE",1981,NA,1,1752.51703789335,NA,122.213958740234,NA,NA,NA,NA,17.0469798657718,NA,NA,NA,NA,148786,49.3705682696508,NA,51.8120805369128,0,1.0980515425706,28485137.9394531,NA,NA,NA,NA,NA,NA,NA,67.095,65.308,69.02,NA,NA,NA,NA,1.15896992837435,"Americas","Central America",NA,NA,NA,NA,NA,NA,NA,NA,NA,NA,NA,NA,NA,NA,NA,NA,NA,NA,NA,NA,NA,NA,NA,NA,NA,NA,NA,NA,NA,NA,NA,NA,NA,NA,NA,NA,NA,NA,NA,NA,NA,NA
"BLZ","BELIZE",1982,NA,1,1629.32322940976,-7.02953556626633,119.090530395508,NA,NA,NA,NA,14.2426071213036,NA,NA,NA,NA,152548,49.3608569106117,NA,57.6342788171394,0,1.72491766728428,32431163.7878418,NA,NA,NA,NA,NA,NA,NA,67.339,65.622,69.186,NA,NA,NA,NA,1.43758716875872,"Americas","Central America",NA,NA,NA,NA,NA,NA,NA,NA,NA,NA,NA,NA,NA,NA,NA,NA,NA,NA,NA,NA,NA,NA,NA,NA,NA,NA,NA,NA,NA,NA,NA,NA,NA,NA,NA,NA,NA,NA,NA,NA,NA,NA
"BLZ","BELIZE",1983,NA,1,1677.25548155115,2.941850412257,115.422729492188,NA,NA,NA,NA,13.7898149914171,NA,NA,NA,NA,156297,49.3582689256283,NA,58.611481975968,0,0.983097545178214,39827850.3417969,NA,NA,NA,NA,NA,NA,NA,67.601,65.844,69.502,NA,NA,NA,NA,1.53438103553192,"Americas","Central America",NA,NA,NA,NA,NA,NA,NA,NA,NA,NA,NA,NA,NA,NA,NA,NA,NA,NA,NA,NA,NA,NA,NA,NA,NA,NA,NA,NA,NA,NA,NA,NA,NA,NA,NA,NA,NA,NA,NA,NA,NA,NA
"BLZ","BELIZE",1984,NA,1,1814.18859813551,8.16411799457779,116.013778686523,NA,NA,NA,NA,13.3459617702773,NA,NA,NA,NA,160044,49.3589262952688,NA,56.4663337351472,0,0.660556480895898,39015869.140625,NA,NA,NA,NA,NA,NA,NA,67.952,66.117,69.957,NA,NA,NA,NA,1.54391891891892,"Americas","Central America",NA,NA,NA,NA,NA,NA,NA,NA,NA,NA,NA,NA,NA,NA,NA,NA,NA,NA,NA,NA,NA,NA,NA,NA,NA,NA,NA,NA,NA,NA,NA,NA,NA,NA,NA,NA,NA,NA,NA,NA,NA,NA
"BLZ","BELIZE",1985,NA,1,1754.01108696183,-3.31704825151729,112.648109436035,NA,NA,NA,NA,13.0351548903585,NA,NA,NA,NA,163796,49.3607902512882,NA,57.883745214062,0,0.563075709885316,56604507.4462891,NA,NA,NA,NA,NA,NA,NA,68.347,66.462,70.415,NA,NA,NA,NA,1.55982599550648,"Americas","Central America",NA,NA,NA,NA,NA,NA,NA,NA,NA,NA,NA,NA,NA,NA,NA,NA,NA,NA,NA,NA,NA,NA,NA,NA,NA,NA,NA,NA,NA,NA,NA,NA,NA,NA,NA,NA,NA,NA,NA,NA,NA,NA
"BLZ","BELIZE",1986,NA,1,1859.10214020555,5.99147029485151,106.149063110352,NA,NA,NA,NA,13.2905296950241,NA,NA,NA,NA,167554,49.3655776645141,NA,57.3675762439807,0,0.458824722665737,57668350.2197266,NA,NA,NA,NA,NA,3.31680011749268,NA,68.743,66.772,70.912,NA,NA,NA,NA,NA,"Americas","Central America",NA,NA,NA,NA,NA,NA,NA,NA,NA,NA,NA,NA,NA,NA,NA,NA,NA,NA,NA,NA,NA,NA,NA,NA,NA,NA,NA,NA,NA,NA,NA,NA,NA,NA,NA,NA,NA,NA,NA,NA,NA,NA
"BLZ","BELIZE",1987,NA,1,2165.89431416265,16.5021688331325,107.269973754883,NA,NA,NA,NA,14.6995419024522,NA,NA,NA,NA,171338,49.3711224078862,NA,53.1258420910806,0,0.768025229925464,52522289.276123,NA,NA,NA,NA,NA,NA,NA,69.108,67.085,71.344,NA,NA,NA,NA,NA,"Americas","Central America",NA,NA,NA,NA,NA,NA,NA,NA,NA,NA,NA,NA,NA,NA,NA,NA,NA,NA,NA,NA,NA,NA,NA,NA,NA,NA,NA,NA,NA,NA,NA,NA,NA,NA,NA,NA,NA,NA,NA,NA,NA,NA
"BLZ","BELIZE",1988,NA,1,2405.81116565818,11.0770340882622,107.738998413086,NA,NA,NA,NA,14.0348795823941,NA,NA,NA,NA,175180,49.3780718228575,NA,51.9278680745047,0,0.666135185141073,50416915.8935547,NA,NA,NA,NA,NA,NA,NA,69.401,67.386,71.633,NA,NA,NA,NA,NA,"Americas","Central America",NA,NA,NA,NA,NA,NA,NA,NA,NA,NA,NA,NA,NA,NA,NA,NA,NA,NA,NA,NA,NA,NA,NA,NA,NA,NA,NA,NA,NA,NA,NA,NA,NA,NA,NA,NA,NA,NA,NA,NA,NA,NA
"BLZ","BELIZE",1989,NA,1,2741.93638439592,13.9713882592187,108.363212585449,NA,NA,NA,NA,13.3272245978416,NA,NA,NA,NA,179107,49.382771192639,NA,52.9525554876807,0,0.650219921896862,56173107.1472168,NA,NA,NA,NA,NA,NA,NA,69.534,67.517,71.785,NA,NA,NA,NA,1.1991114230498,"Americas","Central America",NA,NA,NA,NA,NA,NA,NA,NA,NA,NA,NA,NA,NA,NA,NA,NA,NA,NA,NA,NA,NA,NA,NA,NA,NA,NA,NA,NA,NA,NA,NA,NA,NA,NA,NA,NA,NA,NA,NA,NA,NA,NA
"BLZ","BELIZE",1990,NA,1,2986.46962075029,8.91826804392631,111.605690002441,NA,NA,NA,NA,13.3900173668854,NA,NA,0,16.1715322302651,183076,49.3857708589376,87.9647369384766,52.9720704321789,0,0.572758685347127,54456398.0102539,NA,NA,NA,NA,NA,2.7000000477,NA,69.569,67.566,71.82,NA,NA,NA,NA,0.894743197157451,"Americas","Central America",NA,NA,NA,NA,NA,NA,NA,NA,NA,NA,NA,NA,NA,NA,NA,NA,NA,NA,NA,NA,NA,NA,NA,NA,NA,NA,NA,NA,NA,NA,NA,NA,NA,NA,NA,NA,NA,NA,NA,NA,NA,NA
"BLZ","BELIZE",1991,NA,1,3190.13098802395,6.81946890933029,114.843612670898,NA,NA,NA,NA,12.2399180401088,NA,NA,NA,15.4363605008429,187040,49.3733960650128,88.1896438598633,54.0433758612836,0,0.535944914133926,38281040.1916504,70.3000030517578,70.2699966430664,70.3300018310547,NA,NA,NA,NA,69.645,67.661,71.886,NA,NA,NA,NA,0.818168468482646,"Americas","Central America",NA,NA,NA,NA,NA,NA,NA,NA,NA,NA,NA,NA,NA,NA,NA,NA,NA,NA,NA,NA,NA,NA,NA,NA,NA,NA,NA,NA,NA,NA,NA,NA,NA,NA,NA,NA,NA,NA,NA,NA,NA,NA
"BLZ","BELIZE",1992,NA,1,3642.9480634402,14.194309798443,115.693542480469,NA,93.8069915771484,94.2632598876953,NA,11.8424000075315,NA,NA,NA,14.8494882040541,190983,49.3656503458423,88.4140396118164,55.339489406369,0,0.47752264160565,42354942.3217773,NA,NA,NA,NA,NA,NA,NA,69.601,67.632,71.836,NA,NA,NA,NA,0.788094264285229,"Americas","Central America",NA,NA,NA,NA,NA,NA,NA,NA,NA,NA,NA,NA,NA,NA,NA,NA,NA,NA,NA,NA,NA,NA,NA,NA,NA,NA,NA,NA,NA,NA,NA,NA,NA,NA,NA,NA,NA,NA,NA,NA,NA,NA
"BLZ","BELIZE",1993,NA,1,3859.6584437307,5.94876392736302,117.587097167969,NA,NA,NA,NA,11.1918608998556,NA,NA,NA,14.5289799611209,194902,49.3760967050107,88.635383605957,55.3159124267876,0,0.436250448086704,51892509.4604492,NA,NA,NA,NA,NA,2.7999999523,NA,69.595,67.579,71.864,NA,0.504827857017517,NA,NA,0.844087949169837,"Americas","Central America",NA,NA,NA,NA,NA,NA,NA,NA,NA,NA,NA,NA,NA,NA,NA,NA,NA,NA,NA,NA,NA,NA,NA,NA,NA,NA,NA,NA,NA,NA,NA,NA,NA,NA,NA,NA,NA,NA,NA,NA,NA,NA
"BLZ","BELIZE",1994,NA,1,3876.69327011457,0.441355799540759,119.996452331543,NA,NA,NA,NA,11.4077954182095,NA,NA,NA,14.9883136098508,199097,49.3847189295616,88.8506011962891,56.7875447956696,0,0.397405387876174,50871955.871582,NA,NA,NA,NA,NA,NA,NA,69.585,67.531,71.877,NA,0.479316979646683,NA,NA,1.05288722447478,"Americas","Central America",NA,NA,NA,NA,NA,NA,NA,NA,NA,NA,NA,NA,NA,NA,NA,NA,NA,NA,NA,NA,NA,NA,NA,NA,NA,NA,NA,NA,NA,NA,NA,NA,NA,NA,NA,NA,NA,NA,NA,NA,NA,NA
"BLZ","BELIZE",1995,NA,1,4009.82752539849,3.43422205492118,120.450706481934,NA,92.2354583740234,92.7702026367188,NA,11.9836022967535,NA,NA,0.0454,14.2066803263293,204146,49.3930814221195,89.0566482543945,56.4079403584394,0,0.4873231540489,27457969.6655273,NA,NA,NA,NA,NA,2.5,NA,69.484,67.357,71.854,NA,NA,NA,NA,1.01132983352715,"Americas","Central America",NA,NA,NA,NA,NA,NA,NA,NA,NA,NA,NA,NA,NA,NA,NA,NA,NA,NA,NA,NA,NA,NA,NA,NA,NA,NA,NA,NA,NA,NA,NA,NA,NA,NA,NA,NA,NA,NA,NA,NA,NA,NA
"BLZ","BELIZE",1996,NA,1,4043.26517997242,0.833892589198263,121.862091064453,NA,98.6902694702148,98.7527465820312,NA,11.8187026799073,NA,NA,0.883,14.7375323562094,210310,49.4001740279871,89.2504577636719,55.9353909516803,0,0.409891121326979,31358139.0380859,NA,NA,NA,NA,NA,2.1300001144,NA,69.363,67.165,71.821,NA,0.488577842712402,NA,NA,0.962038381608788,"Americas","Central America",NA,NA,NA,NA,NA,NA,NA,NA,NA,NA,NA,NA,NA,NA,NA,NA,NA,NA,NA,NA,NA,NA,NA,NA,NA,NA,NA,NA,NA,NA,NA,NA,NA,NA,NA,NA,NA,NA,NA,NA,NA,NA
"BLZ","BELIZE",1997,NA,1,4014.40380600241,-0.713813531523223,118.855888366699,NA,NA,NA,NA,11.3277559737846,NA,NA,1.29,14.7330318877743,217446,49.4074363632183,89.4289703369141,57.2085311067427,0,0.396693346471525,20190280.9143066,NA,NA,NA,NA,NA,NA,NA,69.183,66.93,71.728,NA,0.464212507009506,NA,NA,1.11142453608722,"Americas","Central America",NA,NA,NA,NA,NA,NA,NA,NA,NA,NA,NA,NA,NA,NA,NA,NA,NA,NA,NA,NA,NA,NA,NA,NA,NA,NA,NA,NA,NA,NA,NA,NA,NA,NA,NA,NA,NA,NA,NA,NA,NA,NA
"BLZ","BELIZE",1998,NA,1,4125.92539958166,2.77803626562183,NA,NA,NA,NA,NA,10.6424486597556,NA,NA,2.09,14.6085720098122,225173,49.4175589435678,89.5891265869141,57.5347479729228,0,0.331381514331657,21213672.6379395,NA,NA,NA,NA,NA,NA,NA,68.906,66.618,71.522,NA,0.478954464197159,NA,NA,NA,"Americas","Central America",NA,NA,NA,NA,NA,NA,NA,NA,NA,NA,NA,NA,NA,NA,NA,NA,NA,NA,NA,NA,NA,NA,NA,NA,NA,NA,NA,NA,NA,NA,NA,NA,NA,NA,NA,NA,NA,NA,NA,NA,NA,NA
"BLZ","BELIZE",1999,NA,1,4289.5277590653,3.9652282491639,116.884490966797,NA,95.6026077270508,95.6683578491211,97.74424,11.0647700357618,NA,NA,4.08,12.7543098492112,233059,49.4280393721735,89.7278671264649,59.0867899543774,0,0.282795926405084,66402374.2675781,NA,NA,NA,NA,NA,NA,NA,68.976,66.646,71.668,NA,0.462176293134689,NA,NA,NA,"Americas","Central America",NA,NA,NA,NA,NA,NA,NA,NA,NA,NA,NA,NA,NA,NA,NA,NA,NA,NA,NA,NA,NA,NA,NA,NA,NA,NA,NA,NA,NA,NA,NA,NA,NA,NA,NA,NA,NA,NA,NA,NA,NA,NA
"BLZ","BELIZE",2000,NA,1,4726.50675459616,10.1871119637207,117.034683227539,NA,97.5456314086914,94.9375381469727,94.82919,10.6436380611457,15.8,NA,5.96384,13.0334359248671,240799,49.4401993355482,89.8436584472656,57.1690860713652,0,0.205648153993696,26195966.7205811,76.9000015258789,76.6800003051758,77.120002746582,NA,2.93866777,NA,113,68.911,66.576,71.627,NA,NA,NA,NA,0.657400606900072,"Americas","Central America",NA,NA,NA,NA,NA,NA,NA,NA,NA,NA,NA,NA,NA,NA,NA,NA,NA,NA,NA,NA,NA,NA,NA,NA,NA,NA,NA,NA,NA,NA,NA,NA,NA,NA,NA,NA,NA,NA,NA,NA,NA,NA
"BLZ","BELIZE",2001,NA,1,4718.77715104739,-0.163537342695075,117.08415222168,NA,96.3692321777344,101.545890808105,91.96333,9.5094118174543,NA,NA,NA,13.9120493779612,248379,49.4762015959546,89.9410400390625,59.1642864611487,0,0.204856054940229,36626388.5498047,NA,NA,NA,NA,3.45384741,NA,131,68.944,66.619,71.66,NA,NA,NA,NA,0.660133826570744,"Americas","Central America",NA,NA,NA,NA,NA,NA,NA,NA,NA,NA,NA,NA,NA,NA,NA,NA,NA,NA,NA,NA,NA,NA,NA,NA,NA,NA,NA,NA,NA,NA,NA,NA,NA,NA,NA,NA,NA,NA,NA,NA,NA,NA
"BLZ","BELIZE",2002,NA,1,4858.86062599362,2.96863934155348,113.59684753418,NA,NA,NA,NA,9.17879604108667,15.76133,NA,5.68425,14.468908794637,256009,49.5349772859548,90.0260772705078,59.9826088990777,0,0.214525511494211,34041080.4748535,NA,NA,NA,NA,3.55506229,NA,119,69.528,67.112,72.364,NA,NA,NA,NA,0.65317934436876,"Americas","Central America",NA,NA,NA,NA,NA,NA,NA,NA,NA,NA,NA,NA,NA,NA,NA,NA,NA,NA,NA,NA,NA,NA,NA,NA,NA,NA,NA,NA,NA,NA,NA,NA,NA,NA,NA,NA,NA,NA,NA,NA,NA,NA
"BLZ","BELIZE",2003,NA,1,4959.74012434605,2.07619658429286,118.811058044434,NA,95.4029922485352,100.493072509766,92.11363,10.4615047120065,NA,NA,NA,14.5150475213548,263780,49.5960664338978,90.1048278808594,61.467980579849,0,0.209561895130113,17510839.4622803,NA,NA,NA,NA,3.5292151,NA,80,69.819,67.444,72.599,NA,NA,NA,NA,0.674810769936463,"Americas","Central America",NA,NA,NA,NA,NA,NA,NA,NA,NA,NA,NA,NA,NA,NA,NA,NA,NA,NA,NA,NA,NA,NA,NA,NA,NA,NA,NA,NA,NA,NA,NA,NA,NA,NA,NA,NA,NA,NA,NA,NA,NA,NA
"BLZ","BELIZE",2004,NA,1,5153.71308265363,3.91095003860018,120.602569580078,NA,99.9404830932617,100.950050354004,93.30201,10.3458143896381,15.75733,NA,9.8,14.855606548198,271688,49.6569594534908,90.1833572387695,61.4908384647358,0,0.185339714258494,8321174.62158203,NA,NA,NA,NA,3.41825557,NA,61,70.152,67.765,72.954,NA,NA,NA,NA,0.699362422608098,"Americas","Central America",NA,NA,NA,NA,NA,NA,NA,NA,NA,NA,NA,NA,NA,NA,NA,NA,NA,NA,NA,NA,NA,NA,NA,NA,NA,NA,NA,NA,NA,NA,NA,NA,NA,NA,NA,NA,NA,NA,NA,NA,NA,NA
"BLZ","BELIZE",2005,NA,1,5270.41479135312,2.26441997891353,120.297348022461,NA,103.525932312012,102.790420532227,92.96664,9.74017200317114,NA,NA,17,16.1007432416667,279731,49.7163346214756,90.2677307128906,62.4890490283378,0.0302356662908637,0.216624955471021,13588393.2113647,NA,NA,NA,NA,3.43729496,NA,70,70.335,68.02,73.042,NA,NA,NA,NA,0.75074714637425,"Americas","Central America",NA,NA,NA,NA,NA,NA,NA,NA,NA,NA,NA,NA,NA,NA,NA,NA,NA,NA,NA,NA,NA,NA,NA,NA,NA,NA,NA,NA,NA,NA,NA,NA,NA,NA,NA,NA,NA,NA,NA,NA,NA,NA
"BLZ","BELIZE",2006,NA,1,5524.78167834986,4.82631627806726,119.866386413574,NA,103.790512084961,100.825958251953,93.62886,9.51992221636579,15.75333,NA,24,16.6753004203618,287878,49.7747317449345,90.9885308574549,60.4547379942358,2.1564696584244,2.3394592469035,8769665.71807861,NA,NA,NA,NA,3.54883528,NA,55,70.535,68.227,73.233,NA,NA,95.8361387252808,NA,0.770603665352675,"Americas","Central America",NA,NA,NA,NA,NA,NA,NA,NA,NA,NA,NA,NA,NA,NA,NA,NA,NA,NA,NA,NA,NA,NA,NA,NA,NA,NA,NA,NA,NA,NA,NA,NA,NA,NA,NA,NA,NA,NA,NA,NA,NA,NA
"BLZ","BELIZE",2007,NA,1,5762.21023302938,4.29751922342812,117.773338317871,NA,101.875,106.810966491699,93.3871,8.69270778065837,NA,NA,24.6,17.3387443353701,296100,49.8297872340425,90.4782562255859,60.0995656727536,2.82529999150958,3.04354958283073,23840267.1813965,NA,NA,NA,NA,4.05345058,NA,38,70.652,68.341,73.359,NA,NA,NA,NA,0.804721615478068,"Americas","Central America",NA,NA,NA,NA,NA,NA,NA,NA,NA,NA,NA,NA,NA,NA,NA,NA,NA,NA,NA,NA,NA,NA,NA,NA,NA,NA,NA,NA,NA,NA,NA,NA,NA,NA,NA,NA,NA,NA,NA,NA,NA,NA
"BLZ","BELIZE",2008,NA,1,5711.81458859709,-0.874588784411562,115.303932189941,NA,98.5058135986328,99.4686813354492,93.81454,8.33436394275924,15.74933,NA,26.3,17.082969600109,304361,49.8808980125575,90.6150207519531,60.3511764708589,4.54726478814353,4.78778762102232,24078599.9298096,NA,NA,NA,NA,4.51286459,1.14,50,70.665,68.353,73.376,NA,NA,NA,NA,1.07408006688025,"Americas","Central America",NA,NA,NA,NA,NA,NA,NA,NA,NA,NA,NA,NA,NA,NA,NA,NA,NA,NA,NA,NA,NA,NA,NA,NA,NA,NA,NA,NA,NA,NA,NA,NA,NA,NA,NA,NA,NA,NA,NA,NA,NA,NA
"BLZ","BELIZE",2009,NA,1,5399.67100001919,-5.46487606935027,114.545341491699,NA,99.9467163085938,103.263206481934,94.92075,8.54570263168925,NA,NA,27.2,17.805730436574,312614,49.9293057892481,90.7728118896484,61.6208911929131,2.97041788271908,3.21021774100455,28307281.4941406,NA,NA,NA,NA,4.50473404,1.12,48,70.806,68.445,73.584,NA,NA,NA,NA,1.02025947294782,"Americas","Central America",NA,NA,NA,NA,NA,NA,NA,NA,NA,NA,NA,NA,NA,NA,NA,NA,NA,NA,NA,NA,NA,NA,NA,NA,NA,NA,NA,NA,NA,NA,NA,NA,NA,NA,NA,NA,NA,NA,NA,NA,NA,NA
"BLZ","BELIZE",2010,NA,1,5461.40735999001,1.14333558416061,112.946476456076,NA,102.419562419562,98.1984334203655,95.41596,8.74676184244561,15.74533,NA,28.2,18.8492959701734,320245,49.9245889865572,89.9172243747798,61.6120895941906,3.81365912702217,4.21853544863999,23894380.569458,NA,NA,NA,NA,4.47716761,1.12,75,70.875,68.466,73.715,NA,NA,NA,NA,0.876347006335822,"Americas","Central America",NA,NA,NA,NA,NA,NA,NA,NA,NA,NA,NA,NA,NA,NA,NA,NA,NA,NA,NA,NA,NA,NA,NA,NA,NA,NA,NA,NA,NA,NA,NA,NA,NA,NA,NA,NA,NA,NA,NA,NA,NA,NA
"BLZ","BELIZE",2011,NA,1,5596.05222152289,2.46538763102129,112.275924178746,NA,102.034070683956,104.262464479463,95.14914,8.86425886505326,NA,NA,30.7,18.3208816753347,327298,49.8710655121632,91.6817359855335,60.9175526201005,5.39177359139515,5.75130266465738,21241493.2250977,NA,NA,NA,NA,4.52904415,1.1,36,70.975,68.512,73.874,NA,NA,96.1619913578033,91.3544178009033,0.842255994312455,"Americas","Central America",NA,NA,NA,NA,NA,NA,NA,NA,NA,NA,NA,NA,NA,NA,NA,NA,NA,NA,NA,NA,NA,NA,NA,NA,NA,NA,NA,NA,NA,NA,NA,NA,NA,NA,NA,NA,NA,NA,NA,NA,NA,NA
"BLZ","BELIZE",2012,NA,1,5732.66519942347,2.4412384390402,115.222578079659,NA,106.283118849357,109.649122807018,96.65387,10.3744672571643,15.74133,NA,31,18.3628959510632,334414,49.823571979642,91.3423233032227,61.8058316187062,3.61620294980385,3.9491024337509,27558042.5262451,NA,NA,NA,NA,4.34283972,1.09,40,71.134,68.583,74.142,NA,NA,NA,NA,0.796165416080834,"Americas","Central America",NA,NA,NA,NA,NA,NA,NA,NA,NA,NA,NA,NA,NA,NA,NA,NA,NA,NA,NA,NA,NA,NA,NA,NA,NA,NA,NA,NA,NA,NA,NA,NA,NA,NA,NA,NA,NA,NA,NA,NA,NA,NA
"BLZ","BELIZE",2013,NA,1,5957.34953619006,3.9193695942541,113.524076873246,NA,102.306132792702,103.345435684647,95.743,10.079376070492,NA,NA,33.6,18.4715397684085,341627,49.7813398277649,91.5541839599609,62.1685345621907,2.37815923726399,2.7478714589422,55466567.9931641,NA,NA,NA,NA,4.42128754,1.09,55,71.276,68.67,74.34,NA,NA,NA,NA,0.874010589302631,"Americas","Central America",NA,NA,NA,NA,NA,NA,NA,NA,NA,NA,NA,NA,NA,NA,NA,NA,NA,NA,NA,NA,NA,NA,NA,NA,NA,NA,NA,NA,NA,NA,NA,NA,NA,NA,NA,NA,NA,NA,NA,NA,NA,NA
"BLZ","BELIZE",2014,NA,1,6128.12053089077,2.86655993010484,112.82886168273,NA,105.269889997442,103.101381287464,96.35903,10.1795484159839,15.73733,NA,38.7,19.8625602469168,348923,49.7443554719966,91.7720565795898,61.9065487529897,1.66821698471204,2.06063048735068,38549644.4702148,NA,NA,NA,NA,4.87071466,1.04,31,71.437,68.779,74.552,NA,NA,NA,NA,0.931313121713426,"Americas","Central America",NA,NA,NA,NA,NA,NA,NA,NA,NA,NA,NA,NA,NA,NA,NA,NA,NA,NA,NA,NA,NA,NA,NA,NA,NA,NA,NA,NA,NA,NA,NA,NA,NA,NA,NA,NA,NA,NA,NA,NA,NA,NA
"BLZ","BELIZE",2015,NA,1,6154.62264230369,0.432467202290278,113.602548159784,NA,106.385696040868,105.377186113286,96.20372,9.6138851978219,NA,NA,41.59,19.7057091458161,356333,49.7091204014223,91.8,62.1638668983423,0.50187422826991,0.832694636763692,32526756.2866211,90.9199981689453,90.1600036621094,91.629997253418,8.83975028991699,4.65988731,0.97,33,71.647,68.948,74.803,NA,NA,96.9863951206207,94.7517991065979,0.892830505973699,"Americas","Central America",NA,NA,NA,NA,NA,NA,NA,NA,NA,NA,NA,NA,NA,NA,NA,NA,NA,NA,NA,NA,NA,NA,NA,NA,NA,NA,NA,NA,NA,NA,NA,NA,NA,NA,NA,NA,NA,NA,NA,NA,NA,NA
"BLZ","BELIZE",2016,NA,1,6140.86713919469,-0.223498724592007,116.084024666164,NA,105.677749360614,106.147004969919,96.11602,7.70348583128466,15.73333,NA,44.5757,20.6436561300688,364705,49.6379265433707,92.2143173217773,61.8503566890223,0.324173047828252,0.707884094800211,40709178.9245605,NA,NA,NA,NA,4.77207184,0.95,49,71.843,69.136,74.986,NA,NA,NA,NA,0.96275814780823,"Americas","Central America",NA,NA,NA,NA,NA,NA,NA,NA,NA,NA,NA,NA,NA,NA,NA,NA,NA,NA,NA,NA,NA,NA,NA,NA,NA,NA,NA,NA,NA,NA,NA,NA,NA,NA,NA,NA,NA,NA,NA,NA,NA,NA
"BLZ","BELIZE",2017,NA,1,6071.85451846453,-1.12382533550808,115.629980470942,NA,103.024090210149,102.291886195996,96.18248,8.56166290071626,NA,NA,48.8771,21.346693969945,373202,49.5689990112567,NA,62.5535670175339,0.383066806127611,0.740544655771488,38918941.4978027,NA,NA,NA,NA,4.62228823,1.04,47,72.062,69.339,75.217,NA,NA,NA,NA,1.01066786730984,"Americas","Central America",NA,NA,NA,NA,NA,NA,NA,NA,NA,NA,NA,NA,NA,NA,NA,NA,NA,NA,NA,NA,NA,NA,NA,NA,NA,NA,NA,NA,NA,NA,NA,NA,NA,NA,NA,NA,NA,NA,NA,NA,NA,NA
"BLZ","BELIZE",2018,NA,1,6011.99036888587,-0.98592858897743,114.90527173544,NA,104.737384140062,103.923138510809,95.94237,7.16456851710216,15.72933,NA,53.5936,NA,380226,49.5653912005197,NA,63.7964017954211,0.502364606863084,0.796890251194486,36977878.5705566,NA,NA,NA,NA,4.75529861,1.04,39,72.322,69.605,75.45,NA,NA,NA,NA,1.01132122816519,"Americas","Central America",NA,NA,NA,NA,NA,NA,NA,NA,NA,NA,NA,NA,NA,NA,NA,NA,NA,NA,NA,NA,NA,NA,NA,NA,NA,NA,NA,NA,NA,NA,NA,NA,NA,NA,NA,NA,NA,NA,NA,NA,NA,NA
"BLZ","BELIZE",2019,NA,1,6171.61449761423,2.65509621496517,114.458351316357,NA,102.461139896373,102.915766738661,NA,6.5560913222365,NA,NA,58.7652,NA,385829,49.6086338990431,NA,64.0698800810696,0.336504088611723,0.584709328866043,39773418.4265137,NA,NA,NA,NA,4.81608105,NA,35,72.577,69.871,75.668,NA,NA,NA,NA,1.01662701573035,"Americas","Central America",NA,NA,NA,NA,NA,NA,NA,NA,NA,NA,NA,NA,NA,NA,NA,NA,NA,NA,NA,NA,NA,NA,NA,NA,NA,NA,NA,NA,NA,NA,NA,NA,NA,NA,NA,NA,NA,NA,NA,NA,NA,NA
"BLZ","BELIZE",2020,NA,1,5238.54078175696,-15.1187945426269,112.251430128031,NA,104.796663190824,104.811089970101,NA,8.3571697847969,15.72533,NA,64.4359,NA,390812,49.6526453963681,NA,61.4327094532924,0.135640326595164,0.478914006262091,75597671.5087891,NA,NA,NA,NA,5.33901167,0.98,34,71.58,69.047,74.463,NA,NA,NA,NA,1.26623781790202,"Americas","Central America",NA,NA,NA,NA,NA,NA,NA,NA,NA,NA,NA,NA,NA,NA,NA,NA,NA,NA,NA,NA,NA,NA,NA,NA,NA,NA,NA,NA,NA,NA,NA,NA,NA,NA,NA,NA,NA,NA,NA,NA,NA,NA
"BOL","BOLIVIA",1960,4,0,101.833417024987,NA,NA,NA,NA,NA,NA,NA,NA,NA,NA,NA,3702323,50.7516364054774,NA,NA,NA,NA,106026336.669922,NA,NA,NA,NA,NA,1.84541928768158,NA,43.338,41.17,45.562,NA,NA,NA,NA,NA,"Americas","South America",0.592,0.749,0.369,1.959,0.246,-0.997,0.08,1.04,-0.567,0.2,0.2,0.8,0.2,0.6,0.6,0.2,0,0,0.4,0.2,0.4,0,0.2,0.114,0.809,0.467,-1.678,-1.767,-0.881,-1.079,-0.444,-0.584,-1.164,-0.402,-1.153,-0.036,-0.712,0.709,-1.329,-1.091,-1.605,0.832
"BOL","BOLIVIA",1961,4,0,108.528765371499,6.57480475674224,NA,NA,NA,NA,NA,NA,NA,NA,NA,NA,3778731,50.7469571133801,NA,NA,NA,NA,182646759.033203,NA,NA,NA,NA,NA,NA,NA,43.628,41.471,45.838,NA,NA,NA,NA,1.20346398630851,"Americas","South America",0.592,0.749,0.369,1.959,0.246,-0.997,0.607,1.04,-0.567,0.2,0.2,0.8,0.2,0.6,0.6,0.2,0,0,0.4,0.2,0.4,0,0.2,0.114,0.81,0.467,-1.678,-1.767,-0.881,-1.079,-0.444,-0.584,-1.164,-0.402,-1.153,-0.036,-0.712,0.709,-1.329,-1.091,-1.605,0.831
"BOL","BOLIVIA",1962,4,0,116.24147429449,7.10660339366253,NA,NA,NA,NA,NA,NA,NA,NA,NA,NA,3857493,50.7400404200449,NA,NA,NA,NA,250593917.84668,NA,NA,NA,NA,NA,NA,NA,44.002,41.888,46.162,NA,NA,NA,NA,1.15869999293218,"Americas","South America",0.592,0.749,0.369,1.959,0.246,-0.997,0.607,1.04,-0.567,0.2,0.2,0.8,0.2,0.6,0.6,0.2,0,0,0.4,0.2,0.4,0,0.2,0.113,0.809,0.467,-1.678,-1.718,-0.881,-1.079,-0.444,-0.584,-1.164,-0.402,-1.153,-0.036,-0.712,0.709,-1.329,-1.091,-1.605,0.826
"BOL","BOLIVIA",1963,4,0,122.579067582423,5.45209300415196,NA,NA,NA,NA,NA,NA,NA,NA,NA,NA,3938913,50.7311281056474,NA,NA,NA,NA,365964324.951172,NA,NA,NA,NA,NA,NA,NA,44.335,42.217,46.496,NA,NA,NA,NA,1.32641201559317,"Americas","South America",0.592,0.749,0.369,1.959,0.246,-0.997,0.607,1.04,-0.567,0.2,0.2,0.8,0.2,0.6,0.6,0.2,0,0,0.4,0.2,0.4,0,0.2,0.111,0.809,0.467,-1.678,-1.718,-0.881,-1.079,-0.444,-0.584,-1.164,-0.402,-1.153,-0.036,-0.712,0.709,-1.329,-1.091,-1.605,0.823
"BOL","BOLIVIA",1964,-4,0,135.228463817406,10.3193771044779,NA,NA,NA,NA,NA,NA,NA,NA,NA,NA,4022996,50.7215395495147,NA,NA,NA,NA,281870452.880859,NA,NA,NA,NA,NA,NA,NA,44.674,42.552,46.838,NA,NA,NA,NA,NA,"Americas","South America",0.48,0.362,-0.533,1.234,0.246,-0.997,1.177,1.04,-0.567,0.2,0.2,0.8,0.2,0.6,0.6,0.2,0,0,0.4,0.2,0.4,0,0.2,0.09,0.834,0.467,-1.678,-1.705,-0.881,-1.079,-1.102,-0.584,-1.164,-0.402,-1.153,-0.036,NA,NA,-1.329,-1.091,-1.605,0.831
"BOL","BOLIVIA",1965,-4,0,147.057689573182,8.74758569449443,NA,NA,NA,NA,NA,NA,NA,NA,NA,NA,4109796,50.7113491764555,NA,NA,NA,NA,262275939.941406,NA,NA,NA,NA,NA,NA,NA,45.09,42.959,47.263,NA,NA,NA,NA,NA,"Americas","South America",0.311,-0.606,-0.66,0.272,-0.151,-0.997,2.17,1.04,-0.567,0.25,0.25,0.5,0.25,0.5,0.75,0,0,0,0.25,0,0.25,0,0.25,0.041,0.85,0.074,-1.87,NA,-0.881,-1.365,-1.911,-0.584,-1.164,-0.402,-1.402,-0.036,NA,NA,NA,NA,-1.624,0.806
"BOL","BOLIVIA",1966,-4,0,159.348482383093,8.35780355694668,NA,NA,NA,NA,NA,NA,NA,NA,NA,NA,4199550,50.700622685764,NA,NA,NA,NA,217331878.662109,NA,NA,NA,NA,NA,NA,NA,45.479,43.319,47.682,NA,NA,NA,NA,NA,"Americas","South America",0.311,-0.606,-0.66,0.272,-0.151,-0.997,2.17,1.04,-0.567,0.25,0.25,0.5,0.25,0.5,0.75,0,0,0,0.25,0,0.25,0,0.25,0.036,0.915,-0.332,-1.87,-2.587,-0.881,-1.365,-2.837,-1.726,-1.164,-1.779,-1.402,-0.036,-0.712,0.33,-2.112,-1.728,-1.324,0.836
"BOL","BOLIVIA",1967,-4,0,176.073477814252,10.495861134686,NA,NA,NA,NA,NA,NA,NA,NA,NA,NA,4292572,50.6886547272824,NA,NA,NA,NA,210862762.451172,NA,NA,NA,NA,NA,NA,NA,45.904,43.783,48.064,NA,NA,NA,NA,NA,"Americas","South America",0.287,-0.811,-0.66,0.272,-0.151,-0.997,2.17,1.04,-0.567,0.25,0.25,0.5,0.25,0.5,0.75,0,0,0,0.25,0,0.25,0,0.25,0.048,0.921,-0.332,-1.87,-2.587,-0.881,-1.365,-2.837,-1.726,-1.164,-1.779,-1.402,-0.036,-0.712,0.33,-2.112,-1.728,-1.324,0.892
"BOL","BOLIVIA",1968,-4,0,195.471270062333,11.0168734603769,NA,NA,NA,NA,NA,NA,NA,NA,NA,NA,4388944,50.674945955109,NA,NA,NA,NA,279023132.324219,NA,NA,NA,NA,NA,NA,NA,46.342,44.229,48.49,NA,NA,NA,NA,1.35015218468453,"Americas","South America",0.287,-0.811,-0.66,0.272,-0.151,-0.997,2.17,1.04,-0.567,0.333,0.333,0.333,0.333,0.333,1,0,0,0,0,0,0,0,0.333,0.048,0.921,-0.332,-1.87,-2.587,-0.881,-1.365,-2.837,-1.726,-1.164,-1.779,-1.402,-0.036,-0.712,0.33,-2.112,-1.728,-1.324,0.892
"BOL","BOLIVIA",1969,-4,0,207.126019695423,5.96238497318479,NA,NA,NA,NA,NA,NA,NA,NA,NA,NA,4488232,50.6592573645926,NA,NA,NA,NA,218025329.589844,NA,NA,NA,NA,NA,NA,NA,46.705,44.667,48.769,NA,NA,NA,NA,1.31822489730177,"Americas","South America",0.354,-0.616,0.204,0.272,-0.151,-0.997,2.17,1.04,-0.567,0.333,0.333,0.333,0.333,0.333,1,0,0,0,0,0,0,0,0.333,0.043,0.929,-0.332,-1.87,-2.587,-0.881,-1.365,-2.837,-1.726,-1.164,-1.779,-1.402,-0.036,NA,NA,-2.112,-1.728,-1.324,0.892
"BOL","BOLIVIA",1970,-5,0,221.568878282044,6.97298128350031,NA,NA,NA,NA,NA,19.508359543122,NA,NA,NA,NA,4590010,50.6424169010525,NA,44.3138553219666,0.414649790617165,1.99545883045688,195887084.960938,NA,NA,NA,NA,NA,2.32170009613037,NA,47.103,45.043,49.189,NA,NA,NA,NA,1.61221645007261,"Americas","South America",0.384,-0.49,0.367,0.69,-0.151,-0.997,2.484,1.04,-0.567,0.333,0.333,0.333,0.333,0.333,1,0,0,0,0,0,0,0,0.333,0.03,0.918,-0.515,-2.657,NA,-1.036,-1.382,-2.272,-1.726,-1.164,-1.779,-1.402,-0.036,NA,NA,NA,NA,-1.879,0.853
"BOL","BOLIVIA",1971,-7,0,233.392218893062,5.33619193394461,NA,NA,NA,NA,NA,19.8448063921328,NA,NA,NA,NA,4694342,50.6247626132134,NA,46.2354025814382,0.665714020190133,1.60568602023854,195569534.301758,NA,NA,NA,NA,NA,NA,NA,47.483,45.467,49.52,NA,NA,NA,NA,1.39158576575288,"Americas","South America",0.289,-0.694,-0.753,0.402,-0.151,-0.997,1.745,1.04,-0.567,0.25,0.34,0.25,0.34,0.25,0.84,0,0,0,0,0.09,0,0,0.25,0.018,0.951,-0.515,-2.657,NA,-1.036,-1.538,-2.837,-1.982,-1.164,-2.416,-1.697,-1.183,NA,NA,NA,NA,-1.879,0.853
"BOL","BOLIVIA",1972,-7,0,261.949887081198,12.2359127153339,NA,NA,NA,NA,NA,19.2523923444976,NA,NA,NA,NA,4800978,50.6043976873045,NA,43.8277511961723,0.571149783034975,1.60774067196897,271594512.939453,NA,NA,NA,NA,NA,NA,NA,47.829,45.927,49.741,NA,NA,NA,NA,1.59554189417413,"Americas","South America",0.227,-1.001,-1.002,-0.517,-0.151,-0.997,0.769,0.065,-0.567,0.2,0.401,0.2,0.401,0.2,0.801,0,0,0,0,0.2,0,0,0.2,0.017,0.95,-0.63,-2.657,NA,-1.036,-1.538,-2.837,-1.982,-1.164,-2.416,-1.697,-1.183,NA,NA,NA,NA,-1.879,0.864
"BOL","BOLIVIA",1973,-7,0,257.213253175457,-1.80822139628287,NA,NA,NA,NA,NA,20.1210826210826,NA,NA,NA,NA,4910200,50.5823184391674,NA,41.5400443178221,1.0309604428977,4.62783678157376,124805732.727051,NA,NA,NA,NA,NA,NA,NA,48.282,46.375,50.199,NA,NA,NA,NA,1.62263620944444,"Americas","South America",0.227,-1.001,-1.002,-0.517,-0.151,-0.997,-1.1,0.065,-0.567,0.2,0.6,0.2,0.6,0.2,1,0,0,0,0,0.2,0,0,0.2,0.017,0.95,-0.63,-2.657,NA,-1.036,-1.538,-2.837,-1.982,-1.164,-2.416,-1.697,-1.183,NA,NA,NA,NA,-1.879,0.864
"BOL","BOLIVIA",1974,-7,0,418.170299516169,62.5772756083124,NA,NA,NA,NA,NA,21.2463712939609,NA,NA,NA,NA,5022475,50.5591863455395,NA,40.0228430019512,3.52258007760293,8.57918560262433,254463424.682617,NA,NA,NA,NA,NA,NA,NA,48.752,46.907,50.601,NA,NA,NA,NA,1.83665409751227,"Americas","South America",0.227,-1.001,-1.002,-0.517,-0.151,-0.997,-1.1,0.065,-0.567,0.2,0.6,0.2,0.6,0.2,1,0,0,0,0,0.2,0,0,0.2,0.017,0.95,-0.63,-2.657,NA,-1.036,-1.538,-2.837,-1.982,-1.164,-2.416,-1.697,-1.183,NA,NA,NA,NA,-1.879,0.864
"BOL","BOLIVIA",1975,-7,0,468.064116140902,11.9314587101143,NA,NA,NA,NA,NA,20.8445903819776,NA,NA,NA,NA,5137539,50.5350420629328,NA,44.767031048672,2.99141060687901,4.71568892233748,195043090.820313,NA,NA,NA,NA,NA,2.05879998207092,NA,49.336,47.494,51.18,NA,NA,NA,NA,2.37123711512529,"Americas","South America",0.227,-1.001,-1.002,-0.517,-0.151,-0.997,-1.1,0.065,-0.567,0.2,0.6,0.2,0.6,0.2,1,0,0,0,0,0.2,0,0,0.2,0.017,0.95,-0.63,-2.657,NA,-1.036,-1.538,-2.837,-1.982,-1.164,-2.416,-1.697,-1.183,NA,NA,NA,NA,-1.879,0.864
"BOL","BOLIVIA",1976,-7,0,519.734821066353,11.0392365369655,NA,NA,NA,NA,NA,20.6138986957397,NA,NA,NA,NA,5256496,50.5099024140796,NA,45.7369162383156,2.87079668141286,4.28977128412561,221274612.426758,63.2099990844727,75.8399963378906,51.3699989318848,NA,NA,NA,NA,49.971,48.182,51.756,NA,NA,NA,NA,2.36715657458444,"Americas","South America",0.227,-1.001,-1.002,-0.517,-0.151,-0.997,-1.1,0.065,-0.567,0.2,0.6,0.2,0.6,0.2,1,0,0,0,0,0.2,0,0,0.2,0.017,0.95,-0.63,-2.657,NA,-1.036,-1.538,-2.837,-1.982,-1.164,-2.416,-1.697,-1.183,NA,NA,NA,NA,-1.879,0.864
"BOL","BOLIVIA",1977,-7,0,599.9882290041,15.4412220780376,NA,NA,NA,NA,NA,20.177761261052,NA,NA,NA,NA,5379166,50.4836437470046,NA,45.254796302318,1.70014358966065,4.93349327282901,248629196.166992,NA,NA,NA,NA,NA,NA,NA,50.387,48.618,52.151,NA,NA,NA,NA,2.24749944085215,"Americas","South America",0.227,-1.001,-1.002,-0.517,-0.151,-0.997,-1.1,0.065,-0.567,0.2,0.6,0.2,0.6,0.2,1,0,0,0,0,0.2,0,0,0.2,0.017,0.95,-0.63,-2.657,NA,-1.036,-1.538,-2.837,-1.982,-1.164,-2.416,-1.697,-1.183,NA,NA,NA,NA,-1.879,0.864
"BOL","BOLIVIA",1978,-4,0,682.801036523933,13.8024053667338,NA,NA,NA,NA,NA,18.4955187362038,NA,NA,NA,NA,5504123,50.456267056532,NA,46.7168426371639,1.97464196310885,5.2938418538521,364424530.029297,NA,NA,NA,NA,NA,NA,NA,50.838,49.171,52.493,NA,NA,NA,NA,2.59897009809179,"Americas","South America",0.281,-1.001,-0.14,-0.517,-0.151,-0.997,1.243,0.065,-0.567,0,0.184,0.034,0.633,0.333,0.851,0,0,0,0.034,0.034,0,0,0,0.021,0.936,-0.63,-2.102,-0.203,-1.036,-1.538,-2.266,-1.982,-1.164,-2.416,-1.697,-1.183,NA,NA,NA,NA,-0.976,0.726
"BOL","BOLIVIA",1979,-4,1,785.198889713429,14.9967337060284,NA,NA,NA,NA,NA,18.0501053098326,NA,NA,NA,NA,5630849,50.4274577421629,NA,48.0323689169715,4.44938590228508,8.8102393990601,347360321.044922,NA,NA,NA,NA,NA,NA,NA,51.353,49.739,52.952,NA,NA,NA,NA,2.70846107783402,"Americas","South America",0.458,0.188,-0.386,-0.752,0.554,-0.997,1.243,0.065,-0.567,0,0,0.292,0.374,0.333,0.708,0,0,0,0.292,0.292,0,0,0,0.04,0.916,-0.63,-1.183,-0.024,-1.036,-1.388,-2.266,-1.982,-1.164,-2.416,-1.079,-1.183,-0.73,-0.077,-1.79,-1.871,-0.976,0.695
"BOL","BOLIVIA",1980,-7,0,787.907344889279,0.344938742442499,NA,NA,NA,NA,NA,16.948741225429,NA,NA,NA,NA,5758900,50.3983138449506,NA,44.7379537835141,5.44751163751417,11.6971201422054,357315399.169922,NA,NA,NA,NA,NA,NA,NA,51.828,50.245,53.397,NA,NA,NA,NA,3.17239989323544,"Americas","South America",0.319,-0.238,-1.576,-0.752,0.554,-0.997,1.243,0.288,-0.567,0.152,0.152,0.152,0.333,0.333,0.667,0,0,0.152,0.152,0.152,0.152,0.152,0,0.033,0.932,-0.989,-1.183,-0.024,-1.036,-1.388,-2.266,-1.982,-1.164,-2.416,-1.711,-1.183,NA,NA,-1.79,-1.871,-0.976,0.693
"BOL","BOLIVIA",1981,-7,0,1000.59266819668,26.993697252218,NA,NA,NA,NA,NA,17.2792845177278,NA,NA,NA,NA,5888109,50.3695413299004,NA,44.5307416483227,2.84128762572181,5.13576825558408,314865386.962891,NA,NA,NA,NA,NA,NA,NA,52.259,50.708,53.794,NA,NA,NA,NA,3.90220332170092,"Americas","South America",0.36,0.182,-1.83,-0.752,0.554,-0.997,0.685,0.288,-0.567,0.333,0.333,0.333,0.333,0.333,0.667,0,0.333,0.333,0.333,0.333,0.333,0.333,0,0.023,0.947,-0.989,-1.491,NA,-1.412,-1.787,-2.863,-1.982,-1.164,-2.416,-1.711,-1.183,NA,NA,NA,NA,-0.976,0.693
"BOL","BOLIVIA",1982,7,1,929.552105072211,-7.09984845806456,NA,NA,NA,NA,NA,16.0862105042896,NA,NA,NA,NA,6018088,50.3410219325473,NA,44.9220896979842,1.9497511710971,3.88183938441437,275513702.392578,NA,NA,NA,NA,NA,NA,NA,52.511,51.025,53.979,NA,NA,NA,NA,1.9818473003102,"Americas","South America",0.578,0.582,0.136,1.389,0.797,-1.178,0.445,0.288,-0.567,0.2,0.2,0.245,0.245,0.201,0.31,0,0.2,0.245,0.29,0.245,0.245,0.245,0,0.12,0.779,-0.157,-1.361,NA,-1.062,-1.505,-0.873,-1.33,-1.164,-0.045,-0.974,0.501,-0.723,1.397,-1.16,-0.182,0.261,0.537
"BOL","BOLIVIA",1983,7,1,881.867606330418,-5.12983602334898,NA,NA,NA,NA,NA,19.4581425898651,NA,NA,NA,NA,6149060,50.3135519390684,NA,42.4717965049162,2.51904585140964,4.69810993606131,389726684.570313,NA,NA,NA,NA,NA,NA,NA,52.861,51.353,54.355,NA,NA,NA,NA,1.49932070318929,"Americas","South America",0.851,2.129,1.074,1.946,1.157,-0.614,1.176,1.577,-0.266,0.2,0.2,0.6,0.6,0.4,0,0,0.2,0.4,0.8,0.6,0.4,0.6,0,0.203,0.618,0.447,-0.552,NA,-1.35,-0.825,0.682,-0.206,-1.164,0.773,-0.015,0.501,-0.787,0.272,-0.157,-0.182,0.261,0.498
"BOL","BOLIVIA",1984,7,1,982.109656770748,11.367018101215,NA,NA,NA,NA,NA,21.5458321339619,NA,NA,NA,NA,6281868,50.2880671800172,NA,43.2022088868942,2.28481799586335,3.90523863325772,349208068.847656,NA,NA,NA,NA,NA,NA,NA,53.383,51.846,54.91,NA,NA,NA,NA,2.17084173606847,"Americas","South America",0.878,2.129,1.674,1.946,1.157,-0.614,1.176,1.577,-0.266,0.2,0.2,0.6,0.6,0.4,0,0,0.2,0.4,0.8,0.6,0.4,0.6,0,0.22,0.595,0.447,-0.552,NA,-0.885,-0.825,0.682,-0.206,-1.164,0.773,-0.015,0.501,-0.787,0.272,0.527,-0.182,0.261,0.498
"BOL","BOLIVIA",1985,9,1,838.080035867133,-14.6653298754027,NA,NA,NA,NA,NA,19.0156279822215,NA,NA,NA,8.25811409262511,6416185,50.2632795033186,NA,43.4237237453411,2.14769704421791,3.51239464709064,425203948.974609,NA,NA,NA,NA,NA,NA,NA,53.777,52.308,55.234,NA,NA,NA,NA,2.01399252543919,"Americas","South America",0.651,1.128,0.048,0.893,0.782,-0.614,0.878,1.577,-0.266,0.2,0.2,0.6,0.8,0.4,0.2,0,0.2,0.4,0.4,0.6,0.4,0.6,0,0.324,0.613,0.447,-0.028,-0.106,-0.885,-0.825,0.682,-0.206,-1.164,0.773,-0.015,0.501,-0.906,0.272,-0.158,-0.268,-0.372,0.585
"BOL","BOLIVIA",1986,9,1,604.257233504238,-27.8998177209849,NA,NA,NA,NA,NA,16.9331807919147,NA,NA,NA,8.01995452889205,6552479,50.2386501353152,NA,44.2985060895341,1.13382149372689,2.50385639964433,577170898.4375,NA,NA,NA,NA,NA,NA,NA,54.247,52.791,55.691,NA,NA,NA,NA,2.34554922832377,"Americas","South America",0.619,0.934,-0.083,-0.169,0.782,-0.614,-0.891,1.577,-0.266,0.2,0.2,0.6,0.8,0.4,0.2,0,0.2,0.4,0.4,0.6,0.4,0.6,0,0.416,0.617,0.223,-0.028,-0.106,-0.885,-0.893,0.682,-0.206,-1.164,0.773,-0.015,0.501,-0.906,0.272,-0.158,-0.268,-0.719,0.612
"BOL","BOLIVIA",1987,9,1,649.708769442851,7.52188528634208,NA,NA,NA,NA,NA,16.2961456362267,NA,NA,NA,7.94905256695826,6692162,50.2149081268505,NA,46.7285551656628,1.98031887414419,3.61638536540683,541486694.335938,NA,NA,NA,NA,NA,NA,NA,54.901,53.423,56.37,NA,NA,NA,NA,2.37726317649524,"Americas","South America",0.719,1.467,0.347,-0.169,0.782,-0.614,-0.891,1.577,-0.266,0.2,0.2,0.6,0.8,0.4,0.2,0,0.2,0.4,0.4,0.6,0.4,0.6,0,0.42,0.604,0.223,-0.028,-0.106,-0.885,-0.369,0.682,-0.206,-1.164,0.773,-0.015,0.501,-0.906,0.272,-0.158,-0.268,-0.719,0.612
"BOL","BOLIVIA",1988,9,1,672.607268146683,3.52442506255046,NA,NA,NA,NA,NA,15.735381118996,NA,NA,NA,7.28055147595597,6835508,50.1924436058822,NA,46.1210229324821,1.45643295413321,5.36042214815822,757947143.554688,NA,NA,NA,NA,NA,NA,NA,55.505,54.011,56.991,NA,NA,NA,NA,2.02098131957809,"Americas","South America",0.751,1.467,0.8,-0.169,0.782,-0.614,-0.891,1.577,-0.266,0.2,0.2,0.6,0.8,0.4,0.2,0,0.2,0.4,0.4,0.6,0.4,0.6,0,0.425,0.604,0.223,-0.028,-0.106,-0.885,-0.369,0.682,-0.206,-1.164,0.773,-0.015,0.501,-0.906,0.272,-0.158,-0.268,-0.719,0.612
"BOL","BOLIVIA",1989,9,1,675.469993900788,0.425616238431827,NA,NA,NA,NA,NA,15.2631401377697,NA,NA,NA,7.09474320469439,6981766,50.1721125898358,NA,46.4244410364696,2.14090278296784,7.4237948553511,849419250.488281,NA,NA,NA,NA,NA,NA,NA,56.146,54.58,57.714,NA,NA,NA,NA,2.15628869950008,"Americas","South America",0.788,1.751,0.8,-0.169,0.782,-0.614,-0.891,1.577,-0.266,0.2,0.2,0.6,0.8,0.4,0.2,0,0.2,0.4,0.4,0.6,0.4,0.6,0,0.427,0.594,0.223,0.499,-0.022,-0.885,-0.369,0.682,-0.206,-1.164,0.773,-0.015,0.501,-0.906,0.272,-0.158,-0.268,-0.719,0.605
"BOL","BOLIVIA",1990,9,1,682.67681029538,1.06693361062172,NA,NA,NA,NA,NA,15.3535992693103,NA,NA,0,7.23622459330852,7130142,50.1530123803986,56.3821678161621,46.1137828884103,2.75361755081365,7.28776717511939,776037170.410156,NA,NA,NA,NA,NA,1.317800045,NA,56.797,55.221,58.379,NA,NA,NA,NA,2.81588331884607,"Americas","South America",0.788,1.751,0.8,0.251,0.782,-0.614,-0.891,1.577,-0.266,0.2,0.2,0.6,0.8,0.4,0.2,0,0.2,0.4,0.4,0.6,0.4,0.6,0,0.432,0.586,0.454,0.735,-0.022,-0.885,-0.425,0.682,-0.206,-1.164,0.773,-0.015,0.501,-0.906,0.272,-0.158,-0.268,-0.719,0.593
"BOL","BOLIVIA",1991,9,1,733.935487602519,7.50848374137102,NA,NA,NA,NA,NA,15.5420957531421,NA,NA,NA,7.93272957509908,7280289,50.1336347865264,57.853515625,46.6091940226012,1.37366238218404,3.86536252330757,761338928.222656,NA,NA,NA,NA,NA,1.4110000134,NA,57.439,55.856,59.025,NA,NA,NA,NA,2.6883248571772,"Americas","South America",0.854,2.16,1.456,0.356,0.782,-0.614,-0.891,1.577,-0.266,0.2,0.2,0.6,0.8,0.4,0.2,0,0.2,0.4,0.4,0.6,0.4,0.6,0,0.463,0.557,0.454,2.305,-0.022,-0.885,-0.425,0.682,-0.206,-1.164,0.773,-0.015,0.501,-0.906,0.272,-0.158,-0.268,-0.719,0.593
"BOL","BOLIVIA",1992,9,1,759.57113496365,3.49290200489865,NA,NA,NA,NA,NA,14.4042043052046,NA,NA,NA,8.89978861639267,7430336,50.1152774403846,59.324348449707,47.5194937259488,1.42097317088114,3.83579549195986,983602905.273438,79.9899978637695,88.1600036621094,72.3099975585938,NA,NA,NA,NA,57.923,56.257,59.597,NA,NA,NA,NA,2.50611883346961,"Americas","South America",0.854,2.16,1.456,0.356,0.782,-0.614,-0.891,1.577,-0.266,0.2,0.2,0.6,0.8,0.4,0.2,0,0.2,0.4,0.4,0.6,0.4,0.6,0,0.47,0.548,0.454,2.803,-0.022,-0.885,-0.425,0.682,-0.206,-1.164,0.773,-0.015,0.501,-0.906,0.272,-0.158,-0.268,-0.719,0.593
"BOL","BOLIVIA",1993,9,1,756.637016048451,-0.386286258144799,NA,NA,NA,NA,NA,14.6479622916899,NA,NA,NA,9.51634540053983,7579195,50.0564967577036,60.7921257019043,48.9358470227934,1.3937400044077,3.64155613379886,848570983.886719,NA,NA,NA,75.3391418457031,NA,1.3999999762,NA,58.66,56.939,60.394,NA,NA,48.2215464115143,32.0101201534271,1.91634980988593,"Americas","South America",0.775,1.733,0.79,0.356,0.782,-0.378,-0.891,1.577,-0.266,0.2,0.2,0.6,0.8,0.4,0.2,0,0.2,0.4,0.4,0.6,0.4,0.6,0,0.475,0.547,0.454,2.803,-0.012,-0.885,-0.425,0.682,-0.206,-1.164,0.773,-0.015,0.501,-0.906,0.272,-0.158,-0.268,-0.719,0.589
"BOL","BOLIVIA",1994,9,1,774.035669644318,2.299471639219,NA,NA,NA,NA,NA,15.2442867266742,NA,NA,NA,10.0454684272089,7727322,49.9596496690574,64.1,48.3216076437381,1.32063764470926,4.41108909617144,782875915.527344,NA,NA,NA,NA,NA,NA,NA,59.282,57.467,61.132,NA,NA,NA,NA,2.25030123424626,"Americas","South America",0.814,1.733,0.79,0.356,1.746,0.028,-0.891,1.577,-0.266,0.2,0.2,0.6,0.8,0.4,0.2,0,0.2,0.4,0.4,0.6,0.4,0.6,0,0.487,0.537,0.689,2.803,-0.012,-0.885,-0.364,0.682,-0.206,-1.164,0.773,-0.015,0.166,-0.906,0.272,-0.158,0.147,-0.589,0.552
"BOL","BOLIVIA",1995,9,1,852.754034861444,10.1698627471908,NA,NA,NA,NA,NA,14.8592991083324,NA,NA,0.0668,9.72232949409585,7874676,49.8676009019292,63.7062683105469,46.7308234317658,1.67539093460871,5.11080000814782,894535766.601563,NA,NA,NA,NA,NA,NA,NA,59.787,57.907,61.722,NA,NA,NA,NA,2.09616225791141,"Americas","South America",0.885,2.137,1.441,0.356,1.746,0.381,-0.402,1.577,-0.266,0.2,0.2,0.6,0.8,0.4,0.2,0,0.2,0.4,0.4,0.6,0.4,0.6,0,0.496,0.537,0.689,2.803,-0.012,-0.885,-0.364,0.682,-0.206,-1.164,0.773,-0.015,0.166,-0.906,0.272,-0.158,0.147,-0.589,0.552
"BOL","BOLIVIA",1996,9,1,922.113259069714,8.13355567640786,NA,NA,NA,NA,NA,14.1846793837749,NA,NA,0.196,12.2938525238754,8021736,49.7791001847979,71,47.5103918978719,2.08266621438735,4.73280305606934,1030016113.28125,NA,NA,NA,NA,NA,1.6699999571,NA,60.287,58.427,62.21,NA,NA,NA,NA,1.98680754250518,"Americas","South America",0.885,2.137,1.441,0.356,1.746,0.381,-0.679,1.577,-0.266,0.2,0.2,0.6,0.8,0.4,0.2,0,0.2,0.4,0.4,0.6,0.4,0.6,0,0.496,0.537,0.689,2.803,-0.012,-0.885,-0.364,0.682,-0.206,-1.164,0.773,-0.015,0.166,-0.906,0.272,-0.158,0.147,-0.589,0.552
"BOL","BOLIVIA",1997,9,1,970.351843368594,5.23130795750038,NA,NA,NA,NA,NA,14.9182592343414,NA,NA,0.448,12.6203460249816,8167900,49.6942420940511,67.330431,49.2203470032769,1.64557088716868,4.01382529219893,954765014.648438,NA,NA,NA,NA,NA,NA,NA,60.745,58.896,62.668,NA,0.614592790603638,NA,NA,2.27361030066829,"Americas","South America",0.853,2.137,0.791,0.356,1.746,0.381,-0.679,1.577,-0.266,0.2,0.2,0.6,0.8,0.4,0.2,0,0.2,0.4,0.4,0.6,0.4,0.6,0,0.52,0.513,0.689,2.803,0.147,-0.885,-0.364,0.682,-0.206,-1.398,0.773,-0.015,0.166,-1.039,0.272,-0.158,1.76,-0.589,0.555
"BOL","BOLIVIA",1998,9,1,1022.14506519545,5.33757133361595,NA,NA,NA,NA,94.72467,12.6254313762121,NA,NA,0.626,13.5465291507295,8313394,49.6140204590327,71.2,51.7171694015191,1.24033297671521,2.23594806398861,850526245.117188,NA,NA,NA,67.2822113037109,NA,NA,NA,61.227,59.346,63.2,NA,NA,62.5624716281891,50.001448392868,2.69111085956905,"Americas","South America",0.822,1.793,0.791,0.356,1.746,0.381,-0.02,1.577,-0.266,0.2,0.2,0.6,0.8,0.4,0.2,0,0.2,0.4,0.4,0.6,0.4,0.6,0,0.521,0.514,0.209,2.803,0.147,-0.885,-0.364,0.682,-0.206,-1.398,0.773,-0.015,0.166,-1.039,0.272,-0.158,1.76,-0.589,0.567
"BOL","BOLIVIA",1999,9,1,979.344494964572,-4.18732836348369,NA,NA,NA,NA,94.759,13.2579915795139,NA,NA,0.982,12.0397851865925,8459806,49.5391501885504,70.929888,54.2201173752696,1.83148099301924,2.77497627522259,791926574.707031,NA,NA,NA,NA,NA,NA,NA,61.655,59.712,63.709,NA,0.629379093647003,NA,NA,2.13328709491197,"Americas","South America",0.852,1.793,1.468,0.356,1.746,0.381,-0.02,1.577,-0.266,0.2,0.2,0.6,0.8,0.4,0.2,0,0.2,0.4,0.4,0.6,0.4,0.6,0,0.527,0.514,0.209,2.803,0.147,-0.885,-0.364,0.682,-0.206,-1.398,0.773,-0.015,0.166,-1.039,0.272,-0.158,1.76,-0.589,0.567
"BOL","BOLIVIA",2000,9,1,975.777060358751,-0.364267591655796,119.13207244873,NA,NA,NA,95.14838,12.9658118842238,57.94489,NA,1.44276,12.3308028811412,8606326,49.4706393263094,69.963045,52.1618196573823,3.20071915897547,4.61282788346862,691653686.523438,NA,NA,NA,NA,4.39554119,NA,402,62.057,60.098,64.14,5.7175795936,0.636695027351379,68.8200533390045,NA,2.0629715134384,"Americas","South America",0.863,1.793,1.468,0.356,2.224,0.741,0.759,1.577,-0.266,0.2,0.2,0.8,0.8,0.6,0.4,0,0.2,0.4,0.4,0.6,0.4,0.6,0,0.529,0.512,0.209,2.803,0.147,-0.885,-0.364,0.682,-0.206,-1.398,0.773,-0.015,0.166,-1.039,0.272,-0.158,1.866,-0.589,0.567
"BOL","BOLIVIA",2001,9,1,930.168227214313,-4.67410384987628,118.06078338623,NA,NA,NA,94.89123,13.2556536661742,NA,NA,2.12046,11.7825460461138,8752736,49.4116696767731,69.258539,52.653776599304,2.70191454521148,4.33368686543391,1120547485.35156,86.7200012207031,93.0599975585938,80.6500015258789,NA,4.82522202,NA,382,62.538,60.486,64.74,6.44013099471,0.624214231967926,NA,NA,2.3204467435097,"Americas","South America",0.834,1.452,1.468,0.356,2.224,0.741,0.759,1.577,-0.266,0.2,0.2,0.8,0.8,0.6,0.4,0,0.2,0.4,0.4,0.6,0.4,0.6,0,0.528,0.512,0.209,2.803,0.147,-0.885,-0.364,0.682,-0.206,-1.398,0.773,-0.015,0.166,-1.039,0.272,-0.158,1.866,-0.589,0.567
"BOL","BOLIVIA",2002,9,1,888.221328974352,-4.50960342577863,118.543472290039,NA,NA,NA,95.16109,12.955118631021,55.68105,NA,3.11719,13.184104975504,8900355,49.3941590650981,63.996855,52.2995520552759,3.20143436722118,4.94485124710044,966732482.910156,NA,NA,NA,NA,4.89645052,NA,362,63.068,60.931,65.377,5.7725615537,0.623609244823456,NA,NA,1.99033371462944,"Americas","South America",0.811,1.741,0.347,0.356,2.224,0.741,2.078,1.577,-0.266,0.2,0.2,0.8,0.8,0.6,0.4,0,0.2,0.4,0.4,0.6,0.4,0.6,0,0.513,0.51,0.209,2.803,0.153,-0.885,-0.364,0.682,-0.206,-1.398,0.773,-0.015,0.166,-1.039,0.272,-0.158,1.866,0.009,0.51
"BOL","BOLIVIA",2003,8,1,893.013760211149,0.539553721630503,116.677192687988,NA,NA,NA,95.2292,13.4272369562791,NA,NA,3.5086,12.9730003184295,9050700,49.4116200306739,72.3,51.2880547650981,3.57840976144804,5.31627802754268,1093639648.4375,NA,NA,NA,53.6211738586426,5.19709635,NA,342,63.455,61.303,65.782,NA,0.625376462936401,66.5920317173004,57.5543463230133,2.14548339823865,"Americas","South America",0.872,2.142,0.982,0.71,2.224,0.741,2.462,1.577,-0.266,0.2,0.2,0.8,0.8,0.6,0.4,0,0.2,0.4,0.4,0.6,0.4,0.6,0,0.521,0.489,0.416,2.16,0.153,-0.885,-0.364,0.868,-0.206,-1.398,0.773,-0.015,0.166,-1.039,0.272,0.513,1.866,0.191,0.481
"BOL","BOLIVIA",2004,8,1,953.191893246277,6.73876884281146,115.955810546875,NA,NA,NA,94.82356,13.3223836388477,53.41721,NA,4.43992,15.0163488014671,9204287,49.4290866853674,76.0509185791016,49.2849694922866,5.08868092656529,7.4299811875095,898492370.605469,NA,NA,NA,NA,4.86315727,NA,321,63.819,61.675,66.134,NA,NA,NA,NA,1.89650330503014,"Americas","South America",0.898,2.142,1.66,0.71,2.224,0.741,2.462,1.577,-0.266,0.2,0.2,0.8,0.8,0.6,0.4,0,0.2,0.2,0.4,0.6,0.4,0.6,0,0.543,0.475,0.416,2.16,0.153,-0.752,-0.26,0.868,0.046,-1.398,1.501,-0.61,-0.011,-0.563,0.272,0.149,1.866,0.191,0.481
"BOL","BOLIVIA",2005,8,1,1020.12326200737,7.02181472957617,115.199371337891,NA,NA,NA,94.96596,11.7927215329112,NA,NA,5.22758,16.2151641032531,9360754,49.4464014330469,68.288209,46.8201969433938,7.33080300030145,11.5452208680479,692515747.070313,NA,NA,NA,NA,5.07408142,1.06,300,64.182,62.015,66.523,5.37467249486,0.642172634601593,NA,NA,1.717004422633,"Americas","South America",0.871,1.714,1.779,1.573,2.224,0.741,0.891,1.577,-0.266,0.143,0.143,0.572,0.571,0.429,0.286,0,0.143,0.143,0.286,0.429,0.286,0.429,0,0.534,0.475,0.416,2.16,0.71,-0.84,-0.26,0.685,0.046,-1.398,1.501,-0.61,-0.011,-0.563,0.272,0.436,1.649,0.962,0.366
"BOL","BOLIVIA",2006,8,1,1202.71150446327,17.8986451202581,113.561637878418,NA,NA,NA,95.07125,10.9375480546288,51.15337,NA,6.20067,16.8161681591928,9521689,49.4630206888715,76.211281,43.1317849879713,6.90511113358437,14.6334565247073,975468078.613281,NA,NA,NA,NA,4.66087532,1.09,279,64.529,62.399,66.825,5.34432356796,0.632506132125854,NA,NA,1.46622698404757,"Americas","South America",0.873,1.714,1.721,2.899,2.501,0.944,0.283,1.577,-0.74,0.143,0.143,0.714,0.286,0.286,0,0.571,0.143,0.429,0.571,0.286,0.714,0.286,0,0.464,0.556,0.738,1.74,0.71,-0.823,-0.898,0.499,-0.366,-1.398,1.475,-0.61,-0.011,-0.419,0.272,-0.976,0.793,0.994,0.301
"BOL","BOLIVIA",2007,8,1,1354.54905949929,12.6246031964066,112.767723083496,NA,NA,NA,94.89489,10.011155665672,NA,NA,10.4992,16.9648657360861,9685960,49.4794888146853,80.156567,42.5095719427825,4.87482833139779,13.9849345825977,518062500,90.2900009155273,95.0400009155273,85.9899978637695,NA,4.6968894,1.09,257,64.939,62.749,67.303,5.40890507797,0.652908444404602,NA,NA,1.4890475837354,"Americas","South America",0.873,1.714,1.721,3.664,2.501,0.944,0.578,1.577,-0.74,0.125,0.125,0.75,0.25,0.25,0,0.625,0.125,0.5,0.625,0.25,0.75,0.375,0,0.462,0.556,0.738,1.74,0.71,-0.823,-0.898,0.499,-0.366,-1.398,1.475,-0.61,-0.011,-0.419,0.272,-0.976,0.793,0.994,0.301
"BOL","BOLIVIA",2008,8,1,1692.67248455876,24.962065617945,111.650062561035,NA,NA,NA,94.08623,10.4424041155226,48.88953,NA,12.5,NA,9850858,49.4960845035021,84.674991,40.496023654551,5.13358898631882,12.7766867611472,626160888.671875,90.6999969482422,94.9599990844727,86.8300018310547,49.8425674438477,4.60677242,1.08,235,65.299,63.13,67.636,4.07874536974,0.655595123767853,74.6805667877197,73.3413875102997,2.19395160882894,"Americas","South America",0.873,1.714,1.721,3.664,2.501,0.944,0.718,1.577,-0.74,0,0,0.625,0.125,0.25,0,0.625,0,0.5,0.625,0.25,0.75,0.375,0,0.456,0.562,0.738,1.684,0.71,-0.823,-0.898,0.499,-0.366,-1.398,1.475,-0.722,-0.011,-0.419,0.272,-0.976,0.793,0.994,0.301
"BOL","BOLIVIA",2009,7,1,1731.18172112209,2.27505538812893,108.031242370605,NA,NA,NA,93.52178,11.1524074497311,NA,NA,16.8,NA,10016275,49.5117496274813,86.765597,43.5085261772037,1.99901854108232,7.44851742232197,656504272.460938,91.1699981689453,95.8000030517578,86.8199996948242,NA,5.17444515,1.05,214,65.656,63.51,67.964,4.67869532623,0.661576986312866,NA,NA,1.76136075631536,"Americas","South America",0.873,1.714,1.721,3.664,2.501,0.944,-0.138,2.282,-0.719,0,0,0.625,0.125,0.25,0,0.625,0,0.5,0.625,0.25,0.75,0.375,0,0.437,0.595,0.738,1.478,0.646,-0.823,-0.898,0.499,-0.469,-1.398,1.069,-1.006,-0.248,-0.419,0.272,-0.976,0.725,0.994,0.301
"BOL","BOLIVIA",2010,7,1,1929.78373077158,11.4720486720922,104.396370229571,NA,97.1373727989061,97.8182847645227,90.89746,10.3899057010594,46.62568,NA,22.4,NA,10182345,49.5271374128455,84.2948150634766,43.5524305510023,2.81120414194023,9.16161212209317,536424316.40625,NA,NA,NA,NA,5.20230532,1.06,195,66.003,63.846,68.323,NA,NA,NA,NA,2.78500726887326,"Americas","South America",0.861,1.67,1.447,2.971,2.426,0.986,-0.19,2.071,-0.68,0,0,0.625,0.125,0.25,0.125,0.625,0,0.5,0.625,0.25,0.75,0.375,0,0.402,0.633,0.995,1.244,0.646,-0.878,-0.899,0.429,-0.469,-1.398,0.579,-1.305,-0.388,-0.725,0.272,-0.884,0.478,0.932,0.297
"BOL","BOLIVIA",2011,7,1,2315.52121930607,19.988638228402,100.921849072087,NA,97.0167562770789,97.7385043661193,88.24213,9.7695858816954,NA,NA,30,NA,10348929,49.5424599009231,88.335943,41.013191725216,3.57882129837961,14.001095606139,543388610.839844,92.2300033569336,96.5999984741211,88.0800018310547,NA,5.17306805,1.04,177,66.282,64.134,68.588,3.83721802185,0.669611632823944,NA,NA,1.68412265690433,"Americas","South America",0.829,1.46,1.199,2.971,2.426,0.986,-0.19,2.071,-0.68,0,0,0.625,0.125,0.25,0.125,0.5,0,0.5,0.625,0.375,0.75,0.375,0,0.4,0.633,0.995,1.244,0.646,-0.878,-0.899,0.429,-0.469,-1.398,0.579,-1.305,-0.388,-0.725,0.272,-0.884,0.478,0.932,0.297
"BOL","BOLIVIA",2012,7,1,2575.59857098084,11.2319139857726,98.3129253076371,NA,97.7215737137916,98.7407040158651,86.63318,9.8121619148328,46.62568,NA,35.34,NA,10515807,49.5574709577686,90.387375,40.4434919386356,3.58582706729094,12.3531411069095,694344360.351563,94.4599990844727,97.1100006103516,91.870002746582,NA,5.2539444,1.07,161,66.586,64.447,68.879,3.78484711463,0.67280113697052,NA,NA,1.84560643919497,"Americas","South America",0.817,1.388,1.041,2.492,2.426,0.986,-0.526,2.071,-0.68,0,0,0.625,0.125,0.25,0.125,0.5,0,0.5,0.625,0.375,0.75,0.375,0,0.398,0.644,0.995,0.951,0.646,-0.878,-0.899,0.429,-0.469,-1.398,0.579,-1.366,-0.439,-0.725,0.272,-0.884,0.478,0.932,0.297
"BOL","BOLIVIA",2013,7,1,2870.02377000756,11.431331044519,96.8904736314233,NA,95.0533804767681,95.9917844586353,86.31707,9.9669794768463,NA,NA,36.99,NA,10682608,49.5727962284862,89.505686,40.2117817540524,3.31838837807072,11.9598682861297,717986877.441406,NA,NA,NA,NA,5.57465124,1.09,147,66.777,64.609,69.105,4.21818658032,0.676858067512512,NA,NA,1.84124031434345,"Americas","South America",0.769,1.181,0.689,2.492,2.426,0.986,-0.526,2.071,-0.68,0,0,0.625,0.125,0.25,0.125,0.5,0,0.5,0.625,0.375,0.75,0.375,0,0.4,0.61,1.134,0.901,0.646,-0.878,-0.631,0.429,-0.469,-1.398,0.517,-1.012,0.034,-0.725,0.272,-0.73,0.478,0.932,0.296
"BOL","BOLIVIA",2014,7,1,3041.43503162408,5.97246836098742,95.4654700824142,NA,91.5661312371839,91.8682963332502,86.31873,9.74021753770169,46.62568,NA,34.6016,NA,10848888,49.5885016049571,90.038729,41.4653506578459,3.03332355757079,10.5328802221264,692092651.367188,NA,NA,NA,NA,5.89613628,1.12,134,66.97,64.797,69.3,3.82899975881,0.67822128534317,NA,NA,1.89691504477836,"Americas","South America",0.769,1.181,0.689,2.315,2.426,0.986,-0.526,2.071,-0.68,0,0,0.625,0.125,0.25,0.125,0.5,0,0.5,0.625,0.375,0.75,0.375,0,0.389,0.608,1.166,0.874,0.562,-0.878,-0.666,0.429,-0.469,-1.398,0.517,-1.012,0.034,-0.725,0.272,-0.73,0.478,0.932,0.302
"BOL","BOLIVIA",2015,7,1,2996.01289811344,-1.49344414851384,95.0961939865757,NA,90.0175755877633,89.0040905951727,87.3167,10.2394941144455,NA,NA,37.4868,NA,11014705,49.604315322108,91.522822,45.97640028474,1.14024731448316,4.11807754841214,906381347.65625,92.4599990844727,96.5199966430664,88.5800018310547,NA,6.55064964,1.18,123,67.205,65.016,69.552,NA,0.685473144054413,NA,NA,1.75943591545975,"Americas","South America",0.742,1.071,0.493,1.76,2.426,0.921,-0.671,2.071,-0.939,0,0,0.625,0.125,0.25,0.125,0.5,0,0.5,0.625,0.375,0.75,0.375,0,0.372,0.618,0.605,0.795,0.562,-0.878,-0.815,0.763,-0.469,-1.376,0.517,-1.168,-0.074,-0.388,0.272,-0.73,0.336,0.932,0.337
"BOL","BOLIVIA",2016,7,1,3035.87347732132,1.33045419240284,95.5387659267627,NA,90.3517214595681,89.7464119045523,88.81425,11.1718754150532,NA,NA,39.6975,NA,11180020,49.6203539546757,93.0391311645508,49.8023324477813,0.788114698375915,2.97275312620724,803799865.722656,NA,NA,NA,NA,6.83333063,1.23,113,67.392,65.186,69.757,NA,0.688714802265167,NA,NA,1.53046784866919,"Americas","South America",0.723,0.968,0.557,1.76,1.823,1.253,-0.029,2.071,-1.149,0,0,0.625,0.125,0.25,0.25,0.5,0,0.5,0.5,0.375,0.75,0.375,0,0.372,0.607,0.982,1.085,0.562,-0.874,-0.815,0.763,-0.469,-1.376,0.517,-1.168,-0.074,-0.388,0.272,-0.73,0.336,1.102,0.304
"BOL","BOLIVIA",2017,7,1,4048.40119739839,33.3521053377516,96.4475043810472,NA,91.9059745018447,90.7919420726897,90.87779,7.67713722474752,NA,NA,43.8323,NA,11344587,49.6371441287373,NA,51.5106326361384,1.02986757658124,5.01456692473101,1068444335.9375,NA,NA,NA,NA,6.4901948,1.26,104,67.536,65.284,69.951,NA,0.692240536212921,NA,NA,1.53642735273655,"Americas","South America",0.738,0.894,0.718,1.708,2.322,1.452,-0.029,1.807,-1.149,0,0,0.625,0.125,0.25,0.25,0.5,0,0.5,0.5,0.375,0.75,0.375,0,0.366,0.631,0.621,0.991,0.562,-0.874,-0.769,0.304,-0.469,-1.376,0.517,-1.168,-0.074,-0.388,0.272,-1.004,0.197,1.102,0.311
"BOL","BOLIVIA",2018,7,1,4206.8552936661,3.9139919326557,97.122722190495,NA,94.7578485842426,93.5634792475887,92.85137,7.45035399971013,NA,NA,44.2861,NA,11508368,49.6546165364194,NA,52.3312287295658,1.4498952900262,5.37166725772886,785882568.359375,NA,NA,NA,NA,6.60399437,1.26,98,67.699,65.43,70.132,NA,0.696063220500946,NA,NA,1.49690260690782,"Americas","South America",0.738,0.894,0.718,2.155,2.322,1.277,0.356,1.807,-1.149,0,0,0.556,0.111,0.222,0.222,0.444,0,0.444,0.556,0.222,0.667,0.333,0,0.345,0.671,0.621,0.34,0.562,-0.874,-0.769,0.304,-0.841,-1.376,0.517,-1.168,-0.497,-0.388,0.272,-1.004,0.044,1.035,0.315
"BOL","BOLIVIA",2019,NA,1,4203.15492855788,-0.0879603611227341,97.6714741591375,NA,90.7982224598216,90.8594934723118,NA,7.63288264501605,NA,NA,47.4748,NA,11671386,49.6723096982655,NA,53.345193618041,1.0303191682966,4.09529358747088,777752563.476563,NA,NA,NA,NA,6.88792992,1.28,95,67.82,65.537,70.266,NA,0.698086857795715,NA,NA,1.45127092717043,"Americas","South America",0.645,0.788,0.203,1.441,1.439,1.548,1.124,0.926,-0.978,0,0.02,0.551,0.184,0.286,0.265,0.531,0.02,0.531,0.694,0.306,0.816,0.449,0,0.254,0.716,0.256,-0.218,0.363,-0.823,-0.797,0.151,-0.99,-1.376,0.377,-1.362,-0.715,-0.62,0.272,-1.133,-0.246,1.035,0.341
"BOL","BOLIVIA",2020,NA,1,3580.96761778303,-14.8028640711639,98.2369486079625,NA,91.8144508766954,92.4228576402489,NA,9.12405586834666,NA,NA,59.9401,NA,11816299,49.7299027385817,NA,55.7778796225764,0.497346305966912,2.7203797976672,361932312.011719,93.8499984741211,97.4400024414062,90.5,NA,8.0225811,1.37,94,62.906,59.654,67.126,NA,0.700131773948669,NA,NA,1.39204744468967,"Americas","South America",0.609,0.561,0.383,0.775,1.101,1.548,0.834,0.878,-0.857,0.143,0.714,0.571,1,0.286,0.571,0.143,0,0.286,0,0.429,0,0.286,0.143,0.23,0.631,-0.179,1.379,0.697,-0.756,-0.554,0.307,-0.99,-1.376,0.377,-1.077,-0.715,-0.751,0.272,0.787,0.201,1.072,0.387
"BRA","BRAZIL",1960,6,1,235.266009502589,NA,NA,NA,NA,NA,NA,0,NA,NA,NA,NA,72388126,49.870105079525,NA,0,NA,NA,316519317.626953,NA,NA,NA,NA,NA,3.20179533958435,NA,53.162,51.002,55.509,NA,NA,NA,NA,2.67913472590723,"Americas","South America",0.611,0.824,0.347,-0.145,-0.03,0.644,-1.102,1.543,0.544,0.125,0.375,0.875,0.625,0.625,0.375,0,0,0.375,0.75,0.875,0.375,0.375,0,0.274,0.549,-0.065,1.705,-0.75,-0.996,-0.529,0.271,0.708,-0.955,0.58,-0.224,-0.255,-1.208,2.015,0.586,0.088,-0.149,0.646
"BRA","BRAZIL",1961,5,1,231.564063269854,-1.57351512042128,NA,NA,NA,NA,NA,0,NA,NA,NA,NA,74605447,49.8898840455979,NA,0,NA,NA,2296997558.59375,NA,NA,NA,NA,NA,NA,NA,53.594,51.42,55.954,NA,NA,NA,NA,2.36406619385343,"Americas","South America",0.611,0.824,0.347,-0.145,-0.03,0.644,-1.102,1.543,0.544,0.125,0.375,0.875,0.625,0.625,0.375,0,0,0.375,0.75,0.875,0.375,0.375,0,0.273,0.534,0.813,1.705,-0.75,-0.996,-0.529,0.271,0.708,-0.955,0.58,-0.224,-0.255,-1.208,2.015,0.586,0.298,-0.149,0.575
"BRA","BRAZIL",1962,5,1,250.200572910273,8.04810097787103,NA,NA,NA,NA,NA,0,NA,NA,NA,NA,76865323,49.9088769859345,NA,0,NA,NA,1427513916.01563,NA,NA,NA,NA,NA,NA,NA,54.017,51.821,56.397,NA,NA,NA,NA,2.39868330737835,"Americas","South America",0.611,0.824,0.347,-0.145,-0.03,0.644,-1.102,1.543,0.544,0.125,0.334,0.875,0.584,0.584,0.375,0,0.041,0.293,0.75,0.875,0.375,0.375,0,0.275,0.534,0.813,1.705,-0.837,-0.996,-0.529,0.271,0.708,-0.955,0.58,-0.224,-0.255,-1.208,2.015,0.586,0.298,-0.149,0.574
"BRA","BRAZIL",1963,3,1,294.169619376733,17.5735194987856,NA,NA,NA,NA,NA,0,NA,NA,NA,NA,79164235,49.9272436590494,NA,0,NA,NA,1443998046.875,NA,NA,NA,NA,NA,NA,NA,54.452,52.231,56.857,NA,NA,NA,NA,2.26083918239834,"Americas","South America",0.597,0.824,0.282,-0.145,-0.03,0.644,-1.102,1.543,0.544,0.125,0.25,0.875,0.5,0.625,0.375,0,0.125,0.125,0.75,0.875,0.375,0.375,0,0.274,0.534,0.813,1.705,-0.837,-0.996,-0.529,0.271,0.708,-0.955,0.58,-0.224,-0.255,-1.208,2.015,0.586,0.298,-0.149,0.573
"BRA","BRAZIL",1964,-3,0,257.259726897671,-12.5471462883435,NA,NA,NA,NA,NA,0,NA,NA,NA,NA,81488595,49.9452358946672,NA,0,NA,NA,1774037475.58594,NA,NA,NA,NA,NA,NA,NA,54.848,52.601,57.281,NA,NA,NA,NA,2.01449809094829,"Americas","South America",0.259,-0.232,-1.392,-2.298,-1.401,0.644,-0.568,0.171,0.544,0.125,0.438,0.499,0.688,0.343,0.751,0,0.031,0.031,0.28,0.405,0.093,0.093,0.282,0.132,0.657,0.33,0.594,-0.837,-0.996,-0.456,-0.674,0.23,-0.955,-0.325,-0.224,-0.255,-0.871,0.242,0.082,-0.114,-0.035,0.605
"BRA","BRAZIL",1965,-9,0,268.028760553723,4.18605499815971,NA,NA,NA,NA,NA,0,NA,NA,NA,NA,83817583,49.9630125335756,NA,0,NA,NA,1707097290.03906,NA,NA,NA,NA,NA,NA,NA,55.243,52.963,57.709,NA,NA,NA,NA,3.35209215674899,"Americas","South America",0.2,-0.526,-1.767,-2.298,-1.401,0.644,-0.354,0.171,0.544,0.111,0.444,0.222,0.889,0.333,1,0,0,0,0,0.222,0,0.111,0.444,0.067,0.746,0.33,0.319,NA,-0.996,-0.385,-1.502,-0.054,-0.955,-0.534,-0.224,-0.61,-0.942,-0.144,-0.948,-1.04,-0.035,0.605
"BRA","BRAZIL",1966,-9,0,328.343791519407,22.5031936278326,NA,NA,NA,NA,NA,0,NA,NA,NA,NA,86139359,49.9804253245024,NA,0,NA,NA,2333997558.59375,NA,NA,NA,NA,NA,NA,NA,55.625,53.331,58.102,NA,NA,NA,NA,3.0219816316073,"Americas","South America",0.2,-0.526,-1.767,-2.298,-1.401,0.644,-0.354,0.171,0.544,0.111,0.444,0.222,0.889,0.333,1,0,0,0,0,0.222,0,0.111,0.444,0.067,0.743,0.33,0.319,-0.538,-0.996,-0.385,-1.502,-0.054,-0.955,-0.534,-0.224,-0.61,-0.942,-0.144,-0.948,-1.04,-0.093,0.552
"BRA","BRAZIL",1967,-9,0,351.472600370379,7.04408289370837,NA,NA,NA,NA,NA,0,NA,NA,NA,NA,88446124,49.9972508687577,NA,0,NA,NA,1219506225.58594,NA,NA,NA,NA,NA,NA,NA,56.016,53.712,58.497,NA,NA,NA,NA,2.85697200831844,"Americas","South America",0.2,-0.526,-1.767,-2.298,-1.401,0.644,-0.354,0.171,0.544,0.111,0.444,0.222,0.889,0.437,1,0,0.104,0,0,0.222,0,0.111,0.444,0.074,0.749,0.33,0.319,-0.538,-0.996,-0.385,-1.502,-0.054,-0.955,-1.061,-0.224,-0.61,-0.942,-0.144,-0.586,-1.04,-0.093,0.579
"BRA","BRAZIL",1968,-9,0,373.925432639683,6.38821696076547,NA,NA,NA,NA,NA,0,NA,NA,NA,NA,90741240,50.0133820080043,NA,0,NA,NA,1418952880.85938,NA,NA,NA,NA,NA,NA,NA,56.47,54.157,58.958,NA,NA,NA,NA,2.64974015836375,"Americas","South America",0.183,-0.691,-1.767,-2.298,-1.401,0.644,-0.227,0.171,0.544,0.111,0.444,0.222,0.889,0.444,1,0,0.111,0,0,0.222,0,0.111,0.444,0.069,0.764,0.33,0.319,-0.538,-0.996,-0.385,-1.502,-0.623,-0.955,-1.061,-0.224,-0.61,-0.942,-0.144,-0.586,-1.04,-0.093,0.579
"BRA","BRAZIL",1969,-9,0,399.49841913391,6.83906048157716,NA,NA,NA,NA,NA,0,NA,NA,NA,NA,93045777,50.0287826069611,NA,0,NA,NA,845178100.585938,NA,NA,NA,NA,NA,NA,NA,56.898,54.572,59.395,NA,NA,NA,NA,2.61559000626652,"Americas","South America",0.183,-0.691,-1.767,-2.298,-1.401,0.644,-0.128,0.171,0.544,0.111,0.444,0.222,0.889,0.444,1,0,0.111,0,0,0.222,0,0.111,0.444,0.067,0.764,0.33,0.319,-0.538,-0.996,-0.385,-1.502,-0.623,-0.955,-1.061,-0.402,-0.61,-0.942,-0.144,-0.586,-1.04,-0.093,0.579
"BRA","BRAZIL",1970,-9,0,443.799484982738,11.0891717531374,NA,NA,NA,NA,NA,0,NA,NA,NA,NA,95375651,50.043335484022,NA,0,0.0580871342065977,1.61330030982628,876999633.789063,NA,NA,NA,NA,NA,3.69180011749268,NA,57.338,55.005,59.837,NA,NA,NA,NA,2.88728955692843,"Americas","South America",0.183,-0.691,-1.767,-2.298,-1.401,0.879,-0.128,0.171,0.72,0.111,0.556,0.222,0.889,0.444,1,0,0.111,0,0,0.222,0,0.111,0.333,0.068,0.765,0.33,0.319,-0.535,-0.996,-0.385,-1.502,-0.623,-0.955,-1.061,-0.402,-0.61,-0.942,-0.144,-0.586,-1.04,-0.093,0.578
"BRA","BRAZIL",1971,-9,0,500.001988983361,12.6639407891176,NA,NA,NA,NA,NA,0,NA,NA,NA,NA,97739273,50.0570134177282,NA,0,0.0866783727871194,1.39264441373664,721113769.53125,NA,NA,NA,NA,NA,NA,NA,57.786,55.443,60.289,NA,NA,NA,NA,2.61904685858105,"Americas","South America",0.183,-0.691,-1.767,-2.298,-1.401,0.879,-0.128,0.171,0.72,0.111,0.556,0.222,0.889,0.444,1,0,0.111,0,0,0.222,0,0.111,0.333,0.068,0.769,0.33,0.319,-0.535,-0.996,-0.385,-1.502,-0.623,-0.955,-1.061,-0.402,-0.61,-0.942,-0.144,-0.586,-1.04,-0.093,0.574
"BRA","BRAZIL",1972,-9,0,583.492034946156,16.6979427686983,NA,NA,NA,NA,NA,0,NA,NA,NA,NA,100146797,50.0697356308833,NA,0,0.0829818942691442,1.38003707047932,555751831.054688,NA,NA,NA,NA,NA,NA,NA,58.255,55.906,60.761,NA,NA,NA,NA,2.43581199022501,"Americas","South America",0.183,-0.691,-1.767,-2.298,-1.401,0.879,-0.128,0.171,0.72,0.111,0.556,0.222,0.889,0.444,1,0,0.111,0,0,0.222,0,0.111,0.333,0.068,0.769,0.33,0.319,-0.535,-0.996,-0.385,-1.502,-0.623,-0.955,-1.061,-0.402,-0.61,-0.942,-0.144,-0.586,-1.04,-0.093,0.574
"BRA","BRAZIL",1973,-9,0,814.731780553415,39.6303174264577,NA,NA,NA,NA,NA,0,NA,NA,NA,NA,102600976,50.0813081934035,NA,0,0.106009897227546,1.40788298659705,344547302.246094,NA,NA,NA,NA,NA,NA,NA,58.681,56.338,61.172,NA,NA,NA,NA,2.15465130649243,"Americas","South America",0.183,-0.691,-1.767,-2.298,-1.401,0.879,-0.128,0.171,0.72,0.111,0.556,0.222,0.889,0.444,1,0,0.111,0,0,0.222,0,0.111,0.333,0.068,0.769,0.33,0.319,-0.535,-0.996,-0.385,-1.502,-0.623,-0.955,-1.061,-0.402,-0.61,-0.942,-0.144,-0.586,-1.04,-0.093,0.574
"BRA","BRAZIL",1974,-4,0,1044.76980947499,28.2348172014745,NA,NA,NA,NA,NA,0,NA,NA,NA,NA,105089675,50.0916712313396,NA,0,0.472519637288271,1.83087242188651,608422119.140625,NA,NA,NA,NA,NA,NA,NA,59.081,56.76,61.541,NA,NA,NA,NA,1.94135341120892,"Americas","South America",0.261,-0.489,-1.432,-1.679,-0.39,0.879,-0.034,0.171,0.72,0.111,0.556,0.222,0.889,0.444,1,0,0.111,0,0,0.222,0,0.111,0.333,0.066,0.779,0.33,0.319,-0.554,-0.996,-0.385,-1.502,-0.623,-0.955,-1.061,-0.746,-0.61,-0.942,-0.144,-0.586,-1.04,-0.093,0.574
"BRA","BRAZIL",1975,-4,0,1200.55823714607,14.9112681337304,NA,NA,NA,NA,NA,0,NA,NA,NA,NA,107619565,50.100487303582,NA,0,0.373603862526055,2.00567768248299,527215270.996094,NA,NA,NA,NA,NA,4.9951000213623,NA,59.556,57.255,61.987,NA,NA,NA,NA,1.97214379625895,"Americas","South America",0.276,-0.334,-1.432,-1.146,-0.39,0.879,-0.324,0.171,0.72,0.111,0.556,0.222,0.889,0.444,1,0,0.111,0,0,0.222,0,0.111,0.333,0.068,0.778,0.33,0.319,-0.554,-0.996,-0.385,-1.502,-0.623,-0.955,-1.061,-0.746,-0.61,-0.942,-0.144,-0.586,-1.04,-0.093,0.58
"BRA","BRAZIL",1976,-4,0,1389.74952306555,15.7586096255705,NA,NA,NA,NA,NA,0,NA,NA,NA,NA,110213349,50.1076380502692,NA,0,0.330242444580902,1.93362759577417,356779479.980469,NA,NA,NA,NA,NA,NA,NA,60.007,57.73,62.405,NA,NA,NA,NA,2.00275336513055,"Americas","South America",0.276,-0.334,-1.432,-1.146,-0.39,0.879,-0.324,0.171,0.72,0.111,0.556,0.222,0.889,0.444,1,0,0.111,0,0,0.222,0,0.111,0.333,0.07,0.778,0.33,0.319,-0.554,-0.996,-0.385,-1.502,-0.623,-0.955,-1.061,-0.746,-0.61,-0.942,-0.144,-0.586,-1.04,-0.093,0.58
"BRA","BRAZIL",1977,-4,0,1562.29143045708,12.4153240945845,NA,NA,NA,NA,NA,0,NA,NA,NA,NA,112875292,50.1133985992258,NA,0,0.232335459886067,1.76823165078168,211065811.157227,NA,NA,NA,NA,NA,NA,NA,60.461,58.205,62.83,NA,NA,NA,NA,1.68772647800164,"Americas","South America",0.286,-0.334,-1.312,-1.146,-0.39,0.879,-0.324,0.171,0.72,0.111,0.556,0.222,0.889,0.444,1,0,0.111,0,0,0.222,0,0.111,0.333,0.07,0.778,0.33,0.319,-0.554,-0.996,-0.385,-1.502,-0.623,-0.955,-1.061,-0.746,-0.61,-0.942,-0.144,-0.586,-1.04,-0.093,0.58
"BRA","BRAZIL",1978,-4,0,1732.50012204556,10.894810550083,NA,NA,NA,NA,NA,0,NA,NA,NA,NA,115600942,50.1181469611208,NA,76.02469584091,0.224772563826461,1.69806200881092,211223434.448242,NA,NA,NA,NA,NA,NA,NA,60.922,58.674,63.275,NA,NA,NA,NA,1.59967155032807,"Americas","South America",0.29,-0.334,-1.312,-1.146,-0.25,0.879,-0.324,0.171,0.72,0.111,0.556,0.222,0.889,0.444,1,0,0.111,0,0,0.222,0,0.111,0.333,0.074,0.77,0.33,0.319,-0.545,-0.996,-0.385,-1.502,-0.623,-0.955,-1.061,-0.746,-0.61,-0.942,-0.144,-0.586,-0.731,-0.093,0.58
"BRA","BRAZIL",1979,-4,0,1869.7133759549,7.91995637768455,NA,NA,NA,NA,NA,0,NA,NA,NA,NA,118380821,50.1224362189753,NA,46.1313726538209,0.550618644310113,2.36476911799912,194288833.618164,NA,NA,NA,NA,NA,NA,NA,61.365,59.103,63.73,NA,NA,NA,NA,1.52193168607333,"Americas","South America",0.29,-0.334,-1.312,-1.146,-0.25,0.879,-0.324,0.262,0.72,0.111,0.556,0.222,0.889,0.444,1,0,0.111,0,0,0.222,0,0.111,0.333,0.09,0.76,0.33,0.319,-0.545,-0.996,-0.385,-1.502,-0.623,-0.955,-1.061,-0.746,-0.61,-0.942,0.322,-0.408,-0.731,-0.093,0.58
"BRA","BRAZIL",1980,-4,0,1958.57159232662,4.75250471620221,NA,NA,NA,NA,NA,0,NA,NA,NA,NA,121207461,50.1261923141844,NA,43.9725400282911,0.699999011497544,2.77080988581465,168223495.483398,74.5899963378906,76.379997253418,72.8499984741211,NA,NA,NA,NA,61.819,59.543,64.195,NA,NA,NA,NA,1.13843442074363,"Americas","South America",0.331,-0.122,-1.113,-0.435,-0.25,0.879,-0.67,0.528,0.72,0.111,0.556,0.222,0.889,0.444,0.889,0,0.111,0.111,0,0.222,0,0,0.222,0.119,0.696,0.33,0.319,-0.545,-0.996,-0.385,-1.014,0.247,-0.955,-0.309,-0.574,-0.61,-0.942,0.322,-0.241,-0.731,0.601,0.509
"BRA","BRAZIL",1981,-4,0,2079.70908377484,6.18499175229632,NA,NA,NA,NA,NA,11.4508006149716,NA,NA,NA,NA,124063109,50.1291060654533,NA,45.8032024598864,0.629316306688949,2.4347097567803,561700500.488281,NA,NA,NA,NA,NA,NA,NA,62.267,59.969,64.656,NA,0.71153736114502,NA,NA,1.14314876818876,"Americas","South America",0.331,-0.122,-1.113,-0.435,-0.25,0.879,-0.67,0.528,0.72,0.111,0.556,0.222,0.889,0.444,0.889,0,0.111,0.111,0,0.222,0,0,0.222,0.119,0.696,0.33,0.319,-0.545,-0.996,-0.385,-1.014,0.247,-0.955,-0.309,-0.574,-0.61,-0.942,0.322,-0.241,-0.731,0.601,0.509
"BRA","BRAZIL",1982,-3,0,2137.6250359394,2.78481027064793,NA,NA,NA,NA,NA,5.6490539026237,NA,NA,NA,NA,126923155,50.1313873726871,NA,45.1924312209896,0.435449134712181,2.68175882307319,445383026.123047,NA,NA,NA,NA,NA,NA,NA,62.708,60.382,65.121,NA,0.711722850799561,NA,NA,1.30353436107498,"Americas","South America",0.339,-0.122,-1.113,-0.435,-0.11,1.003,-0.67,0.528,0.72,0.111,0.556,0.222,0.889,0.444,0.889,0,0.111,0.111,0,0.222,0,0,0.222,0.135,0.696,0.33,0.319,-0.572,-0.996,-0.385,-1.014,0.247,-0.955,-0.309,-0.574,-0.61,-0.942,0.322,-0.241,-0.731,0.601,0.508
"BRA","BRAZIL",1983,-3,0,1461.25582714178,-31.6411530285237,NA,NA,NA,NA,NA,10.0561007922548,NA,NA,NA,NA,129790077,50.1332732855995,NA,42.7384283670828,1.07979579101903,3.513261433871,284782440.185547,NA,NA,NA,NA,NA,NA,NA,63.133,60.781,65.572,NA,0.719652712345123,NA,NA,1.25458032300474,"Americas","South America",0.367,0.038,-1.113,-0.435,-0.11,1.003,-0.67,0.528,0.72,0.111,0.556,0.222,0.889,0.444,0.889,0,0.111,0.111,0,0.222,0,0,0.222,0.146,0.68,0.33,0.319,-0.572,-0.996,-0.385,-1.014,0.247,-0.955,-0.309,-0.574,-0.61,-0.942,0.322,0.099,-0.372,0.601,0.502
"BRA","BRAZIL",1984,-3,0,1419.73154606978,-2.84168454973565,NA,NA,NA,NA,NA,11.8573320632089,NA,NA,NA,NA,132658864,50.1349789195766,NA,43.4768842317661,1.49331145061436,3.5338366382632,419372680.664063,NA,NA,NA,NA,NA,NA,NA,63.553,61.194,65.997,NA,0.724044322967529,NA,NA,1.19954104516533,"Americas","South America",0.421,0.443,-1.113,-0.132,-0.11,1.003,-0.67,0.528,0.72,0.111,0.556,0.222,0.889,0.444,0.889,0,0.111,0.111,0,0.222,0,0,0.222,0.148,0.674,0.33,0.319,-0.572,-0.996,-0.385,-1.014,0.247,-0.955,-0.309,-0.574,-0.61,-0.942,0.944,0.099,-0.372,0.601,0.502
"BRA","BRAZIL",1985,7,1,1556.1297180511,9.60732135303388,NA,NA,NA,NA,NA,11.1453640115501,NA,NA,NA,NA,135515595,50.1368746526922,NA,41.4271077410449,1.79285373159391,3.80860118136164,245028610.229492,NA,NA,NA,NA,NA,NA,NA,63.98,61.601,66.441,NA,0.72638350725174,NA,NA,1.42952312218953,"Americas","South America",0.571,0.443,-0.058,0.549,1.073,1.003,-1.21,1.554,0.72,0.111,0.478,0.377,0.812,0.444,0.58,0,0.111,0.188,0.155,0.377,0.077,0.077,0.068,0.229,0.595,0.158,0.822,-0.572,-0.914,-0.488,0.538,0.247,-0.735,-0.309,-0.574,-0.61,-1.025,0.944,0.47,0.516,0.601,0.525
"BRA","BRAZIL",1986,7,1,1854.03775211919,19.1441645649689,NA,NA,NA,NA,NA,10.3636386654384,NA,NA,NA,NA,138336370,50.1391506803308,NA,40.6694305204324,0.65804142113814,2.3664187207187,311474243.164063,NA,NA,NA,NA,NA,NA,NA,64.389,61.989,66.869,NA,0.725666165351868,NA,NA,1.22038872750142,"Americas","South America",0.736,1.412,0.303,0.549,1.354,1.193,-1.437,1.554,0.72,0.111,0.222,0.889,0.667,0.444,0,0,0.111,0.222,0.556,0.889,0.111,0.222,0,0.317,0.524,-0.24,1.373,-0.393,-0.624,-0.488,0.538,0.247,-0.735,0.698,0.024,-0.61,-0.997,2.133,0.572,0.516,0.601,0.544
"BRA","BRAZIL",1987,7,1,2006.00226235757,8.19640862569722,NA,NA,NA,NA,NA,9.36152021128553,NA,NA,NA,NA,141104944,50.1419007685514,NA,41.2352675973291,0.957379779624883,2.65274212548969,492707061.767578,NA,NA,NA,NA,NA,3.56030011177063,NA,64.785,62.364,67.286,NA,0.728927552700043,NA,NA,1.74399403145367,"Americas","South America",0.767,1.412,0.612,0.707,1.354,1.193,-1.437,1.554,0.72,0.111,0.222,0.889,0.667,0.444,0,0,0.111,0.222,0.556,0.889,0.111,0.222,0,0.377,0.522,-0.24,1.373,-0.393,-0.624,-0.488,0.538,0.247,-0.735,0.698,0.024,-0.61,-0.997,2.133,0.702,0.516,0.601,0.532
"BRA","BRAZIL",1988,8,1,2140.65027561164,6.71225630103846,NA,NA,NA,NA,NA,9.79723660427779,NA,NA,NA,NA,143826357,50.1457629216041,NA,44.7820179045428,0.643872438571442,2.35076334658211,350508758.544922,NA,NA,NA,NA,NA,NA,NA,65.161,62.674,67.734,NA,0.7363001704216,NA,NA,2.1180722049862,"Americas","South America",0.868,1.766,1.944,1.264,1.354,1.687,-2.065,2.697,1.247,0.085,0.169,0.889,0.667,0.471,0,0.026,0.111,0.196,0.582,0.889,0.138,0.222,0,0.536,0.364,0.026,1.636,-0.393,-0.624,-0.693,0.849,1.396,-0.56,2.215,0.555,1.036,-0.997,2.133,0.85,0.83,0.601,0.518
"BRA","BRAZIL",1989,8,1,2818.99277980122,31.6886187303883,NA,NA,NA,NA,NA,8.44158737716968,NA,NA,NA,NA,146502972,50.1516549439011,NA,48.3673092660952,0.782840220998812,2.30401251802806,322536621.09375,NA,NA,NA,NA,NA,NA,NA,65.514,62.907,68.221,NA,0.738295495510101,NA,NA,2.68625,"Americas","South America",0.911,2.372,2.185,1.264,1.354,1.687,-2.065,2.697,1.247,0,0,0.889,0.667,0.556,0,0.111,0.111,0.111,0.667,0.889,0.222,0.222,0,0.584,0.359,0.026,2.165,-0.345,-0.922,-0.693,0.849,1.396,-0.56,2.215,0.555,0.904,-0.997,2.133,0.85,0.974,0.601,0.517
"BRA","BRAZIL",1990,8,1,2619.80141064047,-7.06604751129572,NA,NA,NA,NA,NA,6.96343671917276,NA,NA,0,NA,149143223,50.1602342333718,87.475116,60.4966083040231,1.03088670277662,2.68167389862843,237665344.238281,NA,NA,NA,NA,NA,3.3452999592,NA,65.862,63.133,68.706,NA,0.735289335250854,NA,NA,2.36384102519699,"Americas","South America",0.941,2.372,3.229,1.264,1.354,1.687,-2.065,2.697,1.247,0,0,0.889,0.667,0.556,0,0.111,0.111,0.111,0.778,0.889,0.222,0.222,0,0.682,0.316,0.026,2.364,-0.236,-0.792,-0.759,0.849,1.396,0.01,2.215,0.555,0.904,-0.997,2.133,1.568,1.516,0.601,0.506
"BRA","BRAZIL",1991,8,1,2258.10454027063,-13.8062705402321,NA,NA,NA,NA,NA,6.84138937730153,NA,NA,0.00329,NA,151724256,50.1715559574074,89.8356246948242,60.5497130345354,0.635770130186733,2.32109734238196,287916320.800781,NA,NA,NA,NA,NA,NA,NA,66.203,63.348,69.187,NA,NA,NA,NA,1.96333333333333,"Americas","South America",0.941,2.372,3.229,1.264,1.354,1.687,-2.065,2.697,1.247,0,0,0.889,0.667,0.556,0,0.111,0.111,0.111,0.778,0.889,0.222,0.222,0,0.699,0.316,0.026,2.364,-0.236,-0.792,-0.759,0.849,1.396,0.01,2.215,0.555,0.904,-0.997,2.133,1.568,1.516,0.601,0.495
"BRA","BRAZIL",1992,8,1,2127.29083011489,-5.79307591047411,NA,NA,NA,NA,NA,6.80608488408303,NA,NA,0.0129,NA,154275079,50.1854414878338,88.803833,68.3574513681691,0.721680504993654,2.48015551009855,-555748352.050781,NA,NA,NA,NA,NA,NA,NA,66.539,63.557,69.667,NA,0.779689311981201,NA,NA,1.52152886115445,"Americas","South America",0.941,2.372,3.229,1.264,1.354,1.687,-2.065,2.697,1.247,0,0,0.889,0.667,0.556,0,0.111,0.111,0.111,0.778,0.889,0.222,0.222,0,0.708,0.31,0.413,2.364,-0.236,-0.792,-0.759,0.849,1.396,0.01,2.215,0.555,0.904,-0.997,2.133,1.568,1.516,0.601,0.456
"BRA","BRAZIL",1993,8,1,2348.90635436384,10.4177351357727,NA,NA,NA,NA,NA,6.77810923883982,NA,NA,0.0255,NA,156794577,50.2012920370244,89.999927,73.3378800322126,0.627722800383303,2.05663127242723,219583236.694336,NA,NA,NA,NA,NA,3.5,NA,66.892,63.831,70.108,NA,0.783223271369934,NA,NA,1.92792281498297,"Americas","South America",0.941,2.372,3.229,1.264,1.354,1.687,-2.065,2.697,1.247,0,0,0.889,0.667,0.556,0,0.111,0.111,0.111,0.778,0.889,0.222,0.222,0,0.705,0.292,0.413,2.364,-0.236,-0.358,-0.457,0.849,1.396,0.01,2.215,0.689,0.904,-0.997,2.133,1.568,1.516,0.601,0.456
"BRA","BRAZIL",1994,8,1,3298.71491891786,40.4362039716674,NA,NA,NA,NA,NA,8.72198937517673,NA,NA,0.0377,NA,159265006,50.2180014359212,91.4888916015625,56.8943424724272,0.444187728125844,1.37319774228072,321277770.996094,NA,NA,NA,NA,NA,NA,NA,67.293,64.21,70.527,NA,NA,NA,NA,2.016007789121,"Americas","South America",0.941,2.372,3.229,1.264,1.354,1.687,-2.065,2.697,1.247,0,0,0.889,0.667,0.556,0,0.111,0.111,0.111,0.667,0.778,0.222,0.222,0,0.705,0.281,0.413,2.364,-0.238,-0.358,-0.096,0.849,1.396,0.01,2.215,0.689,0.904,-0.645,2.133,1.266,1.516,0.694,0.456
"BRA","BRAZIL",1995,8,1,4756.75013552302,44.2000976878434,NA,NA,NA,NA,NA,5.01166646465693,NA,NA,0.105,NA,161735073,50.2347700427353,91.728598,58.1214163702779,0.362004918741715,1.14877560865906,287503967.285156,NA,NA,NA,NA,NA,NA,NA,67.701,64.6,70.947,NA,0.789833307266235,NA,NA,1.86213698033379,"Americas","South America",0.941,2.372,3.229,1.264,1.354,1.687,-2.065,2.697,1.247,0,0,0.889,0.667,0.556,0,0.111,0.111,0.111,0.667,0.778,0.222,0.222,0,0.712,0.276,0.637,2.364,-0.238,-0.358,-0.096,0.849,1.396,0.01,2.215,0.689,0.904,-0.645,2.133,1.266,1.516,0.876,0.424
"BRA","BRAZIL",1996,8,1,5179.13052009976,8.87959999038921,NA,NA,NA,NA,NA,4.76841120833167,NA,NA,0.451,NA,164202549,50.2513149171637,92.867095,60.3188797934472,0.471367837068537,1.14889170835858,314299072.265625,NA,NA,NA,39.322696685791,NA,3.1099998951,NA,68.108,64.992,71.367,NA,0.793664872646332,90.8175587654114,79.6026587486267,1.65484349950291,"Americas","South America",0.941,2.372,3.229,2.213,1.354,1.941,-2.065,2.697,1.247,0,0,0.889,0.667,0.556,0,0.111,0.111,0.111,0.667,0.778,0.222,0.222,0,0.711,0.276,0.637,2.364,-0.238,-0.358,-0.096,0.849,1.396,0.01,2.215,0.689,0.904,-0.645,2.133,1.266,1.516,0.876,0.424
"BRA","BRAZIL",1997,8,1,5299.39794248133,2.32215469208242,NA,NA,NA,NA,NA,4.68504702548169,NA,NA,0.786,NA,166661659,50.2677037434267,93.354139,60.6057128176905,0.425301553735655,1.03895894476099,308038482.666016,NA,NA,NA,NA,NA,NA,NA,68.505,65.37,71.779,NA,0.796373605728149,NA,NA,1.57768831551774,"Americas","South America",0.941,2.372,3.229,2.213,1.354,1.941,-2.065,2.697,1.247,0,0,0.889,0.667,0.556,0,0.111,0.111,0.111,0.667,0.778,0.222,0.222,0,0.711,0.276,0.637,2.364,-0.238,-0.358,-0.096,0.849,1.396,0.01,2.215,0.689,0.904,-0.645,2.133,1.266,1.516,0.876,0.424
"BRA","BRAZIL",1998,8,1,5105.89246192003,-3.6514615935918,NA,NA,NA,NA,NA,4.75004478756631,NA,NA,1.48,NA,169159655,50.2840296050497,94.193812,61.1185930481354,0.269584542259557,0.962811621846264,331305511.474609,NA,NA,NA,NA,NA,NA,NA,68.848,65.683,72.152,NA,0.795732378959656,NA,NA,1.66229191975824,"Americas","South America",0.948,2.372,3.229,2.213,1.744,1.941,-2.065,2.697,1.247,0,0,0.889,0.667,0.556,0,0.111,0.111,0.111,0.667,0.778,0.222,0.222,0,0.712,0.275,0.637,2.364,-0.24,-0.358,-0.096,0.849,1.396,0.01,2.215,0.689,0.904,-0.645,2.133,1.266,1.516,0.876,0.42
"BRA","BRAZIL",1999,8,1,3493.57192043228,-31.577643938107,NA,NA,NA,NA,96.914,4.64598153820665,NA,NA,2.04,NA,171641543,50.3007683868235,94.76296,60.2036566347266,0.755293266193,1.71450974118159,82474914.5507813,NA,NA,NA,NA,NA,NA,NA,69.211,66.014,72.546,NA,0.796770691871643,NA,NA,1.64547466656987,"Americas","South America",0.948,2.372,3.229,2.213,1.744,1.941,-2.065,2.697,1.247,0,0,0.889,0.667,0.556,0,0.111,0.111,0.111,0.667,0.778,0.222,0.222,0,0.714,0.274,0.637,2.364,-0.24,-0.358,-0.096,0.849,1.396,0.01,2.215,0.689,0.904,-0.645,2.133,1.266,1.516,0.876,0.409
"BRA","BRAZIL",2000,8,1,3766.54786339835,7.81366318436327,NA,NA,NA,NA,NA,4.7504599720911,34.73978,NA,2.87069,NA,174018282,50.3185380850877,94.4665679931641,58.2518612474651,1.41179870802297,2.15912007223176,279829956.054688,86.370002746582,86.2300033569336,86.5,NA,8.33457184,2.81,49,69.584,66.347,72.96,NA,NA,NA,NA,1.73072614713627,"Americas","South America",0.948,2.372,3.229,2.213,1.744,1.941,-2.065,2.697,1.247,0,0,0.889,0.667,0.556,0,0.111,0.111,0.111,0.778,0.889,0.222,0.222,0,0.717,0.274,0.637,2.364,-0.24,-0.358,-0.096,0.849,1.396,0.01,2.215,0.689,0.904,-0.645,2.133,1.266,1.516,0.876,0.409
"BRA","BRAZIL",2001,8,1,3176.28975052524,-15.6710636444841,NA,NA,NA,NA,98.03385,4.80104301895508,NA,NA,4.52849,NA,176301203,50.3374123336947,96.016528,57.7136922473936,1.27147695936395,2.23774123802714,362035400.390625,NA,NA,NA,NA,8.54963303,2.78,46,69.98,66.699,73.4,9.03155558598,0.839105606079102,NA,NA,1.95188244532532,"Americas","South America",0.948,2.372,3.229,2.213,1.744,1.941,-2.065,2.697,1.247,0,0,0.889,0.667,0.556,0,0.111,0.111,0.111,0.778,0.889,0.222,0.222,0,0.717,0.274,0.637,2.364,-0.24,-0.358,-0.096,0.849,1.396,0.01,2.215,0.689,0.904,-0.645,2.133,1.266,1.516,0.876,0.409
"BRA","BRAZIL",2002,8,1,2855.94017137049,-10.0856535239512,NA,NA,NA,NA,95.73049,5.47527489476281,31.43266,NA,9.14943,NA,178503484,50.3571737028795,96.652996,57.3481454732844,1.67933238308169,2.8154673100718,301650573.730469,NA,NA,NA,NA,8.69686985,2.59,50,70.396,67.085,73.843,8.70625828732,0.841254413127899,NA,NA,1.89577119915617,"Americas","South America",0.948,2.372,3.229,2.213,1.744,1.941,-2.065,2.697,1.247,0,0,0.889,0.667,0.556,0,0.111,0.111,0.111,0.778,0.889,0.222,0.222,0,0.72,0.273,1.797,2.364,-0.199,-0.358,-0.378,0.849,1.396,0.01,2.215,0.689,0.904,-1.102,2.133,1.266,1.516,1.114,0.327
"BRA","BRAZIL",2003,8,1,3090.6068907839,8.21679395688459,NA,NA,NA,NA,93.17962,6.16718438742418,NA,NA,13.2076,NA,180622688,50.3774733416797,96.980098,56.3578281358252,1.73818665052402,2.70034429443933,257625457.763672,NA,NA,NA,NA,8.18899441,2.42,51,70.884,67.558,74.337,9.36003640023,0.842731773853302,99.3026077747345,92.4322962760925,1.50347763554507,"Americas","South America",0.948,2.372,3.229,3.508,1.744,1.941,-2.065,2.697,0.452,0,0,0.889,0.667,0.556,0,0.111,0.111,0.111,0.778,0.889,0.222,0.222,0,0.724,0.264,1.797,2.364,-0.239,-0.358,-0.378,0.849,1.396,0.01,2.215,0.689,0.904,-1.102,2.133,1.266,1.943,1.114,0.332
"BRA","BRAZIL",2004,8,1,3663.82262497811,18.5470282844293,NA,NA,NA,NA,94.42334,5.66531157678895,28.12555,NA,19.0737,NA,182675143,50.3978732344553,96.765107,54.9204711079064,1.88707133960992,2.53496036492128,188069412.231445,88.620002746582,88.4100036621094,88.8099975585938,NA,8.12491989,NA,52,71.361,68.019,74.824,8.44293441727,0.827372848987579,NA,NA,1.46126840890621,"Americas","South America",0.948,2.372,3.229,3.508,1.744,1.941,-2.065,2.697,0.452,0,0,0.889,0.667,0.556,0,0.111,0.111,0.111,0.778,0.889,0.222,0.222,0,0.724,0.264,1.797,2.364,-0.239,-0.358,-0.378,0.849,1.396,0.01,2.215,0.689,0.904,-1.102,2.133,1.266,1.943,1.114,0.332
"BRA","BRAZIL",2005,8,1,4827.78165890291,31.7689788252714,NA,NA,NA,NA,94.85334,4.65116882266178,NA,NA,21.0227,NA,184688101,50.4180518353045,97.093513,56.0758916063079,2.36913016995635,3.65047497650545,248957382.202148,NA,NA,NA,NA,8.03539562,2.52,48,71.832,68.485,75.292,8.74081629071,0.824902415275574,NA,NA,1.52401346273319,"Americas","South America",0.948,2.372,3.229,3.508,1.744,1.941,-2.065,2.697,0.452,0,0.25,0.85,0.6,0.65,0.1,0.05,0.1,0.2,0.65,0.7,0.25,0.3,0,0.78,0.185,1.797,3.112,-0.239,-0.662,-0.378,0.932,2.513,0.701,2.215,1.682,1.716,-1.102,2.133,1.266,1.749,1.114,0.332
"BRA","BRAZIL",2006,8,1,5934.14561857454,22.9166113515383,NA,NA,NA,NA,NA,4.37004377895807,24.81844,NA,28.1784,NA,186653106,50.4379811951159,97.594314,57.1381272137718,2.44556560201409,3.82714515901824,119174438.476563,89.620002746582,89.3499984741211,89.8600006103516,NA,8.24952507,2.48,44,72.296,68.953,75.744,8.03317498536,0.828887283802032,96.92,96.11,1.48108495636286,"Americas","South America",0.948,2.372,3.229,3.508,1.744,1.941,-2.065,2.697,0.452,0,0.3,0.95,0.7,0.7,0.1,0.05,0.1,0.2,0.7,0.75,0.3,0.3,0,0.778,0.184,1.797,3.112,-0.195,-0.662,-0.373,0.932,2.513,0.701,2.215,1.682,1.716,-1.102,2.133,1.266,1.749,1.114,0.326
"BRA","BRAZIL",2007,8,1,7409.69003822861,24.8653220614515,NA,NA,NA,NA,91.58906,4.41691543617235,NA,NA,30.88,NA,188552320,50.4580381166456,98.125382,57.7262362197187,2.06708286540223,4.10201494553661,350007293.701172,90.0100021362305,89.7699966430664,90.2300033569336,NA,8.20182991,2.5,44,72.73,69.368,76.191,7.69859457233,0.830104887485504,NA,NA,1.46629209992902,"Americas","South America",0.948,2.372,3.229,3.508,1.744,1.941,-2.065,2.697,0.452,0,0.3,0.95,0.7,0.7,0.1,0.05,0.1,0.2,0.7,0.75,0.3,0.3,0,0.773,0.187,1.797,3.112,-0.195,-0.662,-0.373,0.932,2.513,0.701,2.215,1.682,1.716,-1.102,2.133,1.266,1.749,1.114,0.311
"BRA","BRAZIL",2008,8,1,8908.33338467948,20.2254525994874,NA,NA,NA,NA,97.54903,4.56785118104723,21.51132,NA,33.83,NA,190367302,50.4785005067651,98.526625,56.8048617741342,2.44243714676148,4.7760488329414,454779998.779297,90.0400009155273,89.8399963378906,90.2200012207031,NA,8.01128483,2.6,44,73.111,69.733,76.585,6.74411791487,0.833461999893188,NA,NA,1.44192408837717,"Americas","South America",0.948,2.372,3.229,3.29,1.744,1.941,-2.065,2.697,0.452,0,0.3,0.95,0.7,0.7,0.1,0.05,0.1,0.2,0.7,0.75,0.3,0.3,0,0.773,0.187,1.797,3.112,-0.195,-0.662,-0.373,0.932,2.513,0.701,2.215,1.682,1.716,-1.102,2.133,1.266,1.749,1.114,0.311
"BRA","BRAZIL",2009,8,1,8678.6584730653,-2.57820292187509,NA,NA,NA,NA,95.52765,4.47677399214453,NA,NA,39.22,NA,192079951,50.4991103964781,98.856938,59.14505921907,1.33048498208149,2.38487387569911,424620605.46875,90.3000030517578,90.1699981689453,90.4100036621094,NA,8.39480495,2.58,43,73.457,70.076,76.93,7.89812794723,0.835898637771606,NA,NA,1.53862567601211,"Americas","South America",0.948,2.372,3.229,3.29,1.744,1.941,-2.065,2.697,0.452,0,0.3,0.95,0.7,0.7,0.1,0.05,0.1,0.2,0.7,0.75,0.3,0.3,0,0.773,0.187,1.797,3.112,-0.195,-0.662,-0.373,0.932,2.513,0.701,2.215,1.682,1.716,-1.102,2.133,1.266,1.749,1.114,0.311
"BRA","BRAZIL",2010,8,1,11403.2840038694,31.3945472017378,NA,NA,NA,NA,NA,4.11575648647055,18.20421,NA,40.65,14.2495759566254,193701929,50.5196669955741,98.883056640625,57.6129219702781,1.49436765608812,3.64871282999395,501064575.195313,90.379997253418,90.0599975585938,90.6800003051758,NA,7.94516611,2.59,42,73.779,70.392,77.257,NA,NA,NA,NA,1.53940698128362,"Americas","South America",0.952,2.498,3.229,3.29,1.744,1.941,-2.027,2.697,0.452,0,0.3,0.95,0.7,0.7,0.15,0.05,0.1,0.2,0.7,0.75,0.3,0.3,0,0.778,0.178,1.797,3.112,-0.158,-0.662,-0.373,0.932,2.513,0.701,2.215,1.969,1.716,-1.102,2.133,1.331,1.749,1.114,0.312
"BRA","BRAZIL",2011,8,1,13396.6263158041,17.4804232820853,NA,NA,NA,NA,95.00738,4.34203412828906,NA,NA,45.69,14.8512987833721,195284734,50.5403893987945,99.328691,57.5681693213714,2.04628720532789,4.33686638966397,785109191.894531,91.4100036621094,91.1699981689453,91.629997253418,NA,7.78819132,2.55,42,74.047,70.654,77.532,6.35317346058,0.849570095539093,NA,NA,1.41185115924524,"Americas","South America",0.95,2.498,3.229,3.29,1.57,1.941,-2.027,2.697,0.452,0,0.3,0.95,0.7,0.7,0.15,0.05,0.1,0.2,0.7,0.75,0.3,0.3,0,0.786,0.178,1.797,3.112,-0.158,-0.648,-0.373,0.932,2.513,0.701,2.215,1.969,1.716,-1.102,2.133,1.399,1.749,1.114,0.315
"BRA","BRAZIL",2012,8,1,12521.7238454434,-6.53076714790926,104.7822265625,NA,NA,NA,98.0755,4.16832822424109,14.8971,NA,48.56,14.3324110911528,196876111,50.5611569574271,99.519494,58.7336025082152,2.04370817642662,3.85552495977285,1390117309.57031,91.3399963378906,91.0299987792969,91.620002746582,NA,7.73637724,2.51,42,74.335,70.945,77.816,5.81933201134,0.847060859203339,NA,NA,1.37865646470437,"Americas","South America",0.939,2.498,2.782,2.999,1.57,1.941,-2.027,2.697,0.452,0,0.3,0.95,0.7,0.7,0.15,0.05,0.1,0.2,0.7,0.75,0.3,0.3,0,0.782,0.178,1.797,3.112,-0.158,-0.648,-0.373,0.932,2.513,0.701,1.833,2.252,1.716,-1.102,2.133,1.399,1.749,1.114,0.315
"BRA","BRAZIL",2013,8,1,12458.8903396625,-0.501795971197406,109.945137023926,NA,NA,NA,93.76937,4.50688618165956,NA,NA,51.04,14.1253057439527,198478299,50.5814532398829,99.575151,59.6787579929242,1.82332429100899,3.78686028400519,1034091796.875,91.4800033569336,91.1800003051758,91.7600021362305,NA,7.9766016,2.49,42,74.609,71.246,78.062,NA,0.843097805976868,NA,NA,1.32944608382557,"Americas","South America",0.939,2.498,2.782,2.999,1.506,1.697,-1.272,2.697,0.452,0,0.3,0.95,0.7,0.7,0.15,0.05,0.1,0.2,0.7,0.75,0.3,0.3,0,0.786,0.172,1.583,3.14,-0.158,-0.648,-0.373,0.932,2.513,0.701,1.833,2.252,1.813,-1.102,2.133,1.576,2.095,1.114,0.321
"BRA","BRAZIL",2014,8,1,12274.9941630213,-1.47602371983138,110.316467285156,NA,NA,NA,94.84088,4.32561053877362,14.8971,NA,54.551,13.4900745186687,200085127,50.6012423402165,99.650247,61.250974009102,1.86374490964098,3.28623279487755,907207824.707031,91.7300033569336,91.370002746582,92.0599975585938,NA,8.39644146,2.48,41,74.823,71.462,78.273,6.46880195391,0.852005422115326,NA,NA,1.330244423168,"Americas","South America",0.939,2.498,2.782,2.999,1.506,1.697,-1.119,2.697,0.452,0,0.3,0.95,0.7,0.7,0.15,0.05,0.1,0.2,0.7,0.75,0.3,0.3,0,0.784,0.181,1.487,3.14,-0.143,-0.648,-0.373,0.932,2.513,0.701,1.833,2.032,1.813,-1.391,2.133,1.576,2.095,1.114,0.329
"BRA","BRAZIL",2015,8,1,8936.1955889444,-27.2000013175982,109.152191162109,NA,NA,NA,94.73055,4.31914942931221,NA,NA,58.328,13.6296293653745,201675532,50.6199624125947,99.710902,62.3078671737793,1.03926987894612,2.35832735012319,1175978759.76563,92.0500030517578,91.7300033569336,92.3399963378906,NA,8.90929985,2.39,41,75.106,71.818,78.472,NA,0.851861000061035,NA,NA,1.36551715396161,"Americas","South America",0.939,2.498,2.782,2.999,1.506,1.697,-0.928,2.697,0.452,0,0.3,0.95,0.7,0.7,0.15,0.05,0.1,0.2,0.65,0.7,0.3,0.3,0,0.772,0.179,1.598,2.846,-0.143,-0.648,-0.373,0.932,2.513,0.701,1.833,1.907,1.813,-1.391,2.133,1.756,2.095,1.114,0.319
"BRA","BRAZIL",2016,8,1,8836.28546025694,-1.11803874135281,108.757843017578,NA,NA,NA,95.47144,4.89135358721066,14.8971,NA,60.8725,13.710430980954,203218114,50.6393716457776,100,63.2036958322425,0.832280473743435,2.43013532231265,803310913.085938,92.8099975585938,92.5800018310547,93.0199966430664,NA,9.16901684,2.36,41,75.081,71.716,78.539,NA,0.854450106620789,NA,NA,1.34797541299482,"Americas","South America",0.855,1.623,2.043,0.968,1.506,1.697,-0.701,2.697,0.452,0.1,0.45,0.95,0.85,0.6,0.3,0,0.25,0.3,0.45,0.55,0.15,0.2,0.05,0.662,0.267,0.754,2.555,-0.143,-0.85,-0.596,0.567,2.328,0.592,1.339,1.415,1.595,-1.538,2.133,1.076,1.282,1.104,0.408
"BRA","BRAZIL",2017,8,1,10080.5078722821,14.0808308833085,109.80850982666,NA,NA,NA,96.29925,4.6005916952048,NA,NA,67.4713,13.6052285153591,204703445,50.6594925617422,NA,63.3386728622309,1.12836853918598,2.73375767842298,322281829.833984,93.0800018310547,92.8899993896484,93.2399978637695,NA,9.47125053,2.34,43,75.383,72.069,78.781,NA,0.857983291149139,NA,NA,1.41402166797586,"Americas","South America",0.844,1.623,1.765,0.455,1.506,1.697,-0.386,2.697,0.452,0.1,0.45,0.9,0.9,0.7,0.3,0,0.25,0.3,0.35,0.45,0.1,0.15,0.05,0.647,0.277,0.951,2.069,-0.143,-0.865,-0.596,0.485,2.375,0.592,1.611,1.415,1.595,-1.538,2.133,0.643,1.246,1.094,0.37
"BRA","BRAZIL",2018,8,1,9300.66072904004,-7.73618902065806,108.623291015625,NA,NA,NA,NA,4.4203993034602,NA,NA,70.4343,13.9401079934694,206107261,50.6788249444545,NA,62.6533503532505,1.90111531664903,3.61759120230309,485613464.355469,93.2300033569336,93.0100021362305,93.4300003051758,NA,9.46475029,2.3,45,75.633,72.365,78.977,NA,0.855732858181,NA,NA,1.46967772350671,"Americas","South America",0.817,1.585,1.377,0.27,1.506,1.697,-0.352,1.707,0.616,0.105,0.421,0.947,0.895,0.684,0.368,0,0.316,0.316,0.368,0.474,0.105,0.158,0.053,0.617,0.293,0.951,1.926,-0.047,-0.865,-0.596,0.381,1.95,0.592,1.603,1.415,1.595,-1.538,2.133,0.643,1.246,1.094,0.37
"BRA","BRAZIL",2019,NA,1,9029.83304401079,-2.91191876490698,107.40747833252,NA,NA,NA,NA,4.2050140951087,NA,NA,73.9124,13.737694839557,207455459,50.69749791448,NA,63.0678492508986,1.6761311575078,3.21717303299592,319937683.105469,93.9019248012051,93.624114176131,94.1614917282617,NA,9.61449146,2.29,45,75.809,72.653,79.023,NA,0.86022561788559,NA,NA,1.38279724638797,"Americas","South America",0.802,1.585,1.121,-0.024,1.506,1.911,-0.322,1.707,1.911,0.105,0.368,0.842,0.842,0.684,0.421,0,0.421,0.263,0.368,0.474,0.105,0.158,0.053,0.543,0.355,0.816,1.926,-0.047,-0.844,-1.144,-0.141,1.391,0.592,1.318,1.402,1.595,-1.192,2.133,0.739,0.707,1.05,0.363
"BRA","BRAZIL",2020,NA,1,7074.19407495707,-21.6575318671128,105.498199462891,NA,NA,NA,NA,5.7114851151592,NA,NA,81.3427,12.7193878562394,208660842,50.7121357695272,NA,61.4484446411949,1.07872778605369,3.22987656043381,650663757.324219,94.7576490611664,94.511806797444,94.9873110186147,NA,9.62326527,2.49,45,74.506,71.537,77.599,NA,0.858838677406311,NA,NA,1.32666026860555,"Americas","South America",0.847,1.882,1.299,0.138,1.506,1.911,-0.322,1.707,1.911,0.111,0.389,0.833,0.833,0.667,0.444,0.056,0.444,0.333,0.389,0.5,0.111,0.167,0.056,0.54,0.333,0.816,2.63,-0.047,-0.844,-1.042,-0.141,1.229,0.683,1.086,1.823,1.595,-1.192,2.133,0.739,0.659,1.062,0.366
"CHL","CHILE",1960,5,1,516.487539077836,NA,NA,NA,NA,NA,NA,10.2519226323888,NA,NA,NA,NA,8153350,49.7753438770567,NA,50.8705335592485,NA,NA,136702194.213867,NA,NA,NA,NA,NA,3.6742901802063,NA,57.216,54.84,59.776,NA,NA,NA,NA,3.11840562719812,"Americas","South America",0.622,0.681,0.552,-0.581,0.506,0.267,-1.348,1.579,1.739,0.364,0.636,0.909,0.727,0.364,0.455,0,0.091,0.182,0.364,0.636,0.182,0.273,0,0.396,0.191,-0.418,1.74,0.164,1.959,2.838,1.932,0.037,1.738,0.569,-0.054,1.088,1.759,1.953,1.103,1.449,1.395,0.384
"CHL","CHILE",1961,5,1,594.436306222113,15.0920905630077,NA,NA,NA,NA,NA,9.8586742099403,NA,NA,NA,NA,8324802,49.8040914366492,NA,51.2895632005078,NA,NA,970735412.597656,NA,NA,NA,NA,NA,NA,NA,57.309,54.852,59.964,NA,NA,NA,NA,3.52744729701524,"Americas","South America",0.622,0.681,0.552,-0.581,0.506,0.267,-1.348,1.579,1.739,0.364,0.636,0.909,0.727,0.364,0.455,0,0.091,0.182,0.364,0.636,0.182,0.273,0,0.402,0.189,-0.418,1.74,0.343,1.959,2.838,1.932,0.037,1.738,0.569,-0.054,1.088,1.759,1.953,1.103,1.449,1.395,0.372
"CHL","CHILE",1962,5,1,678.584336588862,14.1559372275803,NA,NA,NA,NA,NA,8.98697179355335,NA,NA,NA,NA,8497059,49.8323890851659,NA,50.2924442982587,NA,NA,1043892700.19531,NA,NA,NA,NA,NA,NA,NA,57.811,55.309,60.502,NA,NA,NA,NA,3.04370907803929,"Americas","South America",0.622,0.681,0.552,-0.581,0.506,0.267,-1.348,1.579,1.739,0.364,0.636,0.909,0.727,0.364,0.455,0,0.091,0.182,0.364,0.636,0.182,0.273,0,0.403,0.188,-0.418,1.74,0.343,1.959,2.838,1.932,0.037,1.738,0.569,-0.054,1.088,1.759,1.953,1.103,1.449,1.395,0.369
"CHL","CHILE",1963,5,1,657.719196593697,-3.07480424615322,NA,NA,NA,NA,NA,7.78280943928041,NA,NA,NA,NA,8670144,49.8599792575533,NA,49.9821521095075,NA,NA,1025162109.375,NA,NA,NA,NA,NA,NA,NA,58.349,55.755,61.151,NA,NA,NA,NA,2.86539572501444,"Americas","South America",0.622,0.681,0.552,-0.581,0.506,0.267,-1.348,1.579,1.739,0.364,0.636,0.909,0.727,0.364,0.455,0,0.091,0.182,0.364,0.636,0.182,0.273,0,0.408,0.183,0.004,1.74,0.343,1.959,2.838,1.932,0.037,1.738,0.569,-0.054,1.088,1.759,1.953,1.103,1.449,1.395,0.339
"CHL","CHILE",1964,6,1,685.970202891974,4.29529903408445,NA,NA,NA,NA,NA,8.41728254579301,NA,NA,NA,NA,8842525,49.8877017720954,NA,49.2605760946901,NA,NA,844842346.191406,NA,NA,NA,NA,NA,NA,NA,58.812,56.204,61.615,NA,NA,NA,NA,2.63518659558264,"Americas","South America",0.761,0.681,2.088,-0.123,1.419,0.267,-1.35,1.832,1.184,0.364,0.545,0.909,0.636,0.364,0.364,0,0.091,0.091,0.364,0.636,0.091,0.364,0.091,0.431,0.184,0.004,1.74,0.334,1.959,2.838,1.932,0.037,1.738,0.569,-0.054,1.088,1.759,1.953,1.103,1.449,1.395,0.338
"CHL","CHILE",1965,6,1,686.123541995524,0.0223536099532385,NA,NA,NA,NA,NA,8.73959862063361,NA,NA,NA,NA,9012938,49.9136796458602,NA,49.6353476190419,NA,NA,807408874.511719,NA,NA,NA,NA,NA,NA,NA,59.473,56.819,62.328,NA,NA,NA,NA,2.88571273300364,"Americas","South America",0.785,0.681,2.088,-0.123,2.018,0.267,-1.097,1.832,1.184,0.273,0.455,0.909,0.545,0.455,0.364,0,0.273,0,0.364,0.727,0.182,0.455,0,0.434,0.184,0.227,1.74,0.334,1.959,2.838,1.932,0.037,1.738,0.569,-0.054,1.088,1.759,1.953,1.103,1.449,1.395,0.33
"CHL","CHILE",1966,6,1,790.361773771396,15.1923415239047,NA,NA,NA,NA,NA,9.14526540595763,NA,NA,NA,NA,9181722,49.9368963686768,NA,49.1177655990971,NA,NA,887833068.847656,NA,NA,NA,NA,NA,NA,NA,60.373,57.715,63.218,NA,NA,NA,NA,2.73592085235921,"Americas","South America",0.785,0.681,2.088,-0.123,2.018,0.267,-1.097,1.832,1.184,0.273,0.455,0.909,0.545,0.455,0.364,0,0.273,0,0.364,0.727,0.182,0.455,0,0.433,0.184,0.227,1.74,0.334,1.959,2.838,1.932,0.037,1.738,0.569,-0.054,1.088,1.759,1.953,1.103,1.449,1.395,0.33
"CHL","CHILE",1967,6,1,764.265128656993,-3.30186074028817,NA,NA,NA,NA,NA,8.50133543697839,NA,NA,NA,NA,9348939,49.9580219744722,NA,49.1178656338665,NA,NA,673144042.96875,NA,NA,NA,NA,NA,NA,NA,61.054,58.354,63.947,NA,NA,NA,NA,2.71363263392334,"Americas","South America",0.785,0.681,2.088,-0.123,2.018,0.267,-1.097,1.832,1.184,0.273,0.455,0.909,0.545,0.455,0.364,0,0.273,0,0.364,0.727,0.182,0.455,0,0.436,0.184,0.227,1.74,0.334,1.959,2.838,1.932,0.037,1.738,0.569,-0.054,1.088,1.759,1.953,1.103,1.449,1.395,0.33
"CHL","CHILE",1968,6,1,765.847401648627,0.207031949032459,NA,NA,NA,NA,NA,7.57658573857333,NA,NA,NA,NA,9514716,49.9782967773289,NA,49.0474307969422,NA,NA,504081054.6875,NA,NA,NA,NA,NA,NA,NA,61.68,58.932,64.62,NA,NA,NA,NA,2.52706817797327,"Americas","South America",0.785,0.681,2.088,-0.123,2.018,0.267,-1.097,1.832,1.184,0.273,0.455,0.909,0.545,0.455,0.364,0,0.273,0,0.364,0.727,0.182,0.455,0,0.442,0.184,0.227,1.74,0.334,1.959,2.838,1.932,0.037,1.738,0.569,-0.054,1.088,1.759,1.953,1.103,1.449,1.395,0.33
"CHL","CHILE",1969,6,1,873.581889905917,14.0673570250903,NA,NA,NA,NA,NA,6.78133447131963,NA,NA,NA,NA,9680282,49.9974174306079,NA,48.8296409450353,NA,NA,470381622.314453,NA,NA,NA,NA,NA,NA,NA,62.341,59.573,65.297,NA,NA,NA,NA,2.26089998688066,"Americas","South America",0.785,0.681,2.088,-0.123,2.018,0.267,-0.664,1.832,1.184,0.273,0.455,0.909,0.545,0.455,0.364,0,0.273,0,0.364,0.727,0.182,0.455,0,0.441,0.183,0.227,1.74,0.345,1.959,2.838,1.932,0.037,1.738,0.569,-0.054,1.088,1.759,1.953,1.103,1.449,1.395,0.332
"CHL","CHILE",1970,6,1,940.648345061287,7.67718011674818,NA,NA,NA,NA,NA,6.69575345771814,NA,NA,NA,NA,9845344,50.0161396087328,NA,49.8449376223514,0.0562266313632991,10.1337971525781,374637908.935547,NA,NA,NA,NA,NA,3.77640008926392,NA,62.634,59.786,65.678,NA,NA,NA,NA,4.45045063352876,"Americas","South America",0.785,0.681,2.088,-0.123,2.217,0.4,0.109,1.832,0.484,0.091,0.273,0.636,0.273,0.364,0.455,0,0,0,0.818,0.636,0.636,0.455,0,0.458,0.194,0.227,1.74,0.144,1.959,2.838,1.644,0.037,1.738,0.202,-0.054,1.088,1.759,1.953,1.368,1.19,1.395,0.342
"CHL","CHILE",1971,6,1,1098.91469956231,16.8252413701649,NA,NA,NA,NA,NA,8.01100172861686,NA,NA,NA,NA,10009701,50.0355005609059,NA,51.883070572081,0.0773644632134632,6.60493057257233,176944488.525391,NA,NA,NA,NA,NA,NA,NA,63.072,60.116,66.231,NA,NA,NA,NA,6.26481544192347,"Americas","South America",0.785,0.681,2.088,-0.123,2.217,0.4,0.109,1.832,0.484,0.091,0.273,0.636,0.273,0.364,0.455,0,0,0,0.818,0.636,0.636,0.455,0,0.531,0.194,0.227,1.74,0.144,1.959,2.838,1.644,0.037,1.738,0.202,-0.054,1.088,1.759,1.953,1.368,1.19,1.395,0.361
"CHL","CHILE",1972,6,1,1185.04994801594,7.83821059886968,NA,NA,NA,NA,NA,8.14911598905393,NA,NA,NA,15.9224229894982,10174678,50.0545668373977,NA,52.3108796509606,0.0828826445018713,5.79741785753672,220679153.442383,NA,NA,NA,NA,NA,NA,NA,63.717,60.703,66.931,NA,NA,NA,NA,6.62541419500109,"Americas","South America",0.785,0.681,2.088,-0.123,2.217,0.072,0.109,1.832,0.484,0.091,0.273,0.636,0.273,0.364,0.455,0,0,0,0.818,0.636,0.636,0.455,0,0.521,0.194,0.227,1.74,0.144,1.959,2.838,1.644,0.037,1.738,0.202,-0.054,1.088,1.759,1.953,1.368,1.19,1.395,0.361
"CHL","CHILE",1973,-7,0,1666.99542750899,40.6687903999273,NA,NA,NA,NA,NA,6.50538704311853,NA,NA,NA,17.0051881634313,10340362,50.0725748356368,NA,50.490822280847,0.104264180453157,7.36475733501654,199555740.356445,NA,NA,NA,NA,NA,NA,NA,64.42,61.356,67.684,NA,NA,NA,NA,6.28382090072808,"Americas","South America",0.317,-1.253,-0.568,-0.866,1.978,0.072,0.264,0.909,0.799,0.229,0.411,0.581,0.439,0.336,0.565,0,0.028,0.028,0.652,0.553,0.498,0.372,0.028,0.193,0.281,-0.248,1.115,0.356,0.574,1.459,1.249,-0.174,1.738,-0.28,-0.016,0.901,1.759,1.953,1.368,1.19,1.987,0.29
"CHL","CHILE",1974,-7,0,1578.5836760852,-5.30365890420615,NA,NA,NA,NA,NA,5.56041309490388,NA,NA,NA,15.9688988775224,10505817,50.0887841469159,NA,43.4407372775056,0.606349740712544,11.1469005022528,52724861.1450195,NA,NA,NA,NA,NA,NA,NA,65.085,62.087,68.249,NA,NA,NA,NA,7.10956116396779,"Americas","South America",0.035,-2.527,-2.871,-1.462,-1.526,-0.273,0.129,0.538,-0.293,0.455,0.545,0.182,0.909,0.364,1,0,0.091,0.091,0,0.455,0,0,0.091,0.034,0.714,-0.907,-0.261,NA,-0.614,0.176,-2.85,-1.223,1.01,-1.272,-0.077,0.37,NA,NA,NA,NA,1.987,0.345
"CHL","CHILE",1975,-7,0,732.054406775965,-53.6258724915096,NA,NA,NA,NA,NA,6.42234030498294,NA,NA,NA,20.0985522076665,10671559,50.1029371525812,NA,53.2333928392379,1.2361480689743,13.2400638141578,488048583.984375,NA,NA,NA,NA,NA,NA,NA,66.037,63.019,69.207,NA,NA,NA,NA,6.74253666077988,"Americas","South America",0.035,-2.527,-2.871,-1.462,-1.526,-0.273,0.129,0.538,-0.293,0.455,0.545,0.182,0.909,0.364,1,0,0.091,0.091,0,0.455,0,0,0.091,0.034,0.712,-0.907,-0.261,NA,-0.614,0.435,-2.85,-1.223,1.01,-1.272,-0.077,0.37,NA,NA,NA,NA,1.987,0.345
"CHL","CHILE",1976,-7,0,970.957314866348,32.6345836974786,NA,NA,NA,NA,NA,8.29057551216963,NA,NA,NA,18.0745799385956,10838251,50.1147002408414,NA,49.4625897607977,0.979511538628698,12.8977687651848,43966644.2871094,NA,NA,NA,NA,NA,NA,NA,66.819,63.887,69.867,NA,NA,NA,NA,6.08505082532873,"Americas","South America",0.035,-2.527,-2.871,-1.462,-1.526,-0.273,0.129,0.538,-0.293,0.364,0.545,0.182,0.909,0.364,1,0,0.182,0.091,0,0.545,0.091,0.091,0.091,0.034,0.712,-0.907,-0.261,NA,-0.614,0.435,-2.85,-1.223,1.01,-1.272,-0.077,0.37,NA,NA,NA,NA,1.987,0.345
"CHL","CHILE",1977,-7,0,1296.86854720323,33.5659691056289,NA,NA,NA,NA,NA,9.61903965883771,NA,NA,NA,18.3521918042929,11005519,50.1248237361636,NA,51.2495097111661,0.607553508279438,8.77587881957493,41519405.3649902,NA,NA,NA,NA,NA,NA,NA,67.529,64.556,70.615,NA,NA,NA,NA,6.91524481356639,"Americas","South America",0.062,-1.7,-2.871,-1.462,-1.526,-0.273,0.129,0.538,-0.293,0.364,0.545,0.182,0.909,0.364,1,0,0.182,0.091,0,0.545,0.091,0.091,0.091,0.034,0.712,-0.907,-0.261,NA,-0.614,0.435,-2.85,-1.223,1.01,-1.272,-0.077,0.37,NA,NA,NA,NA,1.987,0.345
"CHL","CHILE",1978,-7,0,1465.45605636916,12.9995834604439,NA,NA,NA,NA,NA,7.42390436023242,NA,NA,NA,18.2460516351824,11172695,50.1352627991725,NA,52.9102127539236,0.582775440508512,7.54057954192026,15097339.630127,NA,NA,NA,NA,NA,NA,NA,68.042,65.024,71.176,NA,NA,NA,NA,6.7281223205458,"Americas","South America",0.033,-2.529,-2.871,-1.462,-1.526,-0.273,0.129,0.538,-0.293,0.364,0.545,0.182,0.909,0.364,1,0,0.182,0.091,0,0.545,0.091,0.091,0.091,0.034,0.712,-0.907,-0.261,NA,-0.614,0.435,-2.85,-1.223,1.01,-1.272,-0.077,0.37,NA,NA,NA,NA,1.987,0.345
"CHL","CHILE",1979,-7,0,1962.08185606537,33.8888223592769,NA,NA,NA,NA,NA,7.12394291966297,NA,NA,NA,17.5877044630684,11339779,50.1455451645045,NA,52.8453590002561,1.11799850318142,9.48990916461053,-101429229.736328,NA,NA,NA,NA,NA,NA,NA,68.858,65.819,71.994,NA,NA,NA,NA,6.33255633255633,"Americas","South America",0.061,-1.754,-2.871,-1.462,-1.526,-0.273,0.353,0.538,-0.293,0.364,0.545,0.182,0.909,0.364,1,0,0.182,0.091,0,0.545,0.091,0.091,0.091,0.034,0.712,-0.907,-0.261,NA,-0.614,0.435,-2.85,-1.223,1.01,-1.272,-0.077,0.37,NA,NA,NA,NA,1.987,0.345
"CHL","CHILE",1980,-7,0,2570.84311890682,31.0262928613091,NA,NA,NA,NA,NA,7.09042624083891,NA,NA,NA,18.6925787568221,11508550,50.1554757115362,NA,54.0881102044337,1.03979635359195,8.71519847548594,-29051080.7037354,NA,NA,NA,NA,NA,3.40639996528625,NA,69.475,66.386,72.659,NA,NA,NA,NA,6.48209286969784,"Americas","South America",0.072,-1.545,-2.871,-1.462,-1.526,-0.273,0.353,0.538,-0.293,0.364,0.545,0.182,0.909,0.273,1,0,0.182,0.091,0,0.545,0.091,0.091,0.091,0.043,0.627,-0.907,-0.261,NA,-0.614,0.435,-1.104,-0.582,1.01,-1.272,-0.077,0.37,NA,NA,NA,NA,1.987,0.345
"CHL","CHILE",1981,-7,0,3012.3447816477,17.1734190816208,NA,NA,NA,NA,NA,6.34140908822716,NA,NA,NA,19.7371408422216,11678717,50.1657630855995,NA,56.4987762465561,0.903989200937335,5.56381496748019,-1699298.02417755,NA,NA,NA,NA,NA,NA,NA,69.822,66.71,73.036,NA,NA,NA,NA,7.02211888902853,"Americas","South America",0.072,-1.545,-2.871,-1.462,-1.526,-0.273,0.353,0.538,-0.293,0.364,0.545,0.182,0.909,0.273,1,0,0.182,0.091,0,0.545,0.091,0.091,0.091,0.044,0.627,-0.907,-0.261,NA,-0.614,0.435,-1.104,-0.582,1.01,-1.272,-0.077,0.37,NA,NA,NA,NA,1.987,0.345
"CHL","CHILE",1982,-7,0,1663.28043251256,-44.7845265706014,NA,NA,NA,NA,NA,6.23030219959497,NA,NA,NA,19.5721637532703,11850214,50.1770685322645,NA,59.2481285360038,0.772552374023926,6.62939973489201,-1066887.97473907,91.129997253418,91.4800033569336,90.8000030517578,NA,NA,NA,NA,70.291,67.069,73.63,NA,NA,NA,NA,8.87726773839499,"Americas","South America",0.072,-1.545,-2.871,-1.462,-1.526,-0.273,0.427,0.538,-0.293,0.364,0.545,0.273,0.909,0.273,1,0,0.182,0.091,0,0.455,0.091,0.091,0,0.045,0.627,-0.907,-0.261,NA,-0.614,0.435,-1.104,-0.582,1.01,-1.272,-0.077,0.37,NA,NA,NA,NA,1.987,0.345
"CHL","CHILE",1983,-6,0,1715.40345654344,3.1337484053812,NA,NA,NA,NA,NA,5.81117354492524,NA,NA,NA,18.5989682489998,12026138,50.1886973191227,NA,52.2122508854059,1.18928887039012,9.16236173269569,27832300.1861572,NA,NA,NA,NA,NA,NA,NA,70.83,67.606,74.155,NA,NA,NA,NA,7.57522260240995,"Americas","South America",0.072,-1.545,-2.871,-1.462,-1.526,-0.273,0.427,0.538,-0.293,0.364,0.545,0.273,0.909,0.273,1,0,0.182,0.091,0,0.455,0.091,0.091,0,0.047,0.627,-0.907,-0.261,NA,-0.614,0.435,-1.104,-0.582,1.01,-1.272,-0.077,0.37,NA,NA,NA,NA,1.987,0.345
"CHL","CHILE",1984,-6,0,1636.22476246476,-4.61574761183156,NA,NA,NA,NA,NA,7.03812743981795,NA,NA,NA,19.7245477999565,12207733,50.2006064516647,NA,48.536868034185,1.18048972397471,8.09788641648206,42703983.3068848,NA,NA,NA,NA,NA,NA,NA,71.215,67.894,74.651,NA,NA,NA,NA,7.6054061762236,"Americas","South America",0.072,-1.545,-2.871,-1.462,-1.526,-0.273,0.427,0.538,-0.293,0.364,0.545,0.273,0.909,0.273,1,0,0.182,0.091,0,0.455,0.091,0.091,0,0.047,0.627,-0.907,-0.261,NA,-0.614,0.435,-1.104,-0.582,1.01,-1.272,-0.077,0.37,NA,NA,NA,NA,1.987,0.345
"CHL","CHILE",1985,-6,0,1446.80604557863,-11.5765707274101,NA,NA,NA,NA,NA,7.37883164165532,NA,NA,NA,17.9129369664579,12395274,50.2111812767365,NA,49.5599861118675,1.17571112818707,9.03292014450356,142935546.875,NA,NA,NA,NA,NA,NA,NA,71.615,68.403,74.891,NA,NA,NA,NA,6.90060861105455,"Americas","South America",0.105,-1.268,-2.381,-1.462,-1.526,-0.273,0.427,0.538,-0.293,0.364,0.545,0.273,0.909,0.273,1,0,0.182,0.091,0,0.455,0.091,0.091,0,0.05,0.627,-0.907,-0.261,NA,-0.614,0.435,-1.104,-0.582,1.01,-1.042,-0.077,0.37,NA,NA,NA,NA,1.987,0.345
"CHL","CHILE",1986,-6,0,1524.97809458987,5.40307729913972,NA,NA,NA,NA,NA,8.43538238536869,NA,NA,NA,17.6978797236696,12588914,50.217310246142,NA,50.8494245563192,0.409029921948734,7.08457413109978,4595574.85580444,NA,NA,NA,NA,NA,NA,NA,72.061,68.933,75.211,NA,NA,NA,NA,6.28800219933844,"Americas","South America",0.105,-1.268,-2.381,-1.462,-1.526,-0.273,0.427,0.538,-0.293,0.364,0.545,0.273,0.909,0.273,1,0,0.182,0.091,0,0.455,0.091,0.091,0,0.05,0.627,-0.907,-0.261,NA,-0.614,0.435,-1.104,-0.582,1.01,-1.042,-0.077,0.37,NA,NA,NA,NA,1.987,0.345
"CHL","CHILE",1987,-6,0,1767.41389670161,15.8976580038641,NA,NA,NA,NA,NA,8.65561213174041,NA,NA,NA,16.5445349918325,12790150,50.2191100011251,NA,49.5406050896288,0.544418330796708,8.58218696306459,39320690.1550293,NA,NA,NA,NA,NA,NA,NA,72.466,69.373,75.552,NA,0.805281460285187,NA,NA,5.63807107493349,"Americas","South America",0.131,-0.899,-2.381,-1.462,-1.526,-0.273,0.427,0.538,-0.293,0.364,0.545,0.273,0.909,0.273,1,0,0.182,0.091,0,0.455,0.091,0.091,0,0.054,0.627,-0.907,-0.261,NA,-0.614,0.435,-1.104,-0.582,1.01,-1.042,-0.077,0.37,NA,NA,NA,NA,1.987,0.345
"CHL","CHILE",1988,-1,0,2013.53987790886,13.9257692647193,NA,NA,NA,NA,NA,8.43888848320251,NA,NA,NA,14.3013857925166,12999424,50.2194212773905,NA,45.7014046557415,0.282172670801024,11.8720794878324,79834968.5668945,NA,NA,NA,NA,NA,NA,NA,72.788,69.62,75.948,NA,NA,NA,NA,4.13999607967718,"Americas","South America",0.173,-0.899,-1.456,-1.462,-1.526,-0.273,0.134,0.538,-0.293,0.364,0.545,0.273,0.909,0.273,1,0,0.182,0.091,0,0.455,0.091,0.091,0,0.062,0.619,-0.907,0.02,NA,-0.614,0.435,-1.104,-0.582,1.01,-1.042,-0.077,0.37,NA,NA,NA,NA,1.987,0.345
"CHL","CHILE",1989,8,0,2277.84764297202,13.1265224971682,NA,NA,NA,NA,NA,8.25943829562004,NA,NA,NA,13.8639366518689,13215005,50.2188080897434,NA,47.1082602957375,0.335865076332922,12.8332145779434,113418395.996094,NA,NA,NA,NA,NA,3.17670011520386,NA,73.188,70.073,76.265,NA,NA,NA,NA,3.59002950895468,"Americas","South America",0.176,-0.899,-1.331,-1.462,-1.526,-0.273,0.134,0.538,-0.293,0.364,0.545,0.311,0.909,0.273,0.962,0,0.182,0.091,0.038,0.455,0.129,0.091,0,0.075,0.551,0.228,3.273,0.387,-0.614,0.435,-1.104,-0.582,1.01,-1.042,-0.672,0.145,NA,NA,NA,NA,1.987,0.253
"CHL","CHILE",1990,8,1,2487.76829657299,9.21574602448285,NA,NA,NA,NA,NA,8.16488254727689,NA,NA,0,13.1916391519859,13437176,50.2173150072605,92.257427,46.7176912080462,0.378183852893491,11.1674175940099,154571868.896484,NA,NA,NA,NA,NA,3.1586000919,NA,73.675,70.481,76.837,NA,0.830285251140594,NA,NA,3.40165485912065,"Americas","South America",0.94,2.755,2.985,1.035,0.143,1.915,-1.514,2.798,1.5,0.07,0.325,0.878,0.836,0.567,0.321,0,0.035,0.091,0.458,0.822,0.476,0.458,0,0.633,0.067,1.78,3.273,0.387,1.972,2.968,1.221,2.37,1.709,2.056,1.389,2.034,1.13,1.578,1.803,2.702,1.739,0.213
"CHL","CHILE",1991,8,1,2798.34262413795,12.4840535990747,NA,NA,NA,NA,NA,9.16272830802187,NA,NA,NA,15.0741621731857,13662491,50.217233445936,94.2515335083008,46.1379888012374,0.15702683344808,5.94722567017809,177947586.05957,NA,NA,NA,NA,NA,NA,NA,74.082,70.866,77.253,NA,NA,NA,NA,2.8498427672956,"Americas","South America",0.94,2.755,2.985,1.035,0.143,1.915,-1.514,2.798,1.5,0,0.273,1,0.818,0.636,0.182,0,0,0.091,0.545,0.909,0.545,0.545,0,0.752,0.05,1.78,3.273,0.387,1.972,2.968,1.221,2.579,2.449,2.294,1.579,2.242,1.13,1.578,1.803,2.702,1.739,0.213
"CHL","CHILE",1992,8,1,3351.84108855522,19.7795101873124,NA,NA,NA,NA,NA,9.08922702257989,NA,NA,0.0365,15.5435493385271,13884577,50.2188687333529,94.560057,47.591765895201,0.123100470876911,4.63171552198061,178953872.680664,94.2900009155273,94.5599975585938,94.0400009155273,NA,NA,NA,NA,74.367,71.162,77.526,NA,0.837713778018951,NA,NA,2.62851046938573,"Americas","South America",0.94,2.755,2.985,1.035,0.143,1.915,-1.514,2.798,1.5,0,0.273,1,0.818,0.636,0.182,0,0,0.091,0.545,0.909,0.545,0.545,0,0.752,0.05,1.78,3.273,0.387,1.972,2.968,1.221,2.579,2.449,2.294,1.579,2.242,1.13,1.578,1.803,2.702,1.739,0.213
"CHL","CHILE",1993,8,1,3540.91377313015,5.64086063687548,NA,NA,NA,NA,NA,7.92947970299973,NA,NA,0.0718,16.1030196183924,14102276,50.2211699728469,94.9473037719727,48.6916994421312,0.101835542669396,3.35411622206962,259888305.664063,NA,NA,NA,NA,NA,3.0999999046,NA,74.679,71.5,77.807,NA,NA,NA,NA,2.70692293725521,"Americas","South America",0.94,2.755,2.985,1.035,0.143,1.915,-1.514,2.798,1.5,0,0.273,1,0.818,0.636,0.182,0,0,0.091,0.545,0.909,0.545,0.545,0,0.747,0.05,1.78,3.273,1.341,1.972,2.968,1.221,2.579,2.449,2.294,1.579,2.242,1.13,1.578,1.803,2.702,1.739,0.209
"CHL","CHILE",1994,8,1,4012.10159912285,13.306955666875,NA,NA,NA,NA,NA,7.44478422975848,NA,NA,0.141,15.5051415719314,14316256,50.2241787238228,95.2875442504883,48.904876992959,0.0759573406290912,4.8849330643983,200731582.641602,NA,NA,NA,NA,NA,NA,NA,74.973,71.8,78.095,NA,0.844481289386749,NA,NA,2.59754498264789,"Americas","South America",0.94,2.755,2.985,1.035,0.143,1.915,-1.514,2.798,1.5,0,0.273,1,0.818,0.636,0.182,0,0,0.091,0.545,0.909,0.545,0.545,0,0.786,0.047,1.78,3.273,1.341,1.972,2.968,1.221,2.579,2.449,2.294,1.579,2.242,1.13,1.578,1.803,2.702,1.739,0.139
"CHL","CHILE",1995,8,1,5081.4682771561,26.6535293689233,NA,NA,NA,NA,NA,6.9674031262015,NA,NA,0.347,15.0239221881507,14527381,50.227873129515,95.6186141967773,48.0904060517893,0.0577970101150581,6.55630977481336,147776458.740234,NA,NA,NA,NA,NA,NA,NA,75.298,72.114,78.432,NA,NA,NA,NA,2.56206462916649,"Americas","South America",0.94,2.755,2.985,1.035,0.143,1.915,-1.652,2.798,1.5,0,0.273,1,0.818,0.636,0.182,0,0,0.091,0.545,0.909,0.545,0.545,0,0.786,0.047,1.78,3.273,1.341,1.972,2.968,1.221,2.579,2.449,2.294,1.579,2.242,1.13,1.578,1.803,2.702,1.739,0.139
"CHL","CHILE",1996,8,1,5333.50438729711,4.95990718419017,NA,NA,NA,NA,NA,5.01955878065988,NA,NA,0.683,16.0605426587527,14734046,50.2304424888074,95.617315,52.4243926036768,0.0596959389109353,4.95869610912803,231177719.116211,NA,NA,NA,NA,NA,2.6700000763,NA,75.555,72.436,78.626,NA,0.851518750190735,NA,NA,2.42329858662731,"Americas","South America",0.952,2.755,2.985,1.035,1.069,1.915,-1.652,2.798,1.5,0,0.273,1,0.818,0.636,0.182,0,0,0.091,0.545,0.909,0.545,0.545,0,0.786,0.047,1.78,3.273,1.341,1.972,2.968,1.221,2.579,2.449,2.294,1.579,2.242,1.13,1.578,1.803,2.702,1.739,0.139
"CHL","CHILE",1997,8,1,5741.95842989596,7.65826767803306,NA,NA,NA,NA,NA,5.0065502183351,NA,NA,1.06,15.7811009565986,14932434,50.2325006090769,96.240966796875,53.3242982629102,0.038289499179926,4.60520277817387,167210510.253906,NA,NA,NA,NA,NA,NA,NA,75.826,72.699,78.908,NA,NA,NA,NA,2.47364271374518,"Americas","South America",0.952,2.755,2.985,1.035,1.069,1.915,-1.652,2.798,1.5,0,0.273,1,0.818,0.636,0.182,0,0,0.091,0.545,0.909,0.545,0.545,0,0.786,0.047,1.78,3.273,1.349,1.972,2.968,1.221,2.579,2.449,2.294,1.579,2.242,1.13,1.578,1.803,2.702,1.739,0.139
"CHL","CHILE",1998,8,1,5419.82417297191,-5.61018093141936,NA,NA,NA,NA,NA,5.39423186674798,NA,NA,1.66,15.771289644969,15127799,50.2358208223153,97.241124,55.1217423498041,0.0234700874281488,2.51172777125851,142900405.883789,NA,NA,NA,NA,NA,NA,NA,76.324,73.219,79.365,NA,0.858224749565125,NA,NA,2.57620115809555,"Americas","South America",0.952,2.755,2.985,1.035,1.069,1.915,-1.652,2.798,1.5,0,0.273,1,0.818,0.636,0.182,0,0,0.091,0.545,0.909,0.545,0.545,0,0.787,0.047,1.78,3.273,1.349,1.972,2.968,1.221,2.579,2.449,2.294,1.579,2.242,1.13,1.578,1.803,2.702,1.739,0.148
"CHL","CHILE",1999,8,1,4933.55581516755,-8.97203197530521,NA,NA,NA,NA,NA,5.29404331977604,NA,NA,4.1,15.0949570823752,15319313,50.2404318000422,96.789909362793,56.2307389663935,0.0418250296937214,3.6694603049762,91920150.7568359,NA,NA,NA,NA,NA,NA,NA,76.738,73.624,79.776,NA,NA,NA,NA,2.70268274607335,"Americas","South America",0.952,2.755,2.985,1.035,1.069,1.915,-1.652,2.798,1.5,0,0.273,1,0.818,0.636,0.182,0,0,0.091,0.545,0.909,0.545,0.545,0,0.786,0.047,1.78,3.273,1.35,1.972,2.968,1.221,2.579,2.449,2.294,1.579,2.242,1.13,1.578,1.803,2.702,1.739,0.148
"CHL","CHILE",2000,9,1,5052.99245766325,2.42090384644092,101.363563537598,NA,NA,NA,NA,5.08296243051118,14.616,NA,16.6,16.0724036282154,15503635,50.2459003969069,97.938687,55.6064735933259,0.0648093154178196,4.87094937341686,69189529.4189453,NA,NA,NA,NA,7.00020742,2.7,33,77.128,74.021,80.149,10.242587793,0.864864826202393,NA,NA,2.68861587922595,"Americas","South America",0.952,2.755,2.985,1.473,1.069,1.915,-1.652,2.798,1.5,0,0.273,1,0.818,0.636,0.182,0,0,0.091,0.545,0.909,0.545,0.545,0,0.815,0.047,1.772,3.273,1.35,1.972,2.968,1.221,2.579,2.449,2.294,1.579,2.242,1.13,1.578,1.803,2.702,1.739,0.142
"CHL","CHILE",2001,9,1,4563.5952986689,-9.68529367686156,NA,NA,NA,NA,NA,4.06242026416145,NA,NA,19.1,15.9131257668038,15683849,50.2519789786282,97.2531204223633,56.1914535588133,0.0510190743548732,3.94016087143578,82040122.9858398,NA,NA,NA,NA,7.09733105,2.59,31,77.58,74.491,80.567,NA,NA,NA,NA,2.64704914030913,"Americas","South America",0.952,2.755,2.985,1.473,1.069,1.915,-1.652,2.798,1.5,0,0.273,1,0.818,0.636,0.182,0,0,0.091,0.545,0.909,0.545,0.545,0,0.815,0.047,1.772,3.273,1.353,1.972,2.968,1.221,2.579,2.449,2.294,1.579,2.242,1.13,1.578,1.803,2.702,1.739,0.142
"CHL","CHILE",2002,9,1,4430.84741157984,-2.90884441764106,101.286972045898,NA,NA,NA,NA,4.06503324753284,10.97,NA,22.1,16.0730676241399,15857925,50.2594822462586,97.4631729125977,56.35055914484,0.0501709401792536,3.69658229472728,23475341.796875,95.7200012207031,95.8000030517578,95.6399993896484,NA,7.20833778,2.52,24,77.84,74.682,80.905,NA,NA,NA,NA,2.53154295292261,"Americas","South America",0.952,2.755,2.985,1.473,1.069,1.915,-1.652,2.798,1.5,0,0.273,1,0.818,0.636,0.182,0,0,0.091,0.545,0.909,0.545,0.545,0,0.815,0.046,1.772,3.273,1.353,1.972,2.968,1.221,2.579,2.449,2.294,1.579,2.242,1.13,1.578,1.803,2.702,1.739,0.143
"CHL","CHILE",2003,9,1,4773.40177520754,7.73112526358836,101.061790466309,NA,NA,NA,NA,4.09477533093825,NA,NA,25.4738,15.7688272670367,16024752,50.2654175406532,98.782325,55.6800266355176,0.0506283318232754,5.01162090891452,108653427.124023,NA,NA,NA,NA,7.25047779,2.48,21,77.884,74.978,80.758,9.96233983657,0.869292140007019,NA,NA,2.70297145376308,"Americas","South America",0.952,2.755,2.985,1.473,1.069,1.915,-1.652,2.798,1.5,0,0.273,1,0.818,0.636,0.182,0,0,0.091,0.545,0.909,0.545,0.545,0,0.815,0.046,1.772,3.273,1.353,1.972,2.968,1.221,2.579,2.449,2.294,1.579,2.242,1.13,1.578,1.803,2.702,1.739,0.143
"CHL","CHILE",2004,9,1,6120.59152055344,28.2228441851058,105.627876281738,NA,NA,NA,NA,3.75826582540335,7.324,NA,28.1779,16.4239450549758,16187322,50.2686886854224,97.870491027832,53.64534841734,0.0480418034693177,9.56665341226193,84908378.6010742,NA,NA,NA,NA,6.91028595,2.38,24,78.276,75.415,81.103,NA,NA,NA,NA,2.71229041616156,"Americas","South America",0.952,2.755,2.985,1.473,1.069,1.915,-1.652,2.798,1.5,0,0.273,1,0.818,0.636,0.182,0,0,0.091,0.545,0.909,0.545,0.545,0,0.815,0.046,1.772,3.273,1.353,1.972,2.968,1.221,2.579,2.449,2.294,1.579,2.242,1.13,1.578,1.803,2.702,1.739,0.143
"CHL","CHILE",2005,9,1,7480.32330998636,22.21569246807,105.35050201416,NA,NA,NA,NA,3.92221193789503,NA,NA,31.1753,18.1208899058922,16348778,50.2721181974579,98.0887908935547,52.1481091980374,0.0466681498310735,9.79630843278012,205854949.951172,NA,NA,NA,NA,6.62372065,2.29,22,78.459,75.589,81.262,NA,NA,NA,NA,2.53476302244179,"Americas","South America",0.952,2.755,2.985,1.212,1.069,1.915,-1.652,2.798,1.5,0,0.273,1,0.818,0.636,0.182,0,0,0.091,0.545,0.909,0.545,0.545,0,0.822,0.041,1.772,3.273,1.481,1.972,2.968,1.221,2.579,2.449,2.294,1.579,2.242,1.13,1.578,3.146,2.702,1.739,0.143
"CHL","CHILE",2006,10,1,9318.65655296121,24.5755853964313,105.66822052002,NA,NA,NA,NA,3.71204514365714,7.3,NA,34.4978,19.6120173267628,16509195,50.2750436953467,99.368108,48.4126070132585,0.0305200002965691,17.3488493708667,115362739.562988,NA,NA,NA,NA,6.07235622,2.31,21,78.533,75.797,81.205,7.29220960347,0.871461629867554,NA,NA,2.50608218939499,"Americas","South America",0.952,2.755,2.985,1.519,1.069,1.915,-1.652,2.798,1.5,0,0.273,1,0.818,0.636,0.182,0,0,0.091,0.545,0.909,0.545,0.545,0,0.839,0.04,1.772,3.273,1.643,1.972,2.968,1.221,2.579,2.449,2.294,1.579,2.242,1.13,1.578,3.146,2.702,1.739,0.118
"CHL","CHILE",2007,10,1,10346.4138184533,11.0290282687315,106.517280578613,NA,NA,NA,95.39165,3.55057108879902,NA,NA,35.9,20.3790285412133,16671581,50.2767164239982,98.5563507080078,49.5481523450583,0.0244412955141765,17.1517567156625,110840728.759766,NA,NA,NA,NA,6.21259642,2.27,20,78.652,75.996,81.252,NA,NA,NA,NA,2.33098056175611,"Americas","South America",0.952,2.755,2.985,1.519,1.069,1.915,-1.652,2.798,1.5,0,0.273,1,0.818,0.636,0.182,0,0,0.091,0.545,0.909,0.545,0.545,0,0.842,0.038,1.772,3.273,1.643,1.972,2.968,1.221,2.579,2.449,2.294,1.579,2.242,1.13,1.578,3.146,3.136,1.739,0.117
"CHL","CHILE",2008,10,1,10683.2188772511,3.25528308366221,106.873870849609,NA,NA,NA,95.90266,3.42443226132978,7.3,NA,37.3,18.7092655630745,16838988,50.277329627964,98.8176727294922,54.4485312368393,0.0394143420844663,13.8254393455321,98503417.96875,NA,NA,NA,NA,6.73954487,2.26,20,78.752,76.165,81.292,NA,NA,NA,NA,2.58365229486108,"Americas","South America",0.952,2.755,2.985,1.519,1.069,1.915,-1.652,2.798,1.5,0,0.273,1,0.818,0.636,0.182,0,0,0.091,0.545,0.909,0.545,0.545,0,0.841,0.038,1.772,3.273,1.643,1.972,2.968,1.221,2.579,2.449,2.294,1.579,2.242,1.13,1.578,3.146,3.136,1.739,0.117
"CHL","CHILE",2009,10,1,10098.8017167286,-5.47042204449224,105.763893127441,NA,NA,NA,94.26372,3.69712695588486,NA,NA,41.56,14.6058605645306,17009731,50.276477051664,99.593662,55.5112499818484,0.0241963153528489,8.79204050030603,76170402.5268555,NA,NA,NA,NA,7.25026846,2.25,19,78.89,76.424,81.299,10.2815083068,0.872463047504425,NA,NA,2.27650789887703,"Americas","South America",0.952,2.755,2.985,1.519,1.069,1.915,-1.652,2.798,1.5,0,0.273,1,0.818,0.636,0.182,0,0,0.091,0.545,0.909,0.545,0.545,0,0.835,0.038,1.772,3.273,1.47,1.972,2.968,1.221,2.579,2.449,2.294,1.579,2.242,1.13,1.578,3.146,3.136,1.739,0.118
"CHL","CHILE",2010,10,1,12632.8704724192,25.0927667140244,103.219367980957,NA,NA,NA,95.45718,3.47828463189786,NA,NA,45,17.471006271607,17181464,50.2754887476411,99.3886413574219,53.8127811770917,0.0177167005915164,11.9881628362203,187912322.998047,NA,NA,NA,NA,6.81958389,2.03,19,79.095,76.607,81.536,NA,NA,NA,NA,2.25424093293149,"Americas","South America",0.952,2.755,2.985,0.907,1.069,1.915,-1.092,2.798,1.5,0.182,0.455,1,0.909,0.545,0.182,0,0.091,0.182,0.364,0.818,0.364,0.455,0,0.838,0.036,1.725,3.273,1.913,1.487,2.968,1.715,2.579,2.449,2.294,1.579,2.242,1.13,1.578,3.146,3.136,1.744,0.117
"CHL","CHILE",2011,10,1,14487.3927832032,14.6801339793113,103.170486450195,NA,94.9600067138672,95.1889495849609,94.8,3.62618323583881,NA,NA,52.2496,18.9360959954426,17351816,50.2735160400502,99.588193,54.3697640865635,0.0202996901928584,12.1645185437385,163892639.160156,96.6999969482422,96.9000015258789,96.5299987792969,NA,6.79947519,2.21,19,79.236,76.882,81.543,7.75035284299,0.872496545314789,NA,NA,2.26361278130337,"Americas","South America",0.945,2.755,2.767,0.907,1.069,1.915,-1.092,2.798,1.5,0.182,0.455,1,0.909,0.545,0.182,0,0.091,0.182,0.364,0.818,0.364,0.455,0,0.84,0.036,1.725,3.273,1.913,1.487,2.968,1.715,2.579,2.449,2.294,1.579,2.242,1.13,1.578,3.146,3.136,1.744,0.116
"CHL","CHILE",2012,10,1,15241.9069981119,5.20807453901221,103.369781494141,NA,97.2925567626953,97.5218200683594,94.51162,3.27493353961752,NA,NA,55.05,18.9910595562318,17519119,50.2700078851002,99.8582229614258,56.2982132532287,0.0339242699071752,9.05442637303188,126411880.493164,NA,NA,NA,NA,7.01951265,2.16,18,79.221,76.901,81.508,NA,NA,NA,NA,2.04588028294284,"Americas","South America",0.945,2.755,2.767,0.907,1.069,1.915,-1.092,2.798,1.5,0.182,0.455,1,0.909,0.545,0.182,0,0.091,0.182,0.364,0.818,0.364,0.455,0,0.846,0.035,1.758,3.273,1.913,1.487,2.968,1.715,2.579,2.449,2.294,1.579,2.496,1.13,1.578,3.146,3.136,1.744,0.108
"CHL","CHILE",2013,10,1,15683.5486369155,2.89754844231965,102.084899902344,NA,97.3715972900391,96.6104583740234,93.65419,3.47337532789926,NA,NA,58,17.4587728968776,17687006,50.2663395791046,99.6,57.2209852364053,0.0371419227856785,7.66232423505302,80153808.59375,96.2699966430664,96.3899993896484,96.1600036621094,NA,7.47552681,2.16,18,79.551,77.302,81.763,7.0777220713,0.872658669948578,NA,NA,1.99462247217943,"Americas","South America",0.943,2.824,2.421,0.907,1.069,1.915,-1.258,2.798,1.5,0.182,0.455,1,0.909,0.545,0.182,0,0.091,0.182,0.364,0.818,0.364,0.455,0,0.848,0.037,1.582,3.273,1.502,1.487,2.441,1.715,2.579,2.449,2.87,1.932,2.496,1.13,1.578,3.146,2.609,1.744,0.12
"CHL","CHILE",2014,10,1,14529.6767206336,-7.35721196136663,101.930870056152,NA,98.1463394165039,98.1872329711914,93.42186,3.94662062999462,NA,NA,61.11,17.0445012165024,17864195,50.2632668306632,99.9953384399414,57.1528758804213,0.0299545823134528,6.87780503013052,253161651.611328,NA,NA,NA,NA,7.84150171,2.11,17,79.714,77.414,81.983,NA,NA,NA,NA,1.9671068502734,"Americas","South America",0.943,2.824,2.421,1.525,1.069,1.915,-1.258,2.798,1.5,0.182,0.455,1,0.909,0.545,0.182,0,0.091,0.182,0.364,0.818,0.364,0.455,0,0.849,0.037,1.631,3.273,1.502,1.599,2.11,1.936,2.579,2.449,2.87,1.932,2.496,1.13,1.578,3.146,2.609,1.744,0.138
"CHL","CHILE",2015,10,1,13433.9202987032,-7.54150586416225,101.712509155273,NA,97.9075088500977,97.6334915161133,93.43477,3.7094042753649,NA,NA,76.6296,17.5460829297571,18047625,50.2623475388036,99.714844,58.3447093583013,0.00702175038442219,4.04461870413776,62043510.4370117,96.870002746582,97.0199966430664,96.7399978637695,NA,8.3513937,2.13,18,80.008,77.689,82.297,NA,0.872884392738342,NA,NA,1.9096233898132,"Americas","South America",0.936,2.55,2.714,1.704,1.069,1.915,-1.258,2.798,1.171,0,0.273,1,0.818,0.636,0.182,0,0,0.091,0.545,0.909,0.545,0.545,0,0.84,0.041,1.631,3.273,1.502,1.438,1.78,1.726,2.579,2.449,2.87,1.594,2.496,1.13,1.578,3.146,3.021,1.744,0.138
"CHL","CHILE",2016,10,1,13649.8520452803,1.60736212345956,101.585189819336,NA,98.9493789672852,97.8263931274414,94.0068,4.19908937129196,NA,NA,83.5586,17.4689644166374,18267221,50.2623360170658,100,58.9826363326027,0.00716567782254964,3.20569572328577,213911224.365234,NA,NA,NA,NA,8.55767059,2.11,17,80.295,78.008,82.549,NA,NA,NA,NA,1.92415844717468,"Americas","South America",0.936,2.55,2.714,1.704,1.069,1.664,-1.218,2.798,1.171,0,0.273,1,0.818,0.636,0.182,0,0,0.091,0.545,0.909,0.545,0.545,0,0.84,0.041,1.731,3.273,1.502,1.438,1.78,1.726,2.579,2.449,2.87,1.594,2.496,1.13,1.578,3.146,3.021,1.744,0.134
"CHL","CHILE",2017,10,1,14879.9086227187,9.01150117494288,101.396278381348,NA,98.7593078613281,97.52880859375,94.74067,4.28097161377037,NA,NA,82.3275,17.5057946834574,18558868,50.2609992301793,NA,58.2768071532191,0.00833339168997084,5.30261792520974,79945945.7397461,96.4000015258789,96.4800033569336,96.3300018310547,NA,9.090518,2.09,18,80.61,78.401,82.783,NA,0.873247861862183,NA,NA,1.94059250989466,"Americas","South America",0.936,2.55,2.714,1.704,1.069,1.664,-1.07,2.798,1.171,0,0.273,1,0.818,0.636,0.182,0,0,0.091,0.545,0.909,0.545,0.545,0,0.842,0.039,1.87,3.273,2.287,1.438,1.78,1.726,2.579,2.449,2.87,1.594,2.496,1.39,1.578,3.146,3.021,1.744,0.126
"CHL","CHILE",2018,10,1,15659.4808675628,5.23909295823124,101.538017272949,NA,98.5979690551758,97.6894683837891,NA,3.92743592461123,NA,NA,84.9,18.3955244968596,18893191,50.2591727495463,NA,58.0012686596891,0.0122096396579944,5.83707726201581,NA,NA,NA,NA,NA,9.15040398,2.05,19,80.559,78.323,82.776,NA,NA,NA,NA,1.87761395069212,"Americas","South America",0.907,2.55,1.814,1.704,1.069,1.664,-1.206,2.798,1.171,0,0.273,1,0.818,0.636,0.182,0,0,0.091,0.545,0.909,0.545,0.545,0,0.805,0.047,1.87,3.273,2.287,1.944,2.339,1.726,2.005,2.449,2.025,1.594,1.222,1.39,1.578,3.146,3.021,1.744,0.091
"CHL","CHILE",2019,NA,1,14495.716721687,-7.43169046099371,101.193206787109,NA,97.9192810058594,96.9540100097656,NA,3.987812171379,NA,NA,85.0176,17.7188527701523,19197744,50.2589601288026,NA,58.8831754600692,0.01138461169495,2.56889266052365,NA,NA,NA,NA,NA,9.30968475,2.02,19,80.324,78.098,82.549,NA,NA,NA,NA,1.86471710953666,"Americas","South America",0.888,2.186,1.4,1.816,1.898,1.664,-0.783,2.798,1.132,0.182,0.455,1,0.909,0.545,0.182,0,0,0.182,0.364,0.818,0.364,0.455,0,0.763,0.044,1.87,3.273,2.287,2.079,2.339,1.601,2.005,2.449,2.448,1.594,1.222,1.439,1.578,3.146,3.254,1.744,0.091
"CHL","CHILE",2020,NA,1,13114.815470545,-9.52627095061839,99.7043991088867,NA,98.3813171386719,97.5408630371094,NA,4.04542684409947,NA,NA,87.4593,16.1961693313326,19370624,50.268829749625,NA,56.3446145785556,0.00734834195127083,5.48716936741024,NA,NA,NA,NA,NA,9.69734573,2.02,15,79.349,76.76,82.031,NA,NA,NA,NA,2.06553058219768,"Americas","South America",0.878,1.921,1.673,1.816,1.898,2.182,-0.606,2.798,0.818,0.167,0.417,1,0.833,0.5,0.167,0,0,0.167,0.333,0.75,0.333,0.417,0,0.765,0.04,1.266,3.273,2.287,2.079,2.339,1.699,2.005,2.449,1.996,1.594,2.228,1.439,1.578,3.146,3.254,2.055,0.088
"COL","COLOMBIA",1960,7,1,258.304433616071,NA,NA,NA,NA,NA,NA,NA,NA,NA,NA,NA,15606209,50.2043769886716,NA,NA,NA,NA,-56575500.4882813,NA,NA,NA,NA,NA,2.57554721832275,NA,56.609,54.775,58.459,NA,NA,NA,NA,1.88432347552997,"Americas","South America",0.268,-0.987,-0.509,-0.226,-0.109,0.231,-0.064,0.686,0.464,0.167,0.667,0.833,0.667,0.5,0.5,0,0.333,0.667,0.167,0.333,0.167,0.167,0,0.248,0.492,0.499,0.763,-1.002,-0.767,0.617,0.319,-0.359,0.661,0.424,0.152,0.629,-0.895,-0.149,1.137,1.045,-0.63,0.671
"COL","COLOMBIA",1961,7,1,282.099440509948,9.21200095591258,NA,NA,NA,NA,NA,NA,NA,NA,NA,NA,16095203,50.1808520215619,NA,NA,NA,NA,408700592.041016,NA,NA,NA,NA,NA,NA,NA,57.203,55.39,59.028,NA,NA,NA,NA,2.1432563032116,"Americas","South America",0.268,-0.987,-0.509,-0.226,-0.109,0.231,-0.064,0.686,0.464,0.167,0.667,0.833,0.667,0.5,0.5,0,0.333,0.667,0.167,0.333,0.167,0.167,0,0.251,0.492,0.499,0.763,-1.002,-0.767,0.617,0.319,-0.359,0.661,0.424,0.152,0.629,-0.895,-0.149,1.137,1.045,-0.63,0.671
"COL","COLOMBIA",1962,7,1,298.544207818945,5.82942216378379,NA,NA,NA,NA,NA,NA,NA,NA,NA,NA,16599029,50.1567320688898,NA,NA,NA,NA,384497222.900391,NA,NA,NA,NA,NA,NA,NA,57.737,55.964,59.518,NA,NA,NA,NA,3.09941520467836,"Americas","South America",0.268,-0.987,-0.509,-0.226,-0.109,0.231,-0.064,0.686,0.464,0.167,0.667,0.833,0.667,0.5,0.5,0,0.333,0.667,0.167,0.333,0.167,0.167,0,0.252,0.492,0.499,0.763,-1.001,-0.767,0.617,0.319,-0.359,0.661,0.424,0.152,0.629,-0.895,-0.149,1.137,1.045,-0.63,0.663
"COL","COLOMBIA",1963,7,1,282.588330302742,-5.34456107280419,NA,NA,NA,NA,NA,NA,NA,NA,NA,NA,17113823,50.1320102392078,NA,NA,NA,NA,544217346.191406,NA,NA,NA,NA,NA,NA,NA,58.296,56.556,60.04,NA,NA,NA,NA,3.5151403758673,"Americas","South America",0.268,-0.987,-0.509,-0.226,-0.109,0.231,-0.064,0.686,0.464,0.167,0.667,0.833,0.667,0.5,0.5,0,0.333,0.667,0.167,0.333,0.167,0.167,0,0.252,0.491,0.499,0.763,-1.001,-0.767,0.617,0.319,-0.359,0.661,0.424,0.152,0.629,-0.895,-0.149,1.137,1.045,-0.63,0.661
"COL","COLOMBIA",1964,7,1,338.675935298365,19.8478135793985,NA,NA,NA,NA,NA,NA,NA,NA,NA,NA,17637411,50.1072011079177,NA,NA,NA,NA,324319976.806641,NA,NA,NA,NA,NA,NA,NA,58.77,57.029,60.514,NA,NA,NA,NA,3.18080357142857,"Americas","South America",0.268,-0.987,-0.509,-0.226,-0.109,0.231,0.527,0.686,0.464,0.167,0.667,0.833,0.667,0.5,0.5,0,0.333,0.667,0.167,0.333,0.167,0.167,0,0.251,0.491,0.499,0.925,-1.001,-0.767,0.617,0.319,-0.359,0.661,0.424,0.152,0.629,-0.895,-0.149,1.137,1.045,-0.63,0.665
"COL","COLOMBIA",1965,7,1,317.064563351518,-6.38113597525254,NA,NA,NA,NA,NA,27.2864039148261,NA,NA,NA,NA,18169050,50.0825662366809,NA,46.4621081867478,NA,NA,292967285.15625,NA,NA,NA,NA,NA,NA,NA,59.247,57.533,60.963,NA,NA,NA,NA,3.19094692172311,"Americas","South America",0.268,-0.987,-0.509,-0.226,-0.109,0.231,0.895,0.686,0.464,0.167,0.667,0.833,0.667,0.5,0.5,0,0.333,0.667,0.167,0.333,0.167,0.167,0,0.251,0.49,0.499,0.925,-1.001,-0.767,0.617,0.319,-0.359,0.661,0.424,0.152,0.629,-0.895,-0.149,1.137,1.045,-0.63,0.666
"COL","COLOMBIA",1966,7,1,290.253385958132,-8.45606242147642,NA,NA,NA,NA,NA,26.6084464760865,NA,NA,NA,NA,18702688,50.0581333580571,NA,46.7803779763935,NA,NA,599190673.828125,NA,NA,NA,NA,NA,NA,NA,59.713,58.013,61.414,NA,NA,NA,NA,3.16524479704396,"Americas","South America",0.272,-0.987,-0.509,-0.226,0.065,0.231,0.895,0.686,0.464,0.167,0.667,0.833,0.667,0.5,0.5,0,0.333,0.667,0.167,0.333,0.167,0.167,0,0.251,0.486,0.499,0.925,-0.966,-0.767,0.617,0.319,-0.359,0.661,0.424,0.152,0.629,-0.895,-0.149,1.137,1.045,-0.63,0.663
"COL","COLOMBIA",1967,7,1,302.832507824134,4.3338415586361,NA,NA,NA,NA,NA,26.8922181198523,NA,NA,NA,NA,19235618,50.0347532374577,NA,45.9362870396668,NA,NA,669169250.488281,NA,NA,NA,NA,NA,NA,NA,60.15,58.431,61.872,NA,NA,NA,NA,3.1173645631477,"Americas","South America",0.272,-0.987,-0.509,-0.226,0.065,0.231,0.895,0.686,0.464,0.167,0.667,0.833,0.667,0.5,0.5,0,0.333,0.667,0.167,0.333,0.167,0.167,0,0.251,0.484,0.499,0.925,-0.966,-0.767,0.617,0.319,-0.359,0.661,0.424,0.152,0.629,-0.895,-0.149,1.137,1.045,-0.63,0.663
"COL","COLOMBIA",1968,7,1,301.526502784249,-0.431263159054065,NA,NA,NA,NA,NA,26.8593849766225,NA,NA,NA,NA,19766796,50.0134139095387,NA,46.194723074705,NA,NA,792393798.828125,NA,NA,NA,NA,NA,NA,NA,60.572,58.812,62.336,NA,NA,NA,NA,2.38537248109852,"Americas","South America",0.272,-0.987,-0.509,-0.226,0.065,0.231,0.895,0.686,0.464,0.167,0.667,0.833,0.667,0.5,0.5,0,0.333,0.667,0.167,0.333,0.167,0.167,0,0.253,0.479,0.499,0.925,-1.271,-0.767,0.617,0.319,-0.359,0.661,0.424,0.6,0.629,-0.895,-0.149,1.137,1.045,-0.63,0.689
"COL","COLOMBIA",1969,7,1,317.868798055367,5.41985368457359,NA,NA,NA,NA,NA,25.8672848345983,NA,NA,NA,NA,20291942,49.9947195785756,NA,47.1466418444794,NA,NA,675972839.355469,NA,NA,NA,NA,NA,NA,NA,61.031,59.192,62.873,NA,NA,NA,NA,2.05492415707552,"Americas","South America",0.272,-0.987,-0.509,-0.226,0.065,0.231,0.895,0.686,0.464,0.167,0.667,0.833,0.667,0.5,0.5,0,0.333,0.667,0.167,0.333,0.167,0.167,0,0.253,0.446,0.499,0.925,-1.271,-0.767,0.617,0.319,-0.359,0.661,0.424,0.6,0.629,-0.895,2.23,1.137,1.045,-0.63,0.695
"COL","COLOMBIA",1970,7,1,345.879101568471,8.81190720336921,NA,NA,NA,NA,NA,25.087370450711,NA,NA,NA,NA,20811782,49.9787956648787,NA,47.5438358640636,0.453852135192152,0.971130535161595,838371215.820313,NA,NA,NA,NA,NA,2.09730005264282,NA,61.465,59.545,63.39,NA,NA,NA,NA,2.25954658431875,"Americas","South America",0.272,-0.987,-0.509,-0.226,0.065,0.231,0.895,0.686,0.464,0.143,0.714,0.857,0.714,0.429,0.571,0,0.286,0.714,0.143,0.429,0,0,0,0.253,0.436,0.499,1.794,-1.62,-0.767,0.617,0.319,-0.359,0.661,0.424,0.6,0.854,-0.895,2.23,1.137,1.045,-0.995,0.754
"COL","COLOMBIA",1971,7,1,366.825167940364,6.05589244244826,NA,NA,NA,NA,NA,23.5191101189331,NA,NA,NA,NA,21319096,49.965362041366,NA,49.2667718717524,0.685517417606044,1.23438280998411,622091064.453125,NA,NA,NA,NA,NA,NA,NA,62.005,60.011,64.009,NA,NA,NA,NA,3.37417409711976,"Americas","South America",0.272,-0.987,-0.509,-0.226,0.065,0.231,1.544,0.686,0.464,0.143,0.714,0.857,0.714,0.429,0.571,0,0.286,0.714,0.143,0.429,0,0,0,0.26,0.437,0.499,1.794,-1.62,-0.767,0.617,0.319,-0.359,0.661,0.424,0.6,0.854,-0.895,2.23,1.137,1.045,-0.995,0.761
"COL","COLOMBIA",1972,7,1,397.41211740514,8.33829086387787,NA,NA,NA,NA,NA,24.1306021707258,NA,NA,NA,NA,21819563,49.9542360220505,NA,47.7659877435211,0.657317983358433,1.29333669655888,588006774.902344,NA,NA,NA,NA,NA,NA,NA,62.53,60.471,64.604,NA,NA,NA,NA,1.96719582300512,"Americas","South America",0.272,-0.987,-0.509,-0.226,0.065,0.231,1.544,0.686,0.464,0.143,0.714,0.857,0.714,0.429,0.571,0,0.286,0.714,0.143,0.429,0,0,0,0.262,0.437,0.499,1.794,-1.62,-0.767,0.617,0.319,-0.359,0.661,0.424,0.6,0.854,-0.895,2.23,1.137,1.045,-0.995,0.761
"COL","COLOMBIA",1973,7,1,462.064375734059,16.2683158105644,NA,NA,NA,NA,NA,24.1289685803586,NA,NA,NA,NA,22325374,49.9451744906939,NA,45.8405987826945,0.92942316517958,1.76450005369904,668128173.828125,NA,NA,NA,NA,NA,NA,NA,62.991,60.839,65.166,NA,NA,NA,NA,1.69024510610298,"Americas","South America",0.272,-0.987,-0.509,-0.226,0.065,0.231,1.544,0.686,0.464,0.143,0.714,0.857,0.714,0.429,0.571,0,0.286,0.714,0.143,0.429,0,0,0,0.261,0.437,0.499,1.794,-1.62,-0.767,0.617,0.319,-0.359,0.661,0.424,0.6,0.854,-0.895,2.23,1.137,1.045,-0.995,0.761
"COL","COLOMBIA",1974,8,1,541.749901587091,17.2455463000019,NA,NA,NA,NA,NA,24.3821033301901,NA,NA,NA,NA,22833469,49.9377558442828,NA,46.1058861481959,3.98291235195913,4.75675236217101,412502807.617188,NA,NA,NA,NA,NA,NA,NA,63.497,61.258,65.769,NA,NA,NA,NA,1.57578013524412,"Americas","South America",0.272,-0.987,-0.509,-0.226,0.065,0.231,1.544,0.686,0.464,0.143,0.714,0.857,0.714,0.429,0.571,0,0.286,0.714,0.143,0.429,0,0,0,0.282,0.438,0.499,1.794,-1.273,-0.767,0.617,0.319,-0.359,0.661,0.424,0.6,0.854,-0.895,2.23,1.137,1.045,-1.124,0.745
"COL","COLOMBIA",1975,8,1,561.098036100584,3.57141449528857,NA,NA,NA,NA,NA,23.8864697808979,NA,NA,NA,NA,23344644,49.9316310014567,NA,47.6139696081045,3.33821480333793,4.63550477940996,298600097.65625,NA,NA,NA,NA,NA,NA,NA,64.012,61.677,66.388,NA,NA,NA,NA,1.74026807533756,"Americas","South America",0.272,-0.987,-0.509,-0.226,0.065,0.231,1.544,0.686,0.06,0.143,0.857,0.857,0.857,0.429,0.714,0,0.286,0.714,0.143,0.429,0,0,0,0.301,0.424,0.499,1.794,-1.273,-0.767,0.617,0.319,-0.359,0.661,0.424,1.075,0.854,-0.895,2.23,1.137,1.045,-1.049,0.73
"COL","COLOMBIA",1976,8,1,643.007914496566,14.5981402760245,NA,NA,NA,NA,NA,23.6286095402709,NA,NA,NA,NA,23858810,49.9265323825232,NA,46.1292201326394,2.86098892003378,3.98023301354462,271734313.964844,NA,NA,NA,NA,NA,NA,NA,64.642,62.219,67.11,NA,NA,NA,NA,1.49360287072351,"Americas","South America",0.272,-0.987,-0.509,-0.226,0.065,0.231,1.544,0.686,0.06,0.143,0.857,0.857,0.857,0.429,0.714,0,0.286,0.714,0.143,0.429,0,0,0,0.304,0.412,0.499,1.794,-1.273,-0.767,0.617,0.319,-0.359,0.661,0.424,1.449,0.854,-0.895,2.23,1.137,1.045,-1.049,0.73
"COL","COLOMBIA",1977,8,1,798.203021638873,24.1358004533762,NA,NA,NA,NA,NA,25.0470302180498,NA,NA,NA,NA,24393494,49.9225633719153,NA,45.0400751924852,1.78535540238928,2.76586869988934,142614654.541016,NA,NA,NA,NA,NA,NA,NA,65.237,62.723,67.79,NA,NA,NA,NA,1.43848721422287,"Americas","South America",0.272,-0.987,-0.509,-0.226,0.065,0.231,1.544,0.686,0.06,0.143,0.857,0.857,0.857,0.429,0.714,0,0.286,0.714,0.143,0.429,0,0,0,0.307,0.412,0.499,1.794,-1.273,-0.767,0.617,0.319,-0.359,0.661,0.424,1.449,0.854,-0.895,2.23,1.137,1.045,-1.049,0.73
"COL","COLOMBIA",1978,8,1,932.392695058624,16.811471490578,NA,NA,NA,NA,NA,23.0404612710242,NA,NA,NA,NA,24950337,49.9206163026976,NA,47.2582895632373,1.56559233732864,2.45162230150973,180193771.362305,NA,NA,NA,NA,NA,NA,NA,65.827,63.193,68.508,NA,NA,NA,NA,1.55031940977911,"Americas","South America",0.202,-1.084,-1.552,-0.226,0.065,0.231,1.544,0.686,0.06,0.143,0.857,0.857,0.857,0.429,0.714,0,0.286,0.714,0.143,0.429,0,0,0,0.283,0.44,-1.013,2.038,-1.294,-0.767,0.617,-0.316,-0.359,0.661,0.424,1.589,0.854,-0.791,2.23,1.137,1.045,-1.049,0.817
"COL","COLOMBIA",1979,8,1,1095.0313839164,17.4431534824016,NA,NA,NA,NA,NA,21.4658774226815,NA,NA,NA,NA,25515626,49.9213305603398,NA,49.0237774190645,3.25082063533461,4.31749348621964,102181655.883789,NA,NA,NA,NA,NA,NA,NA,66.162,63.402,68.984,NA,NA,NA,NA,1.67392876970441,"Americas","South America",0.202,-1.084,-1.552,-0.226,0.065,0.231,1.544,0.686,0.06,0.143,0.857,0.857,0.857,0.429,0.714,0,0.286,0.714,0.143,0.429,0,0,0,0.273,0.442,-1.013,2.038,-1.294,-0.767,0.617,-0.316,-0.593,0.661,0.424,1.589,0.854,-0.791,2.23,1.137,1.045,-1.049,0.818
"COL","COLOMBIA",1980,8,1,1279.50116658241,16.8460726674564,NA,NA,NA,NA,NA,19.3599007048185,NA,NA,NA,NA,26104498,49.924162494908,NA,48.8278355803512,3.40244588319501,4.87046442956039,94264923.0957031,NA,NA,NA,NA,NA,1.56410002708435,NA,66.693,63.855,69.601,NA,NA,NA,NA,1.83012164926257,"Americas","South America",0.202,-1.084,-1.552,0.435,0.065,0.231,1.544,0.686,0.06,0.143,0.857,0.857,0.857,0.429,0.714,0,0.286,0.714,0.143,0.429,0,0,0,0.273,0.442,-1.013,2.038,-1.294,-0.767,0.617,-0.316,-0.593,0.661,0.424,1.589,0.854,-0.791,2.23,1.137,1.045,-1.049,0.818
"COL","COLOMBIA",1981,8,1,1362.18332520058,6.46206199553665,NA,NA,NA,NA,NA,19.2477404120391,NA,NA,NA,NA,26713267,49.9282322899704,NA,50.3086838483276,2.79806453723812,3.96009110273866,136811935.424805,NA,NA,NA,NA,NA,NA,NA,67.189,64.268,70.185,NA,NA,NA,NA,1.75512036191792,"Americas","South America",0.202,-1.084,-1.552,0.435,0.065,0.231,1.544,0.686,0.06,0.143,0.857,0.857,0.857,0.429,0.714,0,0.286,0.714,0.143,0.429,0,0,0,0.273,0.442,-1.013,2.038,-1.294,-0.767,0.617,-0.316,-0.593,0.661,0.424,1.589,0.854,-0.791,2.23,1.137,1.045,-1.049,0.818
"COL","COLOMBIA",1982,8,1,1425.39936771371,4.64078816291644,NA,NA,NA,NA,72.869,18.7651213431477,NA,NA,NA,NA,27338331,49.9326549939225,NA,50.7146924395887,1.67230460563661,2.80472484483233,177375045.776367,NA,NA,NA,NA,NA,NA,NA,67.861,64.912,70.87,NA,NA,NA,NA,1.71385095903576,"Americas","South America",0.23,-0.998,-1.216,0.435,0.065,0.231,1.544,0.686,0.06,0.143,0.857,0.857,0.857,0.429,0.714,0,0.286,0.714,0.143,0.429,0,0,0,0.28,0.407,-0.435,2.038,-1.295,-0.767,0.617,0.601,-0.593,0.661,0.424,1.589,0.854,-0.791,2.23,1.137,1.347,-1.049,0.784
"COL","COLOMBIA",1983,8,1,1383.7924605368,-2.91896489638872,NA,NA,NA,NA,NA,18.7138952836759,NA,NA,NA,NA,27988173,49.9379094899153,NA,50.8059068732018,2.43966813941097,3.42751874293806,117614021.30127,NA,NA,NA,NA,NA,NA,NA,68.121,65.108,71.211,NA,NA,NA,NA,2.21993752742179,"Americas","South America",0.248,-0.998,-0.964,0.435,0.065,0.231,1.544,0.686,0.06,0.143,0.857,0.857,0.857,0.429,0.714,0,0.286,0.714,0.143,0.429,0,0,0,0.321,0.396,-0.435,2.038,-1.295,-0.767,0.617,0.601,-0.36,0.661,0.424,1.589,0.854,-0.791,2.23,1.137,1.347,-1.049,0.783
"COL","COLOMBIA",1984,8,1,1335.52821812362,-3.48782377340438,NA,NA,NA,NA,71.16851,17.4089297678982,NA,NA,NA,NA,28642690,49.9455340942326,NA,49.8253895156958,2.66352851984923,3.5938946568258,134979034.423828,NA,NA,NA,NA,NA,NA,NA,68.308,65.208,71.508,NA,NA,NA,NA,2.32589496393177,"Americas","South America",0.248,-0.998,-0.964,0.435,0.065,0.231,1.204,0.686,0.06,0.143,0.857,0.857,0.857,0.429,0.714,0,0.286,0.714,0.143,0.429,0,0,0,0.32,0.396,-0.435,2.038,-1.295,-0.767,0.617,0.601,-0.36,0.661,0.424,1.589,0.854,-0.791,2.23,1.137,1.347,-1.049,0.783
"COL","COLOMBIA",1985,8,1,1192.21849833568,-10.7305647191256,NA,NA,NA,NA,70.04073,16.9906943035106,NA,NA,NA,NA,29268470,49.9565898061433,NA,48.1553230311709,2.92183566367263,3.95951373552137,157925445.556641,NA,NA,NA,NA,NA,NA,NA,65.359,62.353,68.519,NA,NA,NA,NA,2.05401660934215,"Americas","South America",0.248,-0.998,-0.964,0.435,0.065,0.231,1.508,0.686,0.06,0.143,0.857,0.857,0.857,0.429,0.714,0,0.286,0.714,0.143,0.429,0,0,0,0.321,0.396,-0.435,2.038,-1.295,-0.767,0.617,0.601,-0.36,0.661,0.424,1.589,0.854,-0.791,2.23,1.137,1.347,-1.049,0.783
"COL","COLOMBIA",1986,8,1,1169.46212069392,-1.90874220401105,NA,NA,NA,NA,68.0572,17.4769253071175,NA,NA,NA,NA,29879112,49.9716407244084,NA,45.5796118890576,2.14754362376945,3.10535994984469,115592170.715332,NA,NA,NA,NA,NA,NA,NA,68.303,64.869,71.905,NA,NA,NA,NA,1.94461959115846,"Americas","South America",0.248,-0.998,-0.964,0.435,0.065,0.231,1.508,0.686,0.06,0.143,0.857,0.857,0.857,0.429,0.714,0,0.286,0.714,0.143,0.429,0,0,0,0.311,0.385,0.509,2.038,-1.321,-0.767,0.617,0.601,-0.36,0.661,0.424,1.589,0.854,-0.791,2.23,1.137,1.347,-1.049,0.732
"COL","COLOMBIA",1987,8,1,1192.58828638182,1.97750446796665,NA,NA,NA,NA,68.84319,18.0637386666618,NA,NA,NA,NA,30499467,49.9910916478937,NA,46.2691208294086,4.29296249771919,5.14044865983841,151751647.949219,NA,NA,NA,NA,NA,NA,NA,68.166,64.543,71.999,NA,NA,NA,NA,1.98313541641877,"Americas","South America",0.248,-0.998,-0.964,0.435,0.065,0.231,1.508,0.686,0.06,0.143,0.857,0.857,0.857,0.429,0.714,0,0.286,0.714,0.143,0.429,0,0,0,0.311,0.391,0.067,2.038,-1.321,-0.767,0.617,0.601,-0.36,0.661,0.424,1.589,0.854,-0.791,2.23,1.137,1.347,-1.049,0.765
"COL","COLOMBIA",1988,8,1,1259.6174112078,5.62047486055216,NA,NA,NA,NA,68.74748,16.7492942839987,NA,NA,NA,NA,31130524,50.0145773325242,NA,46.5686466721471,2.8758638419425,4.02186465581087,140815994.262695,NA,NA,NA,NA,NA,NA,NA,68.301,64.519,72.323,NA,NA,NA,NA,2.19924475548319,"Americas","South America",0.248,-0.998,-0.964,0.435,0.065,0.231,1.508,0.686,0.06,0.143,0.857,0.857,0.857,0.429,0.714,0,0.286,0.714,0.143,0.429,0,0,0,0.306,0.391,0.067,2.038,-1.321,-0.767,0.617,0.601,-0.36,0.661,0.424,1.589,0.854,-0.791,2.23,1.137,1.347,-1.049,0.765
"COL","COLOMBIA",1989,8,1,1244.3269459081,-1.21389758220621,NA,NA,NA,NA,68.86982,16.0571909914629,NA,NA,NA,NA,31776279,50.040514499527,NA,46.7576443217888,4.66461024743611,5.89175959366568,129565155.029297,NA,NA,NA,NA,NA,1.25109994411469,NA,68.616,64.711,72.782,NA,NA,NA,NA,2.18818380743982,"Americas","South America",0.248,-0.998,-0.964,0.435,0.065,0.231,1.508,0.686,0.06,0.143,0.857,0.857,0.857,0.429,0.714,0,0.286,0.714,0.143,0.429,0,0,0,0.306,0.391,0.067,2.038,-1.321,-0.767,0.617,0.601,-0.36,0.661,0.424,1.589,0.854,-0.791,2.23,1.137,1.347,-1.049,0.765
"COL","COLOMBIA",1990,8,1,1474.8455285342,18.5255638306433,NA,NA,NA,NA,NA,17.0667810007027,NA,NA,0,NA,32440069,50.0690565753438,89.9,48.3031645256986,5.85725180474062,6.90290637643892,149786651.611328,NA,NA,NA,NA,NA,1.3667000532,NA,68.701,64.593,73.109,NA,NA,NA,NA,1.86015929954807,"Americas","South America",0.277,-0.998,-0.453,0.435,0.065,1.26,1.508,0.978,0.06,0.125,0.875,1,1,0.5,0.75,0,0.25,0.75,0.125,0.375,0,0,0.125,0.321,0.393,0.067,1.766,-1.201,-0.767,0.617,0.601,-0.36,0.661,0.619,1.589,0.854,-0.791,2.23,1.137,1.347,-1.049,0.763
"COL","COLOMBIA",1991,9,1,1485.73971889208,0.738666534705325,NA,NA,NA,NA,71.93849,17.4547981612428,NA,NA,NA,NA,33098372,50.1009581347095,90.760009765625,48.6349665306718,3.02073717145768,4.19951137793811,199768096.923828,NA,NA,NA,NA,NA,NA,NA,68.772,64.512,73.365,NA,NA,NA,NA,1.85348178319724,"Americas","South America",0.309,-0.998,-0.453,0.858,1.017,1.873,1.508,1.814,0.659,0.125,0.937,0.938,1,0.438,0.75,0,0.25,0.75,0.125,0.437,0.062,0.062,0.125,0.393,0.29,0.067,2.18,-1.394,-0.767,0.617,0.601,1.015,0.661,1.168,2.155,1.25,-0.791,2.23,1.233,1.454,-0.875,0.714
"COL","COLOMBIA",1992,9,1,1730.39091795329,16.4666257454332,NA,NA,NA,NA,79.96265,16.7939433917586,NA,NA,NA,NA,33760571,50.1356256641623,91.1531982421875,51.2154841670251,2.83229170281085,3.65200984470421,366143585.205078,NA,NA,NA,NA,NA,NA,NA,68.764,64.388,73.499,NA,NA,NA,NA,2.10667794255338,"Americas","South America",0.651,1.04,-0.018,0.425,1.017,1.873,1.508,1.893,0.659,0.125,1,0.875,1,0.375,0.75,0,0.25,0.75,0.25,0.625,0.125,0.125,0.125,0.429,0.278,0.067,2.18,-1.394,-0.017,0.617,0.601,1.015,0.889,1.168,2.155,1.025,-0.791,2.23,1.233,1.768,-0.875,0.755
"COL","COLOMBIA",1993,9,1,1929.26721811738,11.4931428557959,NA,NA,NA,NA,80.63068,14.9678292386502,NA,NA,NA,NA,34441473,50.1695339850747,91.543327331543,51.6619302594552,2.45619870164746,2.98064670992827,170505035.400391,91.0599975585938,90.9700012207031,91.1500015258789,NA,NA,1.2999999523,NA,69.083,64.815,73.67,NA,NA,NA,NA,2.52526701829097,"Americas","South America",0.651,1.04,-0.018,0.425,1.017,1.873,1.508,1.893,0.659,0.125,1,0.875,1,0.375,0.75,0,0.25,0.75,0.25,0.625,0.125,0.125,0.125,0.431,0.275,0.067,2.18,-1.394,-0.017,0.617,0.601,1.015,0.889,1.168,2.262,1.025,-0.791,2.23,1.233,1.768,-0.875,0.755
"COL","COLOMBIA",1994,9,1,2325.91872973374,20.5596978941787,NA,NA,NA,NA,81.36268,14.8315378667055,NA,NA,0.107,NA,35127410,50.1995535679972,91.9273452758789,52.8260256465956,1.94674410530817,2.41695103636019,116882019.042969,NA,NA,NA,NA,NA,NA,NA,69.422,65.277,73.845,NA,NA,NA,NA,2.50840701347047,"Americas","South America",0.651,1.04,-0.018,0.425,1.017,1.873,1.508,1.893,0.659,0.125,1,0.875,1,0.375,0.75,0,0.25,0.75,0.25,0.625,0.125,0.125,0.125,0.431,0.275,0.067,2.18,-1.392,-0.017,0.617,0.601,1.015,0.889,1.168,2.262,1.025,-0.791,2.23,1.281,1.768,-0.875,0.758
"COL","COLOMBIA",1995,7,1,2583.66576349858,11.081515036183,NA,NA,NA,NA,84.46672,14.0180659651442,NA,NA,0.188,NA,35804662,50.2260320178417,91.2,53.9334397761113,2.53983784015495,3.12840978420135,237613723.754883,NA,NA,NA,28.2850284576416,NA,NA,NA,69.81,65.781,74.079,NA,NA,86.3406300544739,72.6329386234283,2.83162658057701,"Americas","South America",0.651,1.04,-0.018,0.425,1.017,1.873,1.508,1.893,0.659,0.125,1,0.875,1,0.375,0.75,0,0.25,0.75,0.25,0.625,0.125,0.125,0.125,0.435,0.272,0.52,2.18,-1.392,-0.017,0.617,0.601,1.015,0.889,1.168,2.262,1.025,-0.791,2.23,1.351,1.768,-0.875,0.74
"COL","COLOMBIA",1996,7,1,2664.64056059983,3.13410496997108,NA,NA,NA,NA,89.27669,12.768819026019,NA,NA,0.33,NA,36462745,50.2504309604346,92.6647720336914,57.2160632200197,3.29062171473192,3.72384039434735,255583023.071289,91.2099990844727,91.0899963378906,91.3099975585938,NA,NA,1.4600000381,NA,70.209,66.19,74.456,NA,0.71249133348465,NA,NA,4.44539325396431,"Americas","South America",0.651,1.04,-0.018,0.425,1.017,1.873,1.508,1.893,0.659,0.125,1,0.875,1,0.375,0.75,0,0.25,0.75,0.25,0.625,0.125,0.125,0.125,0.43,0.272,0.52,2.18,-1.392,-0.017,0.617,0.601,1.015,0.889,1.168,2.262,1.025,-0.791,2.23,1.351,1.768,-0.875,0.74
"COL","COLOMBIA",1997,7,1,2873.2814350993,7.82998193394246,NA,NA,NA,NA,NA,12.6064711492187,NA,NA,0.551,NA,37121149,50.2737415193225,93.012077331543,58.394433716949,2.73078985975652,3.06670230612638,277974304.199219,NA,NA,NA,NA,NA,NA,NA,70.632,66.61,74.87,NA,NA,NA,NA,2.80178788575936,"Americas","South America",0.651,1.04,-0.018,0.425,1.017,1.873,1.508,1.893,0.659,0.125,1,0.875,1,0.375,0.75,0,0.25,0.75,0.25,0.625,0.125,0.125,0.125,0.43,0.272,0.52,2.18,-1.392,-0.017,0.617,0.601,1.015,0.889,1.168,2.262,1.025,-0.791,2.23,1.22,1.768,-0.875,0.74
"COL","COLOMBIA",1998,7,1,2604.87166959518,-9.34157587994313,NA,NA,NA,NA,92.11651,13.2357896548033,NA,NA,1.13,13.7437321563338,37792165,50.2961261944109,93.3410263061524,58.9164164269976,1.79752139116737,2.05430024171781,274178833.007813,NA,NA,NA,NA,NA,NA,NA,70.924,66.887,75.171,NA,NA,NA,NA,3.44098574204708,"Americas","South America",0.651,1.04,-0.018,0.425,1.017,1.873,1.508,1.893,0.659,0.125,1,0.875,1,0.375,0.75,0,0.25,0.75,0.25,0.625,0.125,0.125,0.125,0.424,0.271,0.52,2.18,-1.376,-0.017,0.617,0.601,1.015,0.889,1.168,2.262,1.025,-0.791,2.23,1.22,1.768,-0.875,0.738
"COL","COLOMBIA",1999,7,1,2241.22911801216,-13.9600946882551,NA,NA,NA,NA,93.73617,13.0007715171454,NA,NA,1.7,13.4769212787609,38454863,50.3184967789379,93.6485595703125,58.2248501228895,3.89182280764251,4.32181182919172,515077758.789063,NA,NA,NA,NA,NA,NA,NA,70.913,66.866,75.175,NA,0.720259964466095,NA,NA,3.76274205786296,"Americas","South America",0.651,1.04,-0.018,0.425,1.017,1.873,1.736,1.893,0.659,0.125,1,0.875,1,0.375,0.75,0,0.25,0.75,0.25,0.625,0.125,0.125,0.125,0.42,0.276,0.009,2.18,-1.376,-0.017,0.617,0.601,1.015,0.889,1.168,2.262,1.025,-0.791,2.23,1.22,1.768,-0.875,0.753
"COL","COLOMBIA",2000,7,1,2555.00751039968,14.000281803666,124.298286437988,NA,98.8298187255859,101.64225769043,93.89445,8.3057195333068,21.17683,NA,2.20753,11.2197541852291,39089934,50.3424206344273,95.2,57.1943739779697,5.13691457442314,5.79241275178545,343812713.623047,NA,NA,NA,21.4205455780029,5.63529348,NA,70,70.905,66.76,75.289,NA,0.722279727458954,87.7593040466309,78.0431509017944,3.03168353865852,"Americas","South America",0.651,1.04,-0.018,0.425,1.017,1.873,1.496,1.893,0.659,0.125,0.875,0.875,1,0.375,0.75,0,0.25,0.75,0.25,0.625,0.125,0.125,0.125,0.426,0.276,0.009,2.18,-1.376,-0.017,0.617,0.601,1.015,0.889,1.168,2.262,1.025,-0.791,2.23,1.22,1.768,-0.875,0.753
"COL","COLOMBIA",2001,7,1,2472.99084035833,-3.2100363583088,121.088790893555,NA,NA,NA,92.02846,8.32097267667621,NA,NA,2.8542,NA,39709262,50.3668980207464,94.1993179321289,57.1646793682561,3.3895291211657,3.898278216233,674130737.304688,NA,NA,NA,NA,5.94238281,NA,64,71.185,67.072,75.526,14.2048405522,0.738434791564941,NA,NA,3.32387281880532,"Americas","South America",0.64,1.04,-0.288,0.425,1.017,1.873,1.496,1.893,0.659,0.125,0.875,0.875,1,0.375,0.75,0,0.25,0.75,0.25,0.625,0.125,0.125,0.125,0.425,0.276,0.009,2.18,-1.376,-0.017,0.617,0.601,1.015,0.889,1.168,2.262,1.025,-0.791,2.23,1.22,1.768,-0.875,0.753
"COL","COLOMBIA",2002,7,1,2428.92969771584,-1.78169453454609,121.778861999512,NA,95.7562866210938,98.6187973022461,92.85234,8.51000517684848,19.83238,NA,4.6,NA,40324680,50.3898084250142,94.4531402587891,56.4586280128647,3.4723491449574,3.95007189063968,751644836.425781,NA,NA,NA,NA,5.73296595,NA,59,71.537,67.49,75.789,17.3236287354,0.740911722183228,NA,NA,3.41712762358197,"Americas","South America",0.631,1.221,-0.772,0.425,1.017,1.873,1.161,1.893,0.659,0.125,0.875,0.875,1,0.375,0.75,0,0.25,0.75,0.25,0.625,0.125,0.125,0.125,0.422,0.285,0.229,2.146,-1.632,-0.017,0.617,0.601,1.015,0.889,1.168,2.262,1.025,-0.791,2.23,1.323,1.521,-0.875,0.766
"COL","COLOMBIA",2003,7,1,2311.94218760291,-4.81642223827824,NA,NA,NA,NA,NA,8.32877416512145,NA,NA,7.38892,11.2588268629863,40937429,50.4089057473541,94.70068359375,54.9027887422203,3.70073313323441,4.56302920257189,1276496948.24219,NA,NA,NA,NA,5.77505445,NA,56,72.309,68.474,76.293,13.6386474978,0.743907511234283,NA,NA,3.46398869081496,"Americas","South America",0.692,0.954,0.589,0.71,1.017,1.873,1.161,1.893,0.659,0.125,0.875,0.875,1,0.375,0.75,0,0.25,0.75,0.25,0.625,0.125,0.125,0.125,0.432,0.281,0.229,2.146,-1.632,-0.017,0.617,0.601,1.015,0.889,1.168,2.262,1.025,-0.791,2.23,1.323,1.521,-0.678,0.752
"COL","COLOMBIA",2004,7,1,2818.57195413044,21.9136001429525,122.84008026123,NA,103.000022888184,105.75080871582,92.72557,7.91098316231374,18.48794,NA,9.11869,NA,41543171,50.4240997876643,94.9480056762695,54.1525594452856,3.84640284854431,5.92813672580534,789963684.082031,92.8000030517578,92.9000015258789,92.7099990844727,18.8931217193604,5.79892111,NA,51,72.76,69.054,76.589,12.1434602193,0.746733725070953,92.2974467277527,83.6408078670502,3.46501517406307,"Americas","South America",0.692,0.954,0.589,0.71,1.017,1.873,1.496,1.893,0.659,0.125,0.875,0.875,1,0.375,0.75,0,0.25,0.75,0.25,0.625,0.125,0.125,0.125,0.433,0.281,0.229,2.146,-1.632,-0.017,0.617,0.601,1.015,0.889,1.168,2.262,1.025,-0.791,2.23,1.323,1.521,-0.678,0.752
"COL","COLOMBIA",2005,7,1,3456.06610874512,22.6176292459191,124.040641784668,NA,106.105857849121,108.820167541504,94.1217,7.52726670177951,NA,NA,11.0073,NA,42128977,50.4373949179301,96.8,53.1705123121808,4.6618753019502,6.26115845587611,915064086.914063,92.8499984741211,92.7799987792969,92.9100036621094,NA,6.06710577,NA,44,73.156,69.573,76.837,11.1025001405,0.74941349029541,NA,NA,3.37467969392646,"Americas","South America",0.692,0.954,0.589,0.71,1.017,1.873,1.496,1.893,0.659,0.091,0.818,0.818,0.909,0.364,0.727,0,0.182,0.636,0.182,0.545,0.091,0.091,0.091,0.439,0.275,0.229,2.146,-1.632,-0.017,0.617,0.601,1.015,0.889,1.168,2.262,1.124,-0.791,2.23,1.323,1.521,-0.678,0.752
"COL","COLOMBIA",2006,7,1,3789.85361217027,9.65801847888687,124.619491577148,NA,111.705360412598,114.702697753906,92.67949,7.18676953071771,17.14349,NA,15.3417,NA,42691084,50.4504980583416,95.4662399291992,52.510717917003,5.14627956079988,7.29062678619221,1383853027.34375,92.3000030517578,92.3899993896484,92.2200012207031,NA,6.33546638,NA,45,73.497,69.986,77.093,NA,NA,NA,NA,3.29582499135229,"Americas","South America",0.692,0.954,0.589,0.71,1.017,1.873,1.496,1.893,0.659,0.1,0.8,0.9,0.9,0.3,0.7,0,0.2,0.7,0.2,0.5,0.1,0.1,0.1,0.453,0.267,0.229,2.106,-0.846,-0.017,0.617,0.601,1.138,0.889,1.168,2.262,1.124,-0.791,2.23,1.323,1.521,-0.678,0.699
"COL","COLOMBIA",2007,7,1,4769.926147194,25.8604324947129,125.468856811523,NA,112.812103271484,116.764259338379,91.89814,6.93455867595786,NA,NA,21.8,NA,43235374,50.4644345160516,95.7492752075195,52.954917784115,4.23708928157192,6.6997731158152,929652282.714844,92.6500015258789,92.4300003051758,92.8499984741211,NA,6.49102163,NA,43,73.751,70.297,77.284,NA,NA,NA,NA,3.28630170949445,"Americas","South America",0.691,0.954,0.724,0.71,1.017,1.873,1.345,1.893,0.659,0.1,0.8,0.9,0.9,0.3,0.7,0,0.2,0.7,0.2,0.5,0.1,0.1,0.1,0.468,0.264,0.229,2.106,-0.846,-0.076,0.542,0.601,1.138,0.955,1.168,2.262,1.124,-0.791,2.23,1.408,1.521,-0.678,0.686
"COL","COLOMBIA",2008,7,1,5541.83629665898,16.1828532695222,126.483901977539,NA,113.19873046875,116.283157348633,92.72779,6.6873848504052,15.79905,NA,25.6,13.0315110144915,43758808,50.4784876571938,96.806763,52.0115244022713,5.53392629328463,8.78822691726813,1222617675.78125,93.379997253418,93.3199996948242,93.4400024414062,NA,6.84192181,NA,43,74.206,70.815,77.663,10.9790572928,0.75696724653244,NA,NA,3.73724698565115,"Americas","South America",0.747,1.31,0.999,0.71,1.017,1.873,1.271,1.893,0.659,0.1,0.8,0.9,0.9,0.3,0.7,0,0.2,0.7,0.2,0.5,0.1,0.1,0.1,0.468,0.264,0.229,2.106,-0.846,-0.076,0.542,0.601,1.138,0.955,1.168,2.262,1.124,-0.791,2.23,1.408,1.521,-0.678,0.686
"COL","COLOMBIA",2009,7,1,5250.97292433518,-5.24850170148753,128.164978027344,NA,117.981742858887,121.891090393066,92.9001,6.68974069628809,NA,NA,30,12.6752273841946,44271541,50.4912885343496,96.057229,53.4800448189101,3.27049268265203,4.85703346033699,1318838012.69531,93.2399978637695,93.0599975585938,93.4199981689453,15.8146858215332,7.31134558,NA,41,74.531,71.252,77.866,11.6822321968,0.759146869182587,95.7877516746521,88.6458516120911,3.88696383706353,"Americas","South America",0.747,1.31,0.999,0.71,1.017,1.873,1.271,1.893,0.659,0.1,0.8,0.9,0.9,0.3,0.7,0,0.2,0.7,0.2,0.5,0.1,0.1,0.1,0.472,0.264,0.229,2.106,-0.846,-0.076,0.542,0.699,1.138,0.867,1.168,2.262,1.124,-0.774,2.23,1.408,1.521,-0.678,0.686
"COL","COLOMBIA",2010,7,1,6398.2958447102,21.8497207452328,124.375137329102,NA,118.419227600098,121.28840637207,91.85368,6.32485387641069,14.4546,NA,36.5,12.1421652023674,44777319,50.5029745081433,96.788995,53.3990736315847,4.39207978728564,6.70109253013503,762078308.105469,93.370002746582,93.25,93.4899978637695,NA,7.07130194,1.51,40,74.876,71.617,78.189,10.918654818,0.761186063289642,NA,NA,3.63691504613462,"Americas","South America",0.773,1.39,1.198,1.186,1.017,1.937,1.271,2.547,0.659,0.1,0.8,0.9,0.9,0.3,0.7,0,0.2,0.7,0.2,0.5,0.1,0.1,0.1,0.501,0.259,0.321,2.106,-0.903,0.044,0.76,0.699,1.138,0.985,1.168,2.095,1.124,-0.774,2.23,1.329,1.656,-0.693,0.679
"COL","COLOMBIA",2011,7,1,7400.9940695669,15.67133263595,121.831283569336,NA,118.885406494141,118.816680908203,91.81058,6.09169610822215,NA,NA,40.3509,14.5758811869672,45259614,50.5148276341906,96.6936,51.4400918867312,6.932640671944,9.86049155221695,1162311523.4375,93.5800018310547,93.4899978637695,93.6699981689453,NA,6.78076792,1.49,40,75.18,72.001,78.405,9.80703786995,0.763116419315338,NA,NA,3.07710698956258,"Americas","South America",0.85,1.784,1.784,1.389,1.017,1.937,1.077,2.547,0.659,0.1,0.8,0.9,0.9,0.3,0.7,0,0.2,0.7,0.2,0.5,0.1,0.1,0.1,0.542,0.236,0.321,2.106,-0.903,0.108,1.046,0.765,1.323,0.907,1.306,2.117,1.171,-0.774,2.23,1.343,1.97,-0.693,0.68
"COL","COLOMBIA",2012,7,1,8108.59838244229,9.56093608810037,118.63996887207,NA,114.003471374512,113.07731628418,90.2152,5.58268705354932,13.11016,NA,48.98,13.2269907142761,45715810,50.5270463210201,97.032176,51.9873009585796,6.20532168790636,8.29683079092449,869990051.269531,NA,NA,NA,NA,6.74601603,1.52,39,75.611,72.478,78.781,9.79507444805,0.765119731426239,NA,NA,3.15600586340429,"Americas","South America",0.856,1.784,1.913,1.389,1.017,1.937,1.077,2.547,0.659,0.1,0.8,0.9,0.9,0.3,0.7,0,0.2,0.7,0.2,0.5,0.1,0.1,0.1,0.544,0.235,0.321,2.106,-0.903,0.108,1.046,0.765,1.323,1.061,1.306,2.117,1.203,-0.774,2.23,1.343,1.97,-0.693,0.68
"COL","COLOMBIA",2013,7,1,8279.10255642981,2.10275766471202,119.084732055664,NA,104.184837341309,102.958961486816,90.20282,5.39271495449472,NA,NA,51.7,14.0221143464507,46151584,50.5390421585738,97.779418,53.3511741467848,5.87412217837008,7.3843393604104,931045227.050781,NA,NA,NA,NA,7.01724052,1.58,36,75.834,72.805,78.893,9.1308486466,0.766829550266266,NA,NA,3.27226285651869,"Americas","South America",0.932,2.461,2.811,1.244,1.229,1.937,1.035,1.868,1.322,0.1,0.8,0.9,0.9,0.3,0.7,0,0.2,0.7,0.2,0.5,0.1,0.1,0.1,0.542,0.246,0.321,2.106,-0.903,0.108,1.046,0.765,1.461,1.061,1.306,1.7,1.08,-0.774,2.23,1.294,1.711,-0.693,0.68
"COL","COLOMBIA",2014,7,1,8187.20824890084,-1.10995493657223,116.080101013184,NA,103.18212890625,102.17431640625,90.46317,5.44695721474421,11.76571,NA,52.5681,15.6997483690587,46565429,50.5503728957377,97.790938,54.6340753673796,5.26376178203189,6.53057789835517,1293867553.71094,94.1900024414062,93.870002746582,94.4800033569336,NA,7.18553209,1.63,34,75.95,73.002,78.924,8.70694487448,0.76843798160553,NA,NA,3.10825884811044,"Americas","South America",0.932,2.461,2.811,1.244,1.229,1.937,1.035,1.868,1.621,0.1,0.8,0.9,0.9,0.3,0.7,0,0.2,0.7,0.2,0.5,0.1,0.1,0.1,0.553,0.239,0.321,2.106,-0.746,0.108,1.046,0.765,1.461,1.061,1.306,1.7,1.08,-0.774,2.23,1.395,1.711,-0.6,0.657
"COL","COLOMBIA",2015,7,1,6248.51490534512,-23.6795411160574,115.497077941895,NA,102.829032897949,101.969100952148,91.9363,5.98042480849816,NA,NA,55.905,15.7972626545312,46969940,50.5607990983169,98.186898,56.2155458237437,2.62770808784162,3.70587614553491,1603107177.73438,94.25,94.0599975585938,94.4199981689453,13.9165687561035,7.52338505,1.65,33,76.067,73.172,78.988,NA,0.769948780536652,96.9576776027679,90.9100234508514,3.10996008410671,"Americas","South America",0.932,2.461,2.811,1.709,1.229,1.937,1.035,1.868,1.621,0.1,0.8,0.9,0.9,0.3,0.7,0,0.2,0.7,0.2,0.5,0.1,0.1,0.1,0.557,0.243,0.321,2.106,-0.746,0.108,1.046,0.765,1.461,0.968,1.306,1.7,1.08,-0.774,2.23,1.395,1.711,-0.6,0.651
"COL","COLOMBIA",2016,7,1,5959.84250367574,-4.61985617450385,115.443153381348,NA,103.563049316406,102.69677734375,92.99662,6.60641226605787,10.42127,NA,58.1365,14.3852129240943,47437512,50.5692731102761,99.0044555664063,56.8986156229234,1.86176731845908,3.09947714544169,1314348999.02344,94.6500015258789,94.4000015258789,94.8899993896484,NA,7.53117037,1.72,34,76.228,73.33,79.154,NA,0.771355330944061,NA,NA,3.07113102611539,"Americas","South America",0.938,2.505,2.909,2.026,1.207,1.937,0.825,1.868,1.621,0.1,0.8,0.9,0.9,0.3,0.7,0,0.2,0.7,0.2,0.5,0.1,0.1,0.1,0.557,0.245,0.28,2,-0.746,0.108,1.046,0.765,1.381,0.997,1.306,1.845,1.08,-0.774,2.23,1.395,1.477,-0.6,0.671
"COL","COLOMBIA",2017,7,1,6479.53231292429,8.71985809906941,113.305381774902,NA,106.268013000488,106.483459472656,93.13491,6.38966355268118,NA,NA,62.2599,14.8508184070981,48131078,50.574410571066,NA,57.6083331251066,2.42584234973897,3.72823321108347,990570129.394531,94.8927138785262,94.7283092098286,95.061551346437,NA,7.67864323,1.74,34,76.418,73.523,79.334,NA,0.772678673267365,NA,NA,3.20809672439436,"Americas","South America",0.916,2.505,2.096,1.662,1.207,1.937,0.464,2.38,1.621,0.1,0.8,0.9,0.9,0.3,0.7,0,0.2,0.7,0.2,0.5,0.1,0.1,0.1,0.554,0.25,0.28,2,-0.746,-0.003,0.935,0.765,1.381,0.85,1.306,1.845,1.171,-0.744,2.23,1.395,1.399,-0.778,0.685
"COL","COLOMBIA",2018,7,1,6816.96818309544,5.20771953707352,111.699180603027,NA,105.949287414551,105.190063476562,92.91999,6.22570968960033,9.7,NA,64.1264,14.6098424464284,49024465,50.5774728887409,NA,57.6526815895265,3.64006660382347,4.940258188938,1950293579.10156,95.0899963378906,94.8499984741211,95.3199996948242,NA,7.71777487,1.73,34,76.579,73.663,79.517,NA,0.773921430110931,NA,NA,3.0332327385044,"Americas","South America",0.839,1.816,1.426,1.662,1.207,1.676,0.547,1.921,2.004,0.182,0.727,0.818,0.909,0.364,0.727,0,0.273,0.636,0.182,0.545,0.091,0.091,0.091,0.538,0.26,0.28,2,-0.771,-0.003,0.935,0.765,1.381,1.013,1.239,1.764,1.151,-0.627,1.428,1.265,1.459,-0.662,0.678
"COL","COLOMBIA",2019,NA,1,6472.54544924705,-5.05243276186152,109.355506896973,NA,103.885276794434,103.186859130859,NA,6.41072082168314,NA,NA,65.0069,14.9005246267221,49907985,50.5809661520095,NA,58.1364591705438,3.14271008185612,4.30433092902696,1003837890.625,95.25,95.0199966430664,95.4700012207031,NA,7.83404827,1.75,36,76.793,73.907,79.695,NA,0.775095701217651,NA,NA,3.14565669372153,"Americas","South America",0.871,2.246,1.325,1.355,1.204,1.676,0.424,1.622,2.004,0.2,0.8,0.8,1,0.4,0.8,0,0.3,0.7,0.2,0.6,0.1,0.1,0.1,0.515,0.263,0.28,2.131,-0.771,0.1,0.967,0.578,1.372,0.888,1.173,1.611,1.287,-0.627,1.428,1.265,1.459,-0.74,0.666
"COL","COLOMBIA",2020,NA,1,5339.68711357943,-17.5025165068467,107.083686828613,NA,99.6436386108398,99.61083984375,NA,7.50848046663348,9.7,NA,69.7953,14.0452385597579,50629997,50.5962828598176,NA,60.1218262723705,1.56279790261714,2.55119417609951,2079523681.64063,95.6399993896484,95.379997253418,95.879997253418,NA,8.69751263,1.7,39,74.757,71.49,78.23,NA,0.776054859161377,NA,NA,3.53440413219336,"Americas","South America",0.765,1.479,0.882,0.883,1.067,1.701,0.624,1.344,2.004,0.222,0.778,0.778,1,0.556,1,0,0.333,0.778,0.111,0.667,0.111,0.222,0.111,0.497,0.26,0.28,2.131,-0.771,0.028,0.967,0.429,1.372,0.838,1.173,1.833,1.287,-0.627,1.428,1.265,1.28,-0.733,0.673
"CRI","COSTA RICA",1960,10,1,382.309121831519,NA,NA,NA,NA,NA,NA,26.3520345148027,NA,NA,NA,NA,1327496,49.7467412331186,NA,53.5116201005684,NA,NA,33457458.4960938,NA,NA,NA,NA,NA,4.7907772064209,NA,63.463,62.17,64.787,NA,NA,NA,NA,NA,"Americas","Central America",0.872,1.921,1.676,2.237,1.492,1.03,-0.527,2.194,1.449,0,0.167,0.667,0.5,0.333,0,0,0,0,0.333,0.5,0.167,0.167,0,0.632,0.121,2.668,3.318,-0.127,1.031,0.567,1.317,2.79,0.762,2.518,1.527,1.67,-0.254,2.163,1.382,1.323,0.973,0.274
"CRI","COSTA RICA",1961,10,1,355.844447873806,-6.92232344102315,NA,NA,NA,NA,NA,25.8662417279319,NA,NA,NA,NA,1377920,49.7381560613098,NA,53.7670987481756,NA,NA,55428798.6755371,NA,NA,NA,NA,NA,NA,NA,63.86,62.622,65.111,NA,NA,NA,NA,NA,"Americas","Central America",0.872,1.921,1.676,2.237,1.492,1.03,-0.527,2.194,1.449,0,0.167,0.667,0.5,0.333,0,0,0,0,0.333,0.5,0.167,0.167,0,0.632,0.121,2.668,3.318,-0.127,1.031,0.567,1.317,2.79,0.762,2.518,1.527,1.67,-0.254,2.163,1.382,1.323,0.973,0.274
"CRI","COSTA RICA",1962,10,1,335.221589042255,-5.79547017096205,NA,NA,NA,NA,NA,25.8268969024168,NA,NA,NA,NA,1429445,49.730070062157,NA,53.7532098470834,NA,NA,71088996.887207,NA,NA,NA,NA,NA,NA,NA,64.232,62.901,65.579,NA,NA,NA,NA,NA,"Americas","Central America",0.872,1.921,1.676,2.237,1.492,1.03,-0.527,2.194,1.449,0,0.167,0.667,0.5,0.333,0,0,0,0,0.333,0.5,0.167,0.167,0,0.637,0.115,2.668,3.318,0.642,1.031,0.567,1.317,2.79,0.762,2.518,1.527,1.67,-0.254,2.163,1.382,1.323,0.973,0.208
"CRI","COSTA RICA",1963,10,1,345.505369052711,3.06775588047216,NA,NA,NA,NA,NA,24.4638946637807,NA,NA,NA,NA,1481604,49.7242178071873,NA,54.1801240608514,NA,NA,62343986.5112305,NA,NA,NA,NA,NA,NA,NA,64.326,62.889,65.794,NA,NA,NA,NA,NA,"Americas","Central America",0.872,1.921,1.676,2.237,1.492,1.03,-0.527,2.194,1.449,0,0.167,0.667,0.5,0.333,0,0,0,0,0.333,0.5,0.167,0.167,0,0.637,0.114,2.668,3.318,0.642,1.031,0.567,1.317,2.79,0.762,2.518,1.527,1.67,-0.254,2.163,1.382,1.323,0.973,0.202
"CRI","COSTA RICA",1964,10,1,353.710896791701,2.37493494283098,NA,NA,NA,NA,NA,24.5690344693715,NA,NA,NA,NA,1533960,49.7194842108008,NA,53.7082142111619,NA,NA,87430480.9570313,NA,NA,NA,NA,NA,NA,NA,64.493,63.049,65.959,NA,NA,NA,NA,NA,"Americas","Central America",0.872,1.921,1.676,2.237,1.492,1.03,-0.527,2.194,1.449,0,0.167,0.667,0.5,0.333,0,0,0,0,0.333,0.5,0.167,0.167,0,0.637,0.114,2.668,3.318,0.642,1.031,0.567,1.317,2.79,0.762,2.518,1.527,1.67,-0.254,2.163,1.382,1.323,0.973,0.202
"CRI","COSTA RICA",1965,10,1,373.835690063441,5.68961642241727,NA,NA,NA,NA,NA,23.5204264467137,NA,NA,NA,NA,1586208,49.7145079872829,NA,53.4453326488312,NA,NA,111733032.226563,NA,NA,NA,NA,NA,NA,NA,64.76,63.321,66.222,NA,NA,NA,NA,NA,"Americas","Central America",0.872,1.921,1.676,2.237,1.492,1.03,-0.527,2.194,1.449,0,0.167,0.667,0.5,0.333,0,0,0,0,0.333,0.5,0.167,0.167,0,0.637,0.114,2.668,3.318,0.642,1.031,0.567,1.317,2.79,0.762,2.518,1.527,1.67,-0.254,2.163,1.382,1.323,0.973,0.202
"CRI","COSTA RICA",1966,10,1,395.15249847305,5.70218654243298,NA,NA,NA,NA,NA,23.1811409001558,NA,NA,NA,NA,1638116,49.7100327449338,NA,53.9618530902832,NA,NA,90943939.2089844,NA,NA,NA,NA,NA,NA,NA,65.096,63.618,66.593,NA,NA,NA,NA,NA,"Americas","Central America",0.872,1.921,1.676,2.237,1.492,1.03,-0.527,2.194,1.449,0,0.167,0.667,0.5,0.333,0,0,0,0,0.333,0.5,0.167,0.167,0,0.639,0.116,2.668,3.318,0.643,1.031,0.567,1.317,2.79,0.762,2.518,1.527,1.67,-0.254,2.163,1.382,1.323,0.973,0.201
"CRI","COSTA RICA",1967,10,1,413.996506036274,4.7687937280015,NA,NA,NA,NA,NA,23.2007591186526,NA,NA,NA,NA,1689523,49.7070474921028,NA,53.7171701219886,NA,NA,91326873.7792969,NA,NA,NA,NA,NA,NA,NA,65.552,63.997,67.127,NA,NA,NA,NA,NA,"Americas","Central America",0.872,1.921,1.676,2.237,1.492,1.03,-0.527,2.194,1.449,0,0.167,0.667,0.5,0.333,0,0,0,0,0.333,0.5,0.167,0.167,0,0.639,0.104,2.668,3.318,0.643,1.031,1.386,1.317,2.79,0.762,2.518,1.527,1.67,-0.254,2.163,1.382,1.323,0.973,0.201
"CRI","COSTA RICA",1968,10,1,444.805256869954,7.44179005969209,NA,NA,NA,NA,NA,23.2781325858375,NA,NA,NA,NA,1739731,49.7038910038391,NA,52.7337283775865,NA,NA,80209091.1865234,NA,NA,NA,NA,NA,NA,NA,65.78,64.324,67.243,NA,NA,NA,NA,NA,"Americas","Central America",0.872,1.921,1.676,2.237,1.492,1.03,-0.527,2.194,1.449,0,0.167,0.667,0.5,0.333,0,0,0,0,0.333,0.5,0.167,0.167,0,0.639,0.104,2.668,3.318,0.643,1.031,1.386,1.317,2.79,0.762,2.518,1.527,1.67,-0.254,2.163,1.382,1.323,0.973,0.201
"CRI","COSTA RICA",1969,10,1,477.081346742249,7.25622941136495,NA,NA,NA,NA,NA,23.1499651097207,NA,NA,NA,NA,1789276,49.7013317118209,NA,52.920268545961,NA,NA,88370872.4975586,NA,NA,NA,NA,NA,NA,NA,66.363,64.853,67.884,NA,NA,NA,NA,NA,"Americas","Central America",0.872,1.921,1.676,2.237,1.492,1.03,-0.527,2.194,1.449,0,0.167,0.667,0.5,0.333,0,0,0,0,0.333,0.5,0.167,0.167,0,0.639,0.104,2.668,3.318,0.643,1.031,1.386,1.317,2.79,0.762,2.518,1.527,1.67,-0.254,2.163,1.382,1.323,0.973,0.201
"CRI","COSTA RICA",1970,10,1,535.539679724977,12.2533260589438,NA,NA,NA,NA,85.47143,22.5197340032105,NA,NA,NA,NA,1838949,49.7011608261023,NA,53.2730493761376,NA,4.1381093479382,76343093.8720703,NA,NA,NA,NA,NA,3.93959999084473,NA,66.787,65.194,68.398,NA,NA,NA,NA,NA,"Americas","Central America",0.901,2.367,1.676,2.237,1.492,1.146,-0.263,2.194,1.977,0,0.167,0.667,0.667,0.5,0,0,0,0,0.333,0.5,0.167,0.167,0,0.656,0.108,2.668,3.318,-0.115,1.031,1.386,1.317,2.79,0.762,2.518,1.527,1.67,-0.254,2.163,1.382,1.323,0.973,0.269
"CRI","COSTA RICA",1971,10,1,570.360229534426,6.50195515434654,NA,NA,NA,NA,NA,20.4245489880012,NA,NA,NA,NA,1888539,49.7029184994326,NA,54.1235836117521,0,3.81416475888186,86192970.2758789,NA,NA,NA,NA,NA,NA,NA,67.413,65.758,69.094,NA,NA,NA,NA,NA,"Americas","Central America",0.901,2.367,1.676,2.237,1.492,1.146,-0.263,2.194,1.977,0,0.167,0.667,0.667,0.5,0,0,0,0,0.333,0.5,0.167,0.167,0,0.661,0.108,2.668,3.318,-0.115,1.031,1.386,1.317,2.79,0.762,2.518,1.527,1.67,-0.254,2.163,1.382,1.323,0.973,0.275
"CRI","COSTA RICA",1972,10,1,638.851011611456,12.0083376312787,NA,NA,NA,NA,87.99677,20.0942087197838,NA,NA,NA,11.4413690693542,1938248,49.7053008696514,NA,53.7999951313323,0,3.96846111840314,90025611.8774414,NA,NA,NA,NA,NA,NA,NA,68.014,66.329,69.731,NA,NA,NA,NA,NA,"Americas","Central America",0.901,2.367,1.676,2.237,1.492,1.146,-0.263,2.194,1.977,0,0.167,0.667,0.667,0.5,0,0,0,0,0.333,0.5,0.167,0.167,0,0.661,0.108,2.668,3.318,-0.115,1.031,1.386,1.317,2.79,0.762,2.518,1.527,1.67,-0.254,2.163,1.382,1.323,0.973,0.275
"CRI","COSTA RICA",1973,10,1,768.944717412776,20.3637003678163,NA,NA,NA,NA,89.38068,20.2275051146628,NA,NA,NA,12.4970478184578,1988343,49.7084005584547,NA,53.0730924479149,0,5.86324949378323,84825714.1113281,NA,NA,NA,NA,NA,NA,NA,68.731,66.948,70.557,NA,NA,NA,NA,NA,"Americas","Central America",0.901,2.367,1.676,2.237,1.492,1.146,-0.263,2.194,1.977,0,0.167,0.667,0.667,0.5,0,0,0,0,0.333,0.5,0.167,0.167,0,0.661,0.108,2.668,3.318,-0.115,1.031,1.386,1.317,2.79,0.762,2.518,1.527,1.67,-0.254,2.163,1.382,1.323,0.973,0.275
"CRI","COSTA RICA",1974,10,1,817.076691410389,6.25948431761908,NA,NA,NA,NA,NA,19.4193271595097,NA,NA,NA,13.6201639990327,2039643,49.7143619180602,NA,53.0043815537912,0,5.390086997843,77043930.0537109,NA,NA,NA,NA,NA,NA,NA,69.446,67.577,71.367,NA,NA,NA,NA,NA,"Americas","Central America",0.901,2.367,1.676,2.237,1.492,1.146,-0.263,2.194,1.977,0,0.167,0.667,0.667,0.5,0,0,0,0,0.333,0.5,0.167,0.167,0,0.658,0.109,2.668,3.318,-0.116,1.031,1.386,1.317,2.79,0.762,2.518,1.527,1.67,-0.254,2.163,1.382,1.323,0.973,0.267
"CRI","COSTA RICA",1975,10,1,936.993196686988,14.6762851684835,NA,NA,NA,NA,90.45446,20.3384788708953,NA,NA,NA,12.4370708760522,2092719,49.7234459093648,NA,52.2886593687958,0,7.25532165838192,89016059.8754883,NA,NA,NA,NA,NA,NA,NA,70.253,68.25,72.322,NA,NA,NA,NA,NA,"Americas","Central America",0.901,2.367,1.676,2.237,1.492,1.146,-0.263,2.194,1.977,0,0.167,0.667,0.667,0.5,0,0,0,0,0.333,0.5,0.167,0.167,0,0.71,0.109,2.668,3.318,-0.116,1.031,1.386,1.317,2.79,0.762,2.518,1.527,1.67,-0.254,2.163,1.382,1.323,0.973,0.266
"CRI","COSTA RICA",1976,10,1,1123.28179124262,19.8815311801953,NA,NA,NA,NA,92.63459,20.3761922265859,NA,NA,NA,12.1882799048153,2147774,49.7350745469495,NA,52.1755112306293,0,5.57056100054415,55982200.6225586,NA,NA,NA,NA,NA,NA,NA,70.946,68.829,73.141,NA,NA,NA,NA,NA,"Americas","Central America",0.901,2.367,1.676,2.237,1.492,1.146,-0.263,2.194,1.977,0,0.167,0.667,0.667,0.5,0,0,0,0,0.333,0.5,0.167,0.167,0,0.718,0.109,2.668,3.318,-0.116,1.031,1.386,1.317,2.79,0.762,2.518,1.527,1.67,-0.254,2.163,1.382,1.323,0.973,0.266
"CRI","COSTA RICA",1977,10,1,1393.37513762224,24.045021337062,NA,NA,NA,NA,NA,21.8854801027979,NA,NA,NA,12.3050282048147,2205025,49.7479620412467,NA,51.9519050376918,0,5.77839973265896,61991142.2729492,NA,NA,NA,NA,NA,NA,NA,71.519,69.341,73.788,NA,NA,NA,NA,NA,"Americas","Central America",0.901,2.367,1.676,2.237,1.492,1.146,-0.263,2.194,1.977,0,0.167,0.667,0.667,0.5,0,0,0,0,0.333,0.5,0.167,0.167,0,0.721,0.109,2.668,3.318,-0.116,1.031,1.386,1.317,2.79,0.762,2.518,1.527,1.67,-0.254,2.163,1.382,1.323,0.973,0.266
"CRI","COSTA RICA",1978,10,1,1555.83716115258,11.6596040178797,NA,NA,NA,NA,91.58518,20.4137262893122,NA,NA,NA,12.6515622799897,2264510,49.7618249591192,NA,53.5187579861952,0,5.62614581157511,88227767.9443359,NA,NA,NA,NA,NA,NA,NA,72.029,69.713,74.458,NA,NA,NA,NA,NA,"Americas","Central America",0.923,2.799,1.676,2.237,1.492,1.146,-0.263,2.194,1.977,0,0.167,0.667,0.667,0.5,0,0,0,0,0.333,0.5,0.167,0.167,0,0.737,0.109,2.668,3.318,-0.115,1.031,1.386,1.317,2.79,0.762,2.518,1.527,1.67,-0.254,2.163,1.382,1.323,0.973,0.282
"CRI","COSTA RICA",1979,10,1,1734.59560248294,11.4895341102364,NA,NA,NA,NA,90.11473,18.5014049368836,NA,NA,NA,11.883970601474,2326490,49.7754127462401,NA,55.0418676332358,0,6.95956771927222,77418815.612793,NA,NA,NA,NA,NA,NA,NA,72.537,70.249,74.93,NA,NA,NA,NA,NA,"Americas","Central America",0.929,2.799,1.676,2.507,2.024,1.617,-0.263,2.194,1.977,0,0.167,0.667,0.667,0.5,0,0,0,0,0.333,0.5,0.167,0.167,0,0.736,0.104,2.668,3.318,-0.115,1.031,1.386,1.317,2.79,0.762,2.518,1.527,1.67,-0.254,2.163,1.471,1.532,0.973,0.284
"CRI","COSTA RICA",1980,10,1,2020.99067534283,16.5107689913394,NA,NA,NA,NA,90.0067,17.804639136257,NA,NA,NA,11.6168139669017,2390633,49.7866464656014,NA,55.2276860759525,0,5.35292211938217,60149520.8740234,NA,NA,NA,NA,NA,3.31439995765686,NA,73.034,70.8,75.36,NA,NA,NA,NA,NA,"Americas","Central America",0.937,2.799,1.907,2.507,2.105,1.617,-0.263,2.194,1.977,0,0.167,0.667,0.667,0.5,0,0,0,0,0.333,0.5,0.167,0.167,0.167,0.763,0.106,1.743,3.318,-0.115,1.031,1.386,1.317,2.79,0.762,2.518,1.527,1.67,-0.254,2.163,1.7,1.765,0.973,0.321
"CRI","COSTA RICA",1981,10,1,1068.04672232202,-47.1523181500656,NA,NA,NA,NA,90.38827,23.0190514369806,NA,NA,NA,12.381200780513,2456637,49.7954926981449,NA,50.3597899017053,0,8.51618483880154,82501724.2431641,NA,NA,NA,NA,NA,NA,NA,73.441,71.273,75.687,NA,NA,NA,NA,NA,"Americas","Central America",0.937,2.799,1.907,2.507,2.105,1.617,-0.768,2.194,1.977,0,0.167,0.667,0.667,0.5,0,0,0,0,0.333,0.5,0.167,0.167,0.167,0.762,0.106,1.743,3.318,-0.115,1.031,1.386,1.317,2.79,0.762,2.518,1.527,1.67,-0.254,2.163,1.7,1.765,0.973,0.321
"CRI","COSTA RICA",1982,10,1,1032.40548167496,-3.33704882962172,NA,NA,NA,NA,88.50526,24.4947189136394,NA,NA,NA,12.6557483542812,2524806,49.8016877336318,NA,49.7660125966355,0,12.0102516165451,173971359.25293,NA,NA,NA,NA,NA,NA,NA,73.865,71.739,76.055,NA,NA,NA,NA,NA,"Americas","Central America",0.937,2.799,1.907,2.507,2.105,1.617,-0.768,2.194,1.977,0,0.167,0.667,0.667,0.5,0,0,0,0,0.333,0.5,0.167,0.167,0.167,0.782,0.105,1.743,3.318,-0.135,1.031,1.386,1.317,2.79,0.762,2.518,1.646,1.67,-0.254,2.163,1.7,1.765,0.973,0.334
"CRI","COSTA RICA",1983,10,1,1212.55765296791,17.4497495887637,NA,NA,NA,NA,NA,21.997463538364,NA,NA,NA,15.2187698161065,2595153,49.8046935961001,NA,49.3886972794902,0,5.07941728214559,580735595.703125,NA,NA,NA,NA,NA,NA,NA,74.245,72.226,76.305,NA,NA,NA,NA,NA,"Americas","Central America",0.937,2.799,1.907,2.507,2.105,1.617,-0.768,2.194,1.977,0,0.167,0.667,0.667,0.5,0,0,0,0,0.333,0.5,0.167,0.167,0.167,0.783,0.105,1.743,3.318,-0.135,1.031,1.386,1.317,2.79,0.762,2.518,1.646,1.67,-0.254,2.163,1.7,1.765,0.973,0.335
"CRI","COSTA RICA",1984,10,1,1372.20149843952,13.1658766971499,NA,NA,NA,NA,NA,21.2079069559152,NA,NA,NA,14.7168072809855,2667595,49.8059299878467,NA,49.3401974959957,0,2.93758009771221,511549163.818359,92.629997253418,92.6800003051758,92.5800018310547,NA,NA,NA,NA,74.581,72.462,76.747,NA,NA,NA,NA,NA,"Americas","Central America",0.937,2.799,1.907,2.507,2.105,1.617,-0.768,2.194,1.977,0,0.167,0.667,0.833,0.5,0,0,0,0,0.333,0.5,0.167,0.167,0.167,0.783,0.105,1.743,3.318,-0.135,1.031,1.386,1.317,2.79,0.762,2.518,1.646,1.67,-0.254,2.163,1.7,1.765,0.973,0.335
"CRI","COSTA RICA",1985,10,1,1429.37836415122,4.16679808152972,NA,NA,NA,NA,85.62774,18.8666318377444,NA,NA,NA,13.2730530245079,2741894,49.8062469979682,NA,52.2658672856379,0,2.44375554019942,644352233.886719,NA,NA,NA,NA,NA,NA,NA,74.765,72.675,76.887,NA,NA,NA,NA,NA,"Americas","Central America",0.937,2.799,1.907,2.507,2.105,1.617,-0.768,2.194,1.977,0,0.167,0.667,0.833,0.5,0,0,0,0,0.333,0.5,0.167,0.167,0.167,0.783,0.105,1.743,3.318,-0.135,1.031,1.386,1.317,2.79,0.762,2.518,1.646,1.67,-0.254,2.163,1.7,1.765,0.973,0.335
"CRI","COSTA RICA",1986,10,1,1568.5640969552,9.7375010210561,NA,NA,NA,NA,86.46311,20.8977395912796,NA,NA,NA,13.2573983298679,2817216,49.805854501091,NA,51.4793415343462,0,2.51558334113549,427196197.509766,NA,NA,NA,NA,NA,NA,NA,74.949,72.783,77.154,NA,NA,NA,NA,NA,"Americas","Central America",0.937,2.799,1.907,2.507,2.105,1.617,-0.768,2.194,1.977,0,0.167,0.667,0.833,0.5,0,0,0,0,0.333,0.5,0.167,0.167,0.167,0.789,0.106,1.743,3.318,-0.114,1.031,1.386,1.317,2.79,0.762,2.518,1.646,1.67,-0.254,2.163,1.7,1.765,0.973,0.323
"CRI","COSTA RICA",1987,10,1,1567.0320510901,-0.0976718686902281,NA,NA,NA,NA,86.5685,18.0706377528965,NA,NA,NA,14.4341578176762,2892699,49.8060288353641,NA,54.3557979485009,0,3.25696100718751,496087127.685547,NA,NA,NA,NA,NA,NA,NA,75.224,72.989,77.501,NA,NA,NA,NA,NA,"Americas","Central America",0.937,2.799,1.907,2.507,2.105,1.617,-0.768,2.194,1.977,0,0.167,0.667,0.833,0.5,0,0,0,0,0.333,0.5,0.167,0.167,0.167,0.795,0.093,1.743,3.318,-0.114,1.031,1.386,1.317,3.327,0.762,3.127,1.646,1.67,-0.254,2.163,1.7,1.765,0.687,0.363
"CRI","COSTA RICA",1988,10,1,1554.74048522018,-0.784385096741912,NA,NA,NA,NA,NA,17.9486468341879,NA,NA,NA,14.7022326120795,2968103,49.80699793774,NA,54.8220578093388,0,3.04797984016949,375150787.353516,NA,NA,NA,NA,NA,NA,NA,75.546,73.26,77.874,NA,NA,NA,NA,NA,"Americas","Central America",0.972,3.666,1.907,2.507,2.105,1.99,-0.768,2.194,1.977,0,0.167,0.667,0.833,0.5,0,0,0,0,0.333,0.5,0.167,0.167,0.167,0.806,0.093,1.743,3.318,-0.114,1.031,1.386,1.317,3.327,0.762,3.127,1.646,1.67,-0.254,2.163,1.7,1.765,0.687,0.363
"CRI","COSTA RICA",1989,10,1,1725.13936155907,10.959956208689,NA,NA,NA,NA,86.84742,17.2203938525142,NA,NA,NA,13.7047507846128,3043827,49.8116351553488,NA,55.8775114126036,0,2.81183420537514,455406585.693359,NA,NA,NA,NA,NA,NA,NA,75.85,73.596,78.131,NA,0.439519762992859,NA,NA,NA,"Americas","Central America",0.972,3.666,1.907,2.507,2.105,1.99,-0.768,2.194,1.977,0,0.167,0.667,0.833,0.5,0,0,0,0,0.333,0.5,0.167,0.167,0,0.813,0.087,1.743,3.318,-0.114,1.031,1.386,1.317,3.327,0.762,3.127,1.892,1.67,-0.254,2.163,1.7,2.072,0.687,0.363
"CRI","COSTA RICA",1990,10,1,1829.6687089559,6.05918279566487,NA,NA,NA,NA,86.79922,15.78742116015,NA,NA,0,13.0573346474185,3121706,49.8297084991348,97.4746627807617,58.5165590222319,0,3.29362536409102,378827239.990234,NA,NA,NA,NA,NA,2.5,NA,76.094,73.738,78.485,NA,0.441554009914398,NA,NA,NA,"Americas","Central America",0.977,3.666,2.414,2.953,2.16,1.99,-1.975,2.194,1.172,0,0.167,0.667,0.833,0.5,0,0,0,0,0.333,0.5,0.167,0.167,0,0.84,0.07,1.743,3.318,0.53,1.031,1.612,1.379,3.327,0.762,3.127,1.946,1.67,-0.084,2.163,2.049,2.671,0.862,0.287
"CRI","COSTA RICA",1991,10,1,2253.38191508071,23.1579194665575,NA,NA,NA,NA,87.26552,11.9445569900871,NA,NA,NA,10.5863515072178,3202176,49.8641548746852,97.6342010498047,52.7984666195925,0,2.7705851981399,281328765.869141,NA,NA,NA,NA,NA,NA,NA,76.237,73.863,78.641,NA,0.442862182855606,NA,NA,NA,"Americas","Central America",0.977,3.666,2.414,2.953,2.16,2.315,-1.975,2.194,1.172,0,0.167,0.667,0.833,0.5,0,0,0,0,0.333,0.5,0.167,0.167,0,0.843,0.07,1.743,3.318,0.53,1.031,1.612,1.379,3.327,0.762,3.127,1.946,1.67,-0.084,2.163,2.049,2.671,0.862,0.284
"CRI","COSTA RICA",1992,10,1,2612.38756453737,15.9318598881984,NA,NA,NA,NA,89.03262,11.9001491093974,NA,NA,0.00111,11.976548253817,3284258,49.9094468217783,97.7932281494141,51.377508141935,0,2.57139424487584,204573608.398438,NA,NA,NA,NA,NA,NA,NA,76.385,74.022,78.765,NA,0.44370174407959,NA,NA,NA,"Americas","Central America",0.977,3.666,2.414,2.953,2.16,2.315,-1.975,2.194,1.172,0,0.167,0.667,0.833,0.5,0,0,0,0,0.333,0.5,0.167,0.167,0,0.843,0.07,1.743,3.318,0.53,1.031,1.612,1.379,3.327,0.762,3.127,1.946,1.67,-0.084,2.163,2.049,2.671,0.862,0.284
"CRI","COSTA RICA",1993,10,1,2840.38706479397,8.72762921366058,NA,NA,NA,NA,89.38238,11.8282300115977,NA,NA,0.0815,12.0352693137855,3367434,49.9613058489045,97.9491958618164,52.7635038256726,0,2.20327488825599,182245422.363281,NA,NA,NA,NA,NA,NA,NA,76.315,73.971,78.67,NA,0.440883040428162,NA,NA,NA,"Americas","Central America",0.977,3.666,2.414,2.953,2.16,2.315,-1.975,2.194,1.172,0,0.167,0.667,0.833,0.5,0,0,0,0,0.333,0.5,0.167,0.167,0,0.843,0.07,1.743,3.318,0.53,1.031,1.612,1.379,3.327,0.762,3.127,1.946,1.67,-0.084,2.163,2.049,2.671,0.862,0.284
"CRI","COSTA RICA",1994,10,1,3039.56328550633,7.01229150002511,NA,NA,NA,NA,88.44138,12.3199679785456,NA,NA,0.28,11.5807869301161,3451122,50.0171393584867,98.092170715332,52.8501398004276,0,2.36855202407589,120588287.353516,NA,NA,NA,NA,NA,1.793900013,NA,76.329,73.94,78.733,NA,0.440381348133087,NA,NA,NA,"Americas","Central America",0.977,3.666,2.414,2.953,2.16,2.315,-1.975,2.194,1.172,0,0.167,0.667,0.833,0.5,0,0,0,0,0.333,0.5,0.167,0.167,0,0.845,0.073,1.743,3.318,0.548,1.031,1.612,1.379,3.327,0.762,3.127,1.946,1.67,-0.084,2.163,1.911,2.671,0.862,0.273
"CRI","COSTA RICA",1995,10,1,3275.25256447416,7.75405072471024,NA,NA,NA,NA,89.54187,12.7581274501947,NA,NA,0.417,12.2450379591895,3535176,50.0764601253233,98.2305450439453,52.2555470192519,0,2.90594941109728,63098937.9882813,NA,NA,NA,NA,NA,1.7799999714,NA,76.44,74.006,78.891,NA,0.436674833297729,NA,NA,NA,"Americas","Central America",0.977,3.666,2.414,2.953,2.16,2.315,-1.975,2.194,1.172,0,0.167,0.667,0.833,0.5,0,0,0,0,0.333,0.5,0.167,0.167,0,0.845,0.067,1.743,3.318,0.548,1.031,1.612,1.379,3.327,1.325,3.127,1.946,1.67,0.249,2.163,1.911,2.671,0.862,0.272
"CRI","COSTA RICA",1996,10,1,3226.96395598625,-1.47434762777333,NA,NA,NA,NA,91.47044,12.1024964084453,NA,NA,0.841,12.6428152370212,3619013,50.1379519775143,98.356689453125,52.97367408152,0,2.57877076272718,-2993535.04180908,NA,NA,NA,NA,NA,1.75,NA,76.428,73.988,78.879,NA,0.434947103261948,NA,NA,NA,"Americas","Central America",0.977,3.666,2.414,2.953,2.16,2.315,-1.975,2.194,1.172,0,0.167,0.667,0.833,0.5,0,0,0,0,0.333,0.5,0.167,0.167,0,0.845,0.067,1.743,3.318,0.548,1.031,1.612,1.379,3.327,1.325,3.127,1.946,1.67,0.249,2.163,1.911,2.671,0.862,0.272
"CRI","COSTA RICA",1997,10,1,3407.776128985,5.60316679903817,NA,NA,NA,NA,NA,12.5030913360301,NA,NA,1.64,12.613164915421,3701711,50.1988945112139,98.4675598144531,52.6945640755722,0,2.28730285708989,8573635.10131836,NA,NA,NA,NA,NA,1.7100000381,NA,76.603,74.078,79.147,NA,0.433976531028748,NA,NA,NA,"Americas","Central America",0.977,3.666,2.414,2.953,2.16,2.315,-1.975,2.194,1.172,0,0.167,0.667,0.833,0.5,0,0,0,0,0.333,0.5,0.167,0.167,0,0.839,0.077,1.743,3.318,0.548,1.031,1.612,1.379,2.77,1.325,2.511,1.946,1.67,0.249,2.163,1.911,2.671,0.862,0.272
"CRI","COSTA RICA",1998,10,1,3617.45756666726,6.15302853666955,NA,NA,NA,NA,NA,12.618968848322,NA,NA,2.67,12.8238649326758,3782838,50.2549144319688,98.5603637695313,52.9371389314662,0,1.51817198447363,45381492.6147461,NA,NA,NA,NA,NA,1.6799999475,NA,76.869,74.302,79.451,NA,0.431101828813553,NA,NA,NA,"Americas","Central America",0.977,3.666,2.414,2.953,2.16,2.315,-1.975,2.194,1.172,0,0.167,0.667,0.833,0.5,0,0,0,0,0.333,0.5,0.167,0.167,0,0.843,0.076,1.743,3.318,0.548,1.031,1.612,1.379,2.959,1.325,2.502,1.946,1.67,0.249,2.163,1.911,2.671,0.862,0.274
"CRI","COSTA RICA",1999,10,1,3690.96154778297,2.03192379623208,NA,NA,NA,NA,NA,11.1096929634483,NA,NA,3.9,13.1337581607143,3862101,50.3018693711014,98.6332397460938,54.2127027958483,0,1.15423351439575,7126846.79031372,NA,NA,NA,NA,NA,NA,NA,77.058,74.461,79.666,NA,0.461900591850281,NA,95.7,NA,"Americas","Central America",0.977,3.666,2.414,2.953,2.16,2.315,-1.975,2.194,1.172,0,0.167,0.667,0.833,0.5,0,0,0,0,0.333,0.5,0.167,0.167,0,0.842,0.071,1.743,3.318,0.548,1.031,1.612,1.379,2.959,1.325,2.502,1.946,1.67,0.486,2.163,1.911,2.671,1.577,0.198
"CRI","COSTA RICA",2000,10,1,3812.75388284924,3.29974543190315,105.324829101562,NA,84.70068359375,85.8256683349609,NA,9.24882318534345,12.69593,NA,5.80025,12.8397128305791,3937739,50.334697144732,98.686408996582,55.8833804353278,0,1.01441557771135,51812770.8435059,94.870002746582,94.6500015258789,95.0800018310547,NA,6.56498718,1.62,25,77.317,74.755,79.874,NA,0.471777200698853,NA,NA,NA,"Americas","Central America",0.977,3.666,2.414,2.953,2.16,2.315,-1.975,2.194,1.172,0,0.143,0.571,0.857,0.571,0,0,0,0,0.429,0.571,0.286,0.286,0,0.844,0.071,1.743,3.318,0.548,1.031,1.612,1.379,2.959,1.325,2.502,1.946,1.67,0.486,2.163,1.911,2.671,1.577,0.198
"CRI","COSTA RICA",2001,10,1,3985.12984506207,4.52103564796621,105.53547668457,NA,86.0111465454102,88.5828323364258,NA,8.37953627007384,NA,NA,9.55948,13.3610338036884,4008947,50.3558166271592,98.24978,56.6907655570513,0,1.05121844888149,33399635.3149414,NA,NA,NA,NA,6.47409868,1.58,26,77.609,75.009,80.2,NA,0.590190768241882,NA,NA,NA,"Americas","Central America",0.977,3.666,2.414,2.953,2.16,2.315,-1.975,2.194,1.172,0,0.143,0.571,0.857,0.571,0,0,0,0,0.429,0.571,0.286,0.286,0,0.844,0.071,1.743,3.318,0.548,1.031,1.612,1.379,2.959,1.325,2.502,1.946,1.67,0.486,2.163,1.911,2.671,1.577,0.198
"CRI","COSTA RICA",2002,10,1,4067.71851429092,2.07242103619747,105.317329406738,NA,90.7999114990234,92.3932571411133,NA,8.42775029018437,11.78091,NA,19.8949,13.368108901546,4075705,50.3714326723843,98.509188,57.4530046864413,0.0283908073416018,0.981118861036768,27116897.5830078,NA,NA,NA,NA,6.8690877,1.55,21,77.939,75.404,80.442,NA,0.590101838111877,NA,NA,NA,"Americas","Central America",0.977,3.666,2.414,2.953,2.16,2.315,-1.975,2.194,1.172,0,0.143,0.571,0.857,0.571,0,0,0,0,0.429,0.571,0.286,0.286,0,0.846,0.07,1.743,3.318,0.547,1.031,1.612,1.379,2.959,1.325,2.502,1.946,1.67,0.486,2.163,1.911,2.671,1.577,0.215
"CRI","COSTA RICA",2003,10,1,4173.14856415514,2.59187181939501,NA,NA,NA,NA,NA,8.84007800871514,NA,NA,20.3336,13.5849516097946,4138784,50.3841466479043,98.695902,57.7731241504416,0.0374595979479728,1.02044880139504,52270935.0585938,NA,NA,NA,NA,6.9691925,1.52,21,78.214,75.696,80.687,NA,0.590040564537048,NA,NA,NA,"Americas","Central America",0.977,3.666,2.414,2.953,2.16,2.315,-1.975,2.194,1.172,0,0.143,0.571,0.857,0.571,0,0,0,0,0.429,0.571,0.286,0.286,0,0.846,0.07,1.743,3.318,0.547,1.031,1.612,1.379,2.959,1.325,2.502,1.946,1.67,0.526,2.163,1.911,2.671,1.577,0.216
"CRI","COSTA RICA",2004,10,1,4431.0117207843,6.17910320385072,109.149803161621,NA,90.3145980834961,90.6653594970703,NA,8.85240876800238,10.86589,NA,20.7923,13.3589275001756,4200078,50.3969570081691,98.954779,57.2988154289491,0.0613781507663448,1.00110593588162,34449157.7148438,NA,NA,NA,NA,6.63006067,1.48,26,78.512,75.925,81.053,NA,0.589949667453766,NA,NA,NA,"Americas","Central America",0.977,3.666,2.414,2.953,2.16,2.315,-1.975,2.194,1.172,0,0.143,0.571,0.857,0.571,0,0,0,0,0.429,0.571,0.286,0.286,0,0.843,0.07,1.743,3.318,0.547,1.031,1.612,1.379,2.959,1.325,2.502,1.946,1.67,0.526,2.163,1.911,2.671,1.577,0.216
"CRI","COSTA RICA",2005,10,1,4703.00721784778,6.13845131096462,107.09986114502,NA,90.4517211914062,91.2403717041016,NA,8.62223694626727,NA,NA,22.07,13.635396985214,4261240,50.4092589033378,99.053051,57.7916436421547,0.13263457054308,1.12142978712725,37545799.2553711,NA,NA,NA,NA,6.66429663,1.33,19,78.877,76.29,81.407,NA,0.589895188808441,NA,NA,NA,"Americas","Central America",0.977,3.666,2.414,2.953,2.16,2.315,-1.975,2.194,1.172,0,0.125,0.5,0.75,0.5,0,0,0,0,0.375,0.5,0.25,0.25,0,0.841,0.07,1.743,3.318,0.547,1.031,1.612,1.379,2.959,1.325,2.502,1.946,1.67,0.526,2.163,1.911,2.671,1.577,0.216
"CRI","COSTA RICA",2006,10,1,5256.59640859159,11.7709619632935,108.812652587891,NA,84.0288314819336,85.0962600708008,NA,8.42982819706634,9.95087,NA,25.1,13.8416637384782,4321340,50.4215707214824,99.147523,58.1777820197184,0.145655110180747,1.49198409303492,33731201.171875,NA,NA,NA,NA,6.93530846,1.3,17,79.049,76.388,81.658,NA,0.589777112007141,NA,NA,NA,"Americas","Central America",0.977,3.666,2.414,2.953,2.16,2.315,-1.975,2.194,1.172,0.111,0.222,0.444,0.889,0.667,0,0,0,0,0.333,0.556,0.222,0.222,0.111,0.851,0.075,1.743,3.318,1.288,0.676,1.321,1.379,2.959,1.325,2.502,1.743,1.67,0.526,2.163,1.911,2.671,1.577,0.157
"CRI","COSTA RICA",2007,10,1,6137.71199925542,16.762093228685,108.192337036133,NA,89.5219879150391,91.4139175415039,NA,7.91531104342903,NA,NA,28.4,14.8564701582419,4380248,50.4346785844089,99.217998,57.9758953727124,0.177661149458376,1.63840228211153,64455513.0004883,NA,NA,NA,NA,6.99642611,1.29,18,79.098,76.353,81.804,NA,0.589586317539215,NA,NA,NA,"Americas","Central America",0.977,3.666,2.414,2.953,2.16,2.315,-1.975,2.194,1.172,0,0.125,0.5,0.875,0.625,0,0,0,0,0.375,0.5,0.25,0.25,0.125,0.855,0.075,1.743,3.318,1.288,0.676,1.321,1.379,2.959,1.325,2.502,1.743,1.67,0.526,2.163,1.911,2.671,1.577,0.151
"CRI","COSTA RICA",2008,10,1,6937.24261596055,13.0265254675052,109.621971130371,NA,88.2572326660156,91.0104827880859,NA,6.97696046934205,9.03585,NA,32.29,15.2325099084058,4440056,50.4469763444425,99.263937,59.4254091302356,0.177814056910713,1.48654911478283,77972366.3330078,NA,NA,NA,NA,7.4685483,1.24,16,79.18,76.42,81.901,NA,0.589360594749451,NA,NA,NA,"Americas","Central America",0.977,3.666,2.414,2.953,2.16,2.315,-1.975,2.194,1.172,0,0.125,0.5,0.875,0.625,0,0,0,0,0.375,0.5,0.25,0.25,0.125,0.855,0.075,1.743,3.318,1.288,0.676,1.321,1.379,2.959,1.325,2.502,1.743,1.67,0.526,2.163,1.911,2.671,1.577,0.151
"CRI","COSTA RICA",2009,10,1,6832.69829924138,-1.50700101620556,110.964897155762,NA,96.3396301269531,95.4175262451172,NA,7.04962970066208,NA,NA,34.33,13.1830719885207,4499791,50.4579434911533,99.409804,61.0597628286368,0.0442489217587359,1.2301475943504,97088233.9477539,NA,NA,NA,NA,7.86019182,1.23,14,79.372,76.644,82.053,NA,0.58917510509491,NA,NA,NA,"Americas","Central America",0.977,3.666,2.414,2.953,2.16,2.315,-1.975,2.194,1.172,0,0.125,0.5,0.875,0.625,0,0,0,0,0.375,0.5,0.25,0.25,0.125,0.855,0.072,1.743,3.318,1.288,0.676,1.321,1.379,2.959,1.325,2.502,1.953,1.67,0.526,2.163,1.911,2.671,1.577,0.151
"CRI","COSTA RICA",2010,10,1,8265.78820275582,20.9739965201384,109.92635345459,NA,93.8178634643555,95.5818710327148,NA,6.48518940835947,8.12083,NA,36.5,12.9525420562371,4555962,50.4673436696794,98.995734,61.907753060789,0,1.62716715850808,78965911.8652344,NA,NA,NA,NA,8.02937698,1.23,15,79.354,76.628,82.039,7.00805370501,0.616287231445312,NA,NA,NA,"Americas","Central America",0.977,3.666,2.414,2.953,2.16,2.315,-1.975,2.194,1.172,0.111,0.222,0.556,0.889,0.556,0,0,0,0.111,0.333,0.556,0.222,0.222,0.111,0.859,0.07,1.743,3.318,1.503,0.999,1.321,1.379,2.959,1.325,2.502,1.953,1.67,0.526,2.163,1.911,2.671,1.577,0.142
"CRI","COSTA RICA",2011,10,1,9276.39107511347,12.2263339873711,108.691719055176,NA,96.7384033203125,98.5772094726562,98.39715,5.59987212230861,NA,NA,39.2122,13.2089868676909,4609833,50.473921620605,99.232348,63.1820860244227,0,1.26384990129987,38158054.3518066,97.4100036621094,97.3099975585938,97.5,NA,8.12197781,1.22,15,79.624,76.981,82.213,7.50945058117,0.727600812911987,98.3578443527222,91.2922084331512,NA,"Americas","Central America",0.977,3.666,2.414,2.953,2.16,2.315,-1.975,2.194,1.172,0,0.125,0.5,0.875,0.625,0,0,0,0,0.375,0.5,0.25,0.25,0.125,0.861,0.067,1.743,3.318,1.503,0.999,1.321,1.379,2.959,1.376,2.502,1.953,1.67,0.526,2.163,1.911,2.671,1.577,0.141
"CRI","COSTA RICA",2012,10,1,10126.9991024177,9.16960076840901,107.544090270996,NA,93.5509567260742,94.1043319702148,98.48145,5.13084191429059,7.20581,NA,47.5,13.1052960652648,4663934,50.4760358958767,99.503298,64.286092711917,0.0649850267861909,1.2425772572914,35120059.967041,NA,NA,NA,NA,7.78642273,1.2,14,79.925,77.314,82.476,7.6367638143,0.61682540178299,NA,NA,NA,"Americas","Central America",0.977,3.666,2.414,2.953,2.16,2.315,-1.975,2.194,1.172,0,0.125,0.5,0.875,0.625,0,0,0,0,0.375,0.5,0.25,0.25,0.125,0.859,0.069,1.619,3.318,1.503,0.999,1.321,1.379,2.959,1.309,2.502,1.953,1.67,0.526,2.163,1.911,2.671,1.577,0.143
"CRI","COSTA RICA",2013,10,1,10803.2401962173,6.67760594190392,105.42813873291,NA,94.9602432250977,95.5050735473633,97.84257,4.78335093294853,NA,NA,45.96,13.416824749449,4716147,50.476660391769,99.563517,65.5704372632595,0.0577584252152377,1.34122901696494,35741638.1835938,NA,NA,NA,NA,7.68229342,1.18,12,80.189,77.525,82.8,8.39909725819,0.727026641368866,NA,NA,NA,"Americas","Central America",0.976,3.666,2.318,2.953,2.16,2.315,-1.56,2.194,1.172,0,0.125,0.375,0.875,0.75,0,0,0,0,0.375,0.5,0.25,0.25,0.125,0.854,0.068,1.619,3.318,1.503,0.999,1.321,1.379,2.959,1.309,2.502,1.953,1.67,0.526,2.163,1.981,2.671,1.676,0.141
"CRI","COSTA RICA",2014,10,1,10911.497878334,1.00208530172831,104.007881164551,NA,93.4158325195312,91.3914794921875,96.98747,4.88788378983139,6.29079,NA,53,13.0455889610236,4767119,50.4783706888794,99.359291,66.3984214219483,0.0518301508258059,1.387670718648,56657924.6520996,NA,NA,NA,NA,7.66376209,1.17,13,80.231,77.553,82.86,8.56771280006,0.726795554161072,NA,NA,NA,"Americas","Central America",0.976,3.666,2.318,2.953,2.16,2.315,-1.56,2.194,1.172,0,0.111,0.333,0.778,0.667,0,0,0,0,0.444,0.556,0.222,0.333,0.111,0.856,0.065,1.835,3.318,1.97,0.954,1.512,1.379,2.959,1.309,2.502,1.953,1.67,0.526,2.163,1.981,2.671,1.548,0.114
"CRI","COSTA RICA",2015,10,1,11714.7105980732,7.36115910661605,103.75464630127,NA,93.7857131958008,92.8542785644531,97.60783,4.74911042904841,NA,NA,59.763,13.2539942158309,4818038,50.4826756279889,99.409804,67.2979590735582,0.0200960578384208,1.13397448273593,118918319.702148,NA,NA,NA,NA,7.59196186,1.16,12,80.407,77.516,83.28,NA,0.72669905424118,NA,NA,NA,"Americas","Central America",0.974,3.666,2.318,2.499,2.015,1.98,-1.56,1.735,0.706,0,0.125,0.375,0.875,0.75,0,0,0,0,0.375,0.5,0.25,0.25,0.125,0.854,0.065,1.95,3.318,1.97,0.688,1.522,1.379,2.959,1.408,2.502,1.953,1.67,0.526,2.163,1.981,2.671,1.548,0.108
"CRI","COSTA RICA",2016,10,1,12091.0301606154,3.21236755608881,104.599922180176,NA,92.2029800415039,92.6009521484375,98.18412,4.9143557868633,5.37577,NA,65.8804,13.5108543364627,4866998,50.4885661528043,100,67.455208004105,0.0158677459016205,1.23322083330008,109522132.873535,NA,NA,NA,NA,7.31724358,1.16,9.6,79.988,77.256,82.69,NA,0.726360082626343,NA,NA,NA,"Americas","Central America",0.969,3.666,1.757,2.499,2.015,1.98,-1.56,1.735,0.706,0,0.125,0.375,0.875,0.75,0,0,0,0,0.375,0.5,0.25,0.25,0.125,0.855,0.066,1.95,3.318,1.97,0.459,1.522,1.379,2.959,1.408,2.502,2.032,1.67,0.526,2.163,1.981,2.671,1.548,0.108
"CRI","COSTA RICA",2017,10,1,12317.0902771304,1.86965141523966,103.215171813965,NA,90.9453506469727,91.5239105224609,96.34224,4.69977633159901,NA,NA,71.5817,13.2441025558449,4913177,50.4935197734582,NA,68.3430015552082,0.00585553483434446,1.13383955527767,102219520.568848,NA,NA,NA,NA,7.04522991,1.15,9.6,79.994,77.305,82.662,NA,0.72581547498703,NA,NA,NA,"Americas","Central America",0.966,3.333,2.171,2.499,2.015,1.98,-1.56,1.735,0.706,0,0.125,0.375,0.875,0.75,0,0,0,0,0.375,0.5,0.25,0.25,0.125,0.852,0.07,1.887,3.318,1.97,0.434,1.269,1.379,2.959,1.408,2.502,2.032,1.67,0.526,2.163,1.981,2.671,1.548,0.109
"CRI","COSTA RICA",2018,10,1,12590.2493781614,2.21772427484909,105.513519287109,NA,90.2495880126953,91.3276977539062,97.33255,4.48382833722173,4.46075,NA,73.4797,13.1821486861854,4957818,50.5009260122094,NA,68.6706106301098,0.00900722494170017,0.945537295658598,100765747.070313,NA,NA,94.120002746582,NA,7.28587723,1.12,10,80.09,77.22,82.961,NA,0.725132644176483,NA,NA,NA,"Americas","Central America",0.945,2.772,2.171,2.499,2.015,1.98,-1.56,1.306,1.321,0.111,0.111,0.556,0.667,0.667,0,0,0,0,0.444,0.556,0.333,0.333,0,0.836,0.071,1.887,3.318,1.531,0.638,1.269,1.379,2.959,1.408,2.502,2.032,1.67,0.526,2.163,1.981,2.671,1.548,0.129
"CRI","COSTA RICA",2019,NA,1,12884.6859951989,2.33860830070785,108.828872680664,NA,93.9220428466797,93.5261306762695,NA,4.20205116302465,NA,NA,81.2026,13.3201329233421,4999553,50.509615559631,NA,69.2049940233732,0.00698634796129753,0.759689840900586,58552040.1000977,NA,NA,NA,NA,7.2212491,1.11,9.9,80.296,77.603,82.963,NA,0.725112020969391,NA,NA,NA,"Americas","Central America",0.949,2.772,2.501,2.401,2.015,1.98,-1.56,1.306,1.321,0.125,0.125,0.5,0.75,0.625,0,0,0,0,0.375,0.5,0.25,0.25,0.125,0.843,0.068,1.887,3.318,1.531,0.839,1.316,1.379,2.959,1.408,2.502,2.032,1.67,0.526,2.163,1.981,2.671,1.548,0.131
"CRI","COSTA RICA",2020,NA,1,12394.0493969492,-3.80790496898816,108.293647766113,NA,98.5187530517578,98.7289962768555,NA,4.34422556035497,3.54573,NA,80.5302,12.2380289914727,5034320,50.5233676047609,NA,68.2324072882969,0.00341590826010993,0.904748239780319,223829574.584961,NA,NA,NA,NA,7.82545757,1.17,9.7,79.725,76.769,82.754,NA,0.724913060665131,NA,NA,NA,"Americas","Central America",0.949,2.772,2.501,2.401,2.015,1.98,-1.262,1.306,1.321,0.125,0.125,0.5,0.75,0.625,0,0,0,0,0.375,0.5,0.25,0.25,0.125,0.848,0.067,1.887,3.318,1.531,0.839,1.316,1.379,2.959,1.408,2.502,2.032,1.67,0.526,2.163,1.981,2.671,1.714,0.131
"ECU","ECUADOR",1960,1,1,450.776317102259,NA,NA,NA,NA,NA,NA,33.6548595411915,NA,NA,NA,NA,4590891,50.1373045014574,NA,40.9723697497122,NA,NA,53538833.6181641,NA,NA,NA,NA,NA,1.87069153785706,NA,53.396,51.511,55.336,NA,NA,NA,NA,2.37623678350892,"Americas","South America",0.496,-0.048,0.316,-0.846,0.552,-0.124,-0.328,1.822,0.617,0.125,0.5,0.5,0.375,0.5,0.75,0,0,0.125,0,0.25,0,0,0.125,0.183,0.783,-0.501,0.234,-0.866,-2.076,-0.739,-0.127,-2.173,-0.525,-0.85,0.448,-0.762,-1.437,1.86,-0.064,-0.54,-2.29,0.851
"ECU","ECUADOR",1961,1,1,371.395176462235,-17.6098738173098,NA,NA,NA,NA,NA,34.0353982997317,NA,NA,NA,NA,4722331,50.1251818222823,NA,41.1327053605548,NA,NA,92503158.5693359,NA,NA,NA,NA,NA,NA,NA,54.052,52.093,56.072,NA,NA,NA,NA,2.04676698378785,"Americas","South America",0.517,0.195,0.316,-0.846,0.552,-0.124,-0.046,1.822,0.617,0.125,0.5,0.5,0.375,0.463,0.732,0,0,0.143,0,0.232,0,0,0.125,0.182,0.805,-0.501,0.234,-0.866,-2.076,-1.182,-0.714,-2.173,-0.525,-0.85,0.448,-0.762,-1.437,1.86,-0.064,-0.54,-2.29,0.854
"ECU","ECUADOR",1962,1,1,312.43541024174,-15.8752105458457,NA,NA,NA,NA,NA,35.2529029760529,NA,NA,NA,NA,4859269,50.1145748465459,NA,40.0821390597629,NA,NA,104256111.14502,NA,NA,NA,NA,NA,NA,NA,54.681,52.649,56.782,NA,NA,NA,NA,2.04545378336297,"Americas","South America",0.517,0.195,0.316,-0.846,0.552,-0.124,-0.046,1.822,0.617,0.125,0.5,0.5,0.375,0.25,0.625,0,0,0.25,0,0.125,0,0,0.125,0.186,0.783,-0.137,0.234,-0.852,-2.076,-0.718,-0.326,-2.173,-0.525,-0.85,0.448,-0.762,-1.437,1.86,-0.064,-0.54,-2.29,0.847
"ECU","ECUADOR",1963,-6,0,364.743594141305,16.7420792217799,NA,NA,NA,NA,NA,34.195749948199,NA,NA,NA,NA,5001716,50.1052938841977,NA,39.8929518451472,NA,NA,127252082.824707,NA,NA,NA,NA,NA,NA,NA,55.322,53.223,57.494,NA,NA,NA,NA,1.76521231065259,"Americas","South America",0.437,-0.121,-0.209,-0.846,0.494,-0.124,-0.21,1.822,0.617,0.125,0.5,0.441,0.375,0.309,0.684,0,0,0.25,0,0.184,0,0,0.125,0.057,0.865,-0.683,0.12,-0.852,-2.194,-0.513,-3.067,-2.173,-0.525,-0.85,0.124,-0.2,NA,NA,NA,NA,-2.29,0.856
"ECU","ECUADOR",1964,-6,0,435.763463220837,19.4711765251779,NA,NA,NA,NA,NA,31.8358566455411,NA,NA,NA,NA,5149918,50.097438444651,NA,40.1243707401477,NA,NA,143045684.814453,NA,NA,NA,NA,NA,NA,NA,55.95,53.775,58.204,NA,NA,NA,NA,1.90995401275775,"Americas","South America",0.437,-0.121,-0.209,-0.846,0.494,-0.124,-0.21,1.822,0.617,0.125,0.5,0.375,0.375,0.375,0.75,0,0,0.25,0,0.25,0,0,0.125,0.059,0.865,-0.683,0.12,NA,-2.194,-0.513,-3.067,-2.173,-0.525,-0.85,0.124,-0.2,NA,NA,NA,NA,-2.29,0.856
"ECU","ECUADOR",1965,-6,0,450.049782719552,3.2784573982227,NA,NA,NA,NA,NA,31.3130788162474,NA,NA,NA,NA,5303963,50.0908566087012,NA,41.0832539783663,NA,NA,159401809.692383,NA,NA,NA,NA,NA,NA,NA,56.524,54.291,58.84,NA,NA,NA,NA,2.0695652173913,"Americas","South America",0.437,-0.121,-0.209,-0.846,0.494,-0.124,-0.21,1.822,0.617,0.125,0.5,0.375,0.375,0.375,0.75,0,0,0.25,0,0.25,0,0,0.125,0.06,0.865,-0.683,0.12,NA,-2.194,-0.513,-3.067,-2.173,-0.525,-0.85,0.124,-0.2,NA,NA,NA,NA,-2.29,0.856
"ECU","ECUADOR",1966,-2,0,444.623111980641,-1.20579343603253,NA,NA,NA,NA,NA,28.0337459253875,NA,NA,NA,NA,5463748,50.0842919394723,NA,42.4413698522947,NA,NA,181810424.804688,NA,NA,NA,NA,NA,NA,NA,57.019,54.771,59.349,NA,NA,NA,NA,1.8242215194411,"Americas","South America",0.437,-0.121,-0.209,-0.846,0.494,-0.124,-0.21,1.822,0.617,0.125,0.5,0.375,0.47,0.375,0.75,0,0,0.25,0,0.25,0,0,0.125,0.065,0.865,-0.683,0.12,NA,-2.194,-0.513,-3.067,-2.173,-0.525,-0.85,0.124,-0.2,NA,NA,NA,NA,-2.29,0.856
"ECU","ECUADOR",1967,2,0,453.645285895565,2.02917339918147,NA,NA,NA,NA,NA,28.4055380642007,NA,NA,NA,NA,5629057,50.0776950739706,NA,42.1198398979459,NA,NA,191130371.09375,NA,NA,NA,NA,NA,NA,NA,57.482,55.19,59.858,NA,NA,NA,NA,1.80442333340465,"Americas","South America",0.476,0.036,-0.209,-0.846,1.022,-0.124,-0.21,1.822,0.617,0.125,0.5,0.375,0.5,0.375,0.75,0,0,0.25,0,0.25,0,0,0.125,0.125,0.792,-0.51,0.207,NA,-2.194,-0.504,-0.883,-2.173,-0.525,-0.85,0.124,-0.2,-1.435,1.887,-0.053,-0.549,-2.29,0.886
"ECU","ECUADOR",1968,5,0,445.227989157148,-1.85547982093542,NA,NA,NA,NA,NA,29.2818942533795,NA,NA,NA,NA,5799680,50.0710901291106,NA,40.6953969924946,NA,NA,154977096.557617,NA,NA,NA,NA,NA,NA,NA,57.946,55.647,60.327,NA,NA,NA,NA,1.92397349775755,"Americas","South America",0.512,0.036,0.117,-0.846,1.022,-0.124,-0.21,1.822,0.617,0.125,0.5,0.5,0.5,0.375,0.75,0,0,0.25,0,0.25,0,0,0.125,0.155,0.788,-0.51,0.207,-0.614,-2.194,-0.504,-0.883,-2.173,-0.525,-0.85,0.124,-0.2,-1.435,1.887,-0.053,-0.549,-2.29,0.857
"ECU","ECUADOR",1969,5,0,520.843984636492,16.9836572095324,NA,NA,NA,NA,NA,26.2521799930883,NA,NA,NA,NA,5975236,50.0641146224183,NA,43.7448142284231,NA,NA,113209327.697754,NA,NA,NA,NA,NA,NA,NA,58.267,55.961,60.655,NA,NA,NA,NA,2.37061630052488,"Americas","South America",0.512,0.036,0.117,-0.846,1.022,-0.124,-0.21,1.822,0.617,0.125,0.5,0.5,0.5,0.375,0.75,0,0,0.25,0,0.25,0,0,0.125,0.197,0.802,-0.51,0.207,-0.614,-2.194,-1.202,-0.883,-2.173,-0.525,-0.85,0.124,-0.2,-1.435,1.887,-0.053,-0.549,-2.29,0.836
"ECU","ECUADOR",1970,0,0,465.040319805007,-10.7140845392371,NA,NA,NA,NA,NA,26.0292779221651,NA,NA,NA,NA,6155387,50.0574862311663,NA,41.6524648286063,0.0208366992407299,0.603234396539406,134471618.652344,NA,NA,NA,NA,NA,2.34910011291504,NA,58.85,56.506,61.277,NA,NA,NA,NA,1.83368971819713,"Americas","South America",0.512,0.036,0.117,-0.846,1.022,-0.124,-0.21,1.822,0.617,0.125,0.434,0.434,0.5,0.309,0.75,0,0,0.184,0,0.184,0,0,0.191,0.093,0.832,-0.51,0.207,-0.614,-2.194,-1.202,-1.211,-2.173,-0.525,-0.85,0.124,-0.2,NA,NA,NA,NA,-2.29,0.836
"ECU","ECUADOR",1971,0,0,434.415880347799,-6.58532994946524,NA,NA,NA,NA,79.53869,25.2587816484435,NA,NA,NA,NA,6340052,50.0517976824165,NA,41.4591158414763,0.0319320365559042,0.721419590315677,138010101.318359,NA,NA,NA,NA,NA,NA,NA,59.343,56.958,61.814,NA,NA,NA,NA,1.85402516979624,"Americas","South America",0.494,-0.103,0.117,-0.846,1.022,-0.124,-0.21,1.822,0.617,0.125,0.375,0.375,0.5,0.25,0.75,0,0,0.125,0,0.125,0,0,0.25,0.089,0.851,-0.51,0.207,NA,-2.194,-1.202,-1.642,-2.173,-0.525,-0.85,0.124,-0.2,NA,NA,NA,NA,-1.955,0.871
"ECU","ECUADOR",1972,-5,0,487.972047217986,12.3283170097993,NA,NA,NA,NA,NA,25.8356518844639,NA,NA,NA,NA,6529034,50.0471432680547,NA,42.0318672553588,0.722424845709208,1.45422603565694,114922409.057617,NA,NA,NA,NA,NA,NA,NA,59.816,57.398,62.324,NA,NA,NA,NA,1.99002320804546,"Americas","South America",0.494,-0.103,0.117,-0.846,1.022,-0.124,-0.21,1.822,0.617,0.125,0.266,0.266,0.5,0.25,0.859,0,0,0.016,0,0.125,0,0,0.25,0.075,0.853,0.595,0.095,NA,-2.194,-0.02,-2.395,-2.173,-0.525,-0.85,-0.881,-0.2,NA,NA,NA,NA,-1.955,0.806
"ECU","ECUADOR",1973,-5,0,578.954930783286,18.6451015143202,NA,NA,NA,NA,80.0407,25.3754990501017,NA,NA,NA,NA,6722033,50.0434020481601,NA,44.5554758617853,2.80924506220655,3.78153861118502,153746109.008789,NA,NA,NA,NA,NA,NA,NA,60.306,57.853,62.85,NA,NA,NA,NA,1.9765704092947,"Americas","South America",0.459,-0.103,-0.317,-0.846,1.022,-0.124,-0.006,1.822,0.617,0.125,0.125,0.25,0.5,0.25,1,0,0,0,0,0.125,0,0,0.25,0.064,0.855,0.595,0.095,NA,-2.194,-0.02,-2.587,-2.173,-0.525,-0.85,-0.881,-0.2,NA,NA,NA,NA,-1.955,0.806
"ECU","ECUADOR",1974,-5,0,953.846558260516,64.7531625596534,NA,NA,NA,NA,80.97535,24.0938427821548,NA,NA,NA,NA,6918573,50.0398637175417,NA,45.7339007800978,7.83255695502559,8.41494089000531,132956451.416016,NA,NA,NA,NA,NA,NA,NA,60.7,58.27,63.219,NA,NA,NA,NA,2.01588995612475,"Americas","South America",0.459,-0.103,-0.317,-0.846,1.022,-0.124,-0.006,1.822,0.617,0.125,0.125,0.25,0.5,0.25,1,0,0,0,0,0.125,0,0,0.25,0.066,0.869,0.223,0.095,NA,-2.194,-0.506,-2.817,-2.173,-0.525,-0.85,-0.881,-0.2,NA,NA,NA,NA,-1.955,0.821
"ECU","ECUADOR",1975,-5,0,1086.17615086517,13.8732578587878,NA,NA,NA,NA,80.34071,22.3551822334737,NA,NA,NA,NA,7118251,50.0356337532914,NA,48.5796854051342,5.85937661903557,6.5309662715755,156922897.338867,NA,NA,NA,NA,NA,2.54629993438721,NA,61.085,58.674,63.584,NA,NA,NA,NA,2.36680898459254,"Americas","South America",0.459,-0.103,-0.317,-0.846,1.022,-0.124,-0.006,1.822,0.617,0.125,0.125,0.25,0.5,0.25,1,0,0,0,0,0.125,0,0,0.25,0.066,0.869,0.223,0.095,NA,-2.194,-0.506,-2.817,-2.173,-0.525,-0.85,-0.881,-0.2,NA,NA,NA,NA,-1.955,0.821
"ECU","ECUADOR",1976,-5,0,1241.91098461141,14.337898472747,NA,NA,NA,NA,80.7904,20.1177300940648,NA,NA,NA,NA,7320912,50.030638259277,NA,49.3407365624635,6.26975907495402,6.80686675408111,188261184.692383,NA,NA,NA,NA,NA,NA,NA,61.425,59.041,63.896,NA,NA,NA,NA,2.20068766787297,"Americas","South America",0.469,-0.103,-0.317,-0.846,1.239,-0.124,-0.006,1.822,0.617,0.125,0.125,0.25,0.5,0.25,1,0,0,0,0,0.25,0,0,0.125,0.067,0.867,0.223,0.095,NA,-2.194,-0.274,-2.553,-2.173,-0.525,-0.85,-0.881,-0.2,NA,NA,NA,NA,-1.955,0.821
"ECU","ECUADOR",1977,-5,0,1464.94058354719,17.9585817099094,NA,NA,NA,NA,83.90445,18.7030722359671,NA,NA,NA,NA,7526819,50.025754571752,NA,49.271544726955,4.32661744460753,4.91373417939008,120494224.54834,NA,NA,NA,NA,NA,NA,NA,61.935,59.519,64.436,NA,NA,NA,NA,3.08037216906285,"Americas","South America",0.469,-0.103,-0.317,-0.846,1.239,-0.124,-0.006,1.822,0.617,0.125,0.125,0.25,0.5,0.25,1,0,0,0,0,0.25,0,0,0.125,0.07,0.867,0.223,0.095,NA,-2.194,-0.274,-2.553,-2.173,-0.525,-0.85,-0.881,-0.2,NA,NA,NA,NA,-1.955,0.821
"ECU","ECUADOR",1978,-5,0,1541.13760425322,5.20137277660281,NA,NA,NA,NA,85.77794,18.2001239092383,NA,NA,NA,NA,7736167,50.0215287493147,NA,50.1684724246561,4.87918049300881,5.46280890720852,89763786.315918,NA,NA,NA,NA,NA,NA,NA,62.397,59.97,64.904,NA,NA,NA,NA,2.14272648880295,"Americas","South America",0.469,-0.103,-0.317,-0.846,1.239,-0.124,-0.006,1.822,0.617,0.125,0.125,0.25,0.5,0.25,1,0,0,0,0,0.25,0,0,0.125,0.085,0.831,0.223,0.186,0.527,-2.107,-0.176,-1.663,-2.173,-0.609,-0.85,-0.881,-0.2,NA,NA,NA,NA,-1.662,0.72
"ECU","ECUADOR",1979,9,1,1783.29280581578,15.7127566606812,NA,NA,NA,NA,88.93417,16.0225688613038,NA,NA,NA,NA,7948869,50.0174364450385,NA,51.1320038132824,11.1098691939219,11.9762515560887,135075683.59375,NA,NA,NA,NA,NA,NA,NA,62.854,60.425,65.362,NA,NA,NA,NA,1.9874937490116,"Americas","South America",0.627,0.301,0.908,-0.062,1.239,-0.124,-0.006,1.822,0.617,0.125,0.174,0.348,0.5,0.25,1,0,0,0.049,0.049,0.299,0,0,0.125,0.135,0.618,0.757,0.474,0.433,-1.182,1.325,0.299,-0.431,-0.609,-0.511,-0.881,-0.2,NA,NA,NA,NA,-0.89,0.537
"ECU","ECUADOR",1980,9,1,2189.78417657382,22.7944266601854,NA,NA,NA,NA,87.55129,16.1108945516136,NA,NA,NA,NA,8165877,50.0133421064265,NA,53.3466928194198,10.5805004761534,11.3151910687817,78319068.9086914,NA,NA,NA,NA,NA,1.90719997882843,NA,63.326,60.894,65.837,NA,NA,NA,NA,1.78122469851281,"Americas","South America",0.81,1.255,1.684,0.809,1.553,0.994,-1.129,2.167,0.617,0.125,0.25,0.75,0.5,0.375,0.75,0.125,0.125,0.25,0.125,0.5,0,0,0,0.439,0.53,0.757,1.349,0.433,-0.83,1.325,0.54,-0.431,-0.609,-0.511,0.538,-0.252,-1.268,1.03,0.838,0.046,-1.115,0.553
"ECU","ECUADOR",1981,9,1,2600.57152797996,18.7592620222905,NA,NA,NA,NA,NA,15.7664394894899,NA,NA,NA,NA,8386910,50.0094194405329,NA,53.0134568716264,7.43648308936248,7.98059064689882,94182640.0756836,NA,NA,NA,NA,NA,NA,NA,63.809,61.375,66.323,NA,NA,NA,NA,1.67784031835944,"Americas","South America",0.81,1.255,1.684,0.809,1.553,0.994,-1.129,1.308,0.617,0.125,0.25,0.75,0.5,0.375,0.75,0.125,0.125,0.25,0.125,0.5,0,0,0,0.44,0.522,0.757,1.349,0.433,-0.83,1.325,0.54,-0.431,-0.609,-0.511,0.538,-0.252,-1.268,1.03,0.838,0.046,-0.818,0.54
"ECU","ECUADOR",1982,9,1,2314.38354547989,-11.00481103561,NA,NA,NA,NA,NA,15.9260653705014,NA,NA,NA,NA,8611298,50.0055392346195,NA,51.8205147512839,4.75132859913941,5.56219457517817,112918640.136719,83.5500030517578,86.7900009155273,80.4100036621094,NA,NA,NA,NA,64.271,61.839,66.782,NA,NA,NA,NA,1.65400283130616,"Americas","South America",0.81,1.255,1.684,0.809,1.553,0.994,-1.129,2.07,0.617,0.125,0.25,0.75,0.5,0.375,0.75,0.125,0.125,0.25,0.125,0.5,0,0,0,0.441,0.528,0.429,1.349,0.433,-0.83,1.325,0.54,-0.431,-0.609,-0.511,0.538,-0.252,-1.268,1.03,0.838,0.046,-0.818,0.557
"ECU","ECUADOR",1983,9,1,1940.23393200801,-16.1662752140894,NA,NA,NA,NA,NA,16.900845128291,NA,NA,NA,NA,8840417,50.0013913369255,NA,52.5537496191874,8.67513964178264,9.31405506752234,138310119.628906,NA,NA,NA,NA,NA,NA,NA,64.659,62.223,67.176,NA,NA,NA,NA,1.57477834994725,"Americas","South America",0.81,1.255,1.684,0.809,1.553,0.994,-0.147,2.07,0.617,0.125,0.25,0.75,0.5,0.375,0.75,0.125,0.125,0.25,0.125,0.5,0,0,0,0.444,0.528,0.429,1.349,0.433,-0.83,1.325,0.54,-0.431,-0.609,-0.511,0.538,-0.252,-1.268,1.03,0.838,0.046,-0.818,0.557
"ECU","ECUADOR",1984,9,1,1863.68213493779,-3.94549315973431,NA,NA,NA,NA,NA,18.6133403784386,NA,NA,NA,NA,9074782,49.9968373895924,NA,48.3660060736821,9.35151976845996,9.93016955124747,198046630.859375,NA,NA,NA,NA,NA,NA,NA,65.202,62.758,67.726,NA,NA,NA,NA,1.48523232727441,"Americas","South America",0.626,0.153,1.256,-0.888,1.277,0.994,0.337,2.07,1.013,0.125,0.25,0.75,0.5,0.375,0.75,0.125,0.125,0.25,0.125,0.5,0,0,0,0.427,0.539,-0.185,1.349,0.632,-0.83,1.127,0.54,-0.431,-0.609,-0.511,0.538,-0.252,-1.268,1.03,0.838,0.046,-0.818,0.568
"ECU","ECUADOR",1985,9,1,1841.77905481426,-1.17525836154785,NA,NA,NA,NA,NA,18.8789498131776,NA,NA,NA,NA,9311154,49.991971993157,NA,47.762348641032,9.45521760977848,10.0118102149523,215784057.617188,NA,NA,NA,NA,NA,NA,NA,65.625,63.176,68.156,NA,NA,NA,NA,1.77973855389976,"Americas","South America",0.626,0.153,1.256,-0.888,1.277,0.994,0.337,2.07,1.013,0.125,0.25,0.75,0.5,0.375,0.75,0.125,0.125,0.25,0.125,0.5,0,0,0,0.409,0.62,-0.883,1.349,0.632,-0.943,-0.411,0.329,-0.431,-0.609,-0.511,-0.462,-0.252,-1.268,1.03,0.838,0.046,-0.818,0.617
"ECU","ECUADOR",1986,9,1,1604.24698102055,-12.8968821299613,NA,NA,NA,NA,NA,20.8114914655921,NA,NA,NA,NA,9545998,49.9876126087197,NA,47.2616522209112,4.68377906637246,5.41787935100932,223907775.878906,NA,NA,NA,NA,NA,NA,NA,66.123,63.638,68.691,NA,NA,NA,NA,1.83738682762294,"Americas","South America",0.626,0.153,1.256,-0.888,1.277,0.994,0.337,2.07,1.013,0.125,0.25,0.75,0.5,0.375,0.75,0.125,0.125,0.25,0.125,0.5,0,0,0,0.41,0.619,-0.883,1.349,0.634,-0.943,-0.411,0.329,-0.431,-0.609,-0.511,-0.462,-0.252,-1.268,1.03,0.838,0.046,-0.818,0.616
"ECU","ECUADOR",1987,9,1,1426.01629151663,-11.1099283098253,NA,NA,NA,NA,NA,21.3475716289276,NA,NA,NA,NA,9779290,49.9845336404313,NA,46.9211041709847,4.99756494027957,6.09696281876419,363221649.169922,NA,NA,NA,NA,NA,NA,NA,66.587,64.059,69.202,NA,NA,NA,NA,1.96631614944003,"Americas","South America",0.626,0.153,1.256,-0.888,1.277,0.994,0.337,2.07,1.013,0.125,0.25,0.75,0.5,0.375,0.75,0.125,0.125,0.25,0.125,0.5,0,0,0,0.41,0.619,-0.883,1.349,0.634,-0.943,-0.411,0.329,-0.431,-0.609,-0.511,-0.462,-0.252,-1.268,1.03,0.838,0.046,-0.818,0.616
"ECU","ECUADOR",1988,9,1,1303.77906073184,-8.57193788822604,NA,NA,NA,NA,NA,22.0108036177632,NA,NA,NA,NA,10010808,49.9827536381433,NA,44.4188513701523,6.87057152668533,7.8987466224537,286490051.269531,NA,NA,NA,NA,NA,NA,NA,67.038,64.441,69.73,NA,NA,NA,NA,1.61611581675238,"Americas","South America",0.749,1.072,1.256,-0.888,1.277,0.994,-0.373,2.07,1.013,0.125,0.25,0.75,0.5,0.375,0.75,0.125,0.125,0.25,0.125,0.5,0,0,0,0.434,0.627,-0.883,1.349,0.641,-0.943,-0.411,0.329,-0.431,-0.609,-0.511,-0.462,-0.252,-1.268,1.03,0.838,0.046,-0.818,0.613
"ECU","ECUADOR",1989,9,1,1356.28045636224,4.02686292575752,NA,NA,NA,NA,NA,22.4006908587262,NA,NA,NA,NA,10241852,49.9820344992293,NA,44.3915768821615,9.05299642422294,10.0823954852772,250102737.426758,NA,NA,NA,NA,NA,NA,NA,67.817,65.123,70.605,NA,NA,NA,NA,1.42669785233533,"Americas","South America",0.877,2.143,1.351,1.11,1.557,0.994,-0.526,2.07,1.013,0.125,0.25,0.75,0.5,0.375,0.75,0.125,0.125,0.25,0.125,0.5,0,0,0,0.477,0.559,-0.041,1.349,0.641,-0.838,0.297,0.548,-0.431,-0.609,-0.511,0.531,-0.252,-1.268,1.03,0.838,0.046,-0.818,0.558
"ECU","ECUADOR",1990,9,1,1455.00748510871,7.27924879278077,NA,NA,NA,NA,NA,20.5210053878115,NA,NA,0,NA,10473673,49.9826469663508,88.9417495727539,45.1181275071851,11.991103925352,12.9915656856879,238531341.552734,88.3000030517578,90.5,86.1900024414062,NA,NA,1.6440999508,NA,68.445,65.597,71.398,NA,NA,NA,NA,1.35122222907748,"Americas","South America",0.877,2.143,1.351,1.11,1.557,0.994,-0.526,2.07,1.013,0.125,0.25,0.75,0.5,0.375,0.75,0.125,0.125,0.25,0.125,0.5,0,0,0,0.474,0.557,-0.041,1.349,0.619,-0.924,0.297,0.548,-0.431,-0.609,-0.511,0.531,-0.252,-1.268,1.03,0.838,0.046,-0.818,0.556
"ECU","ECUADOR",1991,9,1,1587.36049996672,9.09638034254658,NA,NA,NA,NA,NA,20.8630768323822,NA,NA,NA,NA,10702380,49.9846202433477,89.4261016845703,44.6883903283861,6.18084017507188,7.24141251846212,314363250.732422,NA,NA,NA,NA,NA,NA,NA,69.04,66.049,72.142,NA,NA,NA,NA,1.27147161976289,"Americas","South America",0.877,2.143,1.351,1.11,1.557,0.994,-1.673,2.07,1.013,0.125,0.25,0.75,0.5,0.375,0.75,0.125,0.125,0.25,0.125,0.5,0,0,0,0.472,0.556,-0.041,1.349,0.619,-0.924,0.297,0.548,-0.431,-0.609,-0.511,0.531,-0.252,-1.268,1.03,0.838,0.046,-0.818,0.555
"ECU","ECUADOR",1992,9,1,1655.44613192632,4.28923561856475,NA,NA,NA,NA,NA,18.9221169961655,NA,NA,0.00512,NA,10930128,49.9871501950526,89.9099426269531,44.6020559030867,6.68067546189167,7.57641297443625,319108734.130859,NA,NA,NA,NA,NA,NA,NA,69.468,66.438,72.6,NA,NA,NA,NA,1.21330539339896,"Americas","South America",0.877,2.143,1.351,1.11,1.557,0.994,-1.673,2.07,1.013,0.125,0.25,0.75,0.5,0.375,0.75,0.125,0.125,0.25,0.125,0.5,0,0,0,0.472,0.558,-0.041,1.349,0.634,-0.924,0.297,0.548,-0.431,-0.609,-0.511,0.531,-0.252,-1.268,1.03,0.838,0.046,-0.818,0.55
"ECU","ECUADOR",1993,9,1,1697.88884141445,2.56382304863902,NA,NA,NA,NA,NA,23.4031589633143,NA,NA,0.0164,NA,11154274,49.9898065979014,90.3907241821289,44.2870525020328,6.52474732068662,6.94166997844564,286619201.660156,NA,NA,NA,NA,NA,1.6000000238,NA,70.07,66.983,73.245,NA,NA,NA,NA,1.5053435537415,"Americas","South America",0.856,1.918,1.351,1.11,1.557,0.994,-1.673,2.07,1.013,0.125,0.25,0.75,0.5,0.375,0.75,0.125,0.125,0.25,0.125,0.5,0,0,0,0.457,0.595,-1.093,1.349,0.634,-0.836,0.376,0.752,-0.431,-0.609,-0.511,-0.467,-0.252,-1.268,1.03,0.838,0.046,-0.818,0.632
"ECU","ECUADOR",1994,9,1,1996.85894789444,17.6083439143713,NA,NA,NA,NA,91.98211,22.1459459595206,NA,NA,0.0348,NA,11372197,49.9925783916179,90.8653869628906,46.0340844660993,5.8266784850764,6.69476702573695,282837402.34375,NA,NA,NA,NA,NA,NA,NA,70.876,67.713,74.111,NA,0.557013809680939,NA,NA,1.31569135777556,"Americas","South America",0.864,1.918,1.351,0.991,1.958,0.994,-1.469,2.07,1.013,0.125,0.25,0.75,0.5,0.375,0.75,0.125,0.125,0.25,0.125,0.5,0,0,0,0.453,0.59,-1.093,1.349,0.647,-0.836,0.376,0.752,-0.431,-0.609,-0.511,-0.467,-0.252,-1.268,1.03,0.838,0.046,-0.818,0.623
"ECU","ECUADOR",1995,9,1,2108.00698245316,5.56614350131834,NA,NA,NA,NA,92.52188,21.9121688235555,NA,NA,0.0438,NA,11590514,49.9961304566708,89.830167,47.8071197724812,6.45365140471758,7.81653810988059,239337493.896484,NA,NA,NA,NA,NA,NA,NA,71.349,68.06,74.717,NA,NA,NA,NA,1.98760353101763,"Americas","South America",0.864,1.918,1.351,0.991,1.958,0.994,-1.469,2.07,1.013,0.125,0.25,0.75,0.5,0.375,0.75,0.125,0.125,0.25,0.125,0.5,0,0,0,0.454,0.594,-1.093,1.349,0.647,-0.879,0.245,0.752,-0.431,-0.609,-0.511,-0.467,-0.252,-1.268,1.03,0.838,0.046,-0.818,0.618
"ECU","ECUADOR",1996,9,1,2135.8479374308,1.32072403978664,NA,NA,NA,NA,93.75276,20.7500581031484,NA,NA,0.0862,NA,11810950,49.9996189976251,91.7841186523438,49.4611755952499,7.78787008443719,9.06384330500035,309776428.222656,NA,NA,NA,NA,NA,1.5499999523,NA,71.82,68.571,75.121,NA,NA,NA,NA,1.6897249235818,"Americas","South America",0.864,1.918,1.351,0.991,1.958,0.994,-1.469,2.07,1.013,0.125,0.25,0.75,0.5,0.375,0.75,0.125,0.125,0.25,0.125,0.5,0,0,0,0.451,0.615,-1.093,1.349,0.64,-0.879,-0.06,0.367,-0.431,-0.609,-0.511,-0.467,-0.252,-1.268,1.03,0.838,0.167,-0.818,0.618
"ECU","ECUADOR",1997,9,1,2340.76600026857,9.59422528385917,NA,NA,NA,NA,96.26485,20.1087737333262,NA,NA,0.11,NA,12031127,50.0025226231923,92.2220764160156,50.1865605095813,6.17219683622489,7.15232502703141,230677444.458008,NA,NA,NA,NA,NA,NA,NA,72.007,68.728,75.346,NA,NA,NA,NA,1.8110665611487,"Americas","South America",0.864,1.918,1.351,0.991,1.958,0.994,-0.315,2.07,1.013,0.125,0.25,0.75,0.5,0.375,0.75,0.125,0.125,0.25,0.125,0.5,0,0,0,0.459,0.583,-0.15,1.349,0.613,-0.879,-0.001,0.071,-0.431,-0.609,-0.511,0.569,-0.252,-1.268,1.03,0.838,0.167,-0.818,0.568
"ECU","ECUADOR",1998,9,1,2284.01572847769,-2.42443165119319,NA,NA,NA,NA,95.2353,17.4759454640616,NA,NA,0.125,NA,12251184,50.0048076985865,92.726642,52.085486843384,3.21214311967333,4.06421827365714,254600997.924805,NA,NA,NA,NA,NA,NA,NA,71.949,68.821,75.132,NA,0.58444356918335,NA,NA,2.01895367462851,"Americas","South America",0.864,1.918,1.351,0.991,1.958,0.994,-0.619,2.07,1.013,0.125,0.25,0.75,0.5,0.375,0.75,0.125,0.125,0.25,0.125,0.5,0,0,0,0.464,0.578,-0.15,1.349,0.613,-0.879,0.081,0.071,-0.431,-0.609,-0.511,0.569,-0.252,-1.268,1.03,0.838,0.167,-0.818,0.576
"ECU","ECUADOR",1999,9,1,1575.30234730971,-31.0292688588595,NA,NA,NA,NA,94.95655,17.5713518152118,NA,NA,0.823,NA,12470795,50.0063548474656,93.071434,49.5185544512603,7.86330811758721,8.23306097190049,228147201.538086,NA,NA,NA,NA,NA,NA,NA,71.92,68.833,75.075,NA,0.6087846159935,NA,NA,1.55598240646013,"Americas","South America",0.861,1.918,1.351,0.991,1.809,0.994,-0.422,2.07,1.013,0.125,0.25,0.75,0.5,0.375,0.75,0.125,0.125,0.25,0.125,0.5,0,0,0,0.462,0.598,-0.861,1.349,0.613,-0.879,-0.183,-0.143,-0.431,-0.609,-0.511,0.569,-0.252,-1.268,1.03,0.838,0.167,-0.818,0.608
"ECU","ECUADOR",2000,6,0,1382.23421759909,-12.2559412191787,107.411689758301,NA,93.7319717407227,94.6711730957031,95.58856,12.401175424691,57.41273,NA,1.46219,NA,12689206,50.0073290637728,93.4150924682617,46.9393808627558,16.3324950885101,16.7324376195742,254984817.504883,NA,NA,NA,NA,3.57367969,1.54,124,72.09,69.083,75.161,7.22810177396,0.642517745494843,NA,NA,1.51733948117752,"Americas","South America",0.861,1.918,1.351,0.991,1.809,1.063,-0.146,2.07,1.013,0.125,0.25,0.75,0.5,0.375,0.75,0.125,0,0.25,0,0.375,0.125,0.125,0,0.453,0.604,-0.135,1.349,0.613,-0.879,0.072,0.072,-0.431,-0.609,-0.511,-0.46,-0.252,-1.268,1.03,0.838,0.167,-0.818,0.564
"ECU","ECUADOR",2001,6,0,1791.30359685037,29.5947947202338,108.008460998535,NA,93.3218994140625,95.0135879516602,96.80904,10.4701484905882,NA,NA,2.67044,NA,12910740,50.0080746720889,93.7719116210938,52.6943573230574,9.09069290930629,9.40733648144871,288682952.880859,90.9800033569336,92.3300018310547,89.6999969482422,NA,4.06365538,1.56,103,72.571,69.536,75.667,NA,NA,NA,NA,1.66039298461832,"Americas","South America",0.861,1.918,1.351,0.991,1.809,1.063,-0.961,2.07,1.013,0.125,0.25,0.75,0.5,0.375,0.75,0.125,0,0.25,0,0.375,0.125,0.125,0,0.453,0.604,-0.135,1.349,0.613,-0.879,0.072,0.072,-0.431,-0.609,-0.511,-0.46,-0.252,-1.268,1.03,0.838,0.167,-0.818,0.564
"ECU","ECUADOR",2002,6,0,2059.1585535974,14.9530742425793,108.658729553223,NA,93.0395202636719,93.8847732543945,97.41598,9.43400389965372,57.84727,NA,4.2608,NA,13138472,50.0094607653006,94.1163940429688,54.0499206093605,8.07370405839442,8.38814722027282,372640075.683594,NA,NA,NA,NA,4.81404829,1.5,95,73.164,70.113,76.27,NA,NA,NA,NA,1.86662346180863,"Americas","South America",0.86,1.861,1.351,0.991,1.809,1.063,-0.961,2.07,1.013,0.125,0.25,0.75,0.5,0.375,0.75,0.125,0,0.25,0,0.375,0.125,0.125,0,0.455,0.605,-0.135,1.349,0.63,-0.879,0.072,0.072,-0.431,-0.609,-0.511,-0.46,-0.252,-1.268,1.03,0.838,0.167,-0.818,0.564
"ECU","ECUADOR",2003,6,1,2315.62215223014,12.4547766457659,108.234580993652,NA,92.2410583496094,93.3007583618164,97.01792,9.05012813090098,NA,NA,4.46023,NA,13372306,50.0117294662364,94.973044,56.0993066799358,8.39147653417875,8.74010782962713,298753570.556641,NA,NA,NA,NA,5.79232407,1.39,105,73.632,70.536,76.784,12.8671934838,0.659892618656158,NA,63.1531894207001,2.38654946619875,"Americas","South America",0.86,1.861,1.351,0.991,1.809,1.063,-0.961,2.07,1.013,0.125,0.25,0.75,0.5,0.375,0.75,0.125,0,0.25,0,0.375,0.125,0.125,0,0.46,0.609,-0.135,1.349,0.63,-0.879,-0.253,-0.153,-0.431,-0.609,-0.511,-0.114,-0.252,-1.268,1.03,0.838,0.167,-0.818,0.566
"ECU","ECUADOR",2004,6,1,2586.20914663347,11.6852826849463,107.823509216309,NA,92.0551223754883,92.9491806030273,NA,7.96891951563388,57.8,NA,4.83444,NA,13608701,50.0155598980388,94.7925567626953,55.5666641577838,12.2508252521177,12.5726365426945,261499328.613281,NA,NA,NA,26.3695316314697,5.88152218,1.56,93,73.868,70.711,77.094,8.37107679237,0.666730463504791,86.6453289985657,59.8655521869659,2.01733501271599,"Americas","South America",0.86,1.861,1.351,0.991,1.809,1.063,-0.77,2.07,1.013,0.125,0.25,0.75,0.5,0.375,0.75,0.125,0,0.25,0,0.375,0.125,0.125,0,0.458,0.614,-0.135,1.349,0.63,-0.83,-0.253,-0.153,-0.431,-0.609,-0.511,-0.306,-0.252,-1.268,1.03,0.838,0.167,-0.818,0.566
"ECU","ECUADOR",2005,6,1,2909.02606014388,12.4822431291231,107.851249694824,NA,96.2303085327148,97.226188659668,95.95781,7.72632554619423,NA,NA,5.99426,NA,13846163,50.0206483211738,95.83265,54.4341944825683,16.5366396462506,16.8498380565704,335390441.894531,NA,NA,NA,NA,5.85904884,1.54,62,73.909,70.764,77.131,8.36565560534,0.663323819637299,NA,NA,2.36848865849083,"Americas","South America",0.86,1.861,1.351,0.991,1.809,1.063,-1.058,2.07,1.013,0.3,0.3,0.8,0.6,0.3,0.6,0.1,0,0.2,0,0.4,0.1,0.1,0.1,0.459,0.623,0.193,1.349,0.63,-0.733,-0.712,-0.513,-0.431,-0.609,-0.511,0,-0.252,-1.268,1.03,0.838,0.167,-0.818,0.551
"ECU","ECUADOR",2006,7,1,3243.67010359339,11.5036454308339,108.028701782227,NA,96.6895599365234,96.75,95.93721,7.71967865189029,57.8,NA,7.2,NA,14086131,50.0262421242568,96.315259,52.4424149459359,17.9868791091883,18.3894115217757,273841247.558594,NA,NA,NA,NA,5.93617773,1.42,60,74.01,70.878,77.222,6.65864649159,0.662994921207428,NA,NA,2.07919490158198,"Americas","South America",0.861,1.749,1.429,1.223,2.065,1.65,-1.255,2.07,1.013,0.3,0.3,0.8,0.6,0.3,0.6,0.1,0,0.2,0,0.4,0.1,0.1,0.1,0.461,0.615,0.145,1.295,-0.011,-0.65,-0.699,-0.405,-0.487,-0.609,-0.346,0.174,-0.252,-1.227,1.03,0.68,0.125,-0.818,0.559
"ECU","ECUADOR",2007,5,1,3478.92488770671,7.25273460617036,109.574661254883,NA,96.4784164428711,97.455192565918,96.72017,7.64839421670263,NA,NA,10.8,NA,14328773,50.0319462106071,96.812618,51.9074780749157,16.5138217754915,16.9001920320212,258927856.445313,92.0999984741211,93.3899993896484,90.870002746582,NA,5.55722475,1.43,60,74.226,71.109,77.415,5.35475563412,0.662618160247803,NA,NA,2.62795079870115,"Americas","South America",0.838,1.824,0.948,1.548,1.662,1.732,-1.263,1.923,1.013,0.091,0.182,0.637,0.455,0.364,0.637,0.091,0,0.273,0.091,0.364,0.091,0.091,0,0.409,0.651,1.068,0.944,-0.011,-0.655,-0.587,-0.372,-0.515,-0.609,-0.458,0.16,-0.397,-0.943,1.03,-0.14,-0.586,-0.861,0.556
"ECU","ECUADOR",2008,5,1,4194.75750661981,20.5762596784598,107.735610961914,NA,NA,NA,94.52771,7.3493757008365,NA,NA,18.8,NA,14575202,50.0377010212277,97.206576,50.1895274209096,18.654574856841,18.9618727793611,265403839.111328,92.3899993896484,93.75,91.120002746582,NA,5.52174902,1.62,56,74.709,71.553,77.916,6.3405063729,0.66306209564209,NA,NA,2.6922066648737,"Americas","South America",0.777,1.473,0.49,1.57,1.662,1.732,-1.657,1.923,1.013,0.158,0.249,0.704,0.522,0.478,0.727,0.067,0,0.249,0.229,0.502,0.115,0.138,0,0.351,0.708,1.128,0.735,-0.018,-0.619,-0.587,-0.319,-0.863,-0.609,-0.881,-0.559,-0.842,-0.943,1.03,-0.337,-0.76,-0.861,0.558
"ECU","ECUADOR",2009,5,1,4053.36331139298,-3.37073585311412,112.422248840332,NA,96.3305969238281,97.3557205200195,92.34961,8.61225542007853,NA,NA,24.6,NA,14825954,50.0432417367543,96.470862,54.7057842337508,8.82457083402611,9.26408283902812,252409774.780273,92.25,93.6600036621094,90.9199981689453,NA,6.03388453,1.51,51,74.901,71.781,78.071,6.97547173471,0.664505183696747,NA,NA,3.24319951406484,"Americas","South America",0.607,0.645,-0.148,0.605,1.503,1.732,-1.597,1.923,1.013,0.091,0.182,0.636,0.455,0.545,0.727,0,0,0.182,0.364,0.636,0.182,0.273,0,0.332,0.71,1.128,0.677,-0.025,-0.619,-0.587,-0.319,-0.863,-0.609,-0.881,-0.562,-0.842,-0.902,1.03,-0.377,-0.886,-0.861,0.552
"ECU","ECUADOR",2010,5,1,4520.30959039763,11.5199710248569,108.529831519835,NA,101.381585923417,102.589243586678,92.62287,8.33021025899583,NA,NA,29.03,NA,15076695,50.0479780217083,97.462142,53.5584229032423,11.1941478463167,11.7907315375663,182455978.393555,91.8499984741211,93.3199996948242,90.4700012207031,NA,6.34925699,1.58,49,75.188,72.152,78.261,5.30399272144,0.663569629192352,NA,NA,3.07257396611835,"Americas","South America",0.508,0.192,-0.339,0.108,1.174,1.732,-1.543,1.923,0.974,0.091,0.182,0.636,0.455,0.545,0.727,0,0,0.273,0.273,0.636,0.182,0.273,0,0.311,0.726,1.038,0.677,-0.025,-0.619,-0.675,-0.319,-0.863,-0.609,-0.848,-1.026,-0.842,-0.932,1.03,-0.377,-0.909,-0.861,0.572
"ECU","ECUADOR",2011,5,1,5153.6916424375,14.0119175329351,108.222664680389,NA,104.349037675559,106.147254003842,91.98807,7.90853917487421,NA,NA,31.3668,NA,15326227,50.051235702042,96.872699,51.5008663236349,16.0118572281981,16.5773760059007,197122192.382813,91.5899963378906,93.0500030517578,90.2200012207031,NA,6.60509682,1.6,50,75.179,72.276,78.127,4.60766228147,0.663796126842499,NA,NA,3.10647440690889,"Americas","South America",0.487,0.037,-0.339,0.108,1.092,1.732,-1.613,1.923,0.974,0.091,0.182,0.636,0.455,0.545,0.727,0,0,0.273,0.273,0.636,0.182,0.273,0,0.311,0.726,1.038,0.677,-0.025,-0.619,-0.675,-0.319,-0.863,-0.609,-0.848,-1.026,-0.842,-0.932,1.03,-0.377,-0.909,-0.861,0.572
"ECU","ECUADOR",2012,5,1,5634.08393191094,9.32132387428271,105.657930195512,NA,104.581230584104,106.038176115064,91.67788,6.99944108995073,NA,NA,35.1351,NA,15572194,50.0523978796823,97.194929,51.742214810209,13.9638597674194,14.5265186334151,168182815.551758,92.0599975585938,93.25,90.9499969482422,NA,6.87859821,1.49,51,75.486,72.738,78.257,4.7052256865,0.663755238056183,NA,NA,2.95181465866835,"Americas","South America",0.488,0.037,-0.287,0.108,1.092,1.732,-1.653,1.923,0.974,0.091,0.182,0.636,0.455,0.545,0.727,0,0,0.273,0.273,0.636,0.182,0.273,0,0.307,0.732,0.939,0.677,-0.025,-0.619,-0.675,-0.319,-0.863,-0.609,-0.848,-1.026,-0.842,-0.932,1.03,-0.605,-1.028,-0.861,0.577
"ECU","ECUADOR",2013,5,1,6109.29031510341,8.43449243808641,104.495253899633,NA,103.579826432658,104.817721455205,91.50564,6.96320880489033,NA,NA,40.2791,14.1232339115654,15807128,50.0515653444446,98.034674,52.0189015811005,12.2978605117168,12.8813253368088,161456665.039063,93.2900009155273,94.4300003051758,92.2200012207031,NA,6.77866411,1.5,47,75.832,73.245,78.422,3.55938003121,0.675436198711395,NA,NA,2.83298697009902,"Americas","South America",0.361,-0.531,-0.792,-0.408,0.983,1.558,-1.653,1.923,0.612,0.091,0.182,0.636,0.455,0.545,0.727,0,0,0.273,0.273,0.636,0.182,0.273,0,0.268,0.755,0.939,0.677,-0.04,-0.731,-0.76,-0.419,-0.863,-0.609,-1.139,-1.194,-0.842,-0.932,1.03,-0.864,-1.18,-0.861,0.57
"ECU","ECUADOR",2014,5,1,6405.79979300441,4.85341934345416,105.59687272731,NA,105.224237211192,106.416025457755,91.35484,7.40439967003185,NA,NA,45.5904,14.0206757263498,16035124,50.0492356654055,98.976067,52.8341973543552,11.0826381316277,11.5903571785583,175262237.548828,94.2200012207031,95.2600021362305,93.25,NA,6.76601839,1.54,44,76.141,73.658,78.618,4.04721431133,0.677865922451019,NA,NA,2.71279094772759,"Americas","South America",0.347,-0.62,-0.792,-0.408,0.983,1.558,-2.051,1.923,0.612,0.091,0.182,0.636,0.455,0.545,0.727,0,0,0.273,0.273,0.636,0.182,0.273,0,0.265,0.768,0.939,0.677,-0.04,-0.731,-0.76,-0.419,-0.863,-0.609,-1.139,-1.515,-1.04,-0.971,1.03,-0.864,-1.18,-0.861,0.569
"ECU","ECUADOR",2015,5,1,5976.1596805651,-6.70704871089646,101.055189173942,NA,98.8332859781219,99.7470759512412,91.6503,8.02049629728797,NA,NA,48.9404,16.3890534817574,16266225,50.0462030987522,98.825883,57.6066295867738,4.19483660505841,4.63202397853143,373322509.765625,94.4599990844727,95.7300033569336,93.2600021362305,NA,7.76786041,1.52,42,76.222,73.816,78.621,NA,0.679910063743591,NA,NA,2.6720726618256,"Americas","South America",0.318,-0.707,-0.83,-0.408,0.983,1.558,-1.911,1.923,0.612,0.091,0.182,0.636,0.455,0.545,0.727,0,0,0.273,0.273,0.636,0.182,0.273,0,0.263,0.764,0.939,0.676,-0.04,-0.731,-0.76,-0.419,-0.863,-0.609,-1.139,-1.515,-1.04,-1.061,1.03,-0.864,-1.086,-0.861,0.569
"ECU","ECUADOR",2016,5,1,5917.63771271481,-0.979257097841739,98.960813930118,NA,96.2388843857791,97.2339399037569,91.66046,8.07212585894998,NA,NA,54.0629,14.5417706423945,16505139,50.0432077548696,99.9368133544922,58.567451344755,3.26158550456448,3.75806780861528,278007934.570313,94.3499984741211,95.4499969482422,93.3099975585938,NA,7.58817482,1.38,42,76.094,73.751,78.436,NA,0.679980933666229,NA,NA,2.57311675623471,"Americas","South America",0.331,-0.707,-0.772,-0.408,0.983,1.558,-2.057,1.923,0.672,0.091,0.182,0.636,0.455,0.545,0.727,0,0,0.273,0.273,0.636,0.182,0.273,0,0.268,0.767,0.939,0.676,-0.04,-0.731,-0.76,-0.419,-0.863,-0.609,-1.139,-1.515,-1.04,-1.061,1.03,-0.864,-0.993,-0.861,0.569
"ECU","ECUADOR",2017,5,1,6233.32244797718,5.33464112857197,98.1861872199016,NA,98.1744012996792,99.7396642352093,91.64154,7.90222040951574,NA,NA,55.8,13.6893043161774,16759519,50.0408245582212,NA,58.0552249529581,4.51289936555742,4.98372023451617,234850357.055664,92.8300018310547,93.7799987792969,92.0899963378906,NA,7.52484131,1.4,44,76.22,73.862,78.589,NA,0.682484209537506,NA,NA,2.35738419773924,"Americas","South America",0.443,-0.267,-0.201,-0.311,1.106,1.569,-1.957,2.425,0.605,0.273,0.273,0.636,0.636,0.455,0.818,0,0,0.273,0.182,0.545,0.182,0.182,0,0.342,0.622,1.277,0.709,0.121,-0.297,0.399,0.104,-0.531,-0.609,-0.837,-1.118,-0.588,-0.899,1.03,0.722,0.006,-1.055,0.552
"ECU","ECUADOR",2018,5,1,6303.91886658338,1.13256484315375,98.8828234359272,NA,97.7218845255709,99.0626848939682,90.94167,7.64505994805811,NA,NA,57.5,14.2925485667842,17049547,50.041851551833,NA,58.7476436434848,6.75910009874679,7.0964207852671,432316314.697266,NA,NA,NA,NA,7.83364677,1.4,45,77.248,74.618,79.877,NA,0.680898010730743,NA,NA,2.37199911152844,"Americas","South America",0.781,1.4,0.937,-0.011,1.425,1.569,-1.395,2.425,0.605,0.455,0.364,0.636,0.727,0.273,0.818,0,0,0.182,0.091,0.364,0.091,0.091,0.091,0.46,0.499,0.56,1.279,0.121,-0.41,0.252,0.735,0.036,-0.609,-0.171,0.02,0.652,-1.173,1.03,1.042,0.36,-0.851,0.576
"ECU","ECUADOR",2019,NA,1,6205.05765246766,-1.56825010296018,98.3159782205083,NA,95.1813536232056,96.3903734978079,NA,7.78676459859086,NA,NA,59.2,13.400889588379,17340021,50.047012627781,NA,59.4371120144712,5.52629823993135,5.82070104913459,557664794.921875,NA,NA,NA,NA,7.80878448,1.39,46,77.286,74.61,79.975,NA,0.680402338504791,NA,NA,2.18038189769994,"Americas","South America",0.659,0.958,-0.049,-0.011,1.425,1.11,-0.722,2.425,0.605,0.4,0.3,0.6,0.7,0.2,0.8,0,0,0.2,0,0.3,0.1,0.1,0.1,0.45,0.479,1.132,1.342,0.121,-0.41,0.252,0.735,0.036,-0.471,-0.336,0.238,0.712,-1.202,1.03,1.244,0.36,-0.851,0.549
"ECU","ECUADOR",2020,NA,1,5463.64515348598,-11.9485191033935,98.1163823787708,NA,94.9904178532409,95.7806250508566,NA,8.38574905899645,NA,NA,70.7,12.9414345871949,17546065,50.0742702138628,NA,61.3211703446141,2.56275988674609,2.92430668533391,373099609.375,93.629997253418,94.8099975585938,92.4899978637695,NA,8.60608387,1.32,38,72.004,68.607,75.876,NA,0.679625630378723,NA,NA,2.45792351121034,"Americas","South America",0.722,1.043,0.63,0.242,1.486,1.63,-0.854,2.425,0.486,0.455,0.364,0.545,0.727,0.182,0.727,0.091,0.091,0.091,0.091,0.182,0,0,0.091,0.473,0.444,1.132,1.451,0.121,-0.545,0.252,0.735,0.036,-0.471,-0.033,0.238,0.991,-1.085,1.03,1.567,0.78,-0.851,0.549
"SLV","EL SALVADOR",1960,0,0,NA,NA,NA,NA,NA,NA,NA,NA,NA,NA,NA,NA,2791459,50.5720127001686,NA,NA,NA,NA,10903036.1175537,NA,NA,NA,NA,NA,2.18347549438477,NA,48.292,46.31,50.351,NA,NA,NA,NA,NA,"Americas","Central America",0.454,-0.023,-0.257,-0.928,0.654,-1.13,0.104,-0.335,0.882,0.5,0.5,0.5,0.5,0.25,1,0,0.25,0,0.045,0,0,0,0,0.065,0.909,-2.224,-1.996,-2.001,-2.523,-2.055,-1.934,-0.017,-0.995,0.325,-0.606,-0.575,NA,NA,-2.572,-2.708,-0.573,0.874
"SLV","EL SALVADOR",1961,-3,0,NA,NA,NA,NA,NA,NA,NA,NA,NA,NA,NA,NA,2870016,50.5618435576666,NA,NA,NA,NA,66085365.2954102,NA,NA,NA,NA,NA,NA,NA,48.633,46.615,50.726,NA,NA,NA,NA,NA,"Americas","Central America",0.454,-0.023,-0.257,-0.928,0.654,-1.13,0.104,-0.335,0.882,0.5,0.5,0.5,0.5,0.25,1,0,0.25,0,0.017,0,0,0,0.233,0.051,0.91,-2.224,-1.996,-2.021,-2.523,-2.055,-1.934,-0.017,-0.995,0.325,-0.606,-0.575,NA,NA,-2.572,-2.708,-0.573,0.873
"SLV","EL SALVADOR",1962,-3,0,NA,NA,NA,NA,NA,NA,NA,NA,NA,NA,NA,NA,2949204,50.5227173162657,NA,NA,NA,NA,50667888.6413574,NA,NA,NA,NA,NA,NA,NA,49.001,46.944,51.131,NA,NA,NA,NA,NA,"Americas","Central America",0.488,0.201,-0.257,-0.755,0.654,0.133,0.86,-0.335,0.882,0.5,0.5,0.5,0.5,0.25,1,0,0.25,0,0,0,0,0,0.25,0.061,0.904,-2.224,-1.996,-2.021,-2.523,-2.055,-1.934,-0.017,-0.995,0.325,-0.606,-0.575,-2.371,1.288,-2.572,-2.708,-0.573,0.879
"SLV","EL SALVADOR",1963,-3,0,NA,NA,NA,NA,NA,NA,NA,NA,NA,NA,NA,NA,3028679,50.4532010335863,NA,NA,NA,NA,90146301.2695313,NA,NA,NA,NA,NA,NA,NA,49.38,47.294,51.547,NA,NA,NA,NA,NA,"Americas","Central America",0.51,0.201,-0.05,-0.755,0.654,0.133,0.86,-0.335,0.882,0.5,0.5,0.5,0.5,0.25,1,0,0.25,0,0,0,0,0,0.25,0.067,0.904,-2.224,-1.996,-2.021,-2.523,-2.055,-1.934,-0.017,-0.995,0.325,-0.606,-0.575,-2.371,1.288,-2.572,-2.708,-0.573,0.879
"SLV","EL SALVADOR",1964,-3,0,NA,NA,NA,NA,NA,NA,NA,NA,NA,NA,NA,NA,3111883,50.3798344538771,NA,NA,NA,NA,95595664.9780273,NA,NA,NA,NA,NA,NA,NA,49.75,47.635,51.954,NA,NA,NA,NA,NA,"Americas","Central America",0.51,0.201,-0.05,-0.755,0.654,0.133,0.86,-0.335,0.882,0.5,0.5,0.5,0.5,0.25,1,0,0.25,0,0,0,0,0,0.25,0.068,0.905,-2.224,-1.996,-2.024,-2.523,-2.055,-1.934,-0.017,-0.995,0.325,-0.606,-0.575,-2.371,1.288,-2.572,-2.708,-0.573,0.876
"SLV","EL SALVADOR",1965,-3,0,274.333279365994,NA,NA,NA,NA,NA,NA,41.3753816706922,NA,NA,NA,NA,3199466,50.3037849741848,NA,35.4828419085813,NA,NA,107932586.669922,NA,NA,NA,NA,NA,NA,NA,50.208,48.073,52.435,NA,NA,NA,NA,0.738683896695399,"Americas","Central America",0.51,0.201,-0.05,-0.755,0.654,0.133,0.86,-0.335,0.882,0.5,0.5,0.5,0.5,0.25,1,0,0.25,0,0,0,0,0,0.25,0.068,0.905,-2.224,-1.996,-2.024,-2.523,-2.055,-1.934,-0.017,-0.995,0.325,-0.606,-0.575,-2.371,1.288,-2.572,-2.708,-0.573,0.876
"SLV","EL SALVADOR",1966,-3,0,282.44637356687,2.95738607420363,NA,NA,NA,NA,NA,38.6866339616146,NA,NA,NA,NA,3290961,50.227289301602,NA,36.4704363542474,NA,NA,151545394.897461,NA,NA,NA,NA,NA,NA,NA,50.672,48.554,52.88,NA,NA,NA,NA,0.709079835684082,"Americas","Central America",0.51,0.201,-0.05,-0.755,0.654,0.133,0.86,-0.335,0.882,0.5,0.5,0.5,0.5,0.25,1,0,0.25,0,0,0,0,0,0.25,0.067,0.901,-1.696,-1.996,-1.434,-2.523,-2.055,-1.934,-0.017,-0.995,0.325,-0.606,-0.575,-2.371,1.288,-2.572,-2.708,-0.573,0.823
"SLV","EL SALVADOR",1967,-3,0,288.374280393621,2.09877250392366,NA,NA,NA,NA,NA,38.5044048350748,NA,NA,NA,NA,3385184,50.1533151521453,NA,36.8449088301577,NA,NA,102325363.15918,NA,NA,NA,NA,NA,NA,NA,50.844,48.696,53.091,NA,NA,NA,NA,0.694253982686142,"Americas","Central America",0.51,0.201,-0.05,-0.755,0.654,0.133,0.86,-0.335,0.882,0.5,0.5,0.5,0.5,0.25,1,0,0.25,0,0,0,0,0,0.25,0.067,0.901,-1.696,-1.996,-1.434,-2.523,-2.055,-1.934,-0.017,-0.995,0.325,-0.606,-0.575,-2.371,1.288,-2.572,-2.708,-0.573,0.812
"SLV","EL SALVADOR",1968,-3,0,290.096510171735,0.597220312353525,NA,NA,NA,NA,NA,37.3989920972318,NA,NA,NA,NA,3480773,50.0854982745207,NA,37.9733760523911,NA,NA,73451370.2392578,NA,NA,NA,NA,NA,NA,NA,50.837,48.579,53.216,NA,NA,NA,NA,0.655571183199067,"Americas","Central America",0.51,0.201,-0.05,-0.755,0.654,0.133,0.957,-0.335,0.882,0.5,0.5,0.5,0.5,0.25,1,0,0.25,0,0,0,0,0,0.25,0.065,0.898,-1.696,-1.996,-1.435,-2.523,-2.055,-1.934,-0.017,-0.995,0.325,-0.606,-0.575,-2.371,1.288,-2.572,-2.708,-0.573,0.821
"SLV","EL SALVADOR",1969,-3,0,293.416580804896,1.14447106971246,NA,NA,NA,NA,NA,36.2492853058891,NA,NA,NA,NA,3576485,50.0269678189619,NA,38.7307032590051,NA,NA,82446678.1616211,NA,NA,NA,NA,NA,NA,NA,51.279,48.971,53.717,NA,NA,NA,NA,0.71546150132435,"Americas","Central America",0.51,0.201,-0.05,-0.755,0.654,0.133,0.957,-0.335,0.882,0.5,0.5,0.5,0.5,0.25,1,0,0.25,0,0,0,0,0,0.25,0.065,0.898,-1.696,-1.996,-1.435,-2.523,-2.055,-1.934,-0.017,-0.995,0.325,-0.606,-0.575,-2.371,1.288,-2.572,-2.708,-0.573,0.824
"SLV","EL SALVADOR",1970,-3,0,308.798853901934,5.24246893438728,83.2878799438477,NA,NA,NA,64.90084,40.4406312890584,NA,NA,NA,NA,3668796,50.0130833112552,NA,35.2964022172792,NA,0.665403519489661,88297843.9331055,NA,NA,NA,NA,NA,1.90240001678467,NA,51.364,48.923,53.966,NA,NA,NA,NA,0.629834058383193,"Americas","Central America",0.465,0.055,-0.464,-1.093,0.93,0.27,1.559,-1.713,1.027,0.5,0.5,0.5,0.5,0.25,1,0,0.25,0,0,0,0,0,0.25,0.064,0.899,-1.696,-1.996,-1.434,-2.523,-2.055,-1.934,-0.017,-0.995,0.325,-0.606,-0.575,-2.371,1.288,-2.572,-2.708,-0.573,0.827
"SLV","EL SALVADOR",1971,-3,0,315.665399785976,2.22363062468573,84.0971984863281,NA,43.0119895935059,38.974048614502,NA,39.1967085960948,NA,NA,NA,NA,3757523,50.0397735423043,NA,35.9963578727279,0,0.560225235097351,64328376.7700195,NA,NA,NA,NA,NA,NA,NA,51.665,49.044,54.474,NA,NA,NA,NA,0.718020405177658,"Americas","Central America",0.465,0.055,-0.464,-1.093,0.93,0.27,1.559,-1.713,1.027,0.5,0.5,0.5,0.5,0.25,1,0,0.25,0,0,0,0,0,0.25,0.064,0.901,-1.696,-1.996,-1.434,-2.523,-2.055,-1.934,-0.017,-1.127,0.325,-0.606,-0.575,-2.371,1.288,-2.572,-2.708,-0.573,0.828
"SLV","EL SALVADOR",1972,-3,0,328.509448039035,4.06888061275244,82.2074127197266,NA,45.3619003295898,43.1120681762695,NA,38.0590637166461,NA,NA,NA,NA,3846830,50.0727741873766,NA,36.3593201025544,0,0.597484203276049,90833091.7358398,NA,NA,NA,NA,NA,NA,NA,51.956,49.008,55.153,NA,NA,NA,NA,0.881572824648191,"Americas","Central America",0.37,-0.466,-0.729,-1.754,0.93,0.27,2.017,-1.713,1.027,0.5,0.5,0.5,0.5,0.25,1,0,0.25,0,0,0,0,0,0.25,0.061,0.898,-1.696,-1.996,-1.441,-2.523,-2.055,-2.492,-0.017,-1.127,0.325,-0.606,-0.575,-2.371,1.288,-2.572,-1.573,-0.834,0.837
"SLV","EL SALVADOR",1973,-3,0,366.250658952563,11.4886226678763,86.4270477294922,NA,50.6241989135742,48.5010795593262,NA,39.8275001386655,NA,NA,NA,NA,3938068,50.1086065552956,NA,35.8949470297853,0,0.905902565675756,64659080.5053711,NA,NA,NA,NA,NA,NA,NA,52.782,49.834,55.96,NA,NA,NA,NA,0.864970611800008,"Americas","Central America",0.315,-0.466,-1.286,-2.312,0.721,0.27,2.017,-1.948,0.934,0.5,0.5,0.5,0.5,0.25,1,0,0.25,0,0,0,0,0,0.25,0.055,0.91,-1.696,-1.996,-1.441,-2.523,-2.055,-2.492,-0.017,-1.127,0.325,-0.606,-0.575,-2.371,1.288,-2.572,-2.669,-1.175,0.847
"SLV","EL SALVADOR",1974,-3,0,413.403476363207,12.874466231814,87.7840805053711,NA,51.2781181335449,50.2205810546875,NA,37.2896006915264,NA,NA,NA,NA,4029671,50.1466868767483,NA,37.5777366917185,0,0.859785461148193,44805339.8132324,NA,NA,NA,NA,NA,NA,NA,52.891,49.581,56.52,NA,NA,NA,NA,0.801397476690848,"Americas","Central America",0.315,-0.466,-1.286,-2.312,0.721,0.27,2.017,-2.104,0.934,0.5,0.5,0.5,0.5,0.25,1,0,0.25,0,0,0,0,0,0.25,0.055,0.911,-1.696,-1.996,-1.446,-2.523,-2.055,-2.492,-0.017,-1.127,0.325,-0.606,-0.575,-2.371,1.288,-2.572,-2.669,-1.175,0.86
"SLV","EL SALVADOR",1975,-3,0,457.260871327372,10.6088597391554,89.7077865600586,NA,NA,NA,NA,35.333209385113,NA,NA,NA,NA,4120449,50.1853681929732,NA,38.1504342531031,0,1.0649069816702,70639541.6259766,NA,NA,NA,NA,NA,1.98500001430511,NA,53.422,50.207,56.9,NA,NA,NA,NA,0.830737938354675,"Americas","Central America",0.315,-0.466,-1.286,-2.312,0.721,0.27,2.017,-2.104,0.934,0.5,0.5,0.5,0.5,0.25,1,0,0.25,0,0,0,0,0,0.25,0.055,0.911,-1.696,-1.996,-1.446,-2.523,-2.055,-2.492,-0.017,-1.127,0.325,-0.606,-0.575,-2.371,1.288,-2.572,-2.669,-1.175,0.863
"SLV","EL SALVADOR",1976,-3,0,552.994933864727,20.9364213166657,92.0364303588867,NA,48.2293510437012,47.6858787536621,NA,39.3337597138763,NA,NA,NA,NA,4210310,50.2231783937949,NA,36.6691275675981,0,0.719383907483744,68354820.2514648,NA,NA,NA,NA,NA,NA,NA,54.375,50.782,58.279,NA,NA,NA,NA,0.881847195617408,"Americas","Central America",0.315,-0.466,-1.286,-2.312,0.721,0.27,2.017,-2.104,0.934,0.5,0.5,0.5,0.5,0.25,1,0,0.25,0,0,0,0,0,0.25,0.054,0.913,-1.696,-1.996,-2.026,-2.523,-2.055,-2.492,-0.017,-1.127,0.325,-0.606,-0.575,-2.371,1.288,-2.572,-2.669,-1.175,0.888
"SLV","EL SALVADOR",1977,-6,0,683.90258566335,23.6724866326977,94.0528411865234,NA,48.6633796691895,48.1966209411621,NA,43.0059442009918,NA,NA,NA,NA,4301256,50.2688982008976,NA,34.0898262843235,0,0.979926992373096,88037719.7265625,NA,NA,NA,NA,NA,NA,NA,54.047,49.953,58.619,NA,NA,NA,NA,0.971842225565606,"Americas","Central America",0.315,-0.466,-1.286,-2.312,0.721,0.27,2.017,-2.597,0.934,0.5,0.5,0.5,0.5,0.25,1,0,0.25,0,0,0,0,0,0.25,0.055,0.912,-1.875,-1.996,-1.439,-2.523,-2.055,-2.492,-0.017,-1.127,0.325,-0.606,-0.575,-2.371,1.288,-2.572,-2.669,-1.175,0.868
"SLV","EL SALVADOR",1978,-6,0,711.852264187957,4.08679234594459,97.5089416503906,NA,NA,NA,NA,37.0362792363074,NA,NA,NA,NA,4394114,50.3171970504179,NA,37.939100883643,0,0.946397844613884,94640548.7060547,NA,NA,NA,NA,NA,NA,NA,54.709,50.588,59.255,NA,NA,NA,NA,1.11852601258792,"Americas","Central America",0.307,-0.466,-1.481,-2.312,0.721,0.27,2.017,-2.597,0.934,0.5,0.5,0.5,0.5,0.25,1,0,0.25,0,0,0,0,0,0.25,0.054,0.911,-1.875,-1.996,-1.43,-2.523,-2.055,-2.492,-0.017,-1.127,0.325,-0.606,-0.575,-2.371,1.288,-2.572,-2.669,-1.175,0.864
"SLV","EL SALVADOR",1979,0,0,773.066953129952,8.59935298679221,101.178237915039,NA,NA,NA,NA,38.9024245851885,NA,NA,NA,NA,4480388,50.3715303228203,NA,37.4438462843669,0,1.0138434976764,101941833.496094,NA,NA,NA,NA,NA,NA,NA,53.805,49.146,59.11,NA,NA,NA,NA,1.57765362430514,"Americas","Central America",0.307,-0.466,-1.481,-2.312,0.721,1.199,3.045,-3.071,0.934,0.5,0.5,0.5,0.5,0.25,1,0,0.25,0,0,0,0,0,0.25,0.052,0.904,-1.875,-1.996,-1.43,-1.96,-1.838,-2.492,-0.017,-1.127,0.325,-0.606,-0.499,NA,NA,-2.572,-2.669,-1.175,0.864
"SLV","EL SALVADOR",1980,0,0,787.149605473724,1.82166011452888,93.5497970581055,NA,NA,NA,NA,37.957893707761,NA,NA,NA,NA,4540382,50.5033388167205,NA,40.0967005813356,0,1.23033029538047,237876296.99707,NA,NA,NA,NA,NA,NA,NA,48.589,41.046,58.944,NA,NA,NA,NA,1.7363364875446,"Americas","Central America",0.28,-0.371,-2.153,-2.312,0.804,1.199,4.027,-3.071,0.833,0.25,0.5,0.5,0.5,0,1,0,0.25,0,0,0,0,0,0.25,0.042,0.887,-1.875,-1.996,NA,-1.96,-1.239,-1.999,-0.017,-1.127,0.325,-0.606,-0.499,NA,NA,-2.572,-2.669,-0.895,0.837
"SLV","EL SALVADOR",1981,0,0,752.024012607538,-4.46237825972696,78.6088409423828,NA,44.5580902099609,46.2789001464844,NA,34.3896232753623,NA,NA,NA,NA,4570599,50.6737957103653,NA,43.1316162497605,0,1.16699839530315,330489196.777344,NA,NA,NA,NA,NA,NA,NA,50.889,44.089,59.435,NA,NA,NA,NA,2.27954641554224,"Americas","Central America",0.28,-0.371,-2.153,-2.312,0.804,1.199,4.027,-3.071,0.833,0.25,0.5,0.5,0.5,0,1,0,0.25,0,0,0,0,0,0.25,0.042,0.887,-1.875,-1.996,NA,-1.96,-1.239,-1.999,-0.017,-1.127,0.325,-0.606,-0.499,NA,NA,-2.572,-2.669,-0.895,0.837
"SLV","EL SALVADOR",1982,0,0,735.360954743528,-2.2157614098296,89.7648162841797,NA,48.4502410888672,49.8307800292969,NA,32.5935147297336,NA,NA,NA,NA,4622477,50.7872078108772,NA,45.2469914074507,0,2.41779685409581,501147155.761719,NA,NA,NA,NA,NA,NA,NA,53.342,47.589,60.04,NA,NA,NA,NA,2.7763365312517,"Americas","Central America",0.28,-0.371,-2.153,-2.312,0.804,1.199,4.027,-3.071,0.833,0.25,0.5,0.5,0.5,0,1,0,0.25,0,0,0,0,0,0.25,0.047,0.867,-1.875,-1.77,-1.991,-1.96,-1.239,-1.999,-0.017,-1.127,0.325,-0.606,-0.499,NA,NA,-0.807,-2.669,-0.895,0.871
"SLV","EL SALVADOR",1983,0,0,744.863912246485,1.29228475371953,93.2743606567383,NA,51.8512191772461,53.3047981262207,NA,31.1805349144201,NA,NA,NA,NA,4707367,50.8640922060905,NA,46.4709376519922,0,0.837906222885134,646698974.609375,NA,NA,NA,NA,NA,NA,NA,54.373,48.948,60.541,NA,NA,NA,NA,3.55144989362715,"Americas","Central America",0.281,-0.371,-1.97,-2.312,0.804,1.199,4.027,-2.972,0.833,0.25,0.5,0.5,0.5,0,1,0,0.25,0,0,0,0,0,0.25,0.048,0.868,-1.875,-1.74,NA,-1.96,-1.239,-1.999,-0.017,-1.127,0.325,-0.606,-0.499,NA,NA,-0.807,-2.669,-0.895,0.882
"SLV","EL SALVADOR",1984,6,1,763.168218110743,2.45740269642717,95.4615631103516,NA,48.7556686401367,51.2900390625,NA,28.9421253623402,NA,NA,NA,NA,4798003,50.921039440784,NA,48.4952549420302,0,0.479037840519068,598455688.476563,NA,NA,NA,NA,NA,NA,NA,56.571,51.588,62.075,NA,NA,NA,NA,6.44328243706815,"Americas","Central America",0.281,-0.371,-1.97,-2.312,0.804,1.199,4.027,-2.972,1.212,0.25,0.5,0.5,0.5,0,1,0,0.25,0,0,0,0,0,0.25,0.051,0.854,-1.875,-0.864,-1.993,-1.96,-1.557,-1.689,-0.017,-1.127,0.325,-0.606,-0.499,NA,NA,-0.807,-2.669,-0.718,0.855
"SLV","EL SALVADOR",1985,6,1,776.424283705702,1.7369782022337,NA,NA,NA,NA,NA,26.911807975679,NA,NA,NA,NA,4894706,50.95765730519,NA,49.7312786975453,0,0.299327904544524,812659301.757813,NA,NA,NA,NA,NA,NA,NA,58.031,53.369,63.048,NA,NA,NA,NA,6.58971611464278,"Americas","Central America",0.281,-0.371,-1.97,-1.054,0.804,1.199,4.027,-2.972,1.212,0.25,0.5,0.5,0.5,0,1,0,0.25,0,0,0,0,0,0.25,0.069,0.855,-1.695,-0.864,-2.281,-1.96,-1.557,-1.689,-0.017,-1.127,0.325,-0.606,-0.499,-2.095,1.296,-0.807,-2.669,-0.718,0.88
"SLV","EL SALVADOR",1986,6,1,755.425135831439,-2.70459699869751,NA,NA,NA,NA,NA,27.4289151799132,NA,NA,NA,NA,4992769,50.9804879817192,NA,49.8783162823234,0,0.308831582836903,779267944.335938,NA,NA,NA,NA,NA,NA,NA,59.329,54.91,63.982,NA,NA,NA,NA,4.32995671803931,"Americas","Central America",0.281,-0.371,-1.97,-1.054,0.804,1.199,4.027,-2.972,1.212,0.25,0.5,0.5,0.5,0,1,0,0.25,0,0,0,0,0,0.25,0.079,0.856,-1.695,-0.864,-2.281,-1.96,-1.557,-1.689,-0.017,-1.127,0.325,-0.606,-0.499,-2.095,1.296,-0.807,-2.669,-0.718,0.883
"SLV","EL SALVADOR",1987,6,1,777.239402479086,2.8876808055424,103.919700622559,NA,61.4562606811523,63.9432487487793,NA,20.7535951200969,NA,NA,NA,NA,5092441,51.0024660074675,NA,53.6610036195135,0,0.304132434269338,948148803.710938,NA,NA,NA,NA,NA,NA,NA,59.402,54.607,64.534,NA,NA,NA,NA,4.46916395124473,"Americas","Central America",0.281,-0.371,-1.97,-1.054,0.804,1.199,4.027,-2.972,1.212,0.25,0.5,0.5,0.5,0,1,0,0.25,0,0,0,0,0,0.25,0.079,0.856,-1.695,-0.864,-2.281,-1.96,-1.557,-1.689,-0.017,-1.127,0.325,-0.606,-0.499,-2.095,1.296,-0.807,-2.669,-0.718,0.883
"SLV","EL SALVADOR",1988,6,1,806.392353256927,3.75083284311817,104.021438598633,NA,64.564208984375,67.3326416015625,NA,20.9751949936514,NA,NA,NA,NA,5195833,51.0302296148143,NA,53.6452404364803,0,0.314971553798585,854709594.726563,NA,NA,NA,NA,NA,NA,NA,59.977,55.126,65.163,NA,NA,NA,NA,4.27132388506901,"Americas","Central America",0.281,-0.371,-1.97,-0.537,0.804,1.199,4.027,-2.972,1.501,0.25,0.5,0.5,0.5,0,1,0,0.25,0,0,0,0,0,0.25,0.079,0.857,-1.695,-0.864,-2.274,-1.96,-1.557,-1.689,-0.017,-1.127,0.325,-0.606,-0.499,-2.095,1.296,-0.807,-2.669,-0.718,0.884
"SLV","EL SALVADOR",1989,6,1,825.105232536306,2.32056755049819,99.3336334228516,NA,61.7312507629395,64.4025268554688,NA,18.3100269559004,NA,NA,NA,NA,5298979,51.0596571640796,NA,55.1746365280777,0,0.333174467121873,799613281.25,NA,NA,NA,NA,NA,NA,NA,61.254,56.201,66.622,NA,NA,NA,NA,4.87234584982692,"Americas","Central America",0.293,-0.371,-1.849,-0.537,0.804,1.199,4.027,-2.972,1.501,0.25,0.5,0.75,0.5,0,1,0,0.25,0,0,0,0,0,0.25,0.081,0.844,-1.695,-0.864,-2.274,-1.96,-1.251,-1.419,-0.017,-1.127,0.325,-0.606,-0.499,-2.095,1.296,-0.807,-2.669,-0.718,0.884
"SLV","EL SALVADOR",1990,6,1,892.18271519703,8.12956699529506,NA,NA,NA,NA,NA,16.0136771684004,NA,NA,0,NA,5399726,51.08688848286,72.4634628295898,54.6599796430138,0,0.835429774031668,638155456.542969,NA,NA,NA,NA,NA,1.4710999727,NA,61.981,57.076,67.148,NA,NA,NA,NA,3.41366598744942,"Americas","Central America",0.293,-0.371,-1.849,-0.537,0.804,1.199,4.027,-2.673,1.501,0.25,0.5,0.75,0.5,0,0.75,0,0.25,0,0,0,0,0,0.25,0.086,0.845,-1.695,-0.811,-2.274,-1.96,-1.251,-1.419,-0.017,-1.127,0.325,-0.606,-0.499,-2.095,1.296,-0.807,-2.669,-0.718,0.884
"SLV","EL SALVADOR",1991,6,1,955.826897421092,7.13353679016375,92.8091506958008,NA,62.5575408935547,64.3377380371094,NA,15.7923919811473,NA,NA,NA,NA,5495077,51.1142791993634,69.60788,54.6797044305413,0,1.10154936595353,502688751.220703,NA,NA,NA,NA,NA,NA,NA,62.542,57.447,67.915,NA,0.476915240287781,NA,NA,2.73257745456787,"Americas","Central America",0.328,-0.371,-1.469,-0.118,0.804,1.199,4.027,-2.48,1.501,0.25,0.5,1,0.75,0,0.75,0,0.25,0,0,0,0,0,0.25,0.088,0.843,-1.695,-0.78,-1.969,-1.96,-1.251,-1.419,-0.017,-1.127,0.325,-0.606,-0.58,-2.095,1.296,-0.807,-2.669,-0.718,0.869
"SLV","EL SALVADOR",1992,6,1,1040.78164082019,8.88808879811958,93.6843719482422,NA,61.7108993530273,63.9009094238281,NA,12.9650323520698,NA,NA,NA,NA,5585609,51.1422836793624,74.5978393554687,54.9328204584192,0,0.781151128746524,645338745.117188,74.1399993896484,77.370002746582,71.2799987792969,NA,NA,NA,NA,62.944,57.915,68.215,NA,NA,NA,NA,2.25357678228633,"Americas","Central America",0.437,0.042,-0.789,0.475,0.804,1.199,2.297,-2.146,1.698,0.25,0.5,1,0.75,0,0.75,0,0.25,0,0,0,0,0,0.25,0.139,0.758,-1.141,-0.393,-1.969,-1.09,-0.737,-0.083,-0.017,-1.127,0.325,-0.606,-0.58,-2.095,1.296,-0.807,-1.223,-0.455,0.83
"SLV","EL SALVADOR",1993,6,1,1180.26854267621,13.4021293598239,93.1254501342773,NA,62.6714897155762,64.4263381958008,NA,12.7288103898567,NA,NA,NA,NA,5659957,51.1980568050252,75.6617050170899,53.5005939580998,0,0.559922378466846,598818969.726563,NA,NA,NA,NA,NA,1.5,NA,63.998,59.038,69.099,NA,NA,NA,NA,1.67872879014223,"Americas","Central America",0.768,1.434,0.754,0.213,1.361,1.691,-0.915,1.301,1.247,0.25,0.5,1,0.75,0,0.5,0,0.25,0,0,0,0,0,0,0.205,0.71,-0.74,-0.393,-1.969,-1.09,-0.737,0.197,-0.017,-0.742,0.325,-0.412,-0.362,-2.095,2.273,-0.696,-1.223,0.462,0.727
"SLV","EL SALVADOR",1994,7,1,1343.9290572544,13.8663794433677,NA,NA,NA,NA,NA,12.4617820908552,NA,NA,NA,NA,5714129,51.2832404174355,76.7194595336914,53.6698763859185,0,0.567410530010439,450997894.287109,NA,NA,NA,NA,NA,NA,NA,64.47,59.478,69.606,NA,NA,NA,NA,1.35222117942445,"Americas","Central America",0.785,1.434,0.975,0.213,1.361,1.691,-1.446,1.301,1.247,0.25,0.5,1,0.75,0,0.5,0,0.25,0,0,0,0,0,0,0.258,0.644,-0.358,1.082,-1.276,-1.09,-0.603,0.197,0.302,-0.742,0.325,-0.45,-0.362,-1.43,2.273,-0.491,-1.223,1.012,0.59
"SLV","EL SALVADOR",1995,7,1,1548.3763038362,15.2126517004907,95.1163864135742,NA,64.7300109863281,65.9715423583984,NA,11.528879161366,NA,NA,NA,NA,5762131,51.3680789277439,76.995504,54.3069516742595,0,0.77923195419577,395007873.535156,NA,NA,NA,NA,NA,NA,NA,64.903,59.879,70.073,NA,0.546826839447021,NA,NA,1.17505832785871,"Americas","Central America",0.781,1.434,0.975,0.213,1.07,1.691,-1.446,1.92,1.247,0.25,0.5,1,0.75,0,0.5,0,0.25,0,0,0,0,0,0,0.272,0.605,0.346,0.812,-1.276,-1.09,-0.603,0.197,0.302,-0.742,0.325,-0.45,-0.362,-1.43,2.273,-0.491,0.032,1.012,0.532
"SLV","EL SALVADOR",1996,7,1,1651.31016800895,6.64785839964904,102.783920288086,NA,71.7701873779297,70.3640518188477,NA,10.850327901368,NA,NA,0.0864,NA,5805286,51.4519353568455,77.883,55.2780878200305,0,0.509551084760622,364485443.115234,NA,NA,NA,NA,NA,1.6499999762,NA,65.48,60.502,70.573,NA,0.548004388809204,NA,NA,1.07440915279515,"Americas","Central America",0.793,1.434,1.213,0.213,1.341,1.691,-1.446,1.92,1.247,0.25,0.5,1,0.75,0,0.5,0,0.25,0,0,0,0,0,0,0.274,0.609,0.346,0.801,-1.276,-1.09,-0.603,0.197,0.302,-0.742,0.325,-0.45,-0.362,-1.43,2.273,-0.491,0.032,1.012,0.532
"SLV","EL SALVADOR",1997,7,1,1748.92111971129,5.91112158051042,72.7097320556641,NA,NA,NA,NA,10.9145568353713,NA,NA,0.257,NA,5844578,51.5327539473338,79.8254241943359,56.2270061008114,0,0.820568279143213,382027679.443359,NA,NA,NA,NA,NA,NA,NA,66.248,61.389,71.17,NA,NA,NA,NA,1.00776620629422,"Americas","Central America",0.817,1.434,1.643,0.213,1.341,1.691,-1.446,1.92,1.247,0.25,0.5,1,0.75,0,0.5,0,0.25,0,0,0,0,0,0,0.278,0.61,0.346,0.801,-1.274,-1.09,-0.603,0.197,0.302,-0.742,0.325,-0.45,-0.362,-1.43,2.273,-0.491,0.032,1.012,0.533
"SLV","EL SALVADOR",1998,7,1,1859.73085887742,6.33589119127467,105.382110595703,NA,78.1366195678711,76.318603515625,81.41189,9.46818464366379,NA,NA,0.425,9.87978982523739,5880781,51.6090464854923,81.637983,56.9109816508222,0,0.653989579847932,274893463.134766,NA,NA,NA,NA,NA,NA,NA,66.655,61.99,71.333,NA,0.578324735164642,NA,NA,0.922942907935975,"Americas","Central America",0.817,1.434,1.643,0.213,1.341,1.691,-1.446,1.92,1.247,0.25,0.5,1,0.75,0,0.5,0,0.25,0,0,0,0,0,0,0.288,0.593,0.346,0.801,-1.274,-1.09,-0.603,0.197,0.302,-0.742,0.325,-0.45,0.077,-1.43,2.273,-0.491,0.032,1.012,0.533
"SLV","EL SALVADOR",1999,7,1,1908.0804545224,2.5998168183414,106.646896362305,NA,NA,NA,NA,7.93373157168383,NA,NA,0.845,10.4317569074698,5913900,51.6826541397971,79.129592,57.8837856162915,0,0.5553467617329,281771179.199219,NA,NA,NA,NA,NA,NA,NA,67.285,62.569,72.006,NA,0.578712522983551,NA,NA,0.920549239593538,"Americas","Central America",0.817,1.434,1.643,0.213,1.341,1.691,-1.446,1.92,1.247,0.25,0.5,1,0.75,0,0.5,0,0.25,0,0,0,0,0,0,0.297,0.6,0.346,0.801,-1.289,-1.09,-0.603,0.197,0.302,-0.742,0.325,-0.45,0.077,-1.43,2.273,-0.491,0.032,0.705,0.56
"SLV","EL SALVADOR",2000,7,1,1982.87093542615,3.91967124480977,107.374649047852,NA,89.1666717529297,83.0002365112305,89.19182,7.17278477660919,1.9036,NA,1.1774,10.6054956959982,5943366,51.7568327442732,84.519249,58.5739401693572,0,0.497077305664038,271900573.730469,NA,NA,NA,NA,7.84342813,NA,58,67.711,63.003,72.407,NA,0.58419942855835,NA,NA,0.840331038102095,"Americas","Central America",0.817,1.434,1.643,0.213,1.341,1.691,-1.446,1.92,1.247,0.25,0.5,1,0.75,0,0.5,0,0.25,0,0,0,0,0,0,0.317,0.581,0.346,0.801,-1.23,-1.09,-0.603,0.683,0.494,-0.742,0.325,-0.45,0.077,-1.43,2.273,-0.491,0.032,0.705,0.552
"SLV","EL SALVADOR",2001,7,1,2058.04459070452,3.79115220942073,109.26634979248,NA,86.6031036376953,84.3405685424805,89.5926,6.68649259791156,NA,NA,1.5,13.3067008259599,5968060,51.8324882792733,87.063829,58.4264243331685,0,0.485786941180763,400242797.851563,NA,NA,NA,NA,7.88604879,NA,53,67.965,63.382,72.505,NA,0.587664783000946,NA,NA,1.09067003863398,"Americas","Central America",0.817,1.434,1.643,0.213,1.341,1.691,-1.446,1.92,1.247,0.25,0.5,1,0.75,0,0.5,0,0.25,0,0,0,0,0,0,0.328,0.58,0.346,0.801,-1.23,-1.09,-0.603,0.683,0.494,-0.742,0.325,-0.45,0.077,-1.43,2.273,-0.491,0.032,0.705,0.551
"SLV","EL SALVADOR",2002,7,1,2115.41187355626,2.78746549568695,111.444900512695,NA,86.2345275878906,85.073371887207,91.13224,5.82298419820808,49.5,NA,1.9,12.0994707415286,5986631,51.9101812020818,87.54906,59.1072948422135,0.0139375107962022,0.470738093792746,393467437.744141,NA,NA,NA,NA,7.88565731,NA,52,68.526,63.831,73.168,NA,0.589633285999298,NA,NA,1.13023872990524,"Americas","Central America",0.817,1.434,1.643,0.213,1.341,1.691,-1.446,1.92,1.247,0.25,0.5,1,0.75,0,0.5,0,0.25,0,0,0,0,0,0,0.333,0.58,0.346,0.801,-1.23,-1.09,-0.603,0.683,0.494,-0.742,0.325,-0.45,0.077,-1.43,2.273,-0.491,0.032,0.705,0.551
"SLV","EL SALVADOR",2003,7,1,2207.83089518069,4.36884290854727,114.588432312012,NA,86.6289825439453,86.1100769042969,93.11135,5.48839713449193,NA,NA,2.5,12.6782970945656,5998599,51.9921735058469,86.961151,59.225718403235,0.0195408780039438,0.464556781953447,299845733.642578,NA,NA,NA,NA,7.77182293,NA,43,68.792,64.115,73.391,NA,0.591841101646423,NA,NA,0.841381284888912,"Americas","Central America",0.817,1.434,1.643,0.213,1.341,1.691,-1.446,1.92,1.247,0.25,0.5,1,0.75,0,0.5,0,0.25,0,0,0,0,0,0,0.337,0.567,0.346,0.801,-0.955,-1.09,-0.603,0.683,0.494,-0.742,0.325,0.134,0.077,-1.43,2.273,-0.491,0.032,0.705,0.537
"SLV","EL SALVADOR",2004,7,1,2285.68907438892,3.5264557343672,117.880020141602,NA,NA,NA,NA,5.72792591262587,49.5,NA,3.2,12.6544548602852,6004671,52.0789232249361,87.357045,60.4952014311542,0.0217385679327602,0.452387405870909,332350372.314453,NA,NA,NA,NA,8.1302166,NA,41,69.295,64.603,73.881,4.53112861809,0.596715927124023,NA,NA,0.810214431044768,"Americas","Central America",0.817,1.434,1.643,0.305,1.341,1.691,-1.446,1.92,1.247,0.25,0.5,1,0.75,0,0.5,0,0.25,0,0,0,0,0,0,0.335,0.566,0.346,0.801,-0.954,-1.093,-0.603,0.683,0.494,-0.742,0.325,0.134,0.077,-1.43,2.273,-0.491,0.032,0.705,0.537
"SLV","EL SALVADOR",2005,7,1,2447.39140845394,7.07455514736848,117.893600463867,NA,89.5382537841797,90.5886688232422,94.36592,6.17165600762008,NA,NA,4.2,14.5108177983399,6005578,52.1700745823424,87.525839,60.5376922030208,0.135195934882048,0.546622489459469,271700347.900391,NA,NA,NA,NA,9.20057869,NA,50,69.336,64.53,74.024,5.15854007339,0.598974943161011,NA,NA,0.90420465369438,"Americas","Central America",0.817,1.434,1.643,0.305,1.341,1.691,-1.417,1.92,1.247,0.429,0.571,0.715,0.715,0.143,0.572,0,0.143,0,0,0,0,0,0,0.336,0.564,0.346,0.801,-0.954,-1.093,-0.872,0.683,0.494,-0.742,0.325,0.134,0.077,-1.047,2.273,-0.501,0.032,0.705,0.538
"SLV","EL SALVADOR",2006,7,1,2665.61807194853,8.9167046489081,116.765838623047,NA,88.5247421264648,89.6529006958008,94.78403,6.04616656739515,46.49143,NA,5.5,15.6701077319907,6002319,52.265507337163,89.201467,60.2821644398805,0.56647035112419,1.10993470507458,206112258.911133,83.5599975585938,86.6999969482422,81,NA,8.69338894,NA,44,69.612,64.754,74.328,3.88318738873,0.599064707756042,NA,NA,0.888131105901353,"Americas","Central America",0.817,1.434,1.643,0.305,1.341,1.691,-1.417,1.92,1.247,0.429,0.571,0.857,0.857,0.143,0.714,0,0.286,0,0,0.143,0.143,0.143,0,0.348,0.564,0.346,0.801,-0.881,-1.093,-0.872,0.683,0.494,-0.742,0.476,0.134,0.077,-1.047,2.273,-0.501,0.032,0.705,0.524
"SLV","EL SALVADOR",2007,7,1,2830.65693770733,6.19139206383602,121.694122314453,NA,90.6952819824219,94.3304977416992,94.15772,6.99310770496862,NA,NA,6.11,16.744896909489,6009824,52.3196931691023,91.109558,59.4189898158626,0.458911583353226,1.02476871768865,134474319.458008,82.0299987792969,84.8600006103516,79.6600036621094,NA,8.47836304,NA,43,69.82,64.954,74.51,3.82320652488,0.626505196094513,NA,NA,0.973444824900437,"Americas","Central America",0.817,1.434,1.643,0.305,1.341,1.691,-1.417,1.92,1.247,0.429,0.571,0.857,0.857,0.143,0.714,0,0.286,0,0,0.143,0.143,0.143,0,0.35,0.565,0.346,0.801,-0.881,-1.093,-0.872,0.683,0.494,-0.742,0.476,0.134,0.077,-1.047,2.273,-0.501,0.032,0.705,0.521
"SLV","EL SALVADOR",2008,7,1,2983.24829577976,5.39066942516956,113.391387939453,NA,91.536491394043,94.6415710449219,94.4002,7.09010840673402,40.48857,NA,10.08,17.0602032925092,6029297,52.3295422881875,91.000227,58.7199343521865,0.577913009476031,1.1698028573412,247732025.146484,83.9499969482422,87.0500030517578,81.3600006103516,21.3999748229981,8.49585915,NA,43,70.138,65.382,74.688,3.82326273766,0.648429930210114,87.8869235515594,86.1098110675812,0.961811831487238,"Americas","Central America",0.817,1.434,1.643,0.305,1.341,1.691,-1.417,1.92,1.247,0.429,0.571,0.857,0.857,0.143,0.714,0,0.286,0,0,0.143,0.143,0.143,0,0.355,0.536,0.346,0.801,-0.881,-0.878,-0.872,0.683,0.494,-0.742,0.476,0.752,0.077,-1.047,2.273,-0.501,0.032,0.705,0.521
"SLV","EL SALVADOR",2009,8,1,2910.18651752011,-2.44906796269712,111.723289489746,NA,94.4480514526367,97.5936508178711,94.37584,6.66859073198944,NA,NA,12.11,14.9770305233268,6048279,52.3362596202986,91.08402,60.9827390887884,0.138481519538933,0.715439137322185,324097473.144531,84.0999984741211,86.8300018310547,81.8199996948242,NA,8.83749676,NA,40,70.359,65.727,74.763,5.0304229172,0.631517112255096,NA,NA,1.07887821146881,"Americas","Central America",0.834,1.569,1.762,0.706,1.288,1.657,-1.8,1.92,1.535,0.143,0.286,0.857,0.571,0,0.429,0,0.285,0,0.286,0.142,0.429,0.285,0,0.399,0.492,0.564,0.801,-0.815,-0.58,-0.641,0.791,0.494,-0.742,0.476,0.918,0.125,-1.047,2.273,-0.19,0.616,0.73,0.492
"SLV","EL SALVADOR",2010,8,1,3040.07300952878,4.46316726528413,111.703523728467,NA,98.1227446402038,98.2264760790214,94.46109,6.98170850697531,34.48571,NA,15.9,15.8120807115382,6068249,52.3396782168958,91.580238,59.5027515297118,0,1.02874215933074,353405151.367188,84.4899978637695,87.0999984741211,82.3099975585938,NA,8.90416241,NA,39,70.909,66.381,75.186,5.24795641273,NA,NA,NA,1.08955372746629,"Americas","Central America",0.874,1.841,2.1,0.831,1.335,1.709,-1.881,2.058,1.535,0.143,0.143,0.857,0.571,0,0.428,0,0.143,0,0.571,0,0.429,0.143,0,0.427,0.459,0.593,0.982,-0.815,-0.58,-0.641,0.791,0.494,-0.742,0.317,1.287,0.565,-0.647,2.273,-0.104,0.723,0.684,0.51
"SLV","EL SALVADOR",2011,8,1,3330.60049486653,9.55659566158849,110.558314695839,NA,98.5773601980251,99.9383874310359,94.08134,7.33019190703113,NA,NA,18.9,15.3440335085472,6090127,52.3408296739953,92.574686,57.8388249133051,0.000375231029418766,0.832361782908174,353122924.804688,85.4899978637695,88.3899993896484,83.0199966430664,NA,8.87645435,1.05,43,71.192,66.747,75.372,4.7232626504,NA,NA,NA,1.08806149544119,"Americas","Central America",0.874,1.841,2.1,0.831,1.335,1.709,-1.881,2.058,1.535,0.143,0.143,0.857,0.571,0,0.286,0,0.143,0,0.571,0,0.429,0.143,0,0.427,0.459,0.593,0.982,-0.815,-0.58,-0.641,0.791,0.494,-0.742,0.317,1.287,0.565,-0.647,2.273,-0.104,0.723,0.684,0.51
"SLV","EL SALVADOR",2012,8,1,3497.91256915509,5.02348073707545,109.439958408779,NA,96.5710182626131,98.3332145148642,93.22315,6.5143562539307,28.48286,NA,20.3214,16.1824358287957,6113975,52.3410220028705,93.680571,58.3439749557541,0.000341986807496248,0.771015636279707,273067871.09375,85.468783873428,88.5394780297151,82.887464205326,NA,8.60625362,1.09,46,71.42,66.978,75.585,4.18877982608,0.625739812850952,NA,NA,1.04880962679117,"Americas","Central America",0.874,1.841,2.1,0.831,1.335,1.709,-1.881,2.058,1.535,0.143,0.143,0.857,0.571,0,0.286,0,0.143,0,0.571,0,0.429,0.143,0,0.438,0.451,0.593,0.982,-0.879,-0.58,-0.641,0.791,0.494,-0.742,0.647,1.287,0.565,-0.647,2.273,-0.104,0.723,0.811,0.506
"SLV","EL SALVADOR",2013,8,1,3582.26694005169,2.4115631602815,107.756009020989,NA,94.6234306701859,96.6880499073066,90.57777,5.61330655869503,NA,NA,23.1093,17.0547352184716,6138839,52.3446123371842,95.043105,59.546422711878,0.000303211604748274,0.938918673106463,184091232.299805,86.7699966430664,89.2399978637695,84.6699981689453,NA,9.05235958,1.09,48,71.225,66.524,75.662,3.98997908756,NA,NA,NA,1.07998923193894,"Americas","Central America",0.858,1.841,1.705,0.624,1.335,1.709,-1.637,2.058,0.462,0.143,0.143,0.857,0.571,0,0.286,0,0.143,0,0.571,0,0.429,0.143,0,0.439,0.414,0.593,1.025,-0.879,-0.013,-0.132,1.042,0.471,-0.742,0.151,1.105,1.064,-0.524,2.273,0.008,0.861,0.811,0.511
"SLV","EL SALVADOR",2014,8,1,3666.01248913873,2.33778080998708,106.234750251213,NA,93.5388064699288,95.8976960083614,88.23495,5.86687215376832,22.48,NA,24.7617,16.7087952005602,6162955,52.3539762987074,95.125416,59.4191153461598,0.000268957154654745,1.0550593254644,110354286.193848,87.4125334516516,89.6631378851437,85.5328919936255,17.3643398284912,8.5989418,1.38,48,71.144,66.309,75.721,4.61715405912,0.623185038566589,97.7823317050934,91.9399201869965,1.03525487674093,"Americas","Central America",0.858,1.841,1.705,0.366,1.335,1.558,-1.637,2.058,0.462,0.143,0.143,0.857,0.571,0,0.286,0,0.143,0,0.571,0,0.429,0.143,0,0.47,0.399,0.593,1.025,-0.606,0.228,0.079,1.042,0.471,-0.742,0.151,1.105,1.064,-0.524,2.273,0.008,0.861,0.811,0.474
"SLV","EL SALVADOR",2015,8,1,3790.34089108162,3.39137966145061,104.056527416248,NA,93.5229577724507,93.017363197817,85.79246,5.52976674016479,NA,NA,26.8026,16.7526849114951,6183676,52.3687366543784,95.4,60.0130385216637,0,0.850742982932215,109419670.10498,87.9700012207031,90.0100021362305,86.2200012207031,NA,8.75833225,1.04,53,70.952,65.986,75.666,NA,0.623543858528137,NA,NA,1.05682005889035,"Americas","Central America",0.858,1.841,1.705,0.366,1.335,1.558,-1.637,2.058,0.462,0.143,0.143,0.857,0.429,0,0.286,0,0.143,0,0.571,0,0.571,0.143,0,0.465,0.396,0.593,1.025,-0.753,0.345,0.079,1.042,0.471,-0.742,0.151,1.105,1.064,-0.524,2.273,0.008,0.861,0.811,0.485
"SLV","EL SALVADOR",2016,8,1,3901.34014965811,2.92847693033792,101.843930228579,NA,92.4123917495847,92.6875010655891,84.4549,5.73215390739613,16.47714,NA,28.9971,17.3547756209534,6200800,52.3896110179332,98.618896484375,60.3324813787362,0,1.0221138126124,157691726.68457,88.1399993896484,90.3000030517578,86.3300018310547,NA,8.71456337,1.08,65,70.908,65.792,75.774,NA,0.617382287979126,NA,NA,1.02350295230491,"Americas","Central America",0.858,1.841,1.705,0.366,1.335,1.558,-1.637,2.058,0.462,0.143,0.143,0.857,0.429,0,0.286,0,0.143,0,0.571,0,0.571,0.143,0,0.469,0.401,0.593,1.025,-0.753,0.345,0.079,0.713,0.471,-0.742,0.151,1.105,1.064,-0.524,2.273,0.064,1.153,0.811,0.488
"SLV","EL SALVADOR",2017,8,1,4020.12671373919,3.04476306921071,98.3138463687883,NA,91.0443037974683,92.8222664856956,80.23355,5.39300914080881,NA,NA,33.8207,17.7537510663877,6213533,52.4147695039199,NA,60.1160806255127,0.000106394703334763,0.88816041131789,179880706.787109,88.4800033569336,90.629997253418,86.6699981689453,NA,8.42286873,1.07,77,71.007,65.932,75.811,NA,0.601600766181946,NA,NA,1.04446940079198,"Americas","Central America",0.858,1.841,1.705,0.366,1.335,1.777,-1.309,2.058,0.462,0.143,0.143,0.857,0.429,0,0.286,0,0.143,0,0.571,0,0.571,0.143,0,0.469,0.411,0.593,1.149,-0.753,0.205,-0.2,0.713,0.471,-0.742,0.151,1.105,0.83,-0.517,2.273,0.064,1.256,0.811,0.488
"SLV","EL SALVADOR",2018,8,1,4183.54620971358,4.06503345817153,96.8014948340295,NA,89.5492224429677,89.8217951279769,80.99537,5.13276852985202,16.5,NA,43.8,18.128923536318,6219807,52.4400110099862,NA,60.111372226503,0.00016205248904761,0.663649690465912,287033355.712891,89.0100021362305,91.0999984741211,87.2300033569336,NA,8.322752,1.08,76,71.384,66.504,75.944,NA,0.616621077060699,NA,NA,1.13220727885334,"Americas","Central America",0.899,2.152,2.037,0.692,1.335,1.777,-1.483,2.058,0.704,0.143,0.143,0.857,0.429,0,0.286,0,0.143,0,0.571,0,0.571,0.143,0,0.432,0.45,0.815,0.87,-0.37,-0.361,-0.7,1.015,0.232,-0.705,0.151,0.916,0.83,-0.517,2.273,0.18,0.806,0.811,0.428
"SLV","EL SALVADOR",2019,NA,1,4320.11671534627,3.26446748252939,91.6274097482467,NA,NA,NA,NA,5.1464335217926,NA,NA,50.4912,18.0814504146774,6222318,52.4609884067302,NA,59.9656859790917,0.0001255650591976,0.562349124959244,350627532.958984,89.1399993896484,91.3099975585938,87.3199996948242,NA,8.80846119,1.07,63,71.725,67.1,75.979,NA,0.616625785827637,NA,NA,1.18000962074512,"Americas","Central America",0.775,1.329,1.002,-0.875,1.335,1.777,-1.479,1.359,0.186,0.333,0.167,0.833,0.5,0.167,0.667,0.167,0.333,0.167,0.167,0.333,0.333,0.167,0,0.393,0.437,0.996,0.691,0.186,-0.198,-0.173,0.695,-0.023,-0.144,0.151,0.734,0.509,-0.517,2.273,0.618,0.593,0.917,0.364
"SLV","EL SALVADOR",2020,NA,1,3997.19279583709,-7.47488877701066,90.6579425663395,NA,81.1610957527017,83.766373586937,NA,5.35480047301112,16.5,NA,54.6014,18.3907750793602,6234673,52.4775557595402,NA,61.4622335450273,6.48310040641576e-05,0.764177304476048,373298614.501953,89.9800033569336,91.7300033569336,88.5400009155273,NA,8.95105076,1.09,42,70.244,65.467,74.716,NA,NA,NA,NA,1.37995002386364,"Americas","Central America",0.702,1.003,0.623,-1.427,1.335,1.573,-1.479,0.838,0.186,0.167,0.167,0.667,0.667,0.167,1,0.333,0.167,0.333,0.333,0.667,0.167,0.333,0,0.314,0.532,0.562,0.436,0.186,-0.774,-0.52,-0.189,-0.388,-0.523,-0.281,0.734,0.509,-0.517,2.273,0.507,0.277,0.766,0.383
"GTM","GUATEMALA",1960,-5,1,256.813115286608,NA,NA,NA,NA,NA,NA,NA,NA,NA,NA,NA,4063655,48.791457146696,NA,NA,NA,NA,131846389.770508,NA,NA,NA,NA,NA,2.6310875415802,NA,45.76,45.582,45.907,NA,NA,NA,NA,1.15792223391347,"Americas","Central America",0.262,-0.642,-1.056,-0.095,-0.461,-1.355,0.235,0.463,1.347,0.4,0.8,0.2,1,0,1,0,0,0,0,0,0,0,0.2,0.078,0.8,-1.747,-1.216,-1.739,-2.054,-1.918,-0.816,-1.595,-1.035,0.723,1.495,1.523,-0.941,-1.933,-1.424,-2.088,0.442,0.762
"GTM","GUATEMALA",1961,-5,1,257.20215058952,0.151485761339639,NA,NA,NA,NA,NA,NA,NA,NA,NA,NA,4186201,48.8019444842578,NA,NA,NA,NA,121157241.821289,NA,NA,NA,NA,NA,NA,NA,46.12,45.908,46.305,NA,NA,NA,NA,1.12222106548301,"Americas","Central America",0.251,-0.642,-1.341,-0.095,-0.461,-1.355,0.235,0.463,1.347,0.4,0.8,0.2,1,0,1,0,0,0,0,0,0,0,0.2,0.078,0.8,-1.747,-1.216,-1.767,-2.054,-1.918,-0.816,-1.595,-1.035,0.723,1.495,1.523,-0.941,-1.933,-1.424,-2.088,0.442,0.763
"GTM","GUATEMALA",1962,-5,1,265.21065183936,3.11369917844161,NA,NA,NA,NA,NA,NA,NA,NA,NA,NA,4312044,48.8147152487312,NA,NA,NA,NA,77549682.6171875,NA,NA,NA,NA,NA,NA,NA,46.492,46.204,46.76,NA,NA,NA,NA,1.0453078110693,"Americas","Central America",0.25,-0.642,-1.207,-0.095,-0.461,-1.355,0.725,0.463,1.347,0.4,0.8,0.2,1,0,1,0,0,0,0,0,0,0,0.2,0.076,0.81,-1.747,-1.216,-1.767,-2.054,-1.918,-0.989,-1.595,-1.035,0.723,1.495,1.523,-0.941,-1.933,-1.424,-2.088,0.442,0.769
"GTM","GUATEMALA",1963,-5,0,284.397504292538,7.23457082892717,NA,NA,NA,NA,NA,NA,NA,NA,NA,NA,4440264,48.8319388216557,NA,NA,NA,NA,80842437.7441406,NA,NA,NA,NA,NA,NA,NA,46.622,46.149,47.092,NA,NA,NA,NA,1.17300751136389,"Americas","Central America",0.25,-0.642,-1.207,-0.774,-0.461,-1.355,1.06,0.463,1.347,0.4,0.649,0.2,1,0,1,0,0,0,0,0,0,0,0.2,0.058,0.811,-1.747,-1.216,-1.767,-1.811,-1.487,-1.346,-1.595,-1.035,0.723,1.333,1.523,-1.547,-0.061,-2.521,-2.088,0.442,0.769
"GTM","GUATEMALA",1964,-5,0,284.197970339364,-0.0701602335331007,NA,NA,NA,NA,NA,NA,NA,NA,NA,NA,4571109,48.853352654684,NA,NA,NA,NA,92582008.3618164,NA,NA,NA,NA,NA,NA,NA,47.055,46.472,47.649,NA,NA,NA,NA,1.00383425318668,"Americas","Central America",0.25,-0.642,-1.207,-1.511,-0.461,-1.355,1.06,0.463,1.072,0.4,0.6,0.2,0.8,0,1,0,0,0,0,0,0,0,0.2,0.054,0.808,-1.747,-1.216,-1.743,-1.811,-1.487,-1.346,-1.595,-1.035,0.723,1.281,1.523,NA,NA,-2.521,-2.088,0.442,0.772
"GTM","GUATEMALA",1965,-5,0,282.97764170403,-0.429393860159096,NA,NA,NA,NA,NA,28.7337636122701,NA,NA,NA,NA,4704965,48.877186360114,NA,54.2207791963932,NA,NA,109661041.259766,NA,NA,NA,NA,NA,NA,NA,47.185,46.474,47.93,NA,NA,NA,NA,1.39559048518441,"Americas","Central America",0.25,-0.642,-1.207,-1.511,-0.461,-1.612,1.06,0.463,1.072,0.4,0.6,0.2,0.8,0,1,0,0,0,0,0,0,0,0.2,0.054,0.808,-1.747,-1.216,NA,-1.811,-1.487,-1.346,-1.595,-1.035,0.723,1.281,1.523,NA,NA,-2.521,-2.088,0.442,0.774
"GTM","GUATEMALA",1966,3,1,287.277848723331,1.51962783822992,NA,NA,NA,NA,NA,28.5124829222694,NA,NA,NA,NA,4840958,48.9038533282049,NA,53.6541022506651,NA,NA,74709098.815918,NA,NA,NA,NA,NA,NA,NA,47.511,46.617,48.467,NA,NA,NA,NA,1.37345487471598,"Americas","Central America",0.301,-0.438,-1.052,-0.589,-0.212,-1.612,1.06,0.463,1.072,0.4,0.6,0.3,0.8,0,1,0,0,0,0,0.1,0,0,0.3,0.079,0.765,-1.747,-1.216,-2.071,-1.811,-1.605,-0.801,-1.595,-1.035,0.723,1.394,1.523,-0.92,-1.95,-1.4,-1.143,0.442,0.793
"GTM","GUATEMALA",1967,3,1,291.934180943356,1.62084624370374,NA,NA,NA,NA,NA,27.4131819745442,NA,NA,NA,NA,4978862,48.9327079159856,NA,54.0270037839697,NA,NA,106255638.122559,NA,NA,NA,NA,NA,NA,NA,47.727,46.759,48.77,NA,NA,NA,NA,1.45714604983797,"Americas","Central America",0.351,-0.238,-0.9,0.512,0.034,-1.612,1.341,0.463,1.072,0.4,0.6,0.4,0.8,0,1,0,0,0,0,0.2,0,0,0.4,0.089,0.782,-1.747,-1.216,-2.071,-1.811,-1.605,-0.801,-1.595,-1.035,0.723,1.505,1.523,-0.92,-1.95,-1.4,-1.143,0.442,0.797
"GTM","GUATEMALA",1968,3,1,314.666876118943,7.78692481371265,NA,NA,NA,NA,NA,27.927370381869,NA,NA,NA,NA,5118111,48.9641297415922,NA,53.4152685501397,NA,NA,111158035.27832,NA,NA,NA,NA,NA,NA,NA,47.758,46.609,49.013,NA,NA,NA,NA,1.26668736417262,"Americas","Central America",0.351,-0.238,-0.9,0.512,0.034,-1.612,1.341,0.463,1.072,0.4,0.6,0.4,0.8,0,1,0,0,0,0,0.2,0,0,0.4,0.088,0.782,-1.747,-1.216,-2.071,-1.811,-1.605,-0.801,-1.595,-1.035,0.723,1.505,1.523,-0.92,-1.95,-1.4,-1.143,0.442,0.797
"GTM","GUATEMALA",1969,3,1,326.30273339901,3.69783353862409,NA,NA,NA,NA,NA,27.2952388536341,NA,NA,NA,NA,5257081,48.9996254575495,NA,53.6411363904125,NA,NA,85436363.2202148,NA,NA,NA,NA,NA,NA,NA,47.521,46.223,48.952,NA,NA,NA,NA,1.02599976681823,"Americas","Central America",0.351,-0.238,-0.9,0.512,0.034,-1.612,0.965,0.372,1.072,0.4,0.6,0.4,0.8,0,1,0,0,0,0,0.2,0,0,0.4,0.087,0.782,-1.747,-1.216,-2.071,-1.811,-1.605,-0.801,-1.595,-1.035,0.723,1.505,1.523,-0.92,-1.95,-1.4,-1.143,0.442,0.797
"GTM","GUATEMALA",1970,1,0,352.790808761812,8.11763820881385,57.2028617858887,NA,NA,NA,45.95251,27.3163392857143,NA,NA,NA,NA,5396966,49.0369218557241,NA,54.0190756302521,NA,1.17777388780127,91179084.777832,NA,NA,NA,NA,NA,2.17109990119934,NA,48.507,47.096,50.068,NA,NA,NA,NA,1.69642857142857,"Americas","Central America",0.253,-0.666,-1.362,-0.25,-0.213,-1.612,0.965,-0.046,1.072,0.4,0.6,0.4,0.8,0,1,0,0,0,0,0.2,0,0,0.4,0.08,0.804,-1.747,-1.216,-2.039,-2.048,-1.605,-1.651,-1.595,-1.035,0.723,1.505,1.523,-0.92,-1.95,-1.4,-1.365,0.442,0.787
"GTM","GUATEMALA",1971,1,0,358.373560380293,1.58245381677452,58.7340507507324,NA,NA,NA,47.12064,27.6997027408303,NA,NA,NA,NA,5538355,49.0727481355023,NA,53.4868954050786,0,1.02507617172351,70603401.184082,NA,NA,NA,NA,NA,NA,NA,50.276,48.738,51.981,NA,NA,NA,NA,1.11850060459492,"Americas","Central America",0.173,-1.066,-1.848,-1.529,-0.457,-1.612,1.154,-0.046,1.072,0.4,0.8,0.2,0.8,0,1,0,0,0,0,0,0,0,0.2,0.078,0.804,-1.747,-1.216,-2.039,-2.048,-1.605,-1.651,-1.595,-1.035,0.723,1.406,1.523,-0.92,-1.95,-1.4,-1.365,0.442,0.785
"GTM","GUATEMALA",1972,1,0,369.762757413424,3.17802379758296,59.9686813354492,NA,NA,NA,47.8403,28.2880502546043,NA,NA,NA,NA,5682833,49.106264428323,NA,52.9484128872603,0,1.09621087342375,106627136.230469,NA,NA,NA,NA,NA,NA,NA,51.817,50.207,53.594,NA,NA,NA,NA,1.14198705748002,"Americas","Central America",0.173,-1.066,-1.848,-1.529,-0.457,-1.612,1.841,-0.046,1.072,0.4,0.8,0.2,0.8,0,1,0,0,0,0,0,0,0,0.2,0.078,0.804,-1.747,-1.216,-2.039,-2.048,-1.605,-1.651,-1.595,-1.035,0.723,1.406,1.523,-0.92,-1.95,-1.4,-1.365,0.442,0.785
"GTM","GUATEMALA",1973,1,0,440.562871690613,19.1474432883539,59.9953804016113,NA,NA,NA,NA,27.8925063096487,NA,NA,NA,NA,5831631,49.1370938936294,NA,52.9086387627028,0,1.46634857242484,95170989.9902344,NA,NA,NA,NA,NA,NA,NA,52.848,51.245,54.613,NA,NA,NA,NA,0.910753901840968,"Americas","Central America",0.184,-1.066,-1.594,-1.529,-0.457,-1.612,1.841,-0.046,1.072,0.4,0.8,0.2,1,0,1,0,0,0,0,0,0,0,0.2,0.078,0.804,-1.747,-1.216,-2.039,-2.048,-1.605,-1.651,-1.595,-1.035,0.723,1.406,1.523,-0.92,-1.95,-1.4,-1.365,0.442,0.785
"GTM","GUATEMALA",1974,-3,0,528.57311003132,19.9767715338737,61.3439407348633,NA,NA,NA,49.11799,27.8979069396776,NA,NA,NA,NA,5981197,49.1684271841284,NA,53.3778223431226,0,1.34731986020788,105330467.224121,NA,NA,NA,NA,NA,NA,NA,53.023,51.342,54.874,NA,NA,NA,NA,0.898307765301281,"Americas","Central America",0.261,-0.668,-1.414,-0.619,0.046,-1.612,1.841,-0.046,1.072,0.4,0.8,0.2,1,0,1,0,0,0,0,0,0,0,0.2,0.077,0.807,-1.747,-1.216,-2.084,-2.048,-1.605,-1.651,-1.595,-1.035,0.723,1.406,1.523,-0.92,-1.95,-1.4,-1.365,0.442,0.798
"GTM","GUATEMALA",1975,-3,0,594.88660866336,12.54575712868,62.6007881164551,NA,NA,NA,50.10291,28.0486272251022,NA,NA,NA,NA,6128731,49.201286400282,NA,53.4577278586906,0,1.62233697432701,129628814.697266,NA,NA,NA,NA,NA,2.00270009040833,NA,52.832,51.16,54.675,NA,NA,NA,NA,1.23148656061437,"Americas","Central America",0.291,-0.668,-1.236,0.276,0.542,-1.612,1.841,-0.046,1.072,0.4,0.8,0.2,1,0,1,0,0,0,0,0,0,0,0.2,0.079,0.806,-1.747,-1.216,-2.084,-2.048,-1.605,-1.651,-1.595,-1.035,0.723,1.511,1.523,-0.92,-1.95,-1.4,-1.365,0.442,0.8
"GTM","GUATEMALA",1976,-3,0,697.064609693019,17.1760465846157,62.5795211791992,NA,32.9135589599609,28.4387092590332,NA,27.2946749458376,NA,NA,NA,NA,6262404,49.2233334035939,NA,52.6024166677013,0.0165389723756444,1.08011252134776,203060440.063477,NA,NA,NA,NA,NA,NA,NA,47.617,46.766,48.527,NA,NA,NA,NA,1.27139028245481,"Americas","Central America",0.232,-1.072,-1.236,0.276,0.542,-1.612,1.841,-0.046,1.072,0.4,0.8,0.2,1,0,1,0,0,0,0,0,0,0,0.2,0.078,0.806,-1.747,-1.216,-2.084,-2.048,-1.605,-1.651,-1.595,-1.035,0.723,1.511,1.523,-0.92,-1.95,-1.4,-1.365,0.442,0.8
"GTM","GUATEMALA",1977,-3,0,856.125495292911,22.8186718114898,65.5323867797852,NA,32.8242301940918,28.7331199645996,NA,26.3051609778246,NA,NA,NA,NA,6401515,49.2459127637618,NA,52.8122506044248,0.00597350296427595,1.47193652675825,158075805.664063,NA,NA,NA,NA,NA,NA,NA,55.184,53.248,57.312,NA,NA,NA,NA,1.37213757868808,"Americas","Central America",0.231,-1.072,-1.387,-0.313,0.542,-1.612,1.841,-0.046,1.072,0.4,0.8,0.2,1,0,1,0,0,0,0,0,0,0,0.2,0.077,0.806,-1.747,-1.216,-2.084,-2.048,-1.605,-1.651,-1.595,-1.035,0.723,1.511,1.523,-0.92,-1.95,-1.4,-1.365,0.442,0.8
"GTM","GUATEMALA",1978,-5,0,925.180026499901,8.06593561185374,67.8695678710938,NA,34.3942909240723,29.8244304656982,52.317,25.8435632114268,NA,NA,NA,NA,6561534,49.2830944715062,NA,52.9598901933947,0.00254676497638478,1.42725858774424,105775169.372559,NA,NA,NA,NA,NA,NA,NA,56.412,54.049,59.04,NA,NA,NA,NA,1.18112181863108,"Americas","Central America",0.167,-1.072,-2.436,-0.313,0.542,-1.612,2.08,-0.046,1.072,0.4,0.8,0.2,1,0,1,0,0,0,0,0,0,0,0.2,0.067,0.85,-1.928,-1.216,-2.073,-2.048,-1.895,-2.13,-1.595,-1.035,0.723,1.223,1.523,-0.562,-1.95,-2.113,-2.725,0.442,0.795
"GTM","GUATEMALA",1979,-5,0,1025.98223460072,10.8954155097975,69.9090423583984,NA,NA,NA,52.81906,25.38150623297,NA,NA,NA,NA,6727797,49.328086247536,NA,53.0938007969808,0.152694654781546,1.7029550346749,124856086.730957,NA,NA,NA,NA,NA,NA,NA,56.6,53.939,59.59,NA,NA,NA,NA,1.3066782558308,"Americas","Central America",0.135,-1.072,-2.998,-0.313,0.032,-1.612,2.732,-0.046,1.072,0.4,0.8,0.2,0.8,0,1,0,0,0,0,0,0,0,0.2,0.067,0.849,-1.928,-1.216,-2.073,-2.048,-1.895,-2.13,-1.595,-1.035,0.723,1.223,1.523,-0.562,-1.95,-2.113,-2.725,0.442,0.794
"GTM","GUATEMALA",1980,-5,0,1141.80549814991,11.289012581613,72.5884628295898,NA,NA,NA,54.64924,24.8447193064846,NA,NA,NA,NA,6900212,49.3876420028834,NA,53.1683475700306,0.442451360839229,2.03203209043475,114505187.988281,NA,NA,NA,NA,NA,NA,NA,55.297,51.851,59.307,NA,NA,NA,NA,1.31685153691905,"Americas","Central America",0.118,-1.072,-2.998,-0.313,-0.454,-1.612,2.732,-0.19,1.072,0.4,0.8,0.2,0.8,0,1,0,0,0,0,0,0,0,0.2,0.066,0.849,-1.928,-1.216,-2.073,-2.048,-1.895,-2.13,-1.595,-1.035,0.723,1.223,1.523,-0.562,-1.95,-2.113,-2.725,0.442,0.794
"GTM","GUATEMALA",1981,-5,0,1216.49639722044,6.54147306100323,77.1082763671875,NA,NA,NA,57.53732,24.9856116763656,NA,NA,NA,NA,7075648,49.4673138064528,NA,53.2678900981276,0.332623176356026,1.45860601548353,106736869.812012,NA,NA,NA,NA,NA,NA,NA,54.709,50.608,59.589,NA,NA,NA,NA,1.88944910430075,"Americas","Central America",0.118,-1.072,-2.998,-0.313,-0.454,-1.612,2.732,-0.19,1.072,0.4,0.8,0.2,0.8,0,1,0,0,0,0,0,0,0,0.2,0.066,0.845,-1.58,-1.216,-2.073,-1.797,-1.895,-2.13,-1.595,-1.035,0.723,1.223,1.523,-0.562,-1.95,-2.113,-2.725,0.442,0.79
"GTM","GUATEMALA",1982,-7,0,1203.96540667638,-1.03008858659112,72.8297882080078,NA,NA,NA,54.64903,25.1242959203039,NA,NA,NA,NA,7240241,49.6058901906718,NA,53.6393743365621,0.30063700799593,2.70138156763866,119103172.302246,NA,NA,NA,NA,NA,NA,NA,48.863,43.576,55.642,NA,NA,NA,NA,2.02571867758735,"Americas","Central America",0.095,-1.336,-2.972,-1.538,-0.937,-1.612,2.732,-0.19,1.072,0.4,0.8,0.2,0.8,0,1,0,0,0,0,0,0,0,0.2,0.05,0.831,-1.58,-1.216,-2.062,-1.797,-1.786,-2.925,-1.595,-0.502,0.723,1.155,1.262,-1.554,-0.067,-1.71,-1.46,0.442,0.792
"GTM","GUATEMALA",1983,-7,0,1219.73545354345,1.30984219144668,77.7159423828125,NA,NA,NA,58.17684,25.3419060622362,NA,NA,NA,NA,7419642,49.7273925443583,NA,54.1539081036947,0.439487304550723,1.25892751340259,150605850.219727,NA,NA,NA,NA,NA,NA,NA,57.913,55.342,60.731,NA,NA,NA,NA,2.03593409871932,"Americas","Central America",0.068,-1.336,-3.076,-1.538,-2.413,-1.612,1.779,-0.19,1.072,0.4,0.8,0.279,0.8,0.079,1,0,0,0,0,0,0,0,0.2,0.048,0.764,-1.58,-1.216,NA,-1.137,-1.321,-1.886,-1.595,-0.502,0.723,1.136,1.262,NA,NA,-1.71,-1.46,1.019,0.539
"GTM","GUATEMALA",1984,-6,0,1241.04242582773,1.7468519277997,79.3707275390625,NA,NA,NA,NA,25.626271112711,NA,NA,NA,NA,7630682,49.776435477663,NA,54.6174661603224,0.276994054035415,0.766150246038011,128434631.347656,NA,NA,NA,NA,NA,NA,NA,59.074,56.735,61.61,NA,NA,NA,NA,2.19084928671742,"Americas","Central America",0.212,-0.559,-1.155,-1,-2.09,-1.336,1.133,0.79,1.112,0.4,0.8,0.4,0.8,0.2,1,0,0,0,0,0,0,0,0.2,0.054,0.744,-1.58,-0.389,-1.035,-1.137,-1.38,-1.632,-1.595,-1.023,0.723,1.136,1.262,NA,NA,-1.14,-1.46,1.019,0.584
"GTM","GUATEMALA",1985,-1,0,1238.47545209176,-0.20684012750475,79.6341400146484,NA,NA,NA,NA,25.8514989029553,NA,NA,NA,NA,7849693,49.8168909280911,NA,54.478881335959,0.159299912244961,0.469496882263527,195906585.693359,NA,NA,NA,NA,NA,NA,NA,59.788,57.352,62.428,NA,NA,NA,NA,2.00737043596487,"Americas","Central America",0.456,0.488,-0.401,0.938,-0.855,0.296,0.53,1.011,1.112,0.4,0.8,0.4,0.8,0.2,1,0,0,0,0,0,0,0,0.2,0.066,0.697,-1.58,0.84,-1.106,-1.137,-1.38,-1.632,-0.985,-1.023,0.878,1.201,1.35,NA,NA,-1.14,-1.46,1.019,0.631
"GTM","GUATEMALA",1986,3,1,896.063263473632,-27.6478785299943,78.8795471191406,NA,NA,NA,NA,25.6105030584007,NA,NA,NA,NA,8070818,49.8590415319787,NA,54.2990254179882,0.15566206388521,0.573835747286717,285190093.994141,NA,NA,NA,NA,NA,1.72119998931885,NA,60.341,57.77,63.139,NA,NA,NA,NA,1.66749799534035,"Americas","Central America",0.611,1.059,0.044,0.938,-0.097,0.702,0.53,1.011,1.112,0.4,0.8,0.592,0.8,0.2,1,0,0,0,0,0.192,0,0,0.2,0.165,0.608,-0.914,0.84,-1.106,-1.218,-1.341,0.51,-0.985,-1.023,0.878,0.8,1.43,-1.911,0.598,-0.7,-0.317,0.778,0.62
"GTM","GUATEMALA",1987,3,1,853.903772501246,-4.70496813014661,80.5685882568359,NA,NA,NA,NA,25.9787697132577,NA,NA,NA,NA,8296485,49.9020247731419,NA,54.1748061470229,0.190586384431107,0.640067353538922,517838989.257813,NA,NA,NA,NA,NA,NA,NA,60.991,58.467,63.731,NA,NA,NA,NA,1.75071000671895,"Americas","Central America",0.723,1.532,0.044,0.938,0.915,0.702,0.53,1.011,1.112,0.2,0.8,0.8,1,0.4,0.8,0,0,0,0,0.4,0,0,0.2,0.199,0.626,-0.914,0.84,-1.106,-1.218,-1.341,0.51,-0.985,-1.023,0.878,0.8,1.43,-1.911,0.598,-0.7,-0.317,0.778,0.62
"GTM","GUATEMALA",1988,3,1,919.070773138882,7.63165625170499,81.6807098388672,NA,NA,NA,NA,25.8486266979399,NA,NA,NA,NA,8532099,49.9414270743928,NA,53.9605725177096,0.129209415007136,0.558826146652289,439976196.289063,NA,NA,NA,NA,NA,NA,NA,61.538,59.049,64.231,NA,NA,NA,NA,1.86907699721099,"Americas","Central America",0.723,1.532,0.044,0.938,0.915,0.702,0.53,1.011,1.112,0.2,0.8,0.8,1,0.4,0.8,0,0,0,0,0.4,0,0,0.2,0.199,0.626,-0.914,0.84,-1.106,-1.218,-1.341,0.51,-0.985,-1.023,0.878,0.8,1.43,-1.911,0.598,-0.7,-0.317,0.778,0.62
"GTM","GUATEMALA",1989,3,1,958.427471156263,4.28222713284276,NA,NA,NA,NA,NA,25.6348000442043,NA,NA,NA,NA,8775546,49.9784514832467,NA,54.2601517801453,0.181275426560304,0.601358388278523,486914245.605469,NA,NA,NA,NA,NA,0.877799987792969,NA,61.745,59.189,64.508,NA,NA,NA,NA,1.8028516299552,"Americas","Central America",0.723,1.532,0.044,0.938,0.915,0.702,0.53,1.011,1.112,0.2,0.8,0.8,1,0.4,0.8,0,0,0,0,0.4,0,0,0.2,0.199,0.626,-0.914,0.84,-1.106,-1.218,-1.341,0.51,-0.985,-1.023,0.878,0.8,1.43,-1.911,0.598,-0.7,-0.317,0.778,0.62
"GTM","GUATEMALA",1990,3,1,847.688561830359,-11.5542294705208,77.8762588500977,NA,NA,NA,NA,25.8791598201071,NA,NA,0,6.86521167042449,9024773,50.0136568531973,60.1892013549805,54.3330807165374,0.301957368491916,1.83045512720882,340096923.828125,NA,NA,NA,NA,NA,1.1000000238,NA,61.767,59.113,64.639,NA,NA,NA,NA,1.72801156281599,"Americas","Central America",0.753,1.532,0.044,0.938,1.782,0.702,0.56,1.011,1.112,0.4,0.8,0.6,0.8,0.2,1,0,0,0,0,0.2,0,0,0.2,0.206,0.628,-0.914,0.84,-0.22,-1.218,-1.341,0.51,-0.985,-1.023,0.878,0.8,1.43,-1.911,0.598,-0.7,-0.317,0.537,0.629
"GTM","GUATEMALA",1991,3,1,1014.40279682682,19.6669204355531,81.1278686523438,NA,NA,NA,NA,25.739981757218,NA,NA,NA,7.32568643787739,9272584,50.0528223847851,61.4656677246094,54.6845542046497,0.126258795310536,1.65426431663517,326954711.914063,NA,NA,NA,NA,NA,NA,NA,61.926,59.184,64.883,NA,NA,NA,NA,1.26843726414995,"Americas","Central America",0.732,1.532,0.044,0.938,1.183,0.702,-0.099,1.011,1.112,0.2,0.8,0.6,1,0.2,1,0,0,0,0,0.2,0,0,0,0.211,0.618,-0.914,0.84,-0.22,-1.218,-1.341,0.51,-0.985,-1.023,0.878,0.8,1.43,-1.911,0.598,-0.7,-0.317,0.537,0.545
"GTM","GUATEMALA",1992,3,1,1096.45976992698,8.08919034498373,84.966682434082,NA,NA,NA,NA,25.2850480357025,NA,NA,NA,8.31394870079594,9522266,50.0936331751287,62.7416229248047,54.7057211383848,0.185839435022347,1.52332030398675,341314514.160156,NA,NA,NA,NA,NA,NA,NA,61.992,59.192,65.007,NA,NA,NA,NA,1.47262037513846,"Americas","Central America",0.732,1.532,0.044,0.938,1.183,0.702,-0.099,0.518,1.112,0.2,0.8,0.6,1,0.2,1,0,0,0,0,0.2,0,0,0,0.211,0.618,-0.914,0.84,-0.22,-1.218,-1.341,0.51,-0.985,-1.023,0.878,0.8,1.43,-1.911,0.598,-0.7,-0.317,0.537,0.545
"GTM","GUATEMALA",1993,3,1,1165.67442716224,6.31255784604567,86.3377304077148,NA,NA,NA,NA,24.8661004165455,NA,NA,NA,7.81982716975758,9779761,50.1314449434342,64.014518737793,55.2542738752494,0.195023264312544,1.33092443055709,342259552.001953,NA,NA,NA,NA,NA,1.1000000238,NA,62.442,59.686,65.391,NA,NA,NA,NA,1.26706017134887,"Americas","Central America",0.732,1.532,0.044,0.938,1.183,0.702,-0.067,0.518,1.112,0,0.608,0.591,0.849,0.25,1,0,0,0,0,0.401,0,0,0,0.22,0.592,-0.914,0.84,-0.22,-0.854,-1.175,0.51,-0.985,-0.708,0.878,0.8,1.43,-1.911,0.598,-0.362,-0.317,0.537,0.545
"GTM","GUATEMALA",1994,3,1,1292.67202750483,10.8947745085013,85.6474227905273,NA,NA,NA,NA,24.4872663963369,NA,NA,NA,6.76522723609661,10043718,50.1582879965367,65.2812957763672,55.8271891342635,0.1807676152167,1.34833878506145,287059326.171875,64.2099990844727,71.7099990844727,57.2900009155273,NA,NA,NA,NA,63.026,60.101,66.165,NA,NA,NA,NA,1.1785345993652,"Americas","Central America",0.784,1.708,0.326,1.357,1.787,1.247,-0.416,0.518,1.112,0.167,0.667,0.5,1,0.167,0.833,0,0,0,0,0.333,0,0,0.167,0.235,0.571,-0.914,0.84,-0.578,-0.854,-0.999,0.51,-0.985,-0.708,0.878,0.8,1.43,-1.911,0.598,-0.362,0.47,0.537,0.561
"GTM","GUATEMALA",1995,3,1,1421.06177809796,9.93212105323833,86.888313293457,NA,NA,NA,NA,24.1507235373736,NA,NA,0.003,7.71473124255776,10312996,50.1741976822254,60.8,56.1876839205111,0.235558848536854,1.59672727928084,273252899.169922,NA,NA,NA,51.0567474365234,NA,NA,NA,63.662,60.643,66.896,NA,NA,36.7031991481781,65.4580295085907,1.08042737364637,"Americas","Central America",0.784,1.708,0.326,1.357,1.787,1.247,-0.416,1.452,1.112,0.167,0.667,0.5,1,0.167,0.833,0,0,0,0,0.333,0,0,0.167,0.244,0.58,-0.914,0.84,-0.657,-0.854,-0.999,0.51,-0.43,-0.708,0.813,0.8,1.43,-1.911,0.598,-0.362,0.47,-0.64,0.726
"GTM","GUATEMALA",1996,8,1,1481.05986750672,4.22206059817224,86.8436431884766,NA,51.4663314819336,42.6295013427734,NA,24.0560999377549,NA,NA,0.0195,8.52966373904846,10583526,50.1892752944529,67.7842559814453,56.2584610946793,0.474906148545347,1.38934546996865,230185317.993164,NA,NA,NA,NA,NA,0.9800000191,NA,64.54,61.504,67.782,NA,NA,NA,NA,0.895717413539242,"Americas","Central America",0.826,1.708,1.079,1.357,1.787,1.247,-0.809,1.452,1.112,0.167,0.667,0.5,1,0.167,0.833,0,0,0,0,0.333,0,0,0.167,0.265,0.58,-0.914,0.84,-0.657,-0.43,-0.999,0.51,-0.43,-0.708,0.813,0.8,1.43,-1.911,0.598,-0.902,0.47,-0.64,0.726
"GTM","GUATEMALA",1997,8,1,1638.46281851789,10.6277237311243,86.4837188720703,NA,NA,NA,71.03313,23.7267418759523,NA,NA,0.0955,8.69766927303716,10857754,50.2037207507445,69.0143203735352,56.2990063665567,0.490537549251469,1.58260940616648,373869903.564453,NA,NA,NA,NA,NA,NA,NA,65.249,62.114,68.584,NA,NA,NA,NA,0.74281794332224,"Americas","Central America",0.87,2.347,1.464,1.061,0.514,1.247,-1.082,1.452,1.112,0.167,0.667,0.5,1,0.167,0.833,0,0,0,0,0.333,0,0,0.167,0.287,0.596,-0.792,1.285,-0.657,-0.43,-0.999,0.51,-0.43,-0.708,0.813,0.8,0.593,-1.911,0.598,-0.902,0.47,-0.64,0.715
"GTM","GUATEMALA",1998,8,1,1741.20114182856,6.27040919998443,91.8508605957031,NA,NA,NA,NA,23.4398988332233,NA,NA,0.467,9.37193397451466,11139145,50.2173730569088,70.2260360717774,56.5657328046531,0.31390362110712,1.20269768494948,347768280.029297,NA,NA,NA,45.0608558654785,NA,NA,NA,65.969,62.858,69.253,NA,NA,42.3992812633514,67.5273180007935,0.720839850994178,"Americas","Central America",0.87,2.347,1.464,1.061,0.514,1.247,-1.082,1.452,1.112,0.167,0.667,0.5,1,0.167,0.833,0,0,0,0,0.333,0,0,0.167,0.288,0.596,-0.792,1.285,-0.657,-0.43,-0.999,0.51,-0.43,-0.708,0.813,0.8,0.593,-1.911,0.598,-0.902,0.47,-0.64,0.715
"GTM","GUATEMALA",1999,8,1,1603.64776144934,-7.89991328829278,96.8086395263672,NA,55.318531036377,46.1369400024414,79.58983,23.0463598231227,NA,NA,0.593,10.2471509266561,11422965,50.2292749937757,70.9,56.8337670656679,0.52323815345972,1.42197658489313,402949645.996094,NA,NA,NA,NA,NA,NA,NA,66.634,63.534,69.884,NA,NA,NA,NA,0.675600759866063,"Americas","Central America",0.87,2.347,1.464,1.061,0.514,1.247,-1.082,1.452,1.112,0.167,0.667,0.5,1,0.167,0.833,0,0,0,0,0.333,0,0,0.167,0.29,0.591,-0.792,1.285,-0.792,-0.43,-1.235,0.51,-0.43,-0.708,0.813,0.8,0.741,-2.247,0.598,-0.902,0.758,-0.64,0.718
"GTM","GUATEMALA",2000,8,1,1648.96578971559,2.82593405831794,98.8193283081055,NA,58.7230415344238,49.8595085144043,82.35574,22.8211479342179,55.49609,NA,0.712333,10.0649764496874,11697592,50.2401348927198,73.318205,57.3877357878637,0.803745468310096,1.65531507910442,381546234.130859,NA,NA,NA,NA,5.39686108,NA,28,67.102,64.012,70.332,1.46862185584,0.386269986629486,NA,NA,0.918401634718749,"Americas","Central America",0.87,2.347,1.464,1.061,0.514,1.247,-1.082,1.452,1.112,0.167,0.667,0.5,1,0.167,0.833,0,0,0.167,0,0.333,0,0,0.333,0.364,0.561,-0.792,1.285,-0.792,-1.169,-1.129,0.759,-0.43,-0.708,0.813,0.8,0.741,-1.851,2.115,0.155,0.758,-0.872,0.753
"GTM","GUATEMALA",2001,8,1,1537.68663578252,-6.74842101801659,99.7040481567383,NA,60.4545288085938,51.8597106933594,82.77562,14.1721468397886,NA,NA,1.7382,11.0386722099797,11969422,50.2504548674113,73.7326202392578,54.7943166972065,0.631161134109658,1.51688956267975,359975616.455078,NA,NA,NA,NA,6.07023716,NA,23,67.436,64.356,70.644,NA,NA,NA,NA,1.05206292918867,"Americas","Central America",0.87,2.347,1.464,1.061,0.514,1.247,-1.082,1.452,1.112,0.167,0.667,0.5,1,0.167,0.833,0,0,0.167,0,0.333,0,0,0.333,0.365,0.561,-0.792,1.285,-0.792,-1.169,-1.129,0.759,-0.43,-0.708,0.813,0.8,0.741,-1.851,2.115,0.155,0.758,-0.872,0.753
"GTM","GUATEMALA",2002,8,1,1669.33517469705,8.56146732702368,102.802780151367,NA,63.8495216369629,56.0152816772461,84.78575,14.1702868527657,53.25944,NA,3.39175,12.0735961626442,12246915,50.2608166823386,78.667838,54.3401900735124,0.709990191144289,1.49552331731967,401491943.359375,69.0999984741211,75.4199981689453,63.3400001525879,NA,6.01301289,NA,27,67.835,64.692,71.099,NA,0.372303664684296,42.3401676816639,NA,0.762245026054294,"Americas","Central America",0.87,2.347,1.464,1.061,0.514,1.247,-1.082,1.452,1.112,0.167,0.667,0.5,1,0.167,0.833,0,0,0.167,0,0.333,0,0,0.333,0.366,0.561,-0.792,1.285,-0.792,-1.169,-1.129,0.759,-0.43,-0.708,0.813,0.8,0.741,-1.851,2.115,0.155,0.758,-0.872,0.753
"GTM","GUATEMALA",2003,8,1,1722.54701910774,3.18760697176029,NA,NA,NA,NA,NA,13.4691278963937,NA,NA,4.54885,11.8583959396845,12525842,50.2715027061654,78.512204,54.8449745298778,0.741431850463022,1.55532613964599,357135772.705078,NA,NA,NA,NA,6.15306854,NA,24,68.204,65.112,71.398,NA,0.384562402963638,42.2182470560074,65.7980442047119,0.815655342525256,"Americas","Central America",0.87,2.347,1.464,1.061,0.514,1.247,-1.082,1.452,1.112,0.167,0.667,0.5,1,0.167,0.833,0,0,0.167,0,0.333,0,0,0.333,0.367,0.56,-0.792,1.285,-0.405,-1.169,-1.129,0.759,-0.43,-0.708,0.813,0.8,0.741,-1.851,2.115,0.155,0.758,-0.872,0.749
"GTM","GUATEMALA",2004,8,1,1840.91184884,6.87150065683383,108.796012878418,NA,70.874641418457,62.996410369873,89.31913,13.0735432996184,51.0228,NA,5.1,11.7428498298475,12807402,50.2832814961223,77.1296005249023,54.9661282032813,0.729374795918745,1.45629547212597,298322967.529297,NA,NA,NA,NA,6.26182795,NA,29,68.245,65.06,71.538,NA,0.455310255289078,NA,NA,0.479416089056921,"Americas","Central America",0.87,2.347,1.464,1.061,0.514,1.247,-1.082,1.452,1.112,0.167,0.667,0.5,1,0.167,0.833,0,0,0.167,0,0.333,0,0,0.333,0.38,0.555,-0.792,1.285,-0.405,-1.033,-1.352,0.759,-0.43,-0.708,0.813,0.8,0.741,-1.851,2.115,0.351,0.758,-0.872,0.723
"GTM","GUATEMALA",2005,8,1,2046.46611650758,11.1658941082434,109.972137451172,NA,74.7812118530273,67.2531280517578,90.80877,12.5899676936002,NA,NA,5.7,11.3843835155732,13087629,50.2955997832457,78.2655258178711,56.2418516877688,0.887868748053499,1.55562794751834,326830291.748047,NA,NA,NA,NA,6.14826393,NA,33,68.167,65.088,71.339,NA,NA,NA,NA,0.383913656735458,"Americas","Central America",0.87,2.347,1.464,1.061,0.514,1.247,-1.082,1.452,1.112,0.125,0.5,0.375,0.75,0.125,0.626,0,0,0.125,0,0.25,0,0,0.25,0.381,0.552,-0.792,1.285,-0.405,-1.033,-1.352,0.759,-0.43,-0.708,0.813,0.8,0.741,-1.851,2.115,0.351,0.892,-0.872,0.723
"GTM","GUATEMALA",2006,8,1,2225.1234753878,8.73004236127349,111.043182373047,NA,76.9156112670898,70.570686340332,92.28846,11.4490682853821,48.78615,NA,6.5,12.0510563506017,13367459,50.3074892543153,83.730998,56.724919453147,0.851581475418594,1.93392564321639,581416503.90625,NA,NA,NA,NA,6.36362219,NA,31,68.79,65.646,72.028,1.51662282625,0.481264650821686,NA,NA,0.43182946456192,"Americas","Central America",0.87,2.347,1.464,1.061,0.514,1.247,-1.082,1.452,1.112,0.125,0.5,0.375,0.875,0.125,0.875,0,0,0.125,0,0.25,0,0,0.375,0.379,0.552,-0.792,1.285,-0.405,-1.033,-1.352,0.759,-0.43,-0.708,0.813,0.8,0.741,-1.851,2.115,0.351,0.892,-0.872,0.723
"GTM","GUATEMALA",2007,8,1,2458.81573919384,10.5024402641436,111.587127685547,NA,76.7931365966797,71.4322509765625,93.29561,11.6376079270391,NA,NA,7.3,12.2552412852976,13652040,50.3185457997486,80.5791625976563,57.0135938814004,0.750244545606685,1.95055907491986,491010894.775391,NA,NA,NA,NA,6.1918335,NA,26,69.299,66.195,72.485,NA,NA,NA,NA,0.398456601466993,"Americas","Central America",0.87,2.347,1.464,1.061,0.514,1.247,-1.082,1.452,1.112,0.125,0.5,0.375,0.875,0.125,0.875,0,0,0.125,0,0.25,0,0,0.375,0.391,0.549,-0.792,1.285,-0.977,-1.033,-1.352,0.759,-0.43,-0.708,0.813,0.8,0.741,-1.851,2.115,0.351,1.086,-0.872,0.739
"GTM","GUATEMALA",2008,8,1,2763.05988172926,12.373604808434,112.624313354492,NA,79.6013412475586,74.4905014038086,93.686,11.3336648903463,46.5495,NA,8.3,11.4590303096883,13935174,50.3286575395471,81.7674865722656,58.0395052646456,0.835430467135192,1.93184237870205,542245849.609375,NA,NA,NA,NA,6.08129978,NA,26,69.493,66.399,72.662,NA,NA,NA,NA,0.468231102914397,"Americas","Central America",0.87,2.347,1.464,1.061,0.514,1.247,-1.082,1.452,1.112,0.125,0.375,0.375,0.875,0.125,0.875,0,0,0.125,0,0.25,0,0,0.375,0.405,0.556,-0.792,1.179,-0.977,-0.907,-1.352,0.759,-0.43,-0.708,0.813,0.8,0.741,-1.851,2.115,0.351,1.086,-0.872,0.773
"GTM","GUATEMALA",2009,8,1,2611.64632773352,-5.47992300119741,118.536636352539,NA,85.3212509155273,79.8318405151367,96.29742,11.8486078978063,NA,NA,9.3,10.5046855717088,14215611,50.3381951011462,82.9768371582031,58.9373078751709,0.412561078443355,1.63784143444565,406002105.712891,NA,NA,NA,NA,6.33938646,NA,23,69.676,66.635,72.781,NA,NA,NA,NA,0.395326073511874,"Americas","Central America",0.87,2.347,1.464,1.061,0.514,1.247,-1.082,1.452,1.112,0.125,0.375,0.375,0.875,0.125,0.875,0,0,0.125,0,0.25,0,0,0.375,0.405,0.558,-0.792,1.179,-0.977,-0.907,-1.352,0.759,-0.43,-0.708,0.813,0.8,0.741,-1.851,2.115,0.351,1.086,-0.938,0.771
"GTM","GUATEMALA",2010,8,1,2805.25960237322,7.4134568905325,117.27329338311,NA,86.0390308976676,81.373764080531,95.20853,11.2341516901897,44.31286,NA,10.5,10.6050218415127,14500112,50.3459800623623,84.2042083740235,59.4695981042423,0.470505869677804,2.6452084845277,429772857.666016,NA,NA,NA,NA,6.1247797,NA,26,69.885,66.975,72.841,NA,0.485985308885574,NA,NA,0.441382604389834,"Americas","Central America",0.87,2.347,1.464,1.061,0.514,1.247,-1.082,1.452,1.112,0.125,0.375,0.375,0.875,0.125,0.875,0,0,0.125,0,0.25,0,0,0.375,0.399,0.549,-0.938,1.164,-0.977,-0.907,-1.352,0.759,-0.532,-0.708,0.813,0.8,0.81,-1.661,2.115,0.351,1.314,-0.938,0.783
"GTM","GUATEMALA",2011,8,1,3168.98370607705,12.9657912371505,116.099510743236,NA,88.0440677605623,84.7442123832132,92.72544,11.2587427520036,NA,NA,12.3,11.0178435441484,14792126,50.3512578483484,84.026414,58.9769300915749,0.592110785237876,2.86196592041548,371150756.835938,NA,NA,NA,NA,5.96306896,0.65,23,70.321,67.523,73.154,NA,0.484959751367569,NA,NA,0.459619447723005,"Americas","Central America",0.87,2.347,1.464,1.061,0.514,1.247,-1.082,1.452,1.112,0.125,0.375,0.375,0.875,0.125,0.875,0,0,0.125,0,0.25,0,0,0.375,0.393,0.552,-0.938,1.164,-1.087,-0.907,-1.352,0.759,-0.532,-0.708,0.813,0.858,0.81,-1.761,2.115,0.351,1.314,-0.938,0.786
"GTM","GUATEMALA",2012,8,1,3286.61959336267,3.7121013610778,111.646252383001,NA,87.2105285358755,84.9726377431675,89.87772,10.7227497533367,42.07621,NA,16,11.0095522577245,15089647,50.3547399322688,86.7010116577148,59.5278728385924,0.521031752267051,2.18105907544831,329732818.603516,78.2600021362305,84.8499984741211,72.4300003051758,NA,6.07316971,0.62,26,70.722,68.003,73.472,NA,NA,NA,NA,0.475870730886697,"Americas","Central America",0.87,2.347,1.464,1.061,0.514,1.247,-1.082,1.452,1.112,0.125,0.5,0.375,0.875,0.125,0.875,0,0,0.125,0,0.25,0,0,0.375,0.392,0.555,-1.033,1.164,-1.087,-0.906,-1.285,0.759,-0.532,-0.708,0.813,0.858,0.81,-1.761,2.115,0.174,1.314,-0.902,0.789
"GTM","GUATEMALA",2013,8,1,3444.15802275864,4.79332715334987,107.864590547525,NA,87.4981752966446,85.4033584720234,87.41445,10.3562262011186,NA,NA,19.7,11.1022993574743,15387337,50.3574757375187,87.9644317626953,60.8392178032545,0.418795559663063,2.18983261245163,527599548.339844,77.0400009155273,82.7200012207031,72.129997253418,NA,5.77188921,NA,24,70.878,68.211,73.577,NA,0.491450369358063,NA,NA,0.471272593167646,"Americas","Central America",0.846,1.967,1.464,0.802,0.622,1.299,-1.079,2.234,1.112,0.125,0.5,0.375,0.875,0.125,0.875,0,0,0.125,0,0.25,0,0,0.375,0.405,0.523,-1.033,1.164,-1.087,-1.22,-1.798,0.759,0.109,-0.708,0.813,1.52,0.81,-1.761,2.115,0.726,1.314,-0.902,0.789
"GTM","GUATEMALA",2014,8,1,3689.14510410202,7.11311965724368,105.231154037687,NA,88.159300531105,85.092297360893,85.56198,10.0744824629421,39.83957,NA,23.4,10.7778148103957,15681725,50.3598265088711,85.494371,60.89860411606,0.36376572238644,2.98111660499136,308767242.431641,81.2900009155273,86.7600021362305,76.370002746582,27.7821254730225,5.8885684,0.62,23,70.942,68.292,73.625,1.94686291817,0.500246047973633,68.7018692493439,84.7659111022949,0.424656428368739,"Americas","Central America",0.846,1.967,1.464,0.802,0.622,1.299,-1.079,2.234,1.112,0.125,0.5,0.375,0.875,0.125,0.875,0,0,0.125,0,0.25,0,0,0.375,0.413,0.499,-1.033,1.492,-1.087,-1.22,-1.798,0.759,0.109,-0.708,0.813,1.52,1.404,-1.761,2.115,0.726,1.314,-0.902,0.789
"GTM","GUATEMALA",2015,8,1,3893.50533299068,5.5395009716866,103.756960177093,NA,86.8560508238211,84.1417525363987,85.21609,9.96700294850351,NA,NA,28.8059,10.3582512654041,15971743,50.3618453140553,90.5062942504883,61.4490109492331,0.123828267830097,1.78572375354011,484696411.132813,80.1999969482422,86.3000030517578,75.1399993896484,NA,6.00602007,0.59,23,70.915,68.306,73.555,NA,0.497858941555023,NA,NA,0.405967931287061,"Americas","Central America",0.846,1.967,1.464,1.01,0.735,1.299,-0.892,2.234,1.112,0.125,0.5,0.375,0.875,0.125,0.875,0,0,0.125,0,0.25,0,0,0.375,0.433,0.476,-1.033,1.492,-0.868,-1.104,-1.776,0.759,0.109,-0.198,0.813,1.729,1.546,-1.761,2.115,0.843,1.34,-0.902,0.785
"GTM","GUATEMALA",2016,8,1,4060.13784737643,4.27975564779196,101.352012012457,NA,82.2085762832663,80.8340117785132,84.59497,9.66139477990376,37.60292,NA,34.5093,10.4215141317608,16268760,50.3632913633246,91.7792282104492,61.8868465239048,0.0807153215443387,2.01829626064269,318301605.224609,NA,NA,NA,NA,6.07008219,NA,22,71.215,68.642,73.818,NA,0.498236328363419,NA,NA,0.440496512523365,"Americas","Central America",0.846,1.967,1.464,1.01,0.735,1.299,-1.233,2.234,1.112,0.125,0.5,0.5,0.875,0.125,0.875,0,0,0.125,0,0.25,0,0,0.375,0.453,0.475,-1.033,1.492,-0.868,-0.816,-1.726,0.759,0.109,-0.198,0.563,1.729,1.546,-1.98,2.115,0.843,1.34,-0.902,0.778
"GTM","GUATEMALA",2017,8,1,4324.99768915601,6.52341993636316,101.387446797743,NA,82.7020670875108,80.331917363658,85.58408,9.69628321231672,NA,NA,37.9,10.6355700138883,16567357,50.3639717548188,NA,62.4741378381976,0.119195049269519,1.50289202380162,432662017.822266,NA,NA,NA,NA,6.13563824,0.45,23,71.583,69.085,74.108,NA,0.483977437019348,NA,NA,0.383850245049506,"Americas","Central America",0.851,1.967,1.578,0.499,0.735,1.398,-1.233,2.234,1.494,0.125,0.375,0.375,0.875,0.125,0.875,0,0,0.125,0,0.25,0,0,0.375,0.459,0.47,-0.808,1.492,-0.868,-0.816,-2.035,0.759,0.262,-0.198,0.679,1.918,1.546,-1.98,2.115,0.664,1.34,-0.902,0.757
"GTM","GUATEMALA",2018,8,1,4352.94593289707,0.646202512688825,102.983138102239,NA,82.3039732451198,80.1524568393094,86.88631,9.43550881537545,37.6,NA,41.5,10.5609513473985,16845685,50.3632562500876,NA,63.0590367876404,0.176634659797847,1.19385178218072,449735992.431641,80.8099975585938,85.3399963378906,76.7200012207031,NA,6.10662699,0.44,24,71.496,69.185,73.817,NA,0.448777794837952,NA,NA,0.372491637911365,"Americas","Central America",0.835,2.031,1.257,-0.62,0.735,1.433,-0.815,2.234,1.435,0.125,0.375,0.375,0.875,0.125,0.875,0,0,0.125,0,0.25,0,0,0.375,0.415,0.518,-0.808,1.417,-0.868,-1.493,-2.035,0.493,0.262,-0.198,-0.094,2.027,1.742,-1.98,2.115,0.197,1.172,-0.902,0.757
"GTM","GUATEMALA",2019,NA,1,4511.99839552697,3.65390393268781,101.979363381256,NA,80.6592127081157,79.5256946439783,NA,9.40872375710839,NA,NA,44.401,10.4353893768797,17103803,50.3626211295009,NA,62.5226120247046,0.139922256710481,1.14790981503494,440485809.326172,NA,NA,NA,NA,6.17443275,0.47,24,71.639,69.28,74.018,NA,0.499987214803696,NA,NA,0.430070763358893,"Americas","Central America",0.856,2.321,0.923,-1.1,0.735,1.433,-0.34,2.234,1.82,0.167,0.5,0.5,1,0.167,0.833,0,0,0.167,0,0.333,0,0,0.333,0.421,0.531,-1.101,1.358,-0.717,-1.84,-1.381,0.618,0.131,-0.198,-0.094,1.865,1.574,-1.98,2.115,0.47,0.923,-1.469,0.812
"GTM","GUATEMALA",2020,NA,1,4477.61785000665,-0.76198044650024,101.500290013425,NA,81.0445896847157,81.0746509614823,NA,9.9263191804303,37.6,NA,47.5123,9.95508945163219,17357325,50.3725746696236,NA,62.0283285747385,0.0532892177587073,1.35250209053897,515943908.691406,NA,NA,NA,NA,6.4591527,0.43,18,69.971,66.954,73.169,NA,NA,NA,NA,0.440993296513657,"Americas","Central America",0.774,1.782,0.53,-0.465,0.735,1.474,-0.34,2.234,1.318,0.2,0.6,0.6,1,0.6,1,0,0,0.2,0,0.4,0,0,0.2,0.406,0.553,-0.957,1.06,-0.717,-1.39,-1.441,0.122,0.32,-0.198,0.833,1.316,1.06,-1.98,2.115,0.47,0.247,-1.101,0.772
"GUY","GUYANA",1966,2,0,352.589675035291,NA,NA,NA,NA,NA,NA,19.0843621399177,NA,NA,NA,NA,648646,50.1157023774102,NA,37.2170781893004,NA,NA,73465957.6416016,NA,NA,NA,NA,NA,NA,NA,59.329,57.076,61.814,NA,NA,NA,NA,NA,"Americas","South America",0.738,1.251,1.137,0.442,0.685,1.387,0.404,1.363,-0.067,0,0,0,0,0.203,0,0,0,0,0,0,0.131,0,0.667,0.195,0.557,-0.198,-0.214,1.133,-0.9,-0.47,-0.042,0.474,1.664,1.473,0.494,0.629,0.518,0.109,-1.436,-1.943,-1.244,0.563
"GUY","GUYANA",1967,2,0,377.732621967981,7.13093681208147,NA,NA,NA,NA,NA,18.8337644015989,NA,NA,NA,NA,662311,50.1270551145912,NA,36.7975546672937,NA,NA,85687530.5175781,NA,NA,NA,NA,NA,NA,NA,59.53,57.312,61.972,NA,NA,NA,NA,NA,"Americas","South America",0.79,1.433,1.344,0.442,0.685,1.387,-0.763,1.456,-0.067,0,0,0,0,0.333,0,0.333,0,0,0,0,0,0,0.333,0.259,0.578,-0.629,-0.214,1.133,-0.9,-0.47,-0.296,0.474,1.664,1.473,0.494,0.629,0.518,0.109,-1.436,-1.943,-1.558,0.63
"GUY","GUYANA",1968,1,0,339.786441079035,-10.0457780668365,NA,NA,NA,NA,NA,17.3667029379761,NA,NA,NA,NA,676160,50.1377630475582,NA,36.3438520130577,NA,NA,116431480.407715,NA,NA,NA,NA,NA,NA,NA,59.69,57.477,62.129,NA,NA,NA,NA,NA,"Americas","South America",0.75,1.433,0.895,0.442,0.467,1.387,-0.763,1.456,-0.067,0,0,0,0,0.333,0,0.333,0,0,0,0,0,0,0.333,0.252,0.584,-0.629,-0.578,0.415,-0.9,-0.47,-0.296,0.474,1.664,1.473,0.494,0.629,0.518,0.109,-1.436,-1.943,-1.558,0.633
"GUY","GUYANA",1969,1,0,361.187616176221,6.29841939225823,NA,NA,NA,NA,NA,17.9302045728039,NA,NA,NA,NA,690223,50.1488649320582,NA,35.0180505415162,NA,NA,130903503.417969,NA,NA,NA,NA,NA,NA,NA,59.835,57.624,62.273,NA,NA,NA,NA,NA,"Americas","South America",0.727,1.235,0.895,0.442,0.467,1.387,-0.763,1.336,-0.067,0,0,0,0,0.333,0,0.333,0,0,0,0,0,0,0.333,0.222,0.592,-0.629,-0.578,0.415,-0.9,-0.47,-0.296,0.474,1.664,1.473,0.494,0.629,0.518,0.109,-1.436,-1.943,-1.558,0.704
"GUY","GUYANA",1970,1,0,381.098754100227,5.51268566037753,NA,NA,NA,NA,NA,16.8222554144884,NA,NA,NA,NA,702705,50.1626573920171,NA,35.5862584017924,NA,20.7080226592579,119937019.348145,NA,NA,NA,NA,NA,4.76300001144409,NA,59.961,57.744,62.406,NA,NA,NA,NA,NA,"Americas","South America",0.579,0.574,0.213,-0.243,0.467,1.387,-0.763,1.087,-0.067,0,0,0.284,0.284,0.333,0,0.617,0,0,0,0,0.284,0,0.049,0.213,0.572,-0.629,-0.578,0.415,-0.9,-0.669,-0.296,0.474,1.664,1.473,0.494,1.348,-0.142,0.109,-1.436,-1.943,-0.581,0.593
"GUY","GUYANA",1971,1,0,395.769663599294,3.84963460027703,100.057510375977,NA,98.1740112304688,97.4018402099609,86.85752,18.028718312356,NA,NA,NA,NA,712662,50.1728729748464,NA,36.536075163978,NA,18.4955473915522,103770751.953125,NA,NA,NA,NA,NA,NA,NA,60.068,57.842,62.528,NA,NA,NA,NA,NA,"Americas","South America",0.581,0.647,0.213,-0.243,0.467,1.387,-0.763,1.087,-0.067,0,0,0.333,0.333,0.333,0,0.667,0,0,0,0,0.333,0,0,0.213,0.572,-0.629,-0.578,0.415,-0.9,-0.669,-0.296,0.474,1.664,1.473,0.494,1.348,-0.142,0.109,-1.436,-1.943,-0.581,0.593
"GUY","GUYANA",1972,1,0,395.474264576572,-0.0746391272225145,99.7374267578125,NA,91.3645477294922,95.8445587158203,88.05772,17.3869514433506,NA,NA,NA,NA,721617,50.1786959010112,NA,38.4114800600701,NA,17.298731832641,73421394.3481445,NA,NA,NA,NA,NA,NA,NA,60.133,57.884,62.624,NA,NA,NA,NA,NA,"Americas","South America",0.581,0.647,0.213,-0.243,0.467,1.387,-0.763,1.087,-0.067,0,0,0.333,0.333,0.333,0,0.667,0,0,0,0,0.333,0,0,0.21,0.572,-0.629,-0.578,0.415,-0.9,-0.669,-0.296,0.474,1.664,1.473,0.494,1.348,-0.142,0.109,-1.436,-1.943,-0.581,0.593
"GUY","GUYANA",1973,1,0,420.533678630093,6.33654735545224,100.178916931152,NA,90.7969589233398,88.9491195678711,NA,16.4857320099256,NA,NA,NA,NA,730138,50.1876357620066,NA,43.1606699751861,NA,19.6070946653381,40757553.1005859,NA,NA,NA,NA,NA,NA,NA,60.211,57.944,62.724,NA,NA,NA,NA,1.64596273291925,"Americas","South America",0.565,0.515,0.213,-0.243,0.467,1.387,-0.414,1.087,-0.067,0,0,0.333,0.333,0.333,0,0.667,0,0,0,0,0.333,0,0,0.207,0.574,-0.629,-0.578,0.574,-0.9,-0.669,-0.296,0.474,1.664,1.473,0.494,1.348,-0.142,0.109,-1.436,-1.943,-0.581,0.59
"GUY","GUYANA",1974,1,0,587.968877003464,39.8149320451096,100.439727783203,NA,89.7506103515625,86.1490325927734,90.53286,27.6631402534828,NA,NA,NA,NA,738057,50.1993748450323,NA,33.2984183513146,NA,22.3654709827581,54695354.4616699,NA,NA,NA,NA,NA,NA,NA,60.305,58.043,62.81,NA,NA,NA,NA,2.85057471264368,"Americas","South America",0.565,0.515,0.213,-0.243,0.467,1.387,-0.414,1.087,-0.067,0,0,0.333,0.333,0.333,0,0.667,0,0,0,0,0.333,0,0,0.201,0.576,-0.629,-0.578,0.574,-0.9,-0.669,-0.296,0.474,1.664,1.473,0.494,1.348,-0.142,0.109,-1.436,-1.943,-0.581,0.587
"GUY","GUYANA",1975,1,0,663.799722651899,12.8970849673032,NA,NA,NA,NA,NA,28.7494736842105,NA,NA,NA,NA,745393,50.2131090579064,NA,31.9326315789474,NA,20.6338572377284,43478954.3151855,NA,NA,NA,NA,NA,4.97279977798462,NA,60.375,58.101,62.895,NA,NA,NA,NA,6.95810564663024,"Americas","South America",0.565,0.515,0.213,-0.243,0.467,1.387,-0.414,1.087,-0.067,0,0,0.333,0.333,0.333,0,0.667,0,0,0,0,0.333,0,0,0.201,0.576,-0.629,-0.578,0.574,-0.9,-0.669,-0.296,0.474,1.664,1.473,0.494,1.348,-0.142,0.109,-1.436,-1.943,-0.581,0.587
"GUY","GUYANA",1976,1,0,604.105267775602,-8.99284118978175,98.9643096923828,NA,83.8183975219727,82.1232223510742,86.89338,20.7728192940762,NA,NA,NA,NA,752253,50.2283141443105,NA,38.5001320306311,NA,20.8923954754752,86085159.3017578,NA,NA,NA,NA,NA,NA,NA,60.449,58.163,62.982,NA,NA,NA,NA,8.35260115606936,"Americas","South America",0.565,0.515,0.213,-0.243,0.467,1.387,-0.414,1.087,-0.067,0,0,0.333,0.333,0.333,0,0.667,0,0,0,0,0.333,0,0,0.199,0.576,-0.629,-0.578,0.574,-0.9,-0.669,-0.296,0.474,1.664,1.473,0.494,1.348,-0.142,0.109,-1.436,-1.943,-0.581,0.587
"GUY","GUYANA",1977,1,0,592.99759837818,-1.83869765584431,106.520492553711,NA,93.5309219360352,91.0979232788086,91.75515,18.7427758513381,NA,NA,NA,NA,758654,50.2446438033675,NA,39.5305414777274,NA,27.7020835176511,42479393.0053711,NA,NA,NA,NA,NA,NA,NA,60.558,58.231,63.145,NA,NA,NA,NA,6.07458292443572,"Americas","South America",0.558,0.515,0.009,-0.243,0.467,1.387,0.346,1.087,-0.067,0,0,0.333,0.333,0.333,0,0.667,0,0,0,0,0.333,0,0,0.198,0.576,-0.629,-0.578,0.574,-0.9,-0.669,-0.296,0.474,1.664,1.473,0.494,1.348,-0.142,0.109,-1.436,-1.943,-0.581,0.587
"GUY","GUYANA",1978,0,0,663.208586084495,11.8400121515397,104.421966552734,NA,89.4911422729492,89.3409729003906,NA,20.2413820304488,NA,NA,NA,NA,764586,50.2611220466004,NA,38.5028003470853,NA,25.6470296310827,93285552.9785156,NA,NA,NA,NA,NA,NA,NA,60.646,58.3,63.254,NA,NA,NA,NA,3.89084507042253,"Americas","South America",0.553,0.433,0.009,-0.243,0.467,1.387,0.346,1.087,-0.067,0,0,0.333,0.333,0.333,0,0.667,0,0,0,0,0.333,0,0,0.197,0.576,-0.629,-0.578,0.574,-0.9,-0.669,-0.296,0.474,1.664,1.473,0.494,1.348,-0.142,0.109,-1.436,-1.943,-0.581,0.587
"GUY","GUYANA",1979,0,0,688.827652838343,3.86289732844082,103.484870910645,NA,96.0177764892578,88.1865005493164,88.68043,19.8702963577407,NA,NA,NA,NA,770062,50.2780295612561,NA,38.8432244928738,NA,26.4070824627091,87640342.7124023,NA,NA,NA,NA,NA,NA,NA,60.735,58.372,63.363,NA,NA,NA,NA,3.71501272264631,"Americas","South America",0.553,0.433,0.009,-0.243,0.467,1.387,0.346,1.087,-0.067,0,0,0.333,0.333,0.333,0,0.667,0,0,0,0,0.333,0,0,0.197,0.576,-0.629,-0.578,0.574,-0.9,-0.669,-0.296,0.474,1.664,1.473,0.494,1.348,-0.142,0.109,-1.436,-1.943,-0.581,0.587
"GUY","GUYANA",1980,-7,0,778.958814102357,13.0847187816321,99.4510726928711,NA,87.4952926635742,83.4521408081055,NA,20.6896551724138,NA,NA,NA,NA,774367,50.2947568788443,NA,36.2068965517241,0,24.5578372972811,72085723.8769531,NA,NA,NA,NA,NA,NA,NA,60.808,58.451,63.425,NA,NA,NA,NA,3.70026525198939,"Americas","South America",0.553,0.433,0.009,-0.243,0.467,0.958,0.346,1.087,-0.067,0,0,0.333,0.333,0.333,0,0.667,0,0,0,0,0.333,0,0,0.181,0.631,-0.806,-0.578,1.056,-1.817,-1.194,-1.161,0.474,1.664,1.473,0.494,1.348,-0.142,0.109,-1.436,-1.943,-0.581,0.587
"GUY","GUYANA",1981,-7,0,734.567458871119,-5.69880646159617,98.9629592895508,NA,NA,NA,NA,18.7852234680791,NA,NA,NA,NA,776453,50.3112869532516,NA,39.9499085754482,0,23.0617612791376,138018142.700195,NA,NA,NA,NA,NA,NA,NA,60.91,58.53,63.555,NA,NA,NA,NA,3.9448966812774,"Americas","South America",0.43,0.357,-0.552,-1.361,-0.71,0.835,0.049,0.628,-1.269,0,0,0.333,0.333,0.333,0,0.667,0,0,0,0,0.333,0,0,0.175,0.602,-0.806,-0.578,1.056,-1.817,-0.412,-1.161,0.474,1.664,1.473,0.494,1.348,-0.142,0.109,-1.436,-1.943,-0.581,0.551
"GUY","GUYANA",1982,-7,0,620.564636570569,-15.5197212895531,99.9077835083008,NA,90.0028381347656,89.3659591674805,88.87672,20.1936376210235,NA,NA,NA,NA,776712,50.3286293100008,NA,41.2171507607192,0,34.1638708738059,69562675.4760742,NA,NA,NA,NA,NA,NA,NA,61.01,58.606,63.677,NA,NA,NA,NA,5.12655601659751,"Americas","South America",0.43,0.357,-0.552,-1.361,-0.71,0.835,0.049,0.628,-1.269,0,0,0.333,0.333,0.333,0,0.667,0,0,0,0,0.333,0,0,0.175,0.602,-0.806,-0.578,1.056,-1.817,-0.412,-1.161,0.474,1.664,1.473,0.494,1.348,-0.142,0.109,-1.436,-1.943,-0.581,0.551
"GUY","GUYANA",1983,-7,0,630.672779209107,1.62886217532452,99.0197677612305,NA,NA,NA,NA,19.8228882833787,NA,NA,NA,NA,775891,50.3474070455773,NA,43.3242506811989,0,17.9846923209055,42516445.1599121,NA,NA,NA,NA,NA,NA,NA,61.157,58.728,63.847,NA,NA,NA,NA,4.51634877384196,"Americas","South America",0.43,0.357,-0.552,-1.361,-0.71,0.835,0.049,0.628,-1.269,0,0,0.333,0.333,0.333,0,0.667,0,0,0,0,0.333,0,0,0.175,0.602,-0.806,-0.578,1.056,-1.817,-0.412,-1.161,0.474,1.664,1.473,0.494,1.348,-0.142,0.109,-1.436,-1.943,-0.581,0.551
"GUY","GUYANA",1984,-7,0,565.33443558244,-10.3601020657026,97.6733627319336,NA,NA,NA,NA,20.8659037362656,NA,NA,NA,NA,774111,50.3676480086809,NA,42.9945855084434,0,24.2608517449921,26314218.5211182,NA,NA,NA,NA,NA,NA,NA,61.255,58.793,63.98,NA,NA,NA,NA,4.67470588235294,"Americas","South America",0.43,0.357,-0.552,-1.361,-0.71,0.835,0.049,0.628,-1.269,0,0,0.333,0.333,0.333,0,0.667,0,0,0,0,0.333,0,0,0.177,0.602,-0.806,-0.578,1.056,-1.817,-0.412,-1.161,0.474,1.664,1.473,0.494,1.348,-0.142,0.109,-1.436,-1.943,-0.581,0.551
"GUY","GUYANA",1985,-7,0,587.818395225034,3.97710774851875,96.1999664306641,NA,NA,NA,NA,22.5128205128205,NA,NA,NA,NA,771477,50.3883454874928,NA,40.7179487179487,0,20.6803296768791,27263757.7056885,NA,NA,NA,NA,NA,3.49200010299683,NA,61.379,58.897,64.123,NA,NA,NA,NA,8.43686354378819,"Americas","South America",0.43,0.357,-0.552,-1.361,-0.71,0.835,0.049,0.628,-1.269,0,0,0.333,0.333,0.333,0,0.667,0,0,0,0,0.333,0,0,0.177,0.585,-0.806,-0.578,1.055,-1.817,-0.412,-0.462,0.474,1.664,1.473,0.494,1.348,-0.142,0.109,-1.436,-1.943,-0.581,0.549
"GUY","GUYANA",1986,-7,0,657.014000212061,11.7715957086605,95.6669006347656,NA,NA,NA,NA,22.5806462018731,NA,NA,NA,NA,768098,50.4097133438702,NA,39.1244211578074,0,19.9741133715558,54379478.4545898,NA,NA,NA,NA,NA,NA,NA,61.521,59.058,64.233,NA,NA,NA,NA,5.35585585585586,"Americas","South America",0.584,0.425,0.569,0.218,0.711,1.077,0.498,0.754,0.42,0,0,0.333,0.333,0.333,0,0.667,0,0,0,0,0.333,0,0,0.201,0.572,-0.806,-0.578,1.055,-1.642,-0.282,-0.462,0.474,1.664,1.473,0.494,1.348,-0.142,0.109,-1.436,-1.943,-0.581,0.519
"GUY","GUYANA",1987,-7,0,464.052566270711,-29.3694554269877,96.7939071655273,NA,87.4220428466797,89.222053527832,NA,25.8705028526474,NA,NA,NA,NA,764120,50.4319342093726,NA,34.5035903739974,0,28.2397691185205,51169715.8813477,NA,NA,NA,NA,NA,NA,NA,61.698,59.2,64.447,NA,NA,NA,NA,3.08608876973488,"Americas","South America",0.612,0.51,0.756,0.218,0.711,1.077,0.498,0.911,0.42,0,0,0.333,0.333,0.333,0,0.667,0,0,0,0,0.333,0,0,0.205,0.572,-0.806,-0.578,1.055,-1.642,-0.282,-0.462,0.474,1.664,1.473,0.494,1.348,-0.142,0.109,-1.436,-1.943,-0.581,0.519
"GUY","GUYANA",1988,-7,0,544.715209244099,17.3822210750005,100.775810241699,NA,NA,NA,NA,22.619623552915,NA,NA,NA,NA,759663,50.4547411154683,NA,38.6176906384169,0,18.5224501012977,44284351.348877,NA,NA,NA,NA,NA,NA,NA,61.849,59.318,64.632,NA,NA,NA,NA,2.66376601401982,"Americas","South America",0.612,0.51,0.756,0.218,0.711,1.077,0.498,0.911,0.42,0,0,0.333,0.333,0.333,0,0.667,0,0,0,0,0.333,0,0,0.209,0.572,-0.806,-0.578,1.055,-1.642,-0.282,-0.462,0.474,1.664,1.473,0.494,1.348,-0.142,0.109,-1.436,-1.943,-0.581,0.519
"GUY","GUYANA",1989,-7,0,503.109019103922,-7.63815466028825,105.910491943359,NA,NA,NA,NA,35.0629265283404,NA,NA,NA,NA,754865,50.4798871321362,NA,26.9119086299269,0,20.7123497317619,74391304.0161133,NA,NA,NA,NA,NA,NA,NA,62.054,59.511,64.842,NA,NA,NA,NA,1.5837366892546,"Americas","South America",0.641,0.571,0.756,0.218,0.711,1.077,0.498,0.911,0.42,0,0,0.333,0.333,0.333,0,0.667,0,0,0,0,0.333,0,0,0.21,0.563,-0.806,-0.193,1.055,-1.642,-0.282,-0.462,0.474,1.664,1.473,0.494,1.348,-0.142,0.109,-1.436,-1.943,-0.581,0.519
"GUY","GUYANA",1990,-7,0,528.851095342994,5.116600033313,NA,NA,NA,NA,NA,38.1295897145071,NA,NA,0,NA,749894,50.508338511843,68.2106018066406,32.6651783976449,0,23.1365302885403,259206817.626953,NA,NA,NA,NA,NA,NA,NA,62.254,59.68,65.073,NA,NA,NA,NA,0.905828279604213,"Americas","South America",0.74,1.032,0.756,0.896,1.875,1.077,1.137,0.987,0.42,0,0,0.333,0.333,0.333,0,0.667,0,0,0,0,0.333,0,0,0.219,0.584,-0.806,-0.193,1.055,-1.642,-0.282,-0.462,0.474,0.901,1.473,0.494,1.348,-0.142,0.109,-1.436,-1.943,-0.581,0.519
"GUY","GUYANA",1991,-7,0,466.039938988882,-11.8769076791597,97.1771926879883,NA,NA,NA,91.87291,40.5225068008007,NA,NA,NA,NA,747861,50.5281061587648,68.8886947631836,25.5504799055587,0,29.8570477664161,197166595.458984,NA,NA,NA,NA,NA,NA,NA,62.463,59.854,65.315,NA,NA,NA,NA,0.582892778319561,"Americas","South America",0.74,1.032,0.756,0.896,1.875,1.077,1.137,0.987,0.42,0,0,0.333,0.333,0.333,0,0.667,0,0,0,0,0.333,0,0,0.216,0.584,-0.806,-0.193,1.055,-1.642,-0.282,-0.462,0.474,0.901,1.473,0.494,1.348,-0.142,0.109,-1.436,-1.943,-0.581,0.519
"GUY","GUYANA",1992,6,1,498.156636569954,6.89140455445777,94.4392623901367,NA,91.8593902587891,94.6763305664062,89.64668,43.7946676937562,NA,NA,NA,NA,749911,50.5098605034464,69.5662689208984,26.1265887790474,0,25.5130840660498,106748634.338379,NA,NA,NA,NA,NA,NA,NA,62.816,60.005,65.922,NA,0.315373539924622,NA,NA,0.969692301108401,"Americas","South America",0.761,1.369,1.154,0.896,0.874,1.077,0.663,0.987,0.42,0,0,0.409,0.409,0.258,0,0.742,0,0,0,0,0.333,0,0,0.256,0.542,-0.806,0.887,1.367,-1.642,-0.282,-0.462,0.474,0.901,1.473,0.494,1.348,-0.142,0.109,-0.762,-1.943,-0.581,0.517
"GUY","GUYANA",1993,6,1,603.084316652805,21.0631902458086,93.3258514404297,NA,90.333137512207,95.6109619140625,88.06664,36.6788444624856,NA,NA,NA,NA,752965,50.4627047242631,72.376631,23.5454299438468,0,31.6638578690229,141257675.170898,NA,NA,NA,NA,NA,3.0999999046,NA,63.016,60.249,66.055,NA,NA,NA,NA,0.950952235978621,"Americas","South America",0.717,1.798,0.391,-0.167,-0.343,0.829,-0.016,1.276,-0.252,0,0,0.667,0.667,0,0,1,0,0.333,0,0,0.333,0,0,0.3,0.507,-0.806,1.442,1.367,-0.498,-0.211,-0.462,0.474,0.901,1.473,0.494,1.348,-0.142,0.109,-0.762,-1.943,-0.581,0.51
"GUY","GUYANA",1994,6,1,715.611525201717,18.6586196062024,93.8370819091797,NA,NA,NA,NA,37.9503478599631,NA,NA,NA,NA,755822,50.4147801995708,70.9091949462891,22.2424224212366,0,32.9297314196524,104269447.32666,NA,NA,NA,NA,NA,NA,NA,63.007,60.208,66.086,NA,NA,NA,NA,1.00593672094627,"Americas","South America",0.717,1.798,0.391,-0.881,-0.343,0.829,-1.034,1.276,-0.252,0,0,0.667,0.667,0,0,1,0,0.333,0,0,0.333,0,0,0.305,0.491,-0.806,1.442,1.367,-0.498,-0.211,0.333,0.474,0.523,1.473,0.494,1.348,-0.142,0.109,-0.762,-1.943,-0.581,0.51
"GUY","GUYANA",1995,6,1,819.668541584905,14.5409922448994,95.5395584106445,NA,83.1364135742188,81.3293075561523,89.89822,40.8582643553404,NA,NA,NA,NA,758388,50.3671608294974,71.5684204101563,21.8792119862111,0,33.5901679902301,96054916.3818359,NA,NA,NA,NA,NA,3.1,NA,62.668,59.83,65.805,NA,NA,NA,NA,0.915520386083765,"Americas","South America",0.717,1.798,0.391,-0.881,-0.343,0.829,-1.034,1.276,-0.252,0,0,0.667,0.667,0,0,1,0,0.333,0,0,0.333,0,0,0.305,0.491,-0.806,1.442,1.367,-0.498,-0.211,0.333,0.474,0.523,1.473,0.494,1.348,-0.142,0.109,-0.762,-1.943,-0.581,0.51
"GUY","GUYANA",1996,6,1,927.523847211669,13.1584049106259,95.7617263793945,NA,83.561637878418,88.6296997070312,88.43708,37.7689587112219,NA,NA,0.0659,NA,760526,50.3209620709877,72.2154083251953,22.6779343595692,0,29.7871121101737,122406280.517578,NA,NA,NA,NA,NA,3.8699998856,NA,62.691,59.737,65.984,NA,NA,NA,NA,0.78783093358105,"Americas","South America",0.717,1.798,0.391,-0.881,-0.343,1.178,-1.034,1.276,-0.252,0,0,0.667,0.667,0,0,1,0,0.333,0,0,0.333,0,0,0.305,0.491,-0.806,1.442,1.367,-0.498,-0.211,0.333,0.474,0.523,1.473,0.494,1.348,-0.142,0.109,-0.762,-1.943,-0.581,0.51
"GUY","GUYANA",1997,6,1,982.804753805587,5.96005232211592,96.5927429199219,NA,86.5451889038086,87.1356506347656,NA,36.3533243799035,NA,NA,0.132,NA,762245,50.2771418638364,72.8471069335938,25.9238076822731,0,25.9860553220399,336962036.132813,NA,NA,NA,NA,NA,NA,NA,62.879,59.816,66.319,NA,NA,NA,NA,NA,"Americas","South America",0.717,1.798,0.391,-0.881,-0.343,1.178,-0.923,1.276,-0.252,0,0,0.667,0.667,0,0,1,0,0.333,0,0,0.333,0,0,0.309,0.548,-0.806,1.442,1.363,-1.653,-1.476,0.475,0.474,0.523,1.473,0.494,1.348,-0.142,0.109,-0.762,-1.943,-0.581,0.51
"GUY","GUYANA",1998,6,1,939.685488169724,-4.3873684441287,NA,NA,NA,NA,NA,33.9058533127603,NA,NA,0.264,NA,763586,50.2343550488813,73.4604415893555,28.9900184617783,0,17.722998963462,111863426.208496,NA,NA,NA,NA,NA,NA,NA,63.429,60.336,66.898,NA,NA,NA,NA,NA,"Americas","South America",0.783,1.798,0.539,1.156,0.953,1.893,-1.794,1.276,1.148,0,0,0.667,0.667,0,0,1,0,0.333,0,0,0.333,0,0,0.345,0.543,-0.806,1.442,1.363,-1.653,-0.773,0.475,0.288,0.523,0.951,0.494,1.348,0.171,0.109,-0.762,-1.943,-0.581,0.49
"GUY","GUYANA",1999,6,1,908.790631391797,-3.28778694221431,98.3171615600586,NA,98.3259124755859,96.7412719726562,NA,35.0139494280703,NA,NA,0.4,NA,764483,50.190390106778,74.0523681640625,30.0707560596224,0,17.7830510415321,86666007.9956055,NA,NA,NA,NA,NA,NA,NA,63.772,60.717,67.181,NA,0.308145135641098,NA,NA,NA,"Americas","South America",0.783,1.798,0.539,1.156,0.953,1.893,-1.794,1.276,1.148,0,0,0.667,0.667,0,0,1,0,0.333,0,0,0.333,0,0,0.345,0.53,-0.806,1.442,1.363,-0.865,-0.773,0.475,0.288,0.523,0.951,0.494,1.348,0.171,0.109,-0.762,-1.943,-0.581,0.49
"GUY","GUYANA",2000,6,1,931.796651718955,2.53149840375497,98.2578506469727,NA,97.1856307983398,101.404838562012,NA,29.9832313022935,26.1,NA,0.6,NA,764832,50.1456529015522,74.6213455200195,33.1518617830032,0,15.5078378964417,99935661.315918,NA,NA,NA,NA,3.18737936,NA,148,64.075,61.016,67.486,NA,NA,85.6022953987122,NA,1.765977248429,"Americas","South America",0.856,2.452,0.539,1.156,0.953,1.893,-1.794,1.276,1.148,0,0,0.75,0.75,0,0,1,0,0.25,0,0,0.25,0,0.25,0.34,0.529,-0.806,1.442,1.363,-0.865,-0.773,0.475,0.288,-0.25,0.951,1.028,1.348,0.171,0.109,-0.762,-1.943,-0.581,0.49
"GUY","GUYANA",2001,6,1,931.574723847673,-0.0238171999086479,96.9906692504883,NA,90.129508972168,79.476188659668,NA,29.7373837926656,NA,NA,1,NA,764477,50.1018343259509,75.1719055175781,34.2996226494298,0,12.9135305064194,101575325.012207,NA,NA,NA,NA,3.05506778,NA,134,64.38,61.285,67.837,NA,NA,NA,NA,2.01794562341177,"Americas","South America",0.856,2.452,0.539,1.156,0.953,1.893,-1.794,1.276,1.148,0,0,0.75,0.75,0,0,1,0,0.25,0,0,0.25,0,0.25,0.356,0.515,0.388,1.442,0.972,-0.865,-0.773,0.475,0.288,-0.25,0.379,1.028,1.348,0.171,0.109,-0.762,-1.414,-0.581,0.458
"GUY","GUYANA",2002,6,1,950.866932470993,2.07092443895833,NA,NA,NA,NA,NA,30.8816641067377,26.1,NA,1.5,NA,763652,50.0606297109154,75.7101211547851,34.5281129320535,0,12.7851274638831,73537185.6689453,NA,NA,NA,NA,3.19353795,NA,173,64.183,61.189,67.51,NA,NA,NA,NA,2.29328668097935,"Americas","South America",0.856,2.452,0.539,1.156,0.953,1.893,-1.794,1.276,1.148,0,0,0.75,0.75,0,0,1,0,0.25,0,0,0.25,0,0.25,0.362,0.531,0.388,1.442,0.972,-0.865,-0.773,0.475,0.288,-0.25,0.379,1.028,0.952,0.171,0.109,-0.762,-1.414,-0.581,0.464
"GUY","GUYANA",2003,6,1,973.742598054188,2.40576938812548,96.3386611938477,NA,76.8559036254883,70.6137924194336,91.33466,32.1128109729009,NA,NA,2.4,NA,763101,50.0544488868446,76.242057800293,35.3974622390049,0,16.9482275121693,82585906.9824219,NA,NA,NA,NA,3.26884198,NA,171,64.117,61.099,67.48,NA,NA,NA,NA,2.19971682743689,"Americas","South America",0.87,2.452,0.974,1.156,0.953,1.893,-1.794,1.276,1.148,0,0,0.75,0.75,0,0,1,0,0.25,0,0,0.25,0,0.25,0.373,0.531,0.388,1.442,0.972,-0.865,-0.773,0.475,0.288,-0.25,0.379,1.028,0.952,0.171,0.109,-0.762,-1.414,-0.581,0.464
"GUY","GUYANA",2004,6,1,1033.31030902188,6.11739807693789,NA,NA,NA,NA,NA,31.4937319776355,25.31799,NA,3.7,NA,762418,50.0838122919448,76.7737655639648,34.8625579676053,0,21.1992807952769,126631927.490234,NA,NA,NA,NA,3.43770432,NA,152,64.214,61.074,67.736,NA,NA,NA,NA,2.80932483375126,"Americas","South America",0.87,2.452,0.974,1.156,0.953,1.893,-1.794,1.276,1.148,0,0,0.75,0.75,0,0,1,0,0.25,0,0,0.25,0,0.25,0.372,0.531,0.388,1.442,0.972,-0.865,-0.773,0.475,0.288,-0.25,0.379,1.028,0.952,0.171,0.109,-0.762,-1.414,-0.581,0.464
"GUY","GUYANA",2005,6,1,1084.06541388904,4.91189378679521,101.88932800293,NA,96.6982116699219,97.8877868652344,NA,28.8858697300346,NA,NA,5.7,NA,760914,50.1126277082561,77.5,37.9228861002105,0,20.9115520318379,128366836.547852,NA,NA,NA,NA,3.79409742,NA,151,64.392,61.398,67.704,NA,NA,NA,NA,1.41048583687429,"Americas","South America",0.87,2.452,0.974,1.156,0.953,1.893,-1.794,1.276,1.148,0,0,0.6,0.6,0,0.2,1,0,0.2,0,0,0.2,0,0.2,0.371,0.531,0.388,1.442,0.972,-0.865,-0.773,0.475,0.288,-0.25,0.379,1.028,0.952,0.171,0.109,-0.762,-1.414,-0.581,0.464
"GUY","GUYANA",2006,6,1,3135.60553528326,189.245048786715,NA,NA,99.0534896850586,97.8739624023438,NA,34.0002671058965,23.67077,NA,8.9,NA,758966,50.1368307185951,73.3825878594249,40.2662192140463,0,9.70635226744027,157928329.467773,NA,NA,NA,NA,3.93144464,NA,163,64.848,61.943,68.032,NA,NA,87.1371150016785,NA,0.805815134799291,"Americas","South America",0.87,2.452,0.974,1.156,0.953,1.893,-1.794,1.276,1.148,0,0,0.6,0.6,0,0.2,1,0,0.2,0,0,0.2,0,0.2,0.371,0.532,0.388,1.442,0.806,-0.865,-0.773,0.475,0.288,-0.25,0.379,1.028,0.952,0.171,0.109,-0.762,-1.414,-0.581,0.473
"GUY","GUYANA",2007,6,1,3608.28685240188,15.0746422596782,98.7052307128906,NA,94.970817565918,97.196159362793,NA,30.3847427538396,NA,NA,13.8,NA,756861,50.159144149322,78.428207397461,40.585736957635,0,10.8075151625848,90339233.3984375,NA,NA,NA,NA,4.28126192,NA,133,65.462,62.514,68.689,NA,NA,NA,NA,0.914399668478094,"Americas","South America",0.87,2.452,0.974,1.156,0.953,1.893,-1.733,1.276,1.148,0,0,0.6,0.6,0,0.2,1,0,0.2,0,0,0.2,0,0.2,0.371,0.532,0.388,1.442,0.806,-0.865,-0.773,0.475,0.288,-0.25,0.379,1.028,0.952,0.171,0.109,-0.762,-1.414,-0.581,0.491
"GUY","GUYANA",2008,6,1,4008.9628671603,11.1043282074901,100.129516601562,NA,97.3001937866211,96.1364364624023,92.743,31.7275647737363,22.02354,NA,18.2,NA,754606,50.1812866582031,79.0181579589844,39.5224900126455,0,10.3635572947513,129690093.994141,NA,NA,NA,NA,4.20242214,NA,143,65.721,62.744,68.979,NA,NA,NA,NA,1.00888107540392,"Americas","South America",0.877,2.452,1.069,1.156,0.953,1.893,-1.733,1.276,1.148,0,0,0.6,0.6,0,0.2,1,0,0.2,0,0,0.2,0,0.2,0.369,0.532,0.388,1.442,0.806,-0.865,-0.773,0.475,0.288,-0.25,0.379,1.028,0.952,0.171,0.109,-0.762,-1.414,-0.581,0.491
"GUY","GUYANA",2009,6,1,4209.13230624565,4.99304797071214,97.6101226806641,NA,100.228286743164,99.4500579833984,88.01357,29.4241191257626,NA,NA,23.9,NA,752094,50.2047616388377,77.6,40.9796836302752,0,10.7158376277662,123693862.915039,NA,NA,NA,37.6223449707031,4.35117149,NA,164,66.03,63.006,69.349,NA,NA,94.2403674125671,90.3890609741211,0.981015648111865,"Americas","South America",0.885,2.452,1.069,1.156,1.094,1.893,-1.733,1.276,1.148,0,0,0.6,0.6,0,0.2,1,0,0.2,0,0,0.2,0,0.2,0.372,0.532,0.388,1.442,0.806,-0.865,-0.773,0.475,0.288,-0.25,0.379,1.028,0.952,0.171,0.109,-0.762,-1.414,-0.581,0.491
"GUY","GUYANA",2010,6,1,4581.76179693492,8.85288139164335,100.620507153069,NA,96.13921217547,94.6071056590672,91.70702,28.5284323037662,20.37632,NA,29.9,NA,749256,50.2314295781415,80.2581329345703,41.5645777782864,0,14.592203974554,108841934.204102,NA,NA,NA,NA,4.21897697,NA,150,66.204,63.066,69.672,NA,NA,NA,NA,0.905210395614708,"Americas","South America",0.885,2.452,1.069,1.156,1.094,1.893,-1.708,1.276,1.148,0,0,0.6,0.6,0,0.2,1,0,0.2,0,0,0.2,0,0.2,0.371,0.544,0.372,1.442,0.806,-0.829,-0.806,0.475,0.205,-0.25,0.3,0.942,0.952,0.171,0.109,-0.762,-1.414,-0.581,0.494
"GUY","GUYANA",2011,6,1,4947.22170589917,7.97640569635752,104.945060789465,NA,103.570178508925,101.437545300797,93.15013,25.6836014005978,NA,NA,30,NA,746153,50.2610054506247,80.9021530151367,42.7997615212712,0,16.5317662843372,103567367.553711,NA,NA,NA,NA,4.17213488,NA,145,66.469,63.252,70.035,NA,NA,NA,NA,0.878175345601621,"Americas","South America",0.888,2.542,1.17,1.156,1.094,1.893,-1.708,1.771,1.148,0,0,0.6,0.6,0,0.2,1,0,0.2,0,0,0.2,0,0.2,0.372,0.541,0.372,1.442,0.84,-0.829,-0.806,0.475,0.205,-0.25,0.3,0.942,0.952,0.171,0.109,-0.762,-1.414,-0.503,0.469
"GUY","GUYANA",2012,6,1,5444.39751913913,10.0495963754185,105.236896620854,NA,105.386503067485,103.259485612427,93.09037,25.4400079005114,18.7291,NA,30.5,NA,746288,50.3704329019991,81.5581893920899,43.0016644065102,0,16.5328031367272,121663253.78418,NA,NA,NA,NA,3.7081871,1.73,148,66.443,63.188,70.061,NA,NA,NA,NA,0.825543220373685,"Americas","South America",0.888,2.542,1.17,1.156,1.094,1.893,-1.708,1.771,1.148,0,0,0.6,0.6,0,0.2,1,0,0.2,0,0,0.2,0,0.2,0.373,0.538,0.372,1.442,0.84,-0.829,-0.806,0.475,0.205,-0.25,0.3,0.942,0.952,0.171,0.109,-0.762,-1.414,-0.503,0.468
"GUY","GUYANA",2013,6,1,5556.91231156932,2.0666160403361,NA,NA,NA,NA,NA,25.6475733667273,NA,NA,31,NA,750021,50.5561170205674,82.2232360839844,42.9589903299137,0,13.9424805340938,106591911.315918,NA,NA,NA,NA,3.80231309,1.72,130,66.71,63.298,70.499,NA,NA,NA,NA,0.843693300095089,"Americas","South America",0.919,2.588,1.591,1.144,1.416,1.893,-1.931,1.905,1.09,0,0,0.6,0.6,0,0.2,1,0,0.2,0,0,0.2,0,0.2,0.391,0.526,0.372,1.768,0.84,-0.829,-0.539,0.475,0.205,-0.25,0.3,0.713,0.952,0.208,0.614,-0.762,-1.132,-0.613,0.487
"GUY","GUYANA",2014,6,1,5472.68820452237,-1.51566377737503,NA,NA,NA,NA,NA,24.5940865009998,17.08187,NA,32,NA,754229,50.7360496613098,86.9,44.7833250406031,0,10.7965827875901,149422561.645508,NA,NA,NA,31.7461833953857,3.94755435,1.74,100,67.334,63.843,71.173,NA,NA,93.1546628475189,93.2787299156189,0.951652170035393,"Americas","South America",0.919,2.588,1.591,1.144,1.416,1.893,-1.931,1.905,1.09,0,0,0.6,0.6,0,0.2,1,0,0.2,0,0,0.2,0,0.2,0.39,0.525,0.372,1.768,0.84,-0.829,-0.539,0.475,0.205,-0.25,0.3,0.713,0.952,0.208,0.614,-0.762,-1.063,-0.613,0.487
"GUY","GUYANA",2015,7,1,5640.41560569466,3.06480827893115,NA,NA,NA,NA,NA,25.4431214761023,NA,NA,34,NA,758781,50.9082330738382,83.5683517456055,44.1049709941423,0,8.56443283798628,36886764.5263672,NA,NA,NA,NA,4.02264786,1.75,102,67.719,64.214,71.527,NA,NA,NA,NA,1.08486547097887,"Americas","South America",0.954,3.14,2.229,1.333,1.177,1.893,-1.931,1.905,1.09,0,0,0.6,0.6,0,0.2,1,0,0.2,0,0,0.2,0,0.4,0.45,0.405,0.523,1.768,0.855,0.351,0.321,0.701,0.456,0.085,0.417,0.849,1.403,0.557,0.964,-0.618,-0.946,-0.472,0.45
"GUY","GUYANA",2016,7,1,5870.87823759835,4.08591579086851,NA,NA,NA,NA,NA,20.3872409058451,15.43465,NA,35.66,NA,763548,51.0727550854694,84.2429046630859,44.3019541373503,0,16.0895528527279,82763351.4404297,NA,NA,NA,NA,4.01842117,1.74,101,68.069,64.513,71.897,NA,NA,NA,NA,1.15412827584568,"Americas","South America",0.923,2.421,2.229,1.274,1.316,1.893,-1.891,2.187,1.09,0,0,0.6,0.6,0,0.2,0.8,0,0.2,0,0.2,0.2,0,0.4,0.458,0.37,1.162,1.926,0.855,0.403,0.876,0.701,0.528,0.085,0.441,1.111,1.403,0.557,1.03,-0.618,-0.946,-0.049,0.371
"GUY","GUYANA",2017,7,1,6178.6650437298,5.24260244677395,NA,NA,NA,NA,NA,22.7580270434004,NA,NA,42.7,NA,768479,51.2302238971057,NA,44.3229868903353,0,13.161642595363,58486507.4157715,NA,NA,NA,NA,4.3191123,1.73,90,68.543,64.951,72.369,NA,NA,NA,NA,1.25334268912328,"Americas","South America",0.935,2.62,2.229,1.226,1.316,1.893,-1.891,2.187,1.09,0,0,0.6,0.6,0,0.2,0.8,0,0.2,0,0.2,0.2,0,0.4,0.454,0.383,0.908,1.56,0.855,0.403,0.7,0.701,0.528,0.085,0.441,0.97,1.403,0.377,0.709,-0.618,-0.861,-0.049,0.393
"GUY","GUYANA",2018,7,1,6048.38697180418,-2.10851488150873,NA,NA,NA,NA,NA,19.5356933126322,13.78743,NA,48.5989,NA,791556,50.9958865828823,NA,45.9542350111416,0,6.60863781746129,113525604.248047,NA,NA,NA,NA,4.90492535,1.68,85,68.829,65.235,72.615,NA,NA,NA,NA,1.29081562879598,"Americas","South America",0.939,2.62,2.229,1.091,1.649,1.893,-2.014,2.187,0.496,0,0,0.5,0.5,0,0.167,0.667,0,0.167,0,0.167,0.167,0,0.333,0.457,0.351,0.908,2.117,0.855,0.403,0.916,1.187,0.528,0.085,0.441,0.97,1.403,0.75,1.12,-0.763,-1.04,0.011,0.389
"GUY","GUYANA",2019,NA,1,6405.82443444562,5.90963283777492,87.7391790964465,NA,NA,NA,NA,17.5953367342493,NA,NA,55.3127,NA,807665,50.9207406536126,NA,44.7132690416221,0.0849006439782914,5.96249594118667,124886199.951172,NA,NA,NA,NA,4.90331507,2.15,80,69.067,65.525,72.848,NA,NA,NA,NA,1.29961278504611,"Americas","South America",0.907,2.346,1.895,1.091,1.472,1.893,-1.714,2.187,0.496,0,0,0.6,0.6,0,0.2,0.8,0,0.2,0,0.2,0.2,0,0.4,0.438,0.365,0.908,1.879,0.855,0.798,0.916,1.186,0.639,0.085,0.441,0.97,1.403,0.665,1.12,-0.763,-1.306,-0.977,0.497
"GUY","GUYANA",2020,NA,1,6775.70939096303,5.77419753386391,96.3569272771871,NA,NA,NA,NA,16.8510033249851,12.1402,NA,62.954,NA,807481,51.1800277653592,NA,38.9200329255047,7.3763575857274,13.8985430832365,55424602.5085449,85.6399993896484,84.2099990844727,86.9000015258789,NA,5.37510586,2.22,59,67.751,63.99,71.884,NA,NA,NA,NA,1.40257741131547,"Americas","South America",0.907,2.346,1.895,1.091,1.472,1.893,-1.714,2.187,0.931,0,0,0.667,0.5,0,0.167,0.667,0,0.167,0,0.167,0.167,0,0.333,0.393,0.404,0.47,1.83,0.565,0.382,-0.049,0.389,1.517,0.085,0.004,0.97,1.403,0.665,1.12,-0.763,-0.573,-0.977,0.539
"HND","HONDURAS",1960,-1,1,230.667390861566,NA,NA,NA,NA,NA,NA,32.208556711868,NA,NA,NA,NA,2062060,49.8550963599507,NA,46.504782928624,NA,NA,42933147.4304199,NA,NA,NA,NA,NA,1.64625132083893,NA,47.149,45.672,48.69,NA,NA,NA,NA,1.16840536512668,"Americas","Central America",0.453,-0.188,-0.388,0.573,1.293,-0.763,-2.109,0.962,0.693,0.25,0.5,0.75,0.25,0.5,0.75,0,0,0.25,0.5,0.5,0.25,0.25,0.25,0.089,0.805,-1.586,-0.758,NA,-1.452,-1.338,0.461,-0.616,-1.021,0.723,-1.158,-1.235,NA,NA,-1.113,-0.878,-1.321,0.866
"HND","HONDURAS",1961,-1,1,237.266657929647,2.86094494910273,NA,NA,NA,NA,NA,33.4691039141665,NA,NA,NA,NA,2121242,49.8520914388403,NA,45.2811444466521,NA,NA,57576831.817627,NA,NA,NA,NA,NA,NA,NA,47.71,46.252,49.23,NA,NA,NA,NA,1.07584269662921,"Americas","Central America",0.453,-0.188,-0.388,0.573,1.293,-0.763,-2.109,0.962,0.693,0.25,0.5,0.75,0.25,0.5,0.75,0,0,0.25,0.5,0.5,0.25,0.25,0.25,0.088,0.805,-1.586,-0.758,NA,-1.452,-1.338,0.461,-0.616,-1.021,0.723,-1.158,-1.235,NA,NA,-1.113,-0.878,-1.321,0.866
"HND","HONDURAS",1962,-1,1,244.01209130438,2.84297567706842,NA,NA,NA,NA,NA,33.0265752652831,NA,NA,NA,NA,2182064,49.84810260006,NA,45.3094187247629,NA,NA,46472789.7644043,NA,NA,NA,NA,NA,NA,NA,48.647,47.173,50.181,NA,NA,NA,NA,0.988387096774193,"Americas","Central America",0.453,-0.188,-0.388,0.573,1.293,-0.763,-2.109,0.962,0.693,0.25,0.5,0.75,0.25,0.5,0.75,0,0,0.25,0.5,0.5,0.25,0.25,0.25,0.088,0.805,-1.586,-0.758,NA,-1.452,-1.338,0.461,-0.616,-1.021,0.723,-1.158,-1.235,NA,NA,-1.113,-0.878,-1.321,0.866
"HND","HONDURAS",1963,-1,0,246.561283063044,1.04469895120244,NA,NA,NA,NA,NA,33.2520325203252,NA,NA,NA,NA,2244878,49.8440004312038,NA,45.2574525745258,NA,NA,56919147.4914551,NA,NA,NA,NA,NA,NA,NA,49.385,47.873,50.96,NA,NA,NA,NA,0.931707317073171,"Americas","Central America",0.31,-1.15,-0.388,0.573,1.293,-0.763,-1.075,0.962,0.693,0.2,0.4,0.6,0.2,0.4,0.649,0,0,0.2,0.4,0.4,0.2,0.2,0.2,0.078,0.836,-1.586,-2.133,NA,-1.452,-1.338,-0.022,-0.616,-1.021,0.723,-1.158,-1.235,NA,NA,-1.113,-0.878,-1.321,0.866
"HND","HONDURAS",1964,-1,0,255.903509094727,3.78900771265628,NA,NA,NA,NA,NA,29.3097614616816,NA,NA,NA,NA,2309855,49.8397951386559,NA,46.8702419218406,NA,NA,91873260.4980469,NA,NA,NA,NA,NA,NA,NA,50.197,48.65,51.811,NA,NA,NA,NA,1.2800875273523,"Americas","Central America",0.198,-1.457,-1.712,-0.261,1.293,-1.257,-1.299,-0.448,0.693,0.2,0.6,0.6,0.2,0.2,1,0,0,0.4,0,0,0,0.2,0.6,0.058,0.877,-1.586,-2.133,NA,-1.205,-1.745,-1.903,-0.616,-1.021,0.723,-1.158,-1.235,NA,NA,NA,NA,-1.321,0.866
"HND","HONDURAS",1965,-1,0,273.877577290856,7.02376777079503,NA,NA,NA,NA,NA,30.6658474771523,NA,NA,NA,NA,2377157,49.8366746495919,NA,45.5955763766224,NA,NA,86725883.4838867,NA,NA,NA,NA,NA,NA,NA,50.863,49.224,52.576,NA,NA,NA,NA,1.2291052114061,"Americas","Central America",0.198,-1.457,-1.712,-0.261,1.293,-1.257,-1.299,-0.448,0.693,0.2,0.6,0.6,0.2,0.2,1,0,0,0.4,0,0,0,0.2,0.6,0.058,0.888,-1.955,-1.745,-1.458,-1.205,-1.745,-1.903,-0.616,-1.021,0.723,-1.755,-1.235,NA,NA,-1.204,-0.931,-1.842,0.908
"HND","HONDURAS",1966,-1,0,282.88534468771,3.28897585773802,NA,NA,NA,NA,NA,29.856245033591,NA,NA,NA,NA,2446751,49.8344334321038,NA,46.3555587661634,NA,NA,71344047.5463867,NA,NA,NA,NA,NA,NA,NA,51.588,49.901,53.352,NA,NA,NA,NA,1.18181818181818,"Americas","Central America",0.198,-1.457,-1.712,-0.261,1.293,-1.257,-1.299,-0.448,0.693,0.2,0.6,0.6,0.2,0.2,1,0,0,0.4,0,0,0,0.2,0.6,0.056,0.888,-1.955,-1.745,NA,-1.205,-1.745,-1.903,-0.616,-1.021,0.723,-1.755,-1.235,NA,NA,-1.204,-0.931,-1.842,0.907
"HND","HONDURAS",1967,-1,0,298.155994803561,5.39817647065066,NA,NA,NA,NA,NA,29.4759970703775,NA,NA,NA,NA,2518648,49.8317550401028,NA,45.3359078500566,NA,NA,61975868.2250977,NA,NA,NA,NA,NA,NA,NA,52.331,50.644,54.092,NA,NA,NA,NA,1.1371237458194,"Americas","Central America",0.198,-1.457,-1.712,-0.261,1.293,-1.257,-1.299,-0.448,0.693,0.2,0.6,0.6,0.2,0.2,1,0,0,0.4,0,0,0,0.2,0.6,0.056,0.888,-1.955,-1.745,NA,-1.205,-1.745,-1.903,-0.616,-1.021,0.723,-1.755,-1.235,NA,NA,-1.204,-0.931,-1.842,0.907
"HND","HONDURAS",1968,-1,0,314.474382938748,5.47310415339405,NA,NA,NA,NA,NA,30.3329449996934,NA,NA,NA,NA,2593057,49.8281372141067,NA,43.9573241768349,NA,NA,112140083.312988,NA,NA,NA,NA,NA,NA,NA,53.041,51.346,54.807,NA,NA,NA,NA,1.08545034642032,"Americas","Central America",0.198,-1.457,-1.712,-0.261,1.293,-1.257,-1.299,-0.448,0.693,0.2,0.6,0.6,0.2,0.2,1,0,0,0.4,0,0,0,0.2,0.6,0.055,0.882,-1.955,-1.301,NA,-1.205,-1.745,-1.903,-0.616,-1.021,0.723,-1.755,-1.235,NA,NA,-1.204,-0.931,-1.842,0.907
"HND","HONDURAS",1969,-1,0,316.220454040742,0.555234765285825,NA,NA,NA,NA,NA,27.8244907626717,NA,NA,NA,NA,2670289,49.8230527943053,NA,45.683325438181,NA,NA,79775405.8837891,NA,NA,NA,NA,NA,NA,NA,53.712,52.035,55.455,NA,NA,NA,NA,1.06824925816024,"Americas","Central America",0.198,-1.457,-1.712,-0.261,1.293,-1.257,-1.299,-0.448,0.693,0.2,0.6,0.6,0.2,0.2,1,0,0,0.4,0,0,0,0.2,0.6,0.055,0.882,-1.955,-1.301,NA,-1.205,-1.745,-1.903,-0.616,-1.021,0.723,-1.755,-1.235,NA,NA,-1.204,-0.931,-1.842,0.907
"HND","HONDURAS",1970,-1,0,328.787242589654,3.97405935901062,81.3324432373047,NA,NA,NA,NA,26.8409995577178,NA,NA,NA,NA,2750715,49.8171566301852,NA,45.6545776205219,NA,4.44328536721054,88226997.3754883,NA,NA,NA,NA,NA,1.75310003757477,NA,54.36,52.653,56.134,NA,NA,NA,NA,1.36929460580913,"Americas","Central America",0.198,-1.457,-1.712,-0.261,1.293,-1.257,-0.145,-0.448,1.099,0.2,0.6,0.6,0.2,0.2,1,0,0,0.4,0,0,0,0.2,0.6,0.054,0.881,-1.955,-1.272,NA,-1.205,-1.745,-1.903,-0.616,-1.021,0.723,-1.755,-1.235,NA,NA,-1.204,-0.931,-1.842,0.907
"HND","HONDURAS",1971,0,1,338.123400136033,2.83957414918045,81.2849273681641,NA,NA,NA,NA,26.8923783191611,NA,NA,NA,NA,2834616,49.8110149664011,NA,45.8031196202201,0,4.18771320214938,70571792.6025391,NA,NA,NA,NA,NA,NA,NA,55.012,53.295,56.793,NA,NA,NA,NA,1.47001934235977,"Americas","Central America",0.198,-1.457,-1.712,-0.261,1.293,-1.257,-0.145,-0.448,1.099,0.2,0.6,0.6,0.2,0.2,1,0,0,0.4,0,0,0,0.2,0.6,0.095,0.871,-1.788,-1.272,-1.262,-1.205,-1.745,-1.185,-0.616,-1.021,0.723,-1.755,-1.235,-1.933,-0.114,-1.204,-0.931,-1.842,0.896
"HND","HONDURAS",1972,-1,0,352.711426613473,4.31440902095832,82.8332824707031,NA,NA,NA,NA,27.2012807451608,NA,NA,NA,8.31514093048076,2922064,49.8043164010097,NA,45.5489254354048,0,5.05815675734852,92572731.0180664,NA,NA,NA,NA,NA,NA,NA,55.689,53.943,57.498,NA,NA,NA,NA,1.83600713012478,"Americas","Central America",0.198,-1.457,-1.712,-0.261,1.293,-1.257,-0.145,-0.448,1.099,0.2,0.6,0.6,0.2,0.2,0.985,0,0,0.4,0,0,0,0.2,0.585,0.108,0.833,-1.788,-1.272,-1.262,-1.205,-1.745,-1.185,-0.616,-1.021,0.723,-1.16,-0.52,NA,1.78,-1.204,-0.931,-1.842,0.892
"HND","HONDURAS",1973,-1,0,374.668702396507,6.22528053424716,82.0762786865234,NA,NA,NA,NA,26.7747939377825,NA,NA,NA,8.75653638216786,3011459,49.7946012215342,NA,44.9171319684481,0,8.01066475914528,72182785.0341797,NA,NA,NA,NA,NA,NA,NA,54.565,53.075,56.094,NA,NA,NA,NA,1.68337730870712,"Americas","Central America",0.198,-1.457,-1.712,-0.261,1.293,-1.257,-0.145,-0.448,1.099,0.2,0.6,0.6,0.2,0.2,1,0,0,0.4,0.2,0.2,0.2,0.4,0.6,0.062,0.856,-1.788,-2.141,NA,-1.205,-1.745,-1.508,-0.616,-1.021,0.723,-1.16,-0.52,NA,NA,NA,NA,-1.842,0.892
"HND","HONDURAS",1974,-1,0,400.988955544745,7.02494042867334,83.8638916015625,NA,NA,NA,NA,25.2896218825422,NA,NA,NA,9.25583266291231,3099836,49.7987958072621,NA,44.1230893000805,0,8.30297215935772,92583656.3110352,NA,NA,NA,NA,NA,NA,NA,52.519,51.764,53.26,NA,NA,NA,NA,1.59886471144749,"Americas","Central America",0.198,-1.457,-1.712,-0.261,1.293,-1.257,-0.145,-0.448,1.099,0.2,0.6,0.6,0.2,0.2,1,0,0,0.4,0.2,0.2,0.2,0.4,0.6,0.062,0.856,-1.788,-2.141,NA,-1.205,-1.745,-1.508,-0.616,-1.021,0.723,-1.16,-0.52,NA,NA,NA,NA,-1.842,0.892
"HND","HONDURAS",1975,-1,0,416.521307238993,3.87351109786733,85.10546875,NA,NA,NA,NA,22.9803390849968,NA,NA,NA,9.36806886959137,3193234,49.8020344898102,NA,45.1825119356415,0,7.06120644485235,161726211.547852,NA,NA,NA,NA,NA,1.7036999464035,NA,57.523,55.759,59.348,NA,NA,NA,NA,1.90391459074733,"Americas","Central America",0.198,-1.457,-1.712,-0.261,1.293,-1.257,-0.145,-0.448,1.099,0.2,0.6,0.6,0.2,0.2,1,0,0,0.4,0.2,0.2,0.2,0.4,0.6,0.062,0.856,-1.788,-2.141,NA,-1.205,-1.745,-1.508,-0.616,-1.021,0.723,-1.16,-0.52,NA,NA,NA,NA,-1.842,0.892
"HND","HONDURAS",1976,-1,0,482.416373927479,15.8203351289005,86.9281311035156,NA,NA,NA,NA,23.8155162650223,NA,NA,NA,9.89114704586925,3294457,49.7894493690463,NA,45.0858868684326,0,4.93681169295732,121023933.410645,NA,NA,NA,NA,NA,NA,NA,58.151,56.317,60.059,NA,NA,NA,NA,1.75816023738872,"Americas","Central America",0.198,-1.457,-1.712,-0.261,1.293,-1.257,-0.145,-0.448,1.099,0.2,0.6,0.6,0.2,0.2,1,0,0,0.4,0,0,0,0.2,0.6,0.063,0.853,-1.788,-1.618,NA,-1.205,-1.745,-1.508,-0.616,-1.021,0.723,-1.16,-0.52,NA,NA,NA,NA,-1.842,0.892
"HND","HONDURAS",1977,-1,0,559.250644740346,15.926961638416,86.3521881103516,NA,NA,NA,NA,24.8066501815121,NA,NA,NA,11.5010259378124,3398655,49.7768381904018,NA,42.3265112853159,0,5.90897183619676,121650337.219238,NA,NA,NA,NA,NA,NA,NA,58.704,56.946,60.532,NA,NA,NA,NA,1.9047619047619,"Americas","Central America",0.198,-1.457,-1.712,-0.261,1.293,-1.257,-0.117,-0.448,1.099,0.2,0.6,0.6,0.2,0.2,1,0,0,0.4,0,0,0,0.2,0.6,0.063,0.853,-1.788,-1.618,NA,-1.205,-1.745,-1.508,-0.616,-1.021,0.723,-1.16,-0.52,NA,NA,NA,NA,-1.842,0.892
"HND","HONDURAS",1978,-1,0,682.834193371888,22.0980610024903,89.3090286254883,NA,NA,NA,71.81882,23.8109163829298,NA,NA,NA,10.2228813736344,3505463,49.763540575513,NA,45.57892757922,0,3.25977384183475,162302322.387695,NA,NA,NA,NA,NA,NA,NA,59.248,57.489,61.077,NA,NA,NA,NA,2.26961558715113,"Americas","Central America",0.16,-1.457,-2.416,-0.261,1.293,-1.257,-0.117,-0.746,1.099,0.2,0.6,0.6,0.2,0.2,1,0,0,0.4,0,0,0,0.2,0.6,0.056,0.88,-1.788,-1.618,NA,-1.205,-1.745,-1.508,-0.616,-1.021,0.723,-1.782,-1.227,NA,NA,NA,NA,-1.842,0.892
"HND","HONDURAS",1979,-1,0,768.717733232899,12.5775101327178,95.0961532592773,NA,NA,NA,75.19104,22.5322969520314,NA,NA,NA,10.3782072042895,3614981,49.7505105142986,NA,47.09777249991,0,3.5313720971425,209941726.68457,NA,NA,NA,NA,NA,NA,NA,59.829,58.073,61.653,NA,NA,NA,NA,2.23954802259887,"Americas","Central America",0.115,-1.727,-2.416,-0.261,0.719,-1.257,-0.117,-0.746,1.099,0.2,0.6,0.6,0.2,0.2,1,0,0,0.4,0,0,0,0.2,0.6,0.055,0.875,-1.788,-1.306,NA,-1.205,-1.745,-1.508,-0.616,-1.021,0.723,-1.782,-1.227,NA,NA,NA,NA,-1.842,0.892
"HND","HONDURAS",1980,1,0,854.374079228412,11.1427566052469,96.5753402709961,NA,42.904369354248,48.4545097351074,75.63177,20.8516518025374,NA,NA,NA,10.9832307499058,3727173,49.7383673899763,NA,48.801972114056,0,3.80349198843763,230149810.791016,NA,NA,NA,NA,NA,1.32410001754761,NA,60.388,58.598,62.254,NA,NA,NA,NA,2.22135619641465,"Americas","Central America",0.184,-0.993,-2.416,-0.261,0.719,-1.048,-0.117,-0.746,1.099,0.2,0.4,0.8,0.8,0.4,1,0,0.2,0.4,0,0.2,0,0.2,0.4,0.075,0.841,-1.948,-0.035,-1.086,-1.205,-1.745,-1.508,-0.616,-1.021,0.723,-1.139,-0.535,NA,NA,-1.229,-0.922,-1.842,0.898
"HND","HONDURAS",1981,4,0,911.505037511277,6.68687869539068,95.7644882202148,NA,NA,NA,NA,19.6941572905363,NA,NA,NA,9.98200925238449,3841778,49.7282377399833,NA,51.2507853104118,0,2.99184449110996,239727508.544922,NA,NA,NA,NA,NA,NA,NA,61.033,59.13,63.036,NA,NA,NA,NA,2.14577052668913,"Americas","Central America",0.184,-0.993,-2.416,-0.261,0.719,-0.37,-0.117,-0.106,1.099,0.2,0.4,0.8,0.8,0.4,1,0,0.2,0.4,0.2,0.4,0,0.2,0.4,0.095,0.8,-1.948,0.368,-1.078,-1.205,-1.745,-1.508,0.395,-1.021,0.443,-0.74,-0.076,-1.607,0.994,-1.229,-0.922,-1.842,0.89
"HND","HONDURAS",1982,6,1,914.30883859664,0.307601271521041,101.706237792969,NA,47.8462104797363,52.7555694580078,85.80698,19.1048487360133,NA,NA,NA,NA,3958728,49.7213498881459,NA,50.8799557949993,0,5.63130161832273,333381011.962891,NA,NA,NA,NA,NA,NA,NA,61.688,59.622,63.885,NA,NA,NA,NA,2.30755984157052,"Americas","Central America",0.184,-0.993,-2.416,-1.943,0.719,-0.37,0.362,-0.403,1.099,0.2,0.4,0.8,0.8,0.4,1,0,0.2,0.4,0.2,0.4,0,0.2,0.4,0.171,0.762,-1.693,0.368,-1.078,-1.205,-1.745,-0.066,0.395,-1.021,0.443,-0.74,-0.076,-1.607,0.994,-1.229,-0.922,-1.842,0.886
"HND","HONDURAS",1983,6,1,941.732746077043,2.99941401884461,103.050621032715,NA,NA,NA,87.31887,18.6249365325279,NA,NA,NA,NA,4078174,49.7186485912568,NA,50.4224655322805,0,2.8390127790165,382289123.535156,NA,NA,NA,NA,NA,NA,NA,62.408,60.121,64.871,NA,NA,NA,NA,2.27494312642184,"Americas","Central America",0.293,-0.993,-0.651,-0.79,0.719,-0.37,0.362,-0.403,1.099,0.2,0.4,0.8,0.8,0.4,1,0,0.2,0.4,0.2,0.4,0.2,0.4,0.4,0.187,0.757,-1.693,0.368,-1.078,-1.205,-1.745,0.478,0.395,-1.021,0.443,-0.74,-0.076,-1.607,0.994,-1.229,-0.922,-1.842,0.886
"HND","HONDURAS",1984,6,1,959.534269081039,1.8902945743526,104.345428466797,NA,51.4166297912598,56.9217681884766,88.30769,18.9930271222611,NA,NA,NA,NA,4199850,49.7175137207281,NA,49.111640487357,0,2.27930064615644,567568115.234375,NA,NA,NA,NA,NA,NA,NA,62.819,60.59,65.219,NA,NA,NA,NA,2.44049412473637,"Americas","Central America",0.293,-0.993,-0.651,-0.79,0.719,-0.026,0.362,-0.403,1.099,0.2,0.4,0.8,0.8,0.4,1,0,0.2,0.4,0.2,0.4,0.2,0.4,0.4,0.187,0.757,-1.693,0.368,-1.078,-1.205,-1.745,0.478,0.395,-1.021,0.443,-0.74,-0.076,-1.607,0.994,-1.229,-0.922,-1.842,0.886
"HND","HONDURAS",1985,5,1,1001.1467980095,4.33674234150219,104.887809753418,NA,NA,NA,NA,18.7417692858628,NA,NA,NA,NA,4323342,49.7142604692711,NA,49.7608760945406,0,1.59092746187417,591936767.578125,NA,NA,NA,NA,NA,1.30949997901917,NA,63.223,61.158,65.436,NA,NA,NA,NA,2.5827723588405,"Americas","Central America",0.293,-0.993,-0.651,-0.79,0.719,-0.026,0.362,-0.403,1.099,0.2,0.4,0.8,0.8,0.4,1,0,0.2,0.4,0.2,0.4,0.2,0.4,0.4,0.19,0.751,-1.545,0.552,-1.089,-1.205,-1.745,0.478,0.395,-1.021,0.443,-0.74,-0.076,-1.607,0.994,-1.229,-0.922,-1.842,0.886
"HND","HONDURAS",1986,5,1,1057.81228119586,5.66005737610342,107.376319885254,NA,NA,NA,88.13968,19.4056649879943,NA,NA,NA,NA,4448899,49.7092763196639,NA,50.5684112109815,0,0.690724499847021,591499389.648438,NA,NA,NA,NA,NA,NA,NA,63.651,61.628,65.821,NA,NA,NA,NA,2.77011946960746,"Americas","Central America",0.337,-0.693,-0.651,-0.79,0.719,-0.026,0.362,-0.101,1.099,0.2,0.4,0.8,0.8,0.4,1,0,0.2,0.4,0.2,0.4,0.2,0.4,0.4,0.194,0.748,-1.545,0.552,-1.089,-1.205,-1.745,0.478,0.395,-1.021,0.443,-0.74,-0.076,-1.607,0.994,-1.229,-0.922,-1.842,0.882
"HND","HONDURAS",1987,5,1,1097.85859892373,3.78576789471545,NA,NA,NA,NA,NA,18.454465849387,NA,NA,NA,NA,4576910,49.703992431575,NA,51.6916096163031,0,0.684142193757436,517878234.863281,NA,NA,NA,NA,NA,NA,NA,64.066,62.061,66.222,NA,NA,NA,NA,2.95003010234798,"Americas","Central America",0.344,-0.693,-0.392,-0.79,0.719,-0.026,0.362,-0.101,1.099,0.2,0.4,0.8,0.8,0.4,1,0,0.2,0.4,0.2,0.4,0.2,0.4,0.4,0.194,0.748,-1.545,0.552,-1.089,-1.205,-1.745,0.478,0.395,-1.021,0.443,-0.74,-0.076,-1.607,0.994,-1.229,-0.922,-1.842,0.882
"HND","HONDURAS",1988,5,1,1039.29410284648,-5.33442978309436,107.204696655273,NA,NA,NA,NA,18.6685848121475,NA,NA,NA,NA,4707677,49.7003299079355,NA,51.1627294976272,0,2.73969677525231,559994201.660156,NA,NA,NA,NA,NA,NA,NA,64.393,62.406,66.537,NA,NA,NA,NA,2.85374554102259,"Americas","Central America",0.344,-0.693,-0.392,0.049,0.719,-0.026,0.362,0.181,1.099,0.2,0.4,0.8,0.8,0.4,1,0,0.2,0.4,0.2,0.4,0.2,0.4,0.4,0.197,0.748,-1.545,0.552,-1.089,-1.205,-1.745,0.478,0.395,-1.021,0.443,-0.74,-0.076,-1.607,0.994,-1.229,-0.922,-1.842,0.882
"HND","HONDURAS",1989,6,1,903.767650161806,-13.0402407089087,NA,NA,NA,NA,NA,18.7831459168958,NA,NA,NA,NA,4841838,49.6972328076171,NA,50.7096082773185,0,2.4580245939776,458666290.283203,NA,NA,NA,NA,NA,NA,NA,64.782,62.822,66.89,NA,NA,NA,NA,2.67079543255274,"Americas","Central America",0.371,-0.693,-0.392,0.049,1.243,-0.026,0.362,0.181,1.099,0.2,0.4,0.8,0.8,0.4,1,0,0.2,0.4,0.2,0.4,0.2,0.4,0.4,0.2,0.749,-1.545,0.552,-1.256,-1.205,-1.745,0.478,0.395,-1.021,0.443,-0.74,-0.076,-1.607,0.994,-1.229,-0.922,-1.842,0.882
"HND","HONDURAS",1990,6,1,749.818113552631,-17.0341941959986,104.161323547363,NA,NA,NA,NA,19.9139104329875,NA,NA,0,NA,4980488,49.692208814118,54.7445182800293,47.6084422477061,0,3.21092333246204,713480102.539063,NA,NA,NA,NA,NA,1.0067000389,NA,65.183,63.218,67.294,NA,NA,NA,NA,2.20148360851878,"Americas","Central America",0.674,1.181,-0.085,0.049,1,-0.026,0.362,0.181,1.099,0.2,0.6,0.8,1,0.6,0.4,0,0,0.6,0.2,0.4,0.2,0.2,0.2,0.258,0.716,-1.545,0.552,-1.256,-1.205,-1.745,0.478,1.165,-1.021,1.056,-0.74,-0.076,-1.607,0.994,-1.229,-0.922,-1.842,0.882
"HND","HONDURAS",1991,6,1,722.000657931123,-3.7098937887362,103.749481201172,NA,64.5960922241211,58.9953804016113,86.26625,19.7401937107558,NA,NA,NA,NA,5123792,49.6858966952601,54.781937,44.898695884282,0,2.70781658118094,502556365.966797,NA,NA,NA,NA,NA,NA,NA,65.584,63.642,67.666,NA,0.414331644773483,NA,NA,1.54468554615668,"Americas","Central America",0.674,1.181,-0.085,0.049,1,0.592,0.362,0.977,1.099,0.2,0.6,0.8,1,0.6,0.4,0,0,0.6,0.2,0.4,0.2,0.2,0.2,0.264,0.717,-1.545,0.552,-1.256,-1.205,-1.904,0.478,1.165,-1.021,1.056,-0.74,-0.076,-1.607,0.994,-1.229,-0.922,-1.842,0.882
"HND","HONDURAS",1992,6,1,782.111518709432,8.32559639911621,107.086723327637,NA,60.991138458252,68.5316314697266,NA,17.7112101292628,NA,NA,NA,NA,5271431,49.6796504933196,58.913112,44.7889001632329,0,2.19178076917636,480846038.818359,NA,NA,NA,NA,NA,NA,NA,65.908,63.928,68.032,NA,0.418171435594559,NA,NA,NA,"Americas","Central America",0.674,1.181,-0.085,0.049,1,0.592,0.128,0.977,1.099,0.2,0.6,0.8,1,0.6,0.4,0,0,0.6,0.2,0.4,0.2,0.2,0.2,0.265,0.714,-1.545,0.552,-1.256,-1.205,-1.904,0.478,1.165,-1.021,1.056,-0.368,-0.076,-1.607,0.994,-1.229,-0.922,-1.842,0.882
"HND","HONDURAS",1993,6,1,772.74224772986,-1.19794565806067,108.232002258301,NA,62.5046195983887,70.9580307006836,87.56326,17.9584363270164,NA,NA,NA,NA,5423249,49.6746600285807,61.100156,43.8015197290122,0,1.83497670451247,444993133.544922,NA,NA,NA,NA,NA,0.8000000119,NA,66.074,64.017,68.287,NA,0.426258414983749,NA,NA,1.15782978535854,"Americas","Central America",0.674,1.181,-0.085,0.049,1,0.592,0.128,0.977,1.099,0.2,0.6,0.8,1,0.6,0.4,0,0,0.6,0.2,0.4,0.2,0.2,0.2,0.26,0.717,-1.545,0.552,-0.978,-1.205,-1.904,0.478,1.165,-1.021,1.056,-0.746,-0.076,-1.607,0.994,-1.229,-0.922,-1.842,0.883
"HND","HONDURAS",1994,6,1,735.886147157389,-4.76952058474165,107.912826538086,NA,64.1946868896484,72.7111434936523,NA,21.3388406292452,NA,NA,NA,NA,5579242,49.67013440177,64.733947,42.4471163454882,0,2.27034903839063,371822540.283203,NA,NA,NA,NA,NA,NA,NA,66.523,64.463,68.738,NA,0.430951863527298,NA,NA,NA,"Americas","Central America",0.712,1.469,-0.085,0.049,1,0.592,0.128,2.054,1.099,0.2,0.6,0.8,1,0.6,0.4,0,0,0.6,0.2,0.4,0.2,0.2,0.2,0.285,0.701,-1.545,0.552,-0.978,-1.205,-1.512,0.478,1.165,-1.021,1.056,-0.746,-0.076,-1.607,0.994,-1.229,-0.922,-1.21,0.835
"HND","HONDURAS",1995,6,1,814.049075569071,10.621606170141,105.599731445312,NA,67.184211730957,68.3212966918945,NA,19.1569324983597,NA,NA,0.0368,NA,5739637,49.6645955720552,66.122022,43.4685478867519,0,2.45297007789003,479635925.292969,NA,NA,NA,NA,NA,NA,NA,66.919,64.873,69.114,NA,0.43252956867218,NA,NA,NA,"Americas","Central America",0.761,1.469,0.696,0.646,1,1.212,0.128,2.054,1.099,0.2,0.6,0.8,1,0.6,0.4,0,0,0.6,0.2,0.4,0.2,0.2,0.2,0.295,0.686,-0.664,0.552,-0.978,-1.205,-1.512,0.478,1.165,-1.021,1.056,-0.746,-0.076,-1.607,0.994,-1.229,-0.922,-1.21,0.79
"HND","HONDURAS",1996,6,1,812.817047602244,-0.151345662540766,105.917282104492,NA,64.215446472168,73.3687210083008,NA,19.7561696780257,NA,NA,0.0437,NA,5903954,49.6579495128095,61.68112,42.6828023415032,0,1.96802150042667,303632751.464844,NA,NA,NA,NA,NA,1.0599999428,NA,67.263,65.213,69.46,NA,0.433800607919693,NA,NA,NA,"Americas","Central America",0.797,1.469,1.229,0.646,1,1.212,0.128,2.054,1.878,0.2,0.6,0.8,1,0.6,0.4,0,0,0.6,0.2,0.4,0.2,0.2,0.2,0.299,0.686,-0.664,0.552,-0.978,-1.205,-1.512,0.478,1.165,-1.021,1.056,-0.746,-0.076,-1.607,0.994,-1.229,-0.922,-1.21,0.79
"HND","HONDURAS",1997,6,1,917.272651200904,12.851059645808,106.000328063965,NA,65.151969909668,73.2403335571289,NA,20.7510920369715,NA,NA,0.171,NA,6071454,49.6508991666742,64.794754,42.5097665450941,0,2.34343118281433,396380279.541016,NA,NA,NA,NA,NA,NA,NA,67.542,65.497,69.733,NA,0.440481781959534,NA,NA,NA,"Americas","Central America",0.797,1.469,1.229,0.646,1,1.212,0.128,2.054,1.878,0.2,0.6,0.8,1,0.6,0.4,0,0,0.6,0.2,0.4,0.2,0.2,0.2,0.3,0.687,-0.664,0.552,-1.412,-1.205,-1.512,0.478,1.165,-1.021,1.056,-0.746,-0.076,-1.607,0.994,-1.229,-0.922,-1.21,0.793
"HND","HONDURAS",1998,6,1,988.655986927253,7.78212842527172,104.974990844727,NA,71.919921875,67.8175201416016,NA,16.8245531210234,NA,NA,0.301,NA,6234431,49.6338238992742,66.859519,44.6403280267828,0,1.85661666214069,435344726.5625,NA,NA,NA,NA,NA,NA,NA,62.432,61.645,63.23,NA,0.443178623914719,NA,NA,NA,"Americas","Central America",0.833,1.9,1.229,0.646,1,1.212,0.128,2.054,1.878,0.2,0.6,0.8,1,0.6,0.4,0,0,0.6,0.2,0.4,0.2,0.2,0.2,0.302,0.696,-0.664,0.552,-1.412,-1.205,-1.512,0.478,1.165,-1.021,1.056,-0.746,-0.076,-1.607,0.994,-1.229,-0.922,-1.21,0.819
"HND","HONDURAS",1999,7,1,999.004383328908,1.04671357261669,104.199028015137,NA,NA,NA,NA,13.9820958376201,NA,NA,0.574,NA,6400463,49.6173869948763,67.394103,45.9546706889637,0,1.68761400222431,1115688476.5625,NA,NA,NA,NA,NA,NA,NA,68.005,65.94,70.224,NA,0.446669369935989,NA,NA,NA,"Americas","Central America",0.833,1.9,1.229,0.646,1,1.212,0.128,2.054,1.878,0.2,0.6,0.8,1,0.6,0.4,0,0,0.6,0.2,0.4,0.2,0.2,0.2,0.312,0.679,-0.664,0.552,-1.412,-1.205,-1.512,0.478,1.165,-1.021,1.056,-0.013,0.008,-1.607,0.994,-1.229,-0.922,-1.597,0.847
"HND","HONDURAS",2000,7,1,1092.56400746252,9.36528664887838,103.204963684082,NA,NA,NA,85.74906,14.3725235386886,44.4,NA,1.20386,NA,6577773,49.6108941430481,67.6167221069336,50.7396802001234,0,1.37113446146867,625649841.308594,NA,NA,NA,NA,6.26817989,0.61,280,68.302,66.227,70.532,NA,NA,NA,NA,0.729929060458941,"Americas","Central America",0.833,1.9,1.229,0.646,1,1.212,-1.481,2.054,1.878,0.2,0.6,0.8,1,0.6,0.4,0,0,0.4,0.2,0.4,0.2,0.2,0.2,0.324,0.656,-0.664,0.552,-1.412,-1.205,-1.351,0.478,1.165,-1.021,1.056,-0.013,0.008,-1.607,0.994,-0.684,-0.76,-1.597,0.847
"HND","HONDURAS",2001,7,1,1132.1648753329,3.62458104055185,NA,NA,NA,NA,NA,13.1659906583333,NA,NA,1.41528,NA,6757993,49.6040022533317,68.8134307861328,53.0189831247039,0,1.43828418297597,885336059.570313,80.0100021362305,79.7900009155273,80.2200012207031,NA,5.92998314,0.6,200,68.491,66.406,70.732,4.50090213672,0.466432303190231,NA,NA,0.822610515328626,"Americas","Central America",0.833,1.9,1.229,0.646,1,1.212,-1.481,2.054,1.878,0.2,0.6,0.8,1,0.6,0.4,0,0,0.4,0.2,0.4,0.2,0.2,0.2,0.326,0.655,-0.664,0.552,-0.955,-1.205,-1.351,0.478,1.165,-1.021,1.056,-0.013,0.008,-1.607,0.994,-0.684,-0.76,-1.597,0.845
"HND","HONDURAS",2002,7,1,1132.49965345317,0.0295697320738258,NA,NA,NA,NA,NA,12.1834127398259,44.4,NA,2.5974,NA,6938859,49.5968573507546,63.141137,54.8404928208995,0,1.37053917605775,553922119.140625,NA,NA,NA,NA,6.2445755,0.59,161,68.714,66.631,70.953,3.83731942423,0.457226097583771,NA,NA,0.809187514419362,"Americas","Central America",0.833,1.9,1.229,0.646,1,1.212,-1.481,2.054,1.878,0.2,0.6,0.8,1,0.6,0.4,0,0,0.4,0.2,0.4,0.2,0.2,0.2,0.327,0.652,-0.664,0.552,-0.955,-1.205,-1.497,0.478,1.165,-1.021,1.056,-0.013,0.008,-1.607,0.994,-0.684,-0.76,-1.341,0.805
"HND","HONDURAS",2003,7,1,1156.08162681357,2.08229409064232,108.33374786377,NA,74.2536773681641,79.6136474609375,85.74802,11.6140985227332,NA,NA,4.8,13.7464657766749,7119213,49.5901723968647,65.090464,55.6632996727299,0,1.21682443039075,437448913.574219,NA,NA,NA,NA,6.89004707,0.59,133,68.874,66.763,71.146,5.07256761755,0.454188913106918,NA,NA,0.998264922159563,"Americas","Central America",0.853,1.9,1.722,0.646,1,1.212,-1.481,2.054,1.878,0.2,0.6,0.8,1,0.6,0.4,0,0,0.4,0.2,0.4,0.2,0.2,0.2,0.334,0.652,-0.664,0.552,-0.955,-1.205,-1.497,0.478,1.165,-1.021,1.056,-0.013,0.008,-1.607,0.994,-0.684,-0.76,-1.341,0.805
"HND","HONDURAS",2004,7,1,1215.13995412761,5.10849112590939,106.424087524414,NA,NA,NA,85.2252,12.1707041468662,43.24,NA,5.6,14.4958593254183,7298994,49.5844427897265,67.113528,56.0255715678838,0,1.17065229457115,690870178.222656,NA,NA,NA,NA,6.85484362,0.59,108,69.05,66.925,71.337,5.85017212475,0.454931646585464,NA,NA,0.682692754206461,"Americas","Central America",0.853,1.9,1.722,0.646,1,1.212,-1.481,2.054,1.878,0.2,0.6,0.8,1,0.6,0.4,0,0,0.4,0.2,0.4,0.2,0.2,0.2,0.334,0.652,-0.664,0.552,-0.955,-1.205,-1.497,0.478,1.165,-1.021,1.056,-0.013,0.008,-1.607,0.994,-0.684,-0.76,-1.341,0.805
"HND","HONDURAS",2005,7,1,1304.70039153826,7.37038043284062,102.47428894043,NA,73.5249481201172,79.3869018554688,82.83074,12.4709247586633,NA,NA,6.5,14.5349539639745,7478355,49.5796401186678,68.903309,56.396934051856,0.000132246235034757,1.19616286119396,768228637.695313,NA,NA,NA,23.4043960571289,7.50086403,0.59,92,69.198,67.067,71.493,4.62801824015,0.459995657205582,95.1054632663727,79.715222120285,0.641478464457184,"Americas","Central America",0.853,1.9,1.722,0.646,1,1.212,-1.481,2.054,1.878,0.2,0.6,0.8,1,0.6,0.4,0,0,0.4,0.2,0.4,0.2,0.2,0.2,0.33,0.652,-0.664,0.552,-1.353,-1.205,-1.497,0.478,1.165,-1.021,1.056,-0.013,0.008,-1.607,0.994,-0.684,-0.76,-1.341,0.807
"HND","HONDURAS",2006,7,1,1425.84780051892,9.28545816084454,105.866416931152,NA,78.9242324829102,84.671272277832,86.78015,11.8565791514775,40.9,NA,7.8,15.2383560846971,7656832,49.5760387585884,71.266448,56.95227061196,0.00287259146590747,1.9388652088634,585137695.3125,NA,NA,NA,NA,7.86318684,0.54,84,69.364,67.186,71.714,3.48639036617,0.455786883831024,NA,NA,0.692430000775615,"Americas","Central America",0.853,1.9,1.613,0.646,1,1.212,-1.481,2.054,1.485,0.2,0.6,0.8,1,0.6,0.4,0,0,0.4,0.2,0.4,0.2,0.2,0.2,0.316,0.64,-0.452,0.552,-1.353,-1.205,-1.497,0.704,1.165,-1.021,0.943,0.294,0.008,-1.607,0.994,-0.684,-0.76,-1.341,0.812
"HND","HONDURAS",2007,7,1,1577.73789197407,10.6526160365694,100.833831787109,NA,NA,NA,81.51275,11.9110474415928,NA,NA,9.4,16.3850005480222,7834798,49.5733265873606,73.548187,58.3423528646146,0.00266481464163262,1.66136160268053,450639251.708984,83.5899963378906,83.75,83.4499969482422,NA,8.08494949,0.56,69,69.539,67.36,71.886,3.01043789009,0.453997910022736,NA,NA,0.776008264862645,"Americas","Central America",0.853,1.9,1.613,0.646,1,1.212,-1.454,2.054,1.485,0.2,0.6,0.8,1,0.6,0.4,0,0,0.4,0.2,0.4,0.2,0.2,0.2,0.315,0.64,-0.411,0.552,-1.353,-1.205,-1.569,0.704,1.165,-1.021,0.943,0.477,0.008,-1.607,0.994,-0.684,-0.76,-1.341,0.821
"HND","HONDURAS",2008,7,1,1732.49062702803,9.80851989682095,101.453086853027,NA,77.8569564819336,83.7204437255859,84.95118,12.1501702062634,38.56,NA,9.6,16.1305159842983,8012587,49.5712308646384,76.396899,59.6398707552753,0.00328789149827597,1.20679031927745,487004974.365234,NA,NA,NA,NA,8.60362625,0.52,67,69.657,67.47,72.011,2.96874082947,0.455635756254196,NA,NA,0.953978556250972,"Americas","Central America",0.853,1.9,1.613,0.646,1,1.212,-0.998,2.054,1.485,0.2,0.6,0.8,1,0.6,0.4,0,0,0.4,0.2,0.4,0.2,0.2,0.2,0.319,0.638,-0.411,0.552,-1.353,-1.205,-1.569,0.704,1.165,-1.021,0.943,0.477,0.008,-1.607,0.601,-0.358,-0.76,-1.415,0.825
"HND","HONDURAS",2009,7,0,1781.15703614674,2.80904314052156,99.5311126708984,NA,80.4319076538086,85.4394683837891,84.14619,10.8250414864446,NA,NA,9.8,14.1619701907107,8189899,49.5697992819935,78.269685,61.0644184532867,0.00155437298676852,1.16441147896911,467299713.134766,NA,NA,NA,NA,8.99592495,0.55,66,69.823,67.636,72.174,3.16615210747,0.456616103649139,NA,NA,1.07491069621038,"Americas","Central America",0.738,1.455,0.491,0.929,1,1.212,-0.693,1.852,1.757,0.2,0.6,0.8,1,0.6,0.4,0,0,0.4,0.2,0.4,0.2,0.2,0.2,0.278,0.645,-0.786,0.552,-1.558,-1.205,-1.569,-0.322,0.398,-1.021,0.171,1.251,0.706,-1.607,0.601,0.538,-0.277,-1.415,0.84
"HND","HONDURAS",2010,7,1,1893.32722662035,6.29760252449571,99.4327616233952,NA,83.656962515709,89.3590375702593,84.76193,11.5912204379757,36.22,NA,11.09,14.4250984008607,8365878,49.5691605315259,80.984668,60.6354456940853,0.00202226357199669,2.36463288147641,397402160.644531,84.7600021362305,84.7900009155273,84.7300033569336,NA,8.72536373,0.61,62,69.77,67.557,72.149,4.06609345206,0.455466568470001,NA,NA,1.07445720815541,"Americas","Central America",0.766,1.455,0.779,0.746,1,1.354,-0.618,1.952,2.018,0.385,0.6,0.8,1,0.415,0.956,0,0.185,0.4,0.015,0.215,0.015,0.015,0.57,0.235,0.681,-0.91,0.529,-1.558,-1.205,-1.488,-0.221,1.072,-1.016,0.98,-0.033,-0.095,-1.607,0.967,-0.616,-0.801,-1.239,0.842
"HND","HONDURAS",2011,7,1,2073.66121088074,9.52471298806027,97.6766786028118,NA,84.4888617072538,90.3032883658815,85.94403,14.2196558016976,NA,NA,15.9,14.7879787886259,8540583,49.5695902727015,82.195298,58.2063339221402,0.00286503605284088,1.7044807548954,373366424.560547,85.120002746582,85.3399963378906,84.9300003051758,23.6040630340576,8.79187012,0.57,66,70.116,67.85,72.552,4.29244091468,0.455407708883286,97.3265767097473,87.8348886966705,1.13130910330426,"Americas","Central America",0.791,1.685,0.914,0.829,1,1.354,-0.711,1.952,2.018,0.4,0.6,0.8,1,0.4,1,0,0.2,0.4,0,0.2,0,0,0.6,0.245,0.682,-0.91,0.529,-1.558,-1.205,-1.491,-0.005,1.072,-1.016,0.98,0.149,-0.095,-1.955,0.967,-0.616,-0.801,-1.239,0.842
"HND","HONDURAS",2012,7,1,2126.03474686503,2.52565538234886,94.1871653490279,NA,81.9794992132573,88.4374049285062,82.9426,13.5662940347061,33.88,NA,18.12,14.7474723155071,8715076,49.5709332229652,83.607727,58.6183421267834,0.00263152834451521,1.63060548730794,597735839.84375,85.3600006103516,85.6999969482422,85.0500030517578,NA,8.65655136,0.61,59,70.46,68.172,72.912,3.61833271106,0.459352552890778,NA,NA,1.13179437578958,"Americas","Central America",0.799,1.685,0.949,1.065,1,1.354,-0.758,1.952,2.018,0.4,0.6,0.8,1,0.4,1,0,0.2,0.4,0,0.2,0,0,0.6,0.239,0.708,-0.91,0.497,-1.558,-1.205,-1.491,-0.005,0.541,-1.016,0.335,0.324,-0.095,-1.955,0.967,-0.616,-0.801,-1.239,0.842
"HND","HONDURAS",2013,7,1,2081.12843527945,-2.1122096735153,90.5529233749786,NA,76.3843147189751,81.5179830914444,79.47982,12.1911279403961,NA,NA,17.8,15.0632419077525,8889278,49.5731374359087,87.184881,60.9736192281605,0.00240288964006385,1.78208817924239,663283996.582031,85.4599990844727,85.6699981689453,85.2799987792969,NA,8.47723007,0.64,55,70.765,68.447,73.242,3.95085703138,0.466539680957794,NA,NA,1.3795353155606,"Americas","Central America",0.799,1.685,0.949,1.317,1,1.354,-0.962,1.952,2.018,0.4,0.6,0.8,1,0.4,1,0,0.2,0.4,0,0.2,0,0,0.6,0.253,0.684,-0.91,0.434,-1.529,-1.205,-1.491,-0.005,1.252,-1.01,1.15,-0.332,-0.095,-1.955,0.967,-0.616,-0.71,-1.239,0.841
"HND","HONDURAS",2014,7,1,2179.88171977271,4.74517972169264,89.4033670410587,NA,73.2096763968011,77.2883832585325,79.18979,12.5383501333105,31.54,NA,23,16.5426382431714,9063122,49.5764098092898,88.653773,60.1539431811467,0.00205052417069276,2.2661279184441,641886657.714844,87.1999969482422,87.4000015258789,87.0299987792969,NA,7.91455746,0.61,49,71.032,68.691,73.527,5.26642815476,0.536451518535614,NA,NA,1.19271597688079,"Americas","Central America",0.792,1.685,0.91,1.208,1,1.354,-1.089,1.952,2.018,0.4,0.6,0.8,1,0.4,1,0,0.2,0.4,0,0.2,0,0,0.6,0.267,0.691,-0.974,0.251,-1.529,-1.205,-1.491,-0.005,1.252,-1.01,1.15,-0.332,-0.095,-1.955,0.967,-0.616,-0.71,-1.239,0.839
"HND","HONDURAS",2015,7,1,2271.20265980349,4.18926124305047,89.2421539364839,NA,NA,NA,77.96419,12.2159784468116,NA,NA,27.1395,17.3444720606978,9237305,49.5805757198663,89.98171,58.8330670461585,0,1.56846231223826,633074951.171875,87.9100036621094,87.9199981689453,87.8899993896484,NA,7.4837904,0.6,49,71.323,68.966,73.827,NA,0.536751091480255,NA,NA,1.35173104039659,"Americas","Central America",0.792,1.685,0.91,1.208,1,1.245,-0.997,2.134,2.018,0.4,0.6,0.8,1,0.4,1,0,0.2,0.4,0,0.2,0,0,0.6,0.242,0.748,-0.974,0.251,-1.529,-1.205,-1.491,-0.556,0.585,-1.01,0.366,-0.58,-0.095,-1.955,0.567,-0.616,-0.71,-1.239,0.839
"HND","HONDURAS",2016,7,1,2307.34468351082,1.5913165455018,88.6465188864987,NA,77.3622369979051,79.4153040953545,79.58265,12.0499014058464,31.5,NA,29.5282,NA,9412380,49.5854289775806,87.5766296386719,58.3803820722578,0,2.01566335667541,485669281.005859,88.9899978637695,89.0500030517578,88.9300003051758,NA,7.709445,0.63,48,71.615,69.22,74.155,NA,0.541140377521515,NA,NA,1.53155567439147,"Americas","Central America",0.792,1.685,0.91,1.342,1,1.245,-1.06,2.134,2.018,0.4,0.6,0.8,1,0.4,1,0,0.2,0.4,0,0.2,0,0,0.6,0.252,0.72,-0.974,0.251,-1.529,-1.205,-1.491,-0.556,1.253,-1.01,0.921,-0.544,-0.261,-1.955,0.567,-0.616,-0.71,-1.239,0.839
"HND","HONDURAS",2017,7,0,2413.0076562942,4.57941865116594,87.1120951772099,NA,78.0801637636393,80.6937856355709,80.09489,12.6697681094878,NA,NA,31.7358,NA,9588137,49.5912813928295,NA,56.8495021190534,0.000765798419038962,1.72906722467945,508050140.380859,NA,NA,NA,NA,7.00668859,0.64,46,71.805,69.367,74.385,NA,0.543468832969666,NA,NA,1.58983296006831,"Americas","Central America",0.78,1.685,0.636,1.012,1,1.245,-0.873,2.134,1.617,0.4,0.6,0.8,1,0.4,1,0,0.2,0.4,0,0.2,0,0,0.6,0.241,0.734,-0.974,-0.419,-1.875,-1.205,-1.491,-0.786,1.052,-1.01,0.921,-0.544,-0.261,-1.516,0.567,-0.616,-0.607,-1.164,0.837
"HND","HONDURAS",2018,7,0,2464.64241531918,2.13985060885711,NA,NA,NA,NA,NA,11.6101604613644,31.5,NA,36.0401,NA,9765210,49.5978939932788,NA,57.338998468411,0.00116801901211893,1.07184110988038,736474975.585938,87.2099990844727,87.1399993896484,87.2699966430664,NA,7.22820663,0.65,45,72.001,69.538,74.6,NA,0.545963644981384,NA,NA,1.48969667029328,"Americas","Central America",0.886,2.378,1.542,1.125,1,1.245,-0.971,2.134,1.617,0.4,0.6,0.8,1,0.4,1,0,0.2,0.4,0,0.2,0,0,0.6,0.232,0.704,-1.331,-0.06,-1.875,-1.205,-1.491,0.222,1.288,-0.978,0.921,-0.544,-0.261,-1.427,0.567,-0.396,-0.589,-1.164,0.876
"HND","HONDURAS",2019,NA,0,2502.32744328073,1.52902618762526,85.3644845988859,NA,74.1112984204933,79.0690520365688,NA,10.6380334094751,NA,NA,39.3884,NA,9943633,49.6050236764547,NA,58.0719777904225,0.000896860644806353,0.916855208806467,502880737.304688,88.5100021362305,88.25,88.7300033569336,NA,7.34316635,0.65,38,72.124,69.651,74.726,NA,0.547649800777435,NA,NA,1.57817708956802,"Americas","Central America",0.886,2.378,1.542,0.952,1,1.245,-0.638,2.134,1.617,0.4,0.6,0.8,1,0.4,1,0,0.2,0.4,0,0.2,0,0,0.6,0.231,0.699,-1.263,0.519,-1.875,-1.205,-1.491,0.222,1.054,-0.907,0.921,-0.485,-0.261,-1.427,0.567,-0.536,-0.846,-1.164,0.87
"HND","HONDURAS",2020,NA,0,2307.61494319511,-7.78125583078521,83.6552990388855,NA,73.8815248194533,78.9437848827174,NA,12.1880671407553,NA,NA,45.2483,15.0661315517441,10119640,49.616814432134,NA,58.9644517176275,0.000445541908214536,1.23326098347167,1282998779.29688,NA,NA,NA,NA,9.21912384,0.71,38,70.864,68.172,73.814,NA,NA,NA,NA,1.4667972724004,"Americas","Central America",0.886,2.378,1.542,0.952,1,1.408,-0.765,2.134,1.617,0.4,0.6,0.8,1,0.4,1,0,0.2,0.4,0,0.2,0,0,0.6,0.232,0.684,-1.283,0.519,-1.875,-0.726,-1.491,0.222,1.12,-0.907,0.921,-0.485,-0.261,-1.427,0.567,-0.479,-0.846,-1.164,0.873
"MEX","MEXICO",1960,-6,0,355.075199563018,NA,NA,NA,NA,NA,NA,NA,NA,NA,NA,NA,36724615,49.9968018725315,NA,NA,NA,NA,58163368.2250977,NA,NA,NA,NA,NA,NA,NA,53.573,51.937,55.293,NA,NA,NA,NA,0.673508659397049,"Americas","Central America",0.248,-0.061,-1.045,-0.136,-2.524,-0.708,-1.205,0.337,-2.701,0.111,0.333,1,0.667,0.778,0.556,0,0,0.556,0.444,0.556,0.556,0.444,0,0.106,0.867,-0.986,-0.923,-3.085,-2.243,-0.886,0.334,-1.055,-0.539,0.522,-1.241,-1.149,-2.524,0.902,-2.846,-1.674,-0.908,0.906
"MEX","MEXICO",1961,-6,0,373.712216995471,5.24875222358226,NA,NA,NA,NA,NA,NA,NA,NA,NA,NA,37890118,49.9970942291602,NA,NA,NA,NA,658551025.390625,NA,NA,NA,NA,NA,NA,NA,54.422,53.003,55.894,NA,NA,NA,NA,0.651780325890163,"Americas","Central America",0.262,-0.061,-0.826,-0.136,-2.524,-0.708,-1.205,0.337,-2.701,0.111,0.333,1,0.667,0.778,0.556,0,0,0.556,0.444,0.556,0.556,0.444,0,0.106,0.868,-0.986,-0.923,-2.658,-2.243,-0.886,0.334,-1.055,-0.539,0.522,-1.241,-1.149,-2.524,0.902,-2.846,-1.674,-0.908,0.897
"MEX","MEXICO",1962,-6,0,388.456702411498,3.94541166852077,NA,NA,NA,NA,NA,NA,NA,NA,NA,NA,39129200,49.9937961932829,NA,NA,NA,NA,299868499.755859,NA,NA,NA,NA,NA,NA,NA,55.057,53.629,56.54,NA,NA,NA,NA,0.689655172413793,"Americas","Central America",0.262,-0.061,-0.826,-0.136,-2.524,-0.708,-1.205,0.337,-2.701,0.111,0.333,1,0.667,0.778,0.556,0,0,0.556,0.444,0.556,0.556,0.444,0,0.106,0.868,-0.986,-0.923,-2.658,-2.243,-0.886,0.334,-1.055,-0.539,0.522,-1.241,-1.149,-2.524,0.902,-2.846,-1.674,-0.908,0.888
"MEX","MEXICO",1963,-6,0,419.552066324849,8.00484680025195,NA,NA,NA,NA,NA,NA,NA,NA,NA,NA,40424065,49.9904017567358,NA,NA,NA,NA,36600143.4326172,NA,NA,NA,NA,NA,NA,NA,55.501,54.013,57.047,NA,NA,NA,NA,0.718685831622177,"Americas","Central America",0.262,-0.061,-0.826,-0.136,-2.524,-0.708,-1.205,0.337,-2.701,0.111,0.333,1,0.667,0.778,0.556,0,0,0.556,0.444,0.556,0.556,0.444,0,0.106,0.868,-0.986,-0.923,-2.658,-2.243,-0.886,0.334,-1.055,-0.539,0.522,-1.241,-1.149,-2.524,0.902,-2.846,-1.674,-0.908,0.888
"MEX","MEXICO",1964,-6,0,480.704214437745,14.5755802488522,NA,NA,NA,NA,NA,NA,NA,NA,NA,NA,41772049,49.9894127769504,NA,NA,NA,NA,-125954795.837402,NA,NA,NA,NA,NA,NA,NA,55.916,54.204,57.712,NA,NA,NA,NA,0.677506775067751,"Americas","Central America",0.262,-0.061,-0.826,-0.136,-2.524,-0.708,-1.205,0.337,-2.701,0.111,0.333,1,0.667,0.778,0.556,0,0,0.556,0.444,0.556,0.556,0.444,0,0.105,0.867,-0.986,-0.923,-2.599,-2.243,-0.886,0.334,-1.055,-0.539,0.522,-1.241,-1.149,-2.524,0.902,-2.846,-1.674,-0.908,0.888
"MEX","MEXICO",1965,-6,0,505.854419498816,5.23195019009515,NA,NA,NA,NA,NA,13.1492307692308,NA,NA,NA,NA,43174477,49.9917069059111,NA,56.8880586080586,NA,NA,381479705.810547,NA,NA,NA,NA,NA,NA,NA,56.688,54.81,58.665,NA,NA,NA,NA,0.591269841269841,"Americas","Central America",0.262,-0.061,-0.826,-0.136,-2.524,-0.708,-1.205,0.337,-2.701,0.111,0.333,1,0.667,0.778,0.556,0,0,0.556,0.444,0.556,0.556,0.444,0,0.105,0.866,-0.986,-0.923,-2.599,-2.243,-0.886,0.334,-1.055,-0.539,0.522,-1.241,-1.149,-2.524,0.902,-2.846,-1.674,-0.908,0.889
"MEX","MEXICO",1966,-6,0,544.935854193449,7.72582648054229,NA,NA,NA,NA,NA,12.0930592105263,NA,NA,NA,NA,44629106,49.9947254152929,NA,57.6705921052632,NA,NA,258999847.412109,NA,NA,NA,NA,NA,NA,NA,57.355,55.448,59.36,NA,NA,NA,NA,0.576379066478076,"Americas","Central America",0.262,-0.061,-0.826,-0.136,-2.524,-0.708,-1.205,0.337,-2.701,0.111,0.333,1,0.667,0.778,0.556,0,0,0.556,0.444,0.556,0.556,0.444,0,0.105,0.866,-0.986,-0.923,-2.599,-2.243,-0.886,0.334,-1.055,-0.539,0.522,-1.241,-1.149,-2.524,0.902,-2.846,-1.674,-0.908,0.889
"MEX","MEXICO",1967,-6,0,575.769037534418,5.65813078799975,NA,NA,NA,NA,NA,11.746234939759,NA,NA,NA,NA,46129608,49.9995100760449,NA,56.8704819277108,NA,NA,271671051.025391,NA,NA,NA,NA,NA,NA,NA,57.959,55.796,60.256,NA,NA,NA,NA,0.545217107411035,"Americas","Central America",0.262,-0.061,-0.826,-0.136,-2.524,-0.708,-1.205,0.337,-2.701,0.111,0.333,1,0.667,0.778,0.556,0,0,0.556,0.444,0.556,0.556,0.444,0,0.106,0.867,-0.986,-0.923,-2.595,-2.243,-0.886,0.334,-1.055,-0.539,0.522,-1.241,-1.149,-2.524,0.902,-2.846,-1.674,-0.908,0.888
"MEX","MEXICO",1968,-6,0,615.922912128842,6.97395517591091,NA,NA,NA,NA,NA,10.9207901907357,NA,NA,NA,NA,47668303,50.005027449792,NA,57.0484741144414,NA,NA,191009399.414063,NA,NA,NA,NA,NA,NA,NA,58.22,56.135,60.417,NA,NA,NA,NA,0.548510763786494,"Americas","Central America",0.212,-0.061,-1.683,-0.136,-2.524,-0.268,-1.205,0.337,-2.701,0.111,0.333,1,0.667,0.778,0.556,0,0,0.556,0.444,0.556,0.556,0.444,0,0.106,0.867,-0.986,-0.923,-2.595,-2.243,-0.886,0.334,-1.055,-0.539,0.522,-1.241,-1.149,-2.524,0.902,-2.846,-1.674,-0.908,0.888
"MEX","MEXICO",1969,-6,0,659.71750685117,7.11040194477566,NA,NA,NA,NA,NA,10.447684729064,NA,NA,NA,NA,49233194,50.0085257521283,NA,57.0667733990148,NA,NA,143034286.499023,NA,NA,NA,NA,NA,NA,NA,58.413,56.355,60.572,NA,NA,NA,NA,0.600160042678047,"Americas","Central America",0.238,0.159,-1.683,-0.136,-2.524,-0.268,-1.205,0.337,-2.701,0.111,0.333,1,0.667,0.778,0.556,0,0,0.556,0.444,0.556,0.556,0.444,0,0.107,0.867,-0.986,-0.923,-2.595,-2.243,-0.886,0.334,-1.055,-0.539,0.522,-1.241,-1.149,-2.524,0.902,-2.846,-1.674,-0.908,0.888
"MEX","MEXICO",1970,-6,0,699.006845485029,5.95547915976747,NA,NA,NA,NA,NA,12.1205630630631,NA,NA,NA,NA,50814953,50.0092984442847,NA,52.4616441441441,0.204288512529996,0.904373570760262,221427413.94043,NA,NA,NA,NA,NA,NA,NA,58.893,57.012,60.845,NA,NA,NA,NA,0.497411658789106,"Americas","Central America",0.261,0.241,-1.489,-0.136,-2.524,0.036,-1.205,0.337,-1.534,0.222,0.333,1,0.778,0.778,0.556,0,0,0.556,0.444,0.556,0.556,0.444,0,0.108,0.866,-0.986,-0.923,-2.585,-2.243,-0.886,0.39,-1.055,-0.539,0.522,-1.241,-1.149,-2.524,0.902,-2.846,-1.674,-0.908,0.886
"MEX","MEXICO",1971,-6,0,747.912361003254,6.99642869509959,NA,NA,NA,NA,80.76854,12.0029591836735,NA,NA,NA,NA,52412558,50.0082499312474,NA,53.5279591836735,0.299015550436243,0.84721224750404,120142425.537109,NA,NA,NA,NA,NA,NA,NA,59.415,57.501,61.395,NA,NA,NA,NA,0.487655580493777,"Americas","Central America",0.293,0.241,-1.489,-0.136,-1.896,0.036,-0.586,0.337,-1.534,0.222,0.333,1,0.667,0.778,0.556,0,0,0.556,0.444,0.556,0.556,0.444,0,0.107,0.865,-0.986,-0.923,-2.585,-2.243,-0.886,0.39,-1.055,-0.539,0.522,-1.241,-1.149,-2.524,0.902,-2.846,-1.674,-0.754,0.874
"MEX","MEXICO",1972,-6,0,836.569673446138,11.8539707411653,NA,NA,NA,NA,NA,10.9473451327434,NA,NA,NA,7.61061946902655,54030168,50.0078030481045,NA,54.2833451327434,0.31456660350112,0.879528412981008,131194854.736328,NA,NA,NA,NA,NA,NA,NA,60.051,58.101,62.061,NA,NA,NA,NA,0.53656808925093,"Americas","Central America",0.296,0.241,-1.391,-0.136,-1.896,0.036,-0.586,0.337,-1.534,0.222,0.333,1,0.667,0.778,0.556,0,0,0.556,0.444,0.556,0.556,0.444,0,0.109,0.865,-0.986,-0.923,-2.585,-2.243,-0.886,0.39,-1.055,-0.539,0.522,-1.241,-1.149,-2.524,0.902,-2.846,-1.674,-0.754,0.874
"MEX","MEXICO",1973,-6,0,993.042879548426,18.7041451619585,NA,NA,NA,NA,NA,11.5307380607815,NA,NA,NA,7.09117221418234,55667284,50.0101980904978,NA,53.7510709117221,0.471736151765772,1.42685936659417,67406234.7412109,NA,NA,NA,NA,NA,NA,NA,60.518,58.327,62.788,NA,NA,NA,NA,0.54421768707483,"Americas","Central America",0.296,0.241,-1.391,-0.136,-1.896,0.036,-0.586,0.337,-1.534,0.222,0.333,1,0.667,0.778,0.556,0,0,0.556,0.444,0.556,0.556,0.444,0,0.109,0.865,-0.986,-0.923,-2.593,-2.243,-0.886,0.39,-1.055,-0.539,0.522,-1.241,-1.149,-2.524,0.902,-2.846,-1.674,-0.754,0.874
"MEX","MEXICO",1974,-6,0,1256.10280601329,26.4902887763001,NA,NA,NA,NA,NA,11.4785555555556,NA,NA,NA,8,57320149,50.0162360010613,NA,53.0233333333333,2.57282025355611,3.71235452307938,104714706.420898,NA,NA,NA,NA,NA,NA,NA,61.18,58.827,63.624,NA,NA,NA,NA,0.565744136934534,"Americas","Central America",0.296,0.241,-1.391,-0.136,-1.896,0.036,-0.586,0.337,-1.534,0.222,0.333,1,0.667,0.778,0.556,0,0,0.556,0.444,0.556,0.556,0.444,0,0.108,0.864,-0.986,-0.923,-2.593,-2.243,-0.886,0.39,-1.055,-0.539,0.522,-1.241,-1.149,-2.524,0.902,-2.846,-1.674,-0.754,0.873
"MEX","MEXICO",1975,-6,0,1491.97048611111,18.7777368992936,NA,NA,NA,NA,NA,11.1387545454545,NA,NA,NA,9.18181818181818,58982400,50.0242826677837,NA,52.6130909090909,2.49010737213211,3.25262340310195,85301193.2373047,NA,NA,NA,NA,NA,NA,NA,61.883,59.353,64.522,NA,NA,NA,NA,0.573584219616398,"Americas","Central America",0.296,0.241,-1.391,-0.136,-1.896,0.036,-0.586,0.337,-1.534,0.222,0.333,1,0.667,0.778,0.556,0,0,0.556,0.444,0.556,0.556,0.444,0,0.108,0.864,-0.986,-0.923,-2.593,-2.243,-0.886,0.39,-1.055,-0.539,0.522,-1.241,-1.149,-2.524,0.902,-2.846,-1.674,-0.754,0.873
"MEX","MEXICO",1976,-6,0,1465.49877862474,-1.77427822686826,NA,NA,NA,NA,NA,10.617928519329,NA,NA,NA,9.04449307075128,60645512,50.0330280004891,NA,53.7261925601751,2.98705970420645,3.69735883669836,78843620.300293,NA,NA,NA,NA,NA,NA,NA,62.475,59.868,65.193,NA,NA,NA,NA,0.598103574033552,"Americas","Central America",0.316,0.241,-1.114,-0.136,-1.896,0.036,-0.586,0.337,-1.534,0.222,0.333,1,0.667,0.778,0.556,0,0,0.556,0.444,0.556,0.556,0.444,0,0.111,0.86,-0.986,-0.923,-2.596,-2.243,-0.886,0.39,-1.055,-0.539,0.522,-1.241,-1.149,-2.524,0.902,-2.846,-1.674,-0.436,0.855
"MEX","MEXICO",1977,-3,0,1314.62044481645,-10.2953571854818,NA,NA,NA,NA,88.42588,10.5159707950243,NA,NA,NA,9.95132504056247,62308493,50.0421627908388,NA,52.7403028664143,3.33624660345827,4.1214757580435,58758575.4394531,NA,NA,NA,NA,NA,NA,NA,62.988,60.236,65.865,NA,NA,NA,NA,0.53425620505056,"Americas","Central America",0.374,0.241,-0.662,-0.136,-1.273,0.036,-0.586,0.337,-1.534,0.222,0.333,1,0.778,0.778,0.556,0,0,0.556,0.333,0.556,0.556,0.333,0,0.12,0.862,-0.986,-0.923,-2.596,-2.243,-0.886,0.39,-1.055,-0.539,0.522,-1.241,-1.149,-2.524,0.902,-2.846,-1.674,-0.436,0.86
"MEX","MEXICO",1978,-3,0,1604.40920452482,22.0435305757649,NA,NA,NA,NA,NA,10.2694822421908,NA,NA,NA,10.7402652973898,63979046,50.052503127352,NA,53.022648694908,3.62012996831848,4.2123739708233,46300491.3330078,NA,NA,NA,NA,NA,NA,NA,63.435,60.531,66.478,NA,NA,NA,NA,0.504834431419526,"Americas","Central America",0.374,0.241,-0.662,-0.136,-1.273,0.036,-0.586,0.337,-1.534,0.222,0.333,1,0.778,0.778,0.556,0,0,0.556,0.333,0.556,0.556,0.333,0,0.126,0.86,-0.986,-0.923,-2.596,-2.243,-0.886,0.39,-1.055,-0.539,0.522,-1.241,-1.149,-2.524,0.902,-2.846,-1.674,-0.315,0.849
"MEX","MEXICO",1979,-3,0,2049.26468871816,27.7270588412694,NA,NA,NA,NA,NA,9.18270860495437,NA,NA,NA,11.3428943937419,65648865,50.0644824542742,NA,52.8807692307692,8.71636010453775,9.65035025050689,179254165.649414,NA,NA,NA,NA,NA,NA,NA,63.862,60.811,67.068,NA,NA,NA,NA,0.505297473512632,"Americas","Central America",0.374,0.241,-0.662,-0.136,-1.273,0.036,-0.586,0.337,-1.534,0.222,0.333,1,0.778,0.778,0.556,0,0,0.556,0.333,0.556,0.556,0.333,0,0.126,0.861,-0.986,-0.923,-2.592,-2.243,-0.886,0.39,-1.055,-0.539,0.522,-1.241,-1.149,-2.524,0.902,-2.846,-1.674,-0.315,0.854
"MEX","MEXICO",1980,-3,0,3054.62162291784,49.0593987069842,NA,NA,NA,NA,NA,6.31871398387393,NA,NA,NA,11.4238504988874,67300334,50.0782484960885,NA,59.8809312621193,9.61731417060257,10.690166307154,161195495.605469,82.9899978637695,86.2399978637695,79.8899993896484,NA,NA,0.699999988079071,NA,64.282,61.11,67.622,NA,NA,NA,NA,0.416107382550336,"Americas","Central America",0.374,0.241,-0.662,-0.136,-1.273,0.036,-0.703,0.337,-1.534,0.111,0.222,1,0.889,0.778,0.556,0,0.111,0.444,0.222,0.556,0.556,0.444,0.222,0.128,0.857,-0.689,-0.923,-2.592,-2.243,-0.886,0.39,-1.055,-0.539,0.522,-1.241,-1.149,-2.524,0.902,-2.846,-1.674,-0.315,0.838
"MEX","MEXICO",1981,-3,0,3829.14437544129,25.3557673628857,NA,NA,NA,NA,NA,6.35981539364346,NA,NA,NA,10.5458420369711,68892108,50.134671448869,NA,60.7343624936046,7.42762704678809,7.97813544263688,283073486.328125,NA,NA,NA,NA,NA,NA,NA,64.722,61.487,68.127,NA,NA,NA,NA,0.513301014380576,"Americas","Central America",0.374,0.241,-0.662,-0.136,-1.273,0.036,-0.703,0.337,-1.534,0.111,0.222,1,0.889,0.778,0.556,0,0.111,0.444,0.222,0.556,0.556,0.444,0.222,0.129,0.857,-0.689,-0.923,-2.592,-2.243,-0.886,0.39,-1.055,-0.539,0.522,-1.241,-1.149,-2.524,0.902,-2.846,-1.674,-0.315,0.838
"MEX","MEXICO",1982,-3,0,2620.95793392947,-31.552386722754,NA,NA,NA,NA,NA,5.37348336021189,NA,NA,NA,11.2178724526942,70433260,50.2303925730543,NA,61.2553173843936,7.50397258889744,8.40545716553986,397278411.865234,NA,NA,NA,NA,NA,NA,NA,65.256,62.052,68.622,NA,NA,NA,NA,0.495419417575106,"Americas","Central America",0.374,0.241,-0.662,-0.136,-1.273,0.036,-0.703,0.337,-1.534,0.111,0.111,1,0.778,0.667,0.556,0,0.111,0.444,0.222,0.556,0.556,0.333,0.222,0.136,0.84,-0.689,-0.923,-1.619,-1.802,-0.519,0.527,-1.231,-0.539,0.656,-1.241,-1.149,-2.524,0.902,-2.846,-1.432,-0.315,0.803
"MEX","MEXICO",1983,-3,0,2169.85285279223,-17.2114582724691,NA,NA,NA,NA,NA,5.93524864587753,NA,NA,NA,12.9993944590934,71971240,50.3223322215606,NA,59.125488931926,11.7261554852808,12.9026693986964,369108520.507813,NA,NA,NA,NA,NA,NA,NA,65.756,62.623,69.035,NA,NA,NA,NA,0.522866313988212,"Americas","Central America",0.374,0.241,-0.662,-0.136,-1.273,0.036,-0.971,0.337,-1.534,0.111,0.111,1,0.778,0.667,0.556,0,0.111,0.444,0.222,0.556,0.556,0.333,0.222,0.142,0.831,-0.689,-0.923,-1.619,-1.802,-0.519,0.527,-1.231,-0.539,0.656,-1.241,-1.149,-2.361,0.902,-2.633,-1.432,-0.315,0.767
"MEX","MEXICO",1984,-3,0,2506.30742754755,15.505870562714,NA,NA,NA,NA,NA,6.4220113089397,NA,NA,NA,12.6232738045011,73506846,50.4096060602354,NA,58.8177586078809,9.84444229082766,10.7271529187055,233440414.428711,NA,NA,NA,NA,NA,NA,NA,66.215,63.166,69.392,NA,NA,NA,NA,0.659819059927896,"Americas","Central America",0.374,0.241,-0.662,-0.136,-1.273,0.036,-0.971,0.337,-1.534,0.111,0.111,1,0.778,0.667,0.556,0,0.111,0.444,0.222,0.556,0.556,0.333,0.222,0.142,0.831,-0.689,-0.923,-1.619,-1.802,-0.519,0.527,-1.231,-0.539,0.656,-1.241,-1.149,-2.361,0.902,-2.633,-1.432,-0.315,0.767
"MEX","MEXICO",1985,-3,0,2601.70825226684,3.80642947751389,NA,NA,NA,NA,99.74285,6.53972544325482,NA,NA,NA,12.3125786260335,75043414,50.4924922525513,NA,57.9554586336838,8.61459820040424,9.30354812897803,387716491.699219,NA,NA,NA,NA,NA,NA,NA,66.775,63.767,69.898,NA,NA,NA,NA,0.676313139343828,"Americas","Central America",0.402,0.241,-0.662,-0.136,-0.612,0.561,-0.971,0.337,-1.534,0.111,0.111,1,0.778,0.667,0.556,0,0.111,0.444,0.222,0.556,0.556,0.333,0.222,0.143,0.83,-0.689,-0.923,-1.602,-1.802,-0.519,0.527,-1.231,-0.539,0.656,-1.241,-1.149,-2.361,0.902,-2.633,-1.432,-0.315,0.765
"MEX","MEXICO",1986,-3,0,1756.93563367491,-32.4699211702884,NA,NA,NA,NA,100,6.80768493803202,NA,NA,NA,11.8649988837766,76585637,50.5717070682588,NA,58.4686256423265,4.97962851823254,5.5856497231363,521310424.804688,NA,NA,NA,NA,NA,NA,NA,67.377,64.415,70.441,NA,NA,NA,NA,0.634622463096704,"Americas","Central America",0.402,0.241,-0.662,0.405,-0.612,0.561,-0.971,0.337,-1.534,0.111,0.111,1,0.778,0.667,0.556,0,0.111,0.444,0.222,0.556,0.556,0.333,0.222,0.144,0.829,-0.689,-0.923,-1.602,-1.802,-0.519,0.527,-1.231,-0.539,0.656,-1.241,-1.149,-2.361,0.902,-2.633,-1.432,-0.315,0.763
"MEX","MEXICO",1987,-3,0,1888.2631431041,7.47480481994083,NA,NA,NA,NA,100,6.41647220501225,NA,NA,NA,12.7475743653032,78136651,50.6475751053113,NA,55.8918101300116,7.73388204379299,8.38068663659376,329540496.826172,NA,NA,NA,NA,NA,NA,NA,67.904,64.942,70.962,NA,NA,NA,NA,0.580341889191456,"Americas","Central America",0.402,0.241,-0.662,0.405,-0.612,0.561,-0.971,0.337,-1.534,0.111,0.111,1,0.778,0.667,0.556,0,0.111,0.444,0.222,0.556,0.556,0.333,0.222,0.147,0.829,-0.689,-0.923,-1.602,-1.802,-0.519,0.527,-1.231,-0.539,0.656,-1.241,-1.149,-2.361,0.902,-2.633,-1.432,-0.315,0.763
"MEX","MEXICO",1988,0,0,2278.81222720992,20.6829797812925,NA,NA,NA,NA,99.10194,6.47809392465106,NA,NA,NA,11.4119619762249,79695531,50.7204130520244,NA,57.0025146182274,4.64028805528562,6.2148632818234,307072845.458984,NA,NA,NA,NA,NA,NA,NA,68.299,65.36,71.329,NA,NA,NA,NA,0.536145374184792,"Americas","Central America",0.402,0.241,-0.662,0.405,-0.612,0.561,-0.971,0.337,-0.847,0.111,0.111,1,0.778,0.667,0.556,0,0.111,0.444,0.222,0.556,0.556,0.333,0.222,0.158,0.807,-0.489,-0.923,-1.373,-1.802,-0.519,0.527,-1.231,-0.539,0.718,-0.792,-1.149,-2.361,0.902,-2.633,-0.758,-0.315,0.746
"MEX","MEXICO",1989,0,0,2725.05572275442,19.5822845873906,NA,NA,NA,NA,96.63541,6.45259844953101,NA,NA,NA,12.1392112213917,81247182,50.7914686813384,NA,58.6682417548283,5.79313137345124,7.08547153571412,198768829.345703,NA,NA,NA,NA,NA,NA,NA,68.621,65.688,71.64,NA,NA,NA,NA,0.517255829376633,"Americas","Central America",0.426,0.345,-0.662,0.405,-0.612,0.561,-0.971,0.337,-0.847,0.111,0.111,1,0.778,0.667,0.556,0,0.111,0.444,0.111,0.556,0.444,0.222,0.222,0.175,0.79,-0.489,-0.923,-1.373,-1.802,-0.519,0.527,-1.231,-0.539,0.718,-0.792,-0.865,-2.065,0.902,-2.113,-0.758,0.109,0.692
"MEX","MEXICO",1990,0,0,3154.46920349038,15.7579706407588,NA,NA,NA,NA,98.37444,6.66709637889891,NA,NA,0,11.8483646611837,82820170,50.8473678676024,94.2645721435547,59.6939619136249,6.8456871360715,7.85316996477492,279476409.912109,87.5599975585938,90.3499984741211,84.9599990844727,NA,NA,1,NA,69.034,66.122,72.025,NA,NA,NA,NA,0.433081035474032,"Americas","Central America",0.426,0.345,-0.662,-0.017,-0.612,0.561,-0.971,0.337,-0.847,0.111,0.111,0.889,0.778,0.556,0.444,0,0.111,0.333,0.111,0.444,0.333,0.111,0.111,0.188,0.76,-0.133,-0.47,-1.373,-1.802,-0.519,0.527,-0.567,-0.539,0.718,-0.792,-0.865,-2.065,0.902,-2.113,-0.758,0.109,0.673
"MEX","MEXICO",1991,0,0,3708.8420548157,17.5742039488581,NA,NA,NA,NA,98.00907,6.49698974856723,NA,NA,0.00588,11.5944926057709,84430572,50.8855773238158,94.5752944946289,60.3786860228101,3.28443133736966,3.7204122843979,430356475.830078,NA,NA,NA,NA,NA,1.1000000238,NA,69.368,66.437,72.373,NA,NA,NA,NA,0.435402300782292,"Americas","Central America",0.426,0.345,-0.662,-0.017,-0.612,0.561,-0.971,0.54,-0.847,0.111,0.111,0.889,0.778,0.556,0.444,0,0.111,0.333,0.111,0.444,0.333,0.111,0.111,0.198,0.758,-0.133,-0.47,-0.869,-1.802,-0.519,0.527,-0.567,-0.539,0.718,-0.792,-0.865,-2.065,0.902,-2.113,-0.758,0.109,0.653
"MEX","MEXICO",1992,0,0,4220.56643677057,13.7974164009068,NA,NA,NA,NA,98.24972,5.99898080999225,NA,NA,0.0173,11.6024353429574,86044809,50.9206807476244,93.145981,61.8075913460711,3.04098381617295,3.37676484568823,459515045.166016,NA,NA,NA,NA,NA,1.2000000477,NA,69.663,66.749,72.642,NA,NA,NA,NA,0.469454655731209,"Americas","Central America",0.426,0.345,-0.662,-0.017,-0.612,0.561,-0.971,0.54,-0.107,0.111,0.111,0.889,0.778,0.556,0.444,0,0.111,0.333,0.111,0.444,0.333,0.111,0.111,0.212,0.755,-0.133,-0.47,-0.869,-1.802,-0.519,0.527,-0.567,-0.539,0.718,-0.792,-0.865,-2.065,0.902,-2.113,-0.758,0.109,0.62
"MEX","MEXICO",1993,0,0,6048.34840388099,43.3065559917823,NA,NA,NA,NA,97.81289,4.79415018964099,NA,NA,0.0283,8.56713248361392,87653807,50.9559396547374,95.1926574707031,58.2260491853733,2.11322234509591,2.32169144860141,661887817.382813,NA,NA,NA,NA,NA,1.2000000477,NA,69.961,67.072,72.905,NA,NA,NA,NA,0.400441266975791,"Americas","Central America",0.426,0.345,-0.662,-0.017,-0.612,0.561,-0.971,0.983,-0.107,0.111,0.111,0.889,0.778,0.556,0.444,0,0.111,0.333,0.111,0.444,0.333,0.111,0.111,0.216,0.749,-0.133,-0.137,-0.869,-1.802,-0.519,0.527,-0.567,-0.539,0.718,-0.792,-0.865,-2.065,0.902,-2.113,-0.758,0.109,0.62
"MEX","MEXICO",1994,4,0,6202.36588372862,2.54643862362167,NA,NA,NA,NA,97.01748,4.36384871230824,NA,NA,0.0433,8.09605918537858,89259205,50.9906468470115,95.238294,58.6574540751997,1.94028537233214,2.17600409935639,555212158.203125,NA,NA,NA,NA,NA,1.2000000477,NA,70.302,67.492,73.152,NA,NA,NA,NA,0.476011477226271,"Americas","Central America",0.456,0.345,-0.416,-0.017,-0.264,1.276,-0.971,0.983,-0.107,0.111,0.111,0.889,0.778,0.556,0.444,0,0.111,0.333,0.111,0.444,0.333,0.111,0.111,0.259,0.626,-0.133,-0.137,-0.881,-0.825,0.232,0.599,-0.241,-0.539,1.249,-0.174,-0.581,-1.4,0.902,-0.983,-0.445,0.109,0.626
"MEX","MEXICO",1995,4,0,4183.87847727479,-32.5438299560682,NA,NA,NA,NA,96.53171,4.13057186640945,NA,NA,0.103,8.03161830575895,90862455,51.0234051129634,95.7855529785156,58.7641712140153,3.18458587486466,3.70622014950634,345617004.394531,NA,NA,NA,NA,NA,1.2000000477,NA,70.703,67.967,73.468,NA,NA,NA,NA,0.411044545371404,"Americas","Central America",0.473,0.345,-0.416,0.311,0.135,1.276,-0.971,0.983,-0.107,0.111,0.111,0.889,0.889,0.556,0.444,0,0.111,0.333,0.111,0.556,0.222,0.222,0.111,0.275,0.596,0.036,-0.137,-0.881,-0.825,0.232,0.898,-0.241,-0.539,1.249,0.382,-0.369,-1.4,0.902,-0.983,-0.445,0.109,0.625
"MEX","MEXICO",1996,4,0,4674.36792733681,11.7233197074477,NA,NA,NA,NA,96.06523,4.57994422900289,NA,NA,0.2,8.31438930391734,92452702,51.0540762778356,96.093624,57.3630164009418,3.72059342746973,4.11473850462351,293596466.064453,NA,NA,NA,NA,NA,1.2000000477,NA,71.088,68.449,73.742,NA,NA,NA,NA,0.43569107787377,"Americas","Central America",0.473,0.345,-0.416,0.311,0.135,1.276,-0.971,0.983,-0.107,0.111,0.111,0.889,0.889,0.556,0.444,0,0.111,0.333,0.111,0.556,0.222,0.222,0.111,0.289,0.559,0.036,1.458,-0.881,-0.825,0.232,0.898,-0.241,-0.539,1.249,0.382,-0.369,-1.4,0.902,-0.983,-0.445,0.267,0.587
"MEX","MEXICO",1997,6,0,5567.35599516667,19.1039319478352,NA,NA,NA,NA,96.07538,4.21889006913233,NA,NA,0.627,8.59224064670855,94021207,51.0833327208829,96.3295059204102,56.7693180620841,2.84312857753682,3.18057074248256,144086700.439453,NA,NA,NA,NA,NA,1.1000000238,NA,71.472,68.87,74.085,NA,NA,NA,NA,0.417243861215643,"Americas","Central America",0.52,0.546,-0.29,0.713,0.135,1.276,-0.971,0.983,-0.107,0.111,0.111,0.889,0.889,0.556,0.444,0,0.111,0.333,0.111,0.556,0.222,0.222,0.111,0.349,0.503,0.036,2.29,-0.041,-0.825,0.346,0.898,-0.241,-0.539,1.249,0.382,-0.369,-1.4,1.456,0.001,-0.164,0.267,0.544
"MEX","MEXICO",1998,6,0,5832.69342004468,4.76595039204183,NA,NA,NA,NA,96.73013,3.90764746379543,NA,NA,1.27,7.70264913994996,95575245,51.1115179342567,96.092755,57.2569163100178,1.46767139990085,1.74627703760617,86032608.0322266,NA,NA,NA,NA,NA,1.1000000238,NA,71.792,69.231,74.358,NA,NA,NA,NA,0.405987604918763,"Americas","Central America",0.619,0.546,1.008,0.713,0.135,1.276,-0.971,0.983,-0.107,0.111,0.111,0.889,0.889,0.556,0.444,0,0.111,0.333,0.111,0.556,0.222,0.222,0.111,0.377,0.496,0.036,2.29,-0.041,-0.825,0.346,0.898,-0.241,-0.539,1.249,0.382,-0.369,-1.356,1.456,0.001,-0.164,0.267,0.5
"MEX","MEXICO",1999,6,0,6499.97182950425,11.4403134436382,NA,NA,NA,NA,97.53816,3.49017753869546,NA,NA,1.86,8.18517646667802,97115707,51.1393780116267,96.8000335693359,57.3594574554416,2.1311082380075,2.3736230088796,93324966.4306641,NA,NA,NA,NA,NA,1.1000000238,NA,72.203,69.695,74.708,NA,NA,NA,NA,0.420263793911023,"Americas","Central America",0.671,0.917,1.008,0.713,0.135,1.276,-0.971,0.983,-0.107,0.111,0.111,0.889,0.889,0.556,0.444,0,0.111,0.333,0.111,0.556,0.222,0.222,0.111,0.38,0.496,0.036,2.29,-0.041,-0.825,0.346,0.898,-0.241,-0.539,1.249,0.382,-0.369,-1.356,1.456,0.001,-0.164,0.267,0.5
"MEX","MEXICO",2000,8,1,7524.0271380091,15.7547653338515,109.118301391602,NA,96.8751907348633,96.616828918457,97.67057,3.15926513097762,32.16297,NA,5.08138,9.13229541250167,98625552,51.1690013151967,98.007132,58.0223867389803,3.33837327328532,3.5781826113811,14114191.0552979,90.5400009155273,92.5599975585938,88.6800003051758,NA,4.24436522,1.06,37,72.562,70.139,74.972,1.9002707078,NA,90.5346687695743,84.5895392241077,0.4085181378342,"Americas","Central America",0.767,1.165,1.697,1.4,0.48,1.276,-1.431,1.549,-0.893,0.111,0.111,0.889,0.834,0.5,0.444,0,0.111,0.389,0.056,0.611,0.222,0.222,0.111,0.481,0.319,0.849,2.29,0.206,-0.178,0.81,1.554,0.312,-0.539,1.37,0.98,0.401,-0.77,2.255,0.489,0.74,1.253,0.335
"MEX","MEXICO",2001,8,1,7952.76479510706,5.69824708542195,109.028007507324,NA,97.3850631713867,97.6611328125,97.91024,3.22549035188036,NA,NA,7.03802,NA,100099099,51.1840221458936,97.1848373413086,58.7431527357698,2.39265778309786,2.60164301698472,175679244.995117,NA,NA,NA,NA,4.58201361,1.08,36,72.912,70.562,75.24,NA,NA,NA,NA,0.405679210443065,"Americas","Central America",0.842,1.912,1.697,1.049,0.505,1.276,-1.431,1.549,-0.893,0.111,0,0.667,0.667,0.333,0.444,0,0.111,0.333,0,0.556,0,0.111,0.111,0.489,0.335,0.94,1.854,0.206,-0.15,0.638,1.554,0.312,-0.539,1.37,0.98,0.401,-0.77,2.255,-0.249,1.233,1.253,0.318
"MEX","MEXICO",2002,8,1,7983.03398381759,0.380612145466095,109.220031738281,NA,98.2414398193359,99.1934127807617,97.5509,3.11036172325334,30.44793,NA,11.9,NA,101548624,51.1830125832133,97.897085,59.1238892356495,2.56123107950286,2.74840903518892,223816955.566406,90.2699966430664,92,88.7300033569336,NA,4.83042812,1.09,33,73.106,70.805,75.382,2.70512133316,NA,90.5997693538666,80.9682130813599,0.391316389699324,"Americas","Central America",0.842,1.912,1.697,1.049,0.505,1.276,-1.431,1.549,-0.893,0.111,0,0.667,0.667,0.333,0.444,0,0.111,0.333,0,0.556,0,0.111,0.111,0.495,0.341,0.94,1.854,0.206,-0.15,0.638,1.554,0.312,-0.539,1.37,0.98,0.401,-1.146,2.255,-0.249,1.233,1.253,0.318
"MEX","MEXICO",2003,8,1,7434.0746485155,-6.87657520204581,109.264152526855,NA,97.7925262451172,98.7327575683594,97.53576,3.20735540720265,NA,NA,12.9,NA,102978515,51.1817697974983,97.5202484130859,60.5312030385874,3.17250156374492,3.35934793986578,167543869.018555,NA,NA,NA,NA,5.53978777,1.06,34,73.308,71.042,75.548,NA,NA,NA,NA,0.386714351968895,"Americas","Central America",0.842,1.912,1.697,1.049,0.505,1.276,-1.431,1.549,-0.893,0.111,0,0.667,0.667,0.333,0.444,0,0.111,0.333,0,0.556,0,0.111,0.111,0.502,0.34,0.94,1.854,0.22,-0.15,0.638,1.554,0.312,-0.539,1.37,0.98,0.401,-1.146,2.255,-0.249,1.156,1.253,0.313
"MEX","MEXICO",2004,8,1,7849.66759649565,5.59037899980114,108.834548950195,NA,98.9545974731445,100.590347290039,97.66046,3.18594698304908,28.73289,NA,14.1,NA,104394131,51.1800361650599,98.597701,59.5869309292277,3.91311549345697,4.19499035807608,178822204.589844,90.9499969482422,92.4499969482422,89.629997253418,NA,5.6835022,1.07,26,73.432,71.174,75.664,3.57825367914,NA,NA,NA,0.348326583014086,"Americas","Central America",0.842,1.912,1.697,1.058,0.505,1.276,-1.431,1.549,-0.893,0.111,0,0.667,0.667,0.333,0.444,0,0.111,0.333,0,0.556,0,0.111,0.111,0.511,0.34,0.94,1.854,0.22,-0.15,0.638,1.554,0.312,-0.539,1.37,0.98,0.401,-1.146,2.255,-0.249,1.156,1.253,0.308
"MEX","MEXICO",2005,8,1,8671.75891885163,10.4729443922312,108.534042358398,NA,99.6156921386719,101.39624786377,97.87734,2.94567227515179,NA,NA,17.21,NA,105811504,51.1775808422494,98.932728,60.0439876595723,5.19854636227176,5.58648727639514,279175994.873047,91.629997253418,93.1900024414062,90.2099990844727,NA,5.58110142,1.05,31,73.627,71.35,75.877,3.37800558843,0.767543494701385,NA,NA,0.340404650226474,"Americas","Central America",0.842,1.912,1.697,1.058,0.505,1.276,-1.431,1.549,-0.893,0.083,0.083,0.75,0.75,0.333,0.417,0,0.083,0.333,0,0.667,0,0.083,0.083,0.511,0.34,0.94,1.854,0.22,-0.15,0.638,1.554,0.312,-0.539,1.37,0.98,0.401,-1.146,2.255,-0.249,1.156,1.253,0.308
"MEX","MEXICO",2006,8,1,9512.63575346699,9.6967275322584,108.129272460938,NA,100.397346496582,101.49080657959,98.05008,2.9429551635864,27.01784,NA,19.52,NA,107253666,51.1736181695982,99.11416,59.0671808513914,5.53800257872389,6.1411361184755,328369720.458984,91.7300033569336,93.9000015258789,89.8300018310547,NA,5.40647888,1.02,29,73.746,71.442,76.025,2.99456065958,0.767851233482361,93.3535701729564,87.3916151469726,0.297483414235144,"Americas","Central America",0.835,1.912,1.457,1.058,0.505,1.276,-1.251,1.549,-0.893,0.083,0.083,0.75,0.75,0.333,0.417,0,0.083,0.333,0,0.667,0,0.083,0.083,0.479,0.351,0.94,1.701,-0.661,-0.187,0.638,1.554,0.312,-0.539,1.37,0.98,0.401,-1.146,2.255,-0.249,1.156,1.253,0.356
"MEX","MEXICO",2007,8,1,10134.3327138119,6.53548581546735,108.726860046387,NA,101.216438293457,102.35466003418,98.0127,3.041865670976,NA,NA,20.81,NA,108774360,51.1660790281827,98.2528305053711,59.303362048211,5.08084054962981,5.75685331700591,161600448.608398,92.8000030517578,94.4400024414062,91.3600006103516,NA,5.50668049,1.06,28,73.796,71.425,76.144,NA,NA,NA,NA,0.383092431979546,"Americas","Central America",0.825,1.86,1.475,1.058,0.505,1.276,-1.31,1.549,-0.893,0.083,0.083,0.75,0.75,0.333,0.417,0,0.083,0.333,0,0.667,0,0.083,0.083,0.452,0.353,0.94,1.715,-0.661,-0.187,0.638,1.451,0.312,-0.539,1.37,0.98,0.401,-1.146,2.255,-0.249,1.156,1.253,0.404
"MEX","MEXICO",2008,8,1,10523.7685403244,3.84273772639953,109.446380615234,NA,100.720802307129,101.726852416992,98.08626,3.02875898082786,25.3028,NA,21.71,9.57877153289673,110374288,51.1562131209399,98.914037,59.6814143877222,6.04436562265737,6.7408329915323,205120147.705078,92.9300003051758,94.5899963378906,91.4499969482422,NA,5.44587374,1.03,28,73.695,71.249,76.119,4.12149510506,NA,NA,NA,0.37317675556547,"Americas","Central America",0.825,1.86,1.475,1.058,0.505,1.276,-1.31,1.549,-0.893,0.083,0.083,0.75,0.75,0.333,0.417,0,0.083,0.333,0,0.667,0,0.083,0.083,0.455,0.348,0.94,2.05,-0.661,-0.187,0.638,1.451,0.312,-0.539,1.37,0.98,0.401,-1.146,2.255,-0.249,1.156,1.253,0.404
"MEX","MEXICO",2009,8,1,8423.56933214711,-19.9567217782286,110.722198486328,NA,99.4704971313477,100.034240722656,98.23304,3.10059841918842,NA,NA,26.34,9.23460485817914,111999721,51.1474354476294,98.7166137695313,60.9462035455162,3.43604404491316,4.17264386033762,253522308.349609,93.4400024414062,94.9199981689453,92.120002746582,NA,5.84786463,1.02,27,73.628,71.099,76.135,NA,0.768231868743896,NA,NA,0.478488795822754,"Americas","Central America",0.825,1.86,1.475,1.058,0.505,1.276,-1.31,1.549,-0.893,0.083,0.083,0.75,0.75,0.333,0.417,0,0.083,0.333,0,0.667,0,0.083,0.083,0.46,0.353,0.94,2.007,-0.686,-0.187,0.638,1.451,0.312,-0.539,1.37,0.98,0.401,-1.146,2.255,-0.249,1.156,1.253,0.408
"MEX","MEXICO",2010,8,1,9728.80078377082,15.4949926825261,110.995216369629,NA,99.6376190185547,100.476837158203,98.0771,3.09200838670805,23.58776,NA,31.05,9.67531745474176,113623895,51.1430276175623,99.236696,60.4783490503534,4.0853189393579,4.9517973655552,532893859.863281,93.0699996948242,94.379997253418,91.8499984741211,NA,5.4897337,1.05,28,73.718,71.121,76.293,5.44446729489,0.768248736858368,NA,NA,0.433229899207479,"Americas","Central America",0.846,2.002,1.414,1.058,0.505,1.644,-1.168,1.549,-0.893,0,0.167,0.833,0.75,0.333,0.417,0,0.083,0.333,0,0.583,0,0.083,0.083,0.47,0.35,0.94,2.007,-0.686,-0.187,0.638,1.451,0.312,-0.712,1.211,1.209,0.688,-1.312,2.255,-0.249,1.156,1.253,0.411
"MEX","MEXICO",2011,8,1,10664.4944032313,9.61776934544045,111.058860778809,NA,100.054069519043,100.323883056641,97.98488,2.97569483968178,NA,NA,37.1763,9.61707214710222,115243504,51.1425173257488,99.2483596801758,59.8866488342752,5.72990793071681,7.12685649981166,1092605346.67969,93.5199966430664,94.7799987792969,92.3399963378906,NA,5.30093002,1.03,27,73.921,71.292,76.524,NA,0.768243193626404,NA,NA,0.447386999972132,"Americas","Central America",0.846,2.002,1.414,1.058,0.505,1.644,-1.191,1.549,-0.893,0,0.167,0.75,0.75,0.333,0.417,0,0.083,0.333,0,0.667,0,0.083,0.083,0.469,0.35,0.94,2.007,-0.686,-0.187,0.638,1.451,0.312,-0.712,1.211,1.209,0.688,-1.312,2.255,-0.249,1.156,1.253,0.411
"MEX","MEXICO",2012,8,1,10744.1335242686,0.746768838972526,111.073516845703,NA,105.931640625,107.067398071289,97.92299,3.04872937148888,21.87272,NA,39.75,9.35241106341689,116818208,51.1494655011315,99.111637,59.9372072773832,5.40265415074589,6.64761771453207,506163726.806641,94.2300033569336,95.3899993896484,93.1800003051758,NA,5.42140484,1.02,26,74.128,71.5,76.727,4.05338500985,0.768253445625305,96.1571139450537,92.5553519640902,0.455502051174913,"Americas","Central America",0.843,2.002,1.475,1.058,0.505,1.644,-1.087,1.549,-0.893,0,0.167,0.75,0.75,0.417,0.417,0,0.083,0.417,0,0.583,0,0.083,0.083,0.461,0.377,0.94,1.839,-0.784,-0.575,0.447,1.41,0.312,-0.712,1.211,0.859,0.688,-1.44,2.255,-0.249,1.156,1.253,0.416
"MEX","MEXICO",2013,8,1,11216.8008505428,4.3993061442,110.109268188477,NA,109.747978210449,110.626243591309,97.57591,3.02454277578135,NA,NA,43.46,9.88361012510879,118343573,51.162318717553,99.7487335205078,61.0665777215901,4.59508453903103,5.63992841356242,636286010.742188,93.9599990844727,95.1100006103516,92.9000015258789,NA,5.5773263,1.02,26,74.289,71.721,76.819,NA,0.76828521490097,NA,NA,0.48764287589738,"Americas","Central America",0.777,1.483,1.369,0.625,0.35,1.644,-0.874,1.372,-1.61,0,0.167,0.75,0.75,0.417,0.417,0,0.083,0.417,0,0.5,0,0.083,0.083,0.425,0.45,0.531,1.814,-0.784,-1.236,-0.355,0.999,0.312,-0.935,1.211,0.966,0.708,-1.503,2.255,-0.581,0.746,1.253,0.44
"MEX","MEXICO",2014,8,1,11391.3773497683,1.55638404881772,108.573143005371,NA,111.319793701172,111.767150878906,96.79833,3.02713651853573,20.15767,NA,44.3857,10.2428550413982,119784261,51.1819536959033,99.172928,60.078270567972,3.9014361869158,4.74356172979305,888241027.832031,94.5599975585938,95.620002746582,93.5899963378906,NA,5.35336781,1.01,25,74.404,71.877,76.886,4.62112015255,0.768321812152863,NA,NA,0.495321031372806,"Americas","Central America",0.777,1.483,1.369,0.513,0.35,1.644,-0.874,1.372,-1.61,0,0.167,0.75,0.75,0.417,0.417,0,0.083,0.417,0,0.5,0,0.083,0.083,0.424,0.45,0.531,1.814,-0.784,-1.236,-0.355,0.999,0.312,-0.935,1.211,0.966,0.708,-1.503,2.255,-0.581,0.746,1.253,0.44
"MEX","MEXICO",2015,8,1,10021.2386118827,-12.0278584039135,106.963432312012,NA,105.928871154785,106.059028625488,96.07343,3.0851863436743,NA,NA,57.431,12.3459757826962,121072306,51.2142673551269,99,60.5061359736518,1.54607339138936,2.18360553071428,432393554.6875,94.4700012207031,95.5500030517578,93.4899978637695,NA,5.52738619,1,25,74.431,71.883,76.929,NA,0.768366575241089,98.4491109848022,94.3119764328003,0.45074282393045,"Americas","Central America",0.777,1.483,1.369,0.513,0.35,1.644,-0.874,1.372,-1.61,0,0.167,0.75,0.75,0.417,0.417,0,0.083,0.417,0,0.5,0,0.083,0.083,0.433,0.451,0.531,1.826,-0.796,-1.236,-0.355,0.999,0.312,-0.532,1.385,0.966,0.362,-1.475,2.255,-0.629,0.746,1.094,0.456
"MEX","MEXICO",2016,8,1,9097.92397674769,-9.21357799065066,106.391220092773,NA,104.749656677246,104.65299987793,95.69118,3.2462890783797,18.44263,NA,59.5404,13.1237856088608,122251351,51.2535943365861,100,60.0750683879945,1.23719531597201,1.97524669608099,966145080.566406,94.8600006103516,95.8399963378906,93.9700012207031,NA,5.38499022,1,25,74.376,71.738,76.962,NA,0.768414676189423,NA,NA,0.480046272445401,"Americas","Central America",0.777,1.483,1.369,0.513,0.35,1.644,-0.919,1.372,-1.61,0,0.167,0.75,0.75,0.417,0.417,0,0.083,0.417,0,0.5,0,0.083,0.083,0.433,0.439,0.531,1.826,-0.796,-1.236,-0.355,0.999,0.312,-0.532,1.385,0.966,0.362,-1.475,2.255,-0.629,0.94,1.309,0.437
"MEX","MEXICO",2017,8,1,9649.27816772402,6.06021980822736,105.797607421875,NA,104.265800476074,104.386100769043,95.30064,3.29751177575275,NA,NA,53.0318,12.6874317266309,123400057,51.2906829532502,NA,59.3653310273766,1.55624412694841,2.36148896456378,877911682.128906,94.9700012207031,95.870002746582,94.1699981689453,NA,5.3117938,0.99,25,74.261,71.5,76.972,NA,0.768467783927917,NA,NA,0.424849155540147,"Americas","Central America",0.802,1.793,1.249,0.919,0.362,1.644,-1.074,1.372,-1.709,0,0.167,0.75,0.75,0.417,0.417,0,0.083,0.417,0,0.5,0,0.083,0.083,0.439,0.426,0.531,2.024,-0.796,-1.137,-0.355,0.999,0.312,-0.119,1.385,0.966,0.362,-1.475,2.255,-0.486,0.97,1.237,0.438
"MEX","MEXICO",2018,8,1,10084.7937562021,4.51345251849864,105.188163757324,NA,102.256233215332,102.486167907715,NA,3.296959452726,17.6,NA,56.6596,12.7121572965033,124573711,51.3211603690605,NA,59.2695792093443,2.20735150189898,2.8911069990433,624031677.246094,95.379997253418,96.2300033569336,94.6100006103516,NA,5.23821402,0.98,26,74.301,71.422,77.13,NA,0.76852411031723,NA,NA,0.464611544931539,"Americas","Central America",0.846,2.162,1.399,0.554,0.362,1.898,-1.962,1.372,-1.709,0,0.167,0.75,0.583,0.333,0.5,0,0.083,0.417,0.167,0.5,0.167,0.084,0.083,0.455,0.434,1.118,2.337,-0.765,-0.849,-0.04,0.304,0.312,-0.119,1.385,0.803,0.362,-1.286,2.255,-0.617,0.713,0.982,0.433
"MEX","MEXICO",2019,NA,1,10369.5553585271,2.82367303892431,105.095039367676,NA,102.093116760254,102.865982055664,NA,3.31502440184845,NA,NA,69.6321,12.7877486080424,125762982,51.3493652687084,NA,59.1556030063002,1.58229584530394,2.09126302062882,601272705.078125,95.3889403219417,96.2854470094881,94.5797932033713,NA,5.3013463,0.96,26,74.53,71.587,77.422,NA,0.7685826420784,NA,NA,0.509337628297564,"Americas","Central America",0.878,2.591,1.311,-0.221,0.362,1.898,-1.656,1.372,-0.72,0,0.182,0.636,0.455,0.273,0.636,0,0,0.364,0.364,0.455,0.364,0.182,0.091,0.434,0.437,0.506,2.337,-0.765,-0.457,0.194,0.351,0.453,-0.119,1.385,0.681,0.557,-1.286,2.255,-1.38,0.133,1.191,0.457
"MEX","MEXICO",2020,NA,1,8841.27075039868,-14.7381884303427,104.517730712891,NA,102.053649902344,103.161361694336,NA,3.71114888236172,17.6,NA,71.4902,13.8975134533104,126799054,51.3912181758768,NA,59.1896498577258,0.867384554620089,1.55983378352436,832834350.585938,95.25,96.0599975585938,94.5,NA,6.05248594,1,26,70.449,66.89,74.109,NA,0.771862626075745,NA,NA,0.717690608258695,"Americas","Central America",0.829,2.21,1.016,-0.124,0.248,1.898,-1.656,1.372,-0.692,0,0.091,0.636,0.364,0.182,0.818,0,0,0.273,0.364,0.364,0.364,0.091,0.091,0.406,0.469,0.506,2.341,-0.765,-0.457,0.385,0.162,0.267,-0.119,0.943,0.06,0.686,-1.286,2.255,-0.99,0.053,1.161,0.45
"NIC","NICARAGUA",1960,-8,0,127.483812082529,NA,NA,NA,NA,NA,NA,NA,NA,NA,NA,NA,1782370,50.2440291544568,NA,NA,NA,NA,65989646.9116211,NA,NA,NA,NA,NA,2.15823602676392,NA,46.399,44.998,47.807,NA,NA,NA,NA,NA,"Americas","Central America",0.054,-1.938,-2.252,-1.398,-2.35,-0.607,1.955,-0.57,-0.995,0.75,1,0.5,0.75,0.75,1,0,0.25,0.5,0,0,0,0.5,0.75,0.034,0.988,-2.39,-1.834,-2.783,-2.771,-3.506,-3.012,-2.11,-0.939,-1.859,-1.852,-2.065,-3.387,-2.102,-2.182,-2.924,-2.85,0.98
"NIC","NICARAGUA",1961,-8,0,132.943507152279,4.28265752377688,NA,NA,NA,NA,NA,NA,NA,NA,NA,NA,1836451,50.2308528787319,NA,NA,NA,NA,73536376.953125,NA,NA,NA,NA,NA,NA,NA,47.289,45.88,48.703,NA,NA,NA,NA,NA,"Americas","Central America",0.054,-1.938,-2.252,-1.398,-2.35,-0.607,1.955,-0.57,-0.995,0.75,1,0.5,0.75,0.75,1,0,0.25,0.5,0,0,0,0.5,0.75,0.034,0.988,-2.39,-1.834,-2.783,-2.771,-3.506,-3.012,-2.11,-0.939,-1.859,-1.852,-2.065,-3.387,-2.102,-2.182,-2.924,-2.85,0.98
"NIC","NICARAGUA",1962,-8,0,142.303523551421,7.04059686677337,NA,NA,NA,NA,NA,NA,NA,NA,NA,NA,1892320,50.2178015440314,NA,NA,NA,NA,57783676.1474609,NA,NA,NA,NA,NA,NA,NA,47.981,46.541,49.425,NA,NA,NA,NA,NA,"Americas","Central America",0.054,-1.938,-2.252,-1.398,-2.35,-0.607,2.118,-0.57,-0.995,0.75,1,0.5,0.75,0.75,1,0,0.25,0.5,0,0,0,0.5,0.75,0.034,0.988,-2.39,-1.834,-2.783,-2.771,-3.506,-3.012,-2.11,-0.939,-1.859,-1.852,-2.065,-3.387,-2.102,-2.182,-2.924,-2.85,0.98
"NIC","NICARAGUA",1963,-8,0,152.461498316554,7.13824542894222,NA,NA,NA,NA,NA,NA,NA,NA,NA,NA,1950159,50.20554734255,NA,NA,NA,NA,59645698.5473633,NA,NA,NA,NA,NA,NA,NA,48.752,47.273,50.237,NA,NA,NA,NA,NA,"Americas","Central America",0.054,-1.938,-2.252,-1.398,-2.35,-0.607,1.81,-0.57,-0.995,0.75,1,0.5,0.75,0.75,1,0,0.25,0.5,0,0,0,0.5,0.75,0.034,0.988,-2.39,-1.834,-2.779,-2.771,-3.506,-3.012,-2.11,-0.939,-1.859,-1.852,-2.065,-3.387,-2.102,-2.182,-2.924,-2.85,0.981
"NIC","NICARAGUA",1964,-8,0,172.68135633824,13.2622716193591,NA,NA,NA,NA,NA,NA,NA,NA,NA,NA,2010176,50.1946098252093,NA,NA,NA,NA,70553771.9726563,NA,NA,NA,NA,NA,NA,NA,49.586,48.036,51.146,NA,NA,NA,NA,NA,"Americas","Central America",0.054,-1.938,-2.252,-1.398,-2.35,-0.607,1.81,-0.57,-0.995,0.75,1,0.5,0.75,0.75,1,0,0.25,0.5,0,0,0,0.5,0.75,0.034,0.988,-2.39,-1.834,-2.779,-2.771,-3.506,-3.012,-2.11,-0.939,-1.859,-1.852,-2.065,-3.387,-2.102,-2.182,-2.924,-2.85,0.981
"NIC","NICARAGUA",1965,-8,0,272.251263163163,57.6610636702958,NA,NA,NA,NA,NA,NA,NA,NA,NA,NA,2072681,50.1898748529079,NA,NA,NA,NA,68930076.5991211,NA,NA,NA,NA,NA,NA,NA,50.647,48.674,52.667,NA,NA,NA,NA,NA,"Americas","Central America",0.054,-1.938,-2.252,-1.398,-2.35,-0.607,1.81,-0.57,-0.995,0.75,1,0.5,0.75,0.75,1,0,0.25,0.5,0,0,0,0.5,0.75,0.034,0.988,-2.39,-1.834,-2.779,-2.771,-3.506,-3.012,-2.11,-0.939,-1.859,-1.852,-2.065,-3.387,-2.102,-2.182,-2.924,-2.85,0.981
"NIC","NICARAGUA",1966,-8,0,283.999593265889,4.31525274345013,NA,NA,NA,NA,NA,NA,NA,NA,NA,NA,2137820,50.1948246344407,NA,NA,NA,NA,90959121.7041016,NA,NA,NA,NA,NA,NA,NA,51.579,49.207,54.045,NA,NA,NA,NA,NA,"Americas","Central America",0.054,-1.938,-2.252,-1.398,-2.35,-0.607,1.81,-0.57,-0.995,0.75,1,0.5,0.75,0.75,1,0,0.25,0.5,0,0,0,0.5,0.75,0.035,0.988,-2.39,-1.834,-2.779,-2.771,-3.506,-3.012,-2.11,-0.939,-1.859,-1.852,-2.065,-3.387,-2.102,-2.182,-2.924,-2.85,0.981
"NIC","NICARAGUA",1967,-8,0,297.946065908473,4.91073683669921,NA,NA,NA,NA,NA,NA,NA,NA,NA,NA,2205567,50.2083591203532,NA,NA,NA,NA,79142852.7832031,NA,NA,NA,NA,NA,NA,NA,52.348,49.594,55.252,NA,NA,NA,NA,NA,"Americas","Central America",0.054,-1.938,-2.252,-1.398,-2.35,-0.607,1.81,-0.57,-0.995,0.75,1,0.5,0.75,0.75,1,0,0.25,0.5,0,0,0,0.5,0.75,0.035,0.988,-2.39,-1.834,-2.784,-2.771,-3.506,-3.012,-2.11,-0.939,-1.859,-1.852,-2.065,-3.387,-2.102,-2.182,-2.924,-2.85,0.98
"NIC","NICARAGUA",1968,-8,0,304.441965331491,2.18022661356889,NA,NA,NA,NA,NA,NA,NA,NA,NA,NA,2275836,50.2250162138221,NA,NA,NA,NA,75963005.065918,NA,NA,NA,NA,NA,NA,NA,52.865,50.098,55.775,NA,NA,NA,NA,1.45964542951095,"Americas","Central America",0.044,-1.938,-2.577,-1.398,-2.35,-0.607,1.81,-0.57,-0.995,0.75,1,0.5,0.75,0.75,1,0,0.25,0.5,0,0,0,0.5,0.75,0.035,0.988,-2.923,-1.834,-2.784,-2.771,-3.506,-3.012,-2.11,-0.939,-1.859,-1.852,-2.065,-3.387,-2.102,-2.182,-2.924,-2.85,0.984
"NIC","NICARAGUA",1969,-8,0,319.366650327118,4.90230871403562,NA,NA,NA,NA,NA,NA,NA,NA,NA,NA,2348398,50.2401211378991,NA,NA,NA,NA,103490348.815918,NA,NA,NA,NA,NA,NA,NA,53.35,50.555,56.285,NA,NA,NA,NA,1.37701531929543,"Americas","Central America",0.044,-1.938,-2.577,-1.398,-2.35,-0.607,1.81,-0.57,-0.995,0.75,1,0.5,0.75,0.75,1,0,0.25,0.5,0,0,0,0.5,0.75,0.035,0.988,-2.923,-1.834,-2.784,-2.771,-3.506,-3.012,-2.11,-0.939,-1.859,-1.852,-2.065,-3.387,-2.102,-2.182,-2.924,-2.85,0.984
"NIC","NICARAGUA",1970,-8,0,321.316159006971,0.610429635610414,69.5900192260742,NA,26.2746105194092,28.2668991088867,52.06735,NA,NA,NA,NA,NA,2423065,50.2544091883627,NA,NA,NA,2.40885856192184,137571304.321289,NA,NA,NA,NA,NA,2.28029990196228,NA,53.815,50.981,56.787,NA,NA,NA,NA,1.58426055559649,"Americas","Central America",0.044,-1.938,-2.577,-1.398,-2.35,-0.607,2.807,-0.57,-0.995,0.75,1,0.5,0.75,0.75,1,0,0.25,0.5,0,0,0,0.5,0.75,0.037,0.988,-2.923,-1.834,-2.784,-2.771,-3.506,-3.012,-2.11,-0.939,-1.859,-1.852,-2.065,-3.387,-2.102,-2.182,-2.924,-2.85,0.984
"NIC","NICARAGUA",1971,-8,0,331.451182972568,3.15422168524587,71.5290298461914,NA,29.4389705657959,31.7794303894043,54.531,NA,NA,NA,NA,NA,2499825,50.2682586708035,NA,NA,0,2.34097849901731,88625122.0703125,NA,NA,NA,NA,NA,NA,NA,54.219,51.351,57.224,NA,NA,NA,NA,1.50573737863237,"Americas","Central America",0.044,-1.938,-2.577,-1.398,-2.35,-0.607,2.807,-0.57,-0.995,0.75,1,0.5,0.75,0.75,1,0,0.25,0.5,0,0,0,0.5,0.75,0.035,0.988,-2.923,-1.834,-2.784,-2.771,-3.506,-3.012,-2.11,-0.939,-1.859,-1.852,-2.065,-3.387,-2.102,-2.182,-2.924,-2.85,0.984
"NIC","NICARAGUA",1972,-8,0,341.380772391976,2.99579242118131,70.5076217651367,NA,29.1629505157471,31.8161392211914,54.09324,NA,NA,NA,NA,NA,2573578,50.2717228698722,NA,NA,0,2.54255312741811,63065773.0102539,NA,NA,NA,NA,NA,NA,NA,47.957,46.181,49.759,NA,NA,NA,NA,1.86729019837893,"Americas","Central America",0.078,-1.255,-2.577,-1.398,-2.35,-0.607,2.807,-0.57,-0.995,0.75,1,0.5,0.75,0.75,1,0,0.25,0.5,0,0,0,0.5,0.75,0.031,0.989,-2.923,-1.834,-2.914,-2.771,-3.506,-3.012,-2.11,-0.939,-1.859,-1.852,-2.065,-3.387,-2.102,-2.182,-2.924,-2.85,0.985
"NIC","NICARAGUA",1973,-8,0,412.527494204714,20.8408696583083,71.7680587768555,NA,30.914680480957,34.5992202758789,54.69262,NA,NA,NA,NA,NA,2649278,50.2761507097405,NA,NA,0,4.17731766434029,141689529.418945,NA,NA,NA,NA,NA,NA,NA,55.023,52.034,58.154,NA,NA,NA,NA,1.42056716970161,"Americas","Central America",0.078,-1.255,-2.577,-0.993,-2.35,-0.396,2.807,-0.57,-0.995,0.75,1,0.5,0.75,0.75,1,0,0.25,0.5,0,0,0,0.5,0.75,0.034,0.989,-2.923,-1.834,NA,-2.771,-3.506,-3.012,-2.11,-0.939,-1.859,-1.852,-2.065,-3.387,-2.102,-2.182,-2.924,-2.85,0.985
"NIC","NICARAGUA",1974,-8,0,556.866122465391,34.9888505101795,71.0184097290039,NA,NA,NA,54.63455,NA,NA,NA,NA,NA,2732075,50.2912621359223,NA,NA,0,3.50288180311536,142621292.114258,NA,NA,NA,NA,NA,NA,NA,55.401,52.339,58.611,NA,NA,NA,NA,1.45341316914625,"Americas","Central America",0.078,-1.255,-2.577,-0.993,-2.35,-0.396,2.807,-0.79,-0.995,0.75,1,0.5,0.75,0.75,1,0,0.25,0.5,0,0,0,0.5,0.75,0.034,0.989,-2.923,-1.834,-2.778,-2.771,-3.506,-3.012,-2.11,-0.939,-1.859,-1.852,-2.065,-3.387,-2.102,-2.182,-2.924,-2.85,0.985
"NIC","NICARAGUA",1975,-8,0,561.459695350208,0.82489716998407,72.5557632446289,NA,NA,NA,56.6575,NA,NA,NA,NA,NA,2816943,50.3073543528022,NA,NA,0,3.25716706817981,114899971.008301,NA,NA,NA,NA,NA,2.41190004348755,NA,55.774,52.604,59.102,NA,NA,NA,NA,1.74609414281405,"Americas","Central America",0.078,-1.255,-2.577,-0.993,-2.35,-0.396,2.807,-0.79,-0.995,0.75,1,0.5,0.75,0.75,1,0,0.25,0.5,0,0,0,0.5,0.75,0.035,0.988,-2.923,-1.834,-2.778,-2.771,-3.506,-3.012,-2.11,-0.939,-1.859,-1.852,-2.065,-3.387,-2.102,-2.182,-2.924,-2.85,0.984
"NIC","NICARAGUA",1976,-8,0,632.573778388006,12.6659284053223,74.6287078857422,NA,NA,NA,58.06063,NA,NA,NA,NA,NA,2903851,50.3249650205882,NA,NA,0,2.39925168437462,107717239.379883,NA,NA,NA,NA,NA,NA,NA,56.118,52.815,59.594,NA,NA,NA,NA,2.0673642695843,"Americas","Central America",0.078,-1.255,-2.577,-0.993,-2.35,-0.396,2.807,-0.79,-0.995,0.75,1,0.5,0.75,0.75,1,0,0.25,0.5,0,0,0,0.5,0.75,0.035,0.988,-2.923,-1.834,-2.778,-2.771,-3.506,-3.012,-2.11,-0.939,-1.859,-1.852,-2.065,-3.387,-2.102,-2.182,-2.924,-2.85,0.984
"NIC","NICARAGUA",1977,-8,0,744.185320440322,17.644035504718,73.5810089111328,NA,31.7753601074219,37.5988311767578,57.32422,NA,NA,NA,NA,NA,2992534,50.3485674682393,NA,NA,0,2.69135197751205,90248657.2265625,NA,NA,NA,NA,NA,NA,NA,56.126,52.386,60.13,NA,NA,NA,NA,2.46546314030727,"Americas","Central America",0.078,-1.255,-2.577,-0.993,-2.35,-0.396,3.374,-1.178,-0.995,0.75,1,0.5,0.75,0.75,1,0,0.25,0.5,0,0,0,0.5,0.75,0.034,0.988,-2.923,-1.834,-2.778,-2.771,-3.506,-3.012,-2.11,-0.939,-1.859,-1.852,-2.065,-3.387,-2.102,-2.182,-2.924,-2.85,0.984
"NIC","NICARAGUA",1978,-8,0,690.741261696299,-7.18155240046942,71.5706100463867,NA,31.5099601745606,36.9221382141113,55.43254,NA,NA,NA,NA,NA,3080314,50.3989689366185,NA,NA,0,2.95607089580064,102989547.729492,NA,NA,NA,NA,NA,NA,NA,53.533,48.387,59.448,NA,NA,NA,NA,3.2219457323258,"Americas","Central America",0.078,-1.255,-2.577,-0.993,-2.35,-0.396,3.374,-1.178,-0.995,0.75,1,0.5,0.75,0.75,1,0,0.25,0.5,0,0,0,0.5,0.75,0.034,0.988,-2.923,-1.834,-2.778,-2.771,-3.506,-3.012,-2.11,-0.939,-1.859,-1.852,-2.065,-3.387,-2.102,-2.182,-2.924,-2.85,0.984
"NIC","NICARAGUA",1979,-3,0,495.366597419221,-28.2847826112608,77.2029724121094,NA,27.6659297943115,32.7198295593262,NA,NA,NA,NA,NA,NA,3164525,50.5050996611181,NA,NA,0,5.46821837663223,235631698.608398,NA,NA,NA,NA,NA,NA,NA,50.828,43.842,59.713,NA,NA,NA,NA,3.10478654592497,"Americas","Central America",0.078,-1.255,-2.577,-0.727,-2.35,-0.184,2.906,-1.355,-0.062,0.521,0.771,0.729,0.636,0.864,1,0,0.25,0.5,0.229,0.114,0.229,0.386,0.636,0.024,0.943,-0.972,-1.494,-2.778,-1.026,-2.066,-0.667,-2.11,-1.315,-1.859,-1.852,-2.065,NA,NA,NA,NA,-1.887,0.941
"NIC","NICARAGUA",1980,-3,0,659.297143121648,33.0927734240618,85.8327789306641,NA,30.0899391174316,37.5460014343262,64.11736,NA,NA,NA,NA,NA,3252403,50.5833379196858,NA,NA,0,5.07164062768281,504419311.523438,NA,NA,NA,NA,NA,NA,NA,57.953,54.065,62.041,NA,NA,NA,NA,3.3461804193077,"Americas","Central America",0.533,0.702,-0.362,1.567,0.092,0.634,1.072,-0.431,-0.025,0,0,0.5,0,0.75,1,0,0,0,1,0.5,0.75,0.25,0.25,0.082,0.706,1.038,-0.194,NA,-0.144,-0.08,-0.667,-0.574,-0.378,-1.191,-1.376,-0.681,NA,NA,NA,NA,1.047,0.311
"NIC","NICARAGUA",1981,-5,0,739.671655710215,12.1909390063498,NA,NA,NA,NA,NA,NA,NA,NA,NA,NA,3345674,50.6028381725177,NA,NA,0,3.80740659832694,272021820.068359,NA,NA,NA,NA,NA,NA,NA,58.278,54.219,62.564,NA,NA,NA,NA,4.33559111285625,"Americas","Central America",0.533,0.702,-0.362,1.567,0.092,0.634,1.072,-0.431,-0.025,0,0,0.5,0,0.75,1,0,0,0,1,0.5,0.75,0.25,0.25,0.082,0.702,1.264,-0.194,NA,-0.144,-0.08,-0.667,-0.574,-0.378,-1.191,-1.376,-0.681,NA,NA,NA,NA,1.047,0.302
"NIC","NICARAGUA",1982,-5,0,713.777809066357,-3.50072176538863,86.8818969726562,NA,27.356689453125,34.1357498168945,62.73692,NA,NA,NA,NA,NA,3438745,50.6227998877498,NA,NA,0,6.10803954821771,276377014.160156,NA,NA,NA,NA,NA,NA,NA,58.685,54.617,62.969,NA,NA,NA,NA,NA,"Americas","Central America",0.387,-0.106,-0.665,0.17,0.092,0.634,1.79,-0.75,-0.191,0,0,0.5,0,0.75,1,0,0,0,1,0.5,0.75,0.25,0.25,0.069,0.702,1.264,-0.194,NA,-0.144,-0.08,-0.667,-0.574,-0.378,-1.191,-1.376,-0.681,NA,NA,NA,NA,1.047,0.302
"NIC","NICARAGUA",1983,-5,0,779.852730684977,9.25707142745836,88.8129806518555,NA,27.5142402648926,33.3557586669922,63.16497,NA,NA,NA,NA,NA,3530282,50.6625106259187,NA,NA,0,2.72550803068277,274219055.175781,NA,NA,NA,NA,NA,NA,NA,56.851,51.253,63.159,NA,NA,NA,NA,NA,"Americas","Central America",0.387,-0.106,-0.665,-0.211,0.092,0.634,1.79,-0.75,-0.191,0,0,0.5,0,0.75,1,0,0,0,1,0.5,0.75,0.25,0.25,0.07,0.69,1.264,0.28,NA,-0.144,-0.08,-0.667,-0.574,-0.378,-1.191,-1.376,-0.681,NA,NA,NA,NA,1.047,0.302
"NIC","NICARAGUA",1984,-1,1,861.428649767358,10.4604261641463,85.8263397216797,NA,25.479700088501,32.4750099182129,61.61274,NA,NA,NA,NA,NA,3619104,50.7311754511614,NA,NA,0,1.09148823927057,319488403.320313,NA,NA,NA,NA,NA,NA,NA,56.126,49.88,63.358,NA,NA,NA,NA,NA,"Americas","Central America",0.53,0.714,-0.358,1.145,0.092,0.634,1.79,-0.75,-0.191,0,0,0.5,0,0.75,1,0,0,0,1,0.5,0.75,0.25,0.25,0.089,0.609,1.264,0.814,0.037,-0.144,-0.08,1.494,-0.574,-0.378,-1.191,-1.376,-0.681,NA,NA,NA,NA,1.282,0.268
"NIC","NICARAGUA",1985,-1,1,724.056425347288,-15.9470229434753,87.6392288208008,NA,26.6678791046143,35.7049789428711,65.61814,NA,NA,NA,NA,NA,3706479,50.8073162716735,NA,NA,0,0.87159761953219,308858428.955078,NA,NA,NA,NA,NA,2.40599989891052,NA,56.4,50.095,63.662,NA,NA,NA,NA,NA,"Americas","Central America",0.435,0.281,-0.667,-0.209,0.092,0.634,1.79,-0.75,-0.191,0,0,0.5,0,0.75,1,0,0,0,1,0.5,0.75,0.25,0.25,0.163,0.632,1.065,0.814,0.037,-0.408,-0.08,1.494,-0.574,-0.378,-1.191,-1.376,-0.681,-0.828,-1.009,-0.077,-1.161,1.282,0.313
"NIC","NICARAGUA",1986,-1,1,760.59055909276,5.04575782584191,84.5438385009766,NA,32.8001708984375,42.988468170166,64.41338,NA,NA,NA,NA,NA,3794157,50.8727369143493,NA,NA,0,0.88235383828891,343289733.886719,NA,NA,NA,NA,NA,NA,NA,57.558,51.711,64.083,NA,NA,NA,NA,NA,"Americas","Central America",0.435,0.281,-0.667,-0.209,0.092,0.634,1.79,-0.75,-0.191,0,0,0.5,0,0.75,1,0,0,0,1,0.5,0.75,0.25,0.25,0.159,0.639,0.867,0.814,0.037,-0.408,-0.08,1.494,-0.574,-0.378,-1.191,-1.376,-0.681,-0.828,-0.038,-0.077,-1.161,1.282,0.331
"NIC","NICARAGUA",1987,-1,1,992.024066415935,30.428133054824,86.3590469360352,NA,40.4493103027344,52.8425598144531,65.90944,NA,NA,NA,NA,NA,3882164,50.9332423874932,NA,NA,0,0.744968291650304,286068511.962891,NA,NA,NA,NA,NA,NA,NA,57.329,51.098,64.369,NA,NA,NA,NA,NA,"Americas","Central America",0.468,0.452,-0.667,-0.209,0.092,0.634,1.79,-0.75,-0.191,0,0,0.5,0,0.75,1,0,0,0,1,0.5,0.75,0.25,0.25,0.16,0.66,0.867,0.814,0.037,-0.408,-0.403,1.11,-0.574,-0.378,-1.191,-1.376,-0.681,-0.828,-0.038,-0.077,-1.161,1.282,0.331
"NIC","NICARAGUA",1988,-1,1,662.308196621167,-33.2366805359866,86.5783767700195,NA,40.3836212158203,54.1365089416504,66.02713,NA,NA,NA,NA,NA,3972320,50.9762556893704,NA,NA,0,1.07916484996002,408911926.269531,NA,NA,NA,NA,NA,NA,NA,59.833,54.996,64.923,NA,NA,NA,NA,NA,"Americas","Central America",0.468,0.452,-0.667,0.193,0.092,0.634,1.79,-0.429,-0.191,0,0,0.5,0,0.75,1,0,0,0,1,0.5,0.75,0.25,0.25,0.172,0.673,0.867,0.907,0.037,-0.408,-0.89,1.11,-0.574,-0.378,-1.191,-1.376,-0.681,-0.828,-0.038,-0.077,-1.161,1.282,0.331
"NIC","NICARAGUA",1989,-1,1,249.155474069011,-62.3807352317089,83.9635162353516,NA,NA,NA,64.23941,NA,NA,NA,NA,NA,4066476,50.9839357182818,NA,NA,0,2.78255477477445,442994384.765625,NA,NA,NA,NA,NA,1.82690000534058,NA,61.884,58.157,65.612,NA,NA,NA,NA,NA,"Americas","Central America",0.673,1.423,0.106,1.583,0.092,0.634,1.79,-0.429,-0.191,0,0,0.5,0,0.75,1,0,0,0,1,0.5,0.75,0.25,0.25,0.18,0.67,0.867,1.094,0.037,-0.408,-0.89,1.11,-0.574,-0.378,-1.191,-1.376,-0.681,-0.828,-0.038,-0.077,-1.161,1.282,0.331
"NIC","NICARAGUA",1990,6,1,242.508390600822,-2.66784564658929,87.2671127319336,NA,NA,NA,66.6239,NA,NA,NA,0,26.2658373469951,4162559,50.9771993622193,66.8280410766602,NA,0,6.71830601093931,579764038.085938,NA,NA,NA,NA,NA,1.8213000298,NA,62.473,58.855,66.072,NA,NA,NA,NA,NA,"Americas","Central America",0.788,1.938,0.646,2.401,0.588,0.634,-0.556,0.041,1.74,0.171,0.514,0.671,0.514,0.408,0.315,0,0.342,0.342,0.315,0.671,0.236,0.421,0.079,0.418,0.497,1.371,1.155,0.198,0.158,-0.214,1.11,0.554,-1.034,0.314,-0.908,-0.814,-0.189,-0.038,0.93,1.018,0.24,0.395
"NIC","NICARAGUA",1991,6,1,349.514318640612,44.1246291621826,91.0975036621094,NA,NA,NA,69.14372,NA,NA,NA,NA,18.2393673743543,4259637,50.9669601031825,67.4652252197265,NA,0,5.33038411064474,1375644287.10938,NA,NA,NA,NA,NA,NA,NA,63.31,59.995,66.56,NA,NA,NA,NA,4.00221575959008,"Americas","Central America",0.889,2.121,1.557,2.401,2.091,0.634,-0.398,0.989,1.74,0.25,0.75,0.75,0.75,0.25,0,0,0.5,0.5,0,0.75,0,0.5,0,0.473,0.467,0.369,1.155,0.198,0.433,0.589,1.279,0.554,-1.034,0.314,-0.908,-0.814,-0.556,1.027,0.93,1.253,0.137,0.466
"NIC","NICARAGUA",1992,6,1,411.473330661786,17.7271741719066,93.3697662353516,NA,NA,NA,72.50935,NA,NA,NA,NA,19.8495091477019,4357026,50.95381574496,68.1018981933594,NA,0,3.99413843808385,931092407.226563,NA,NA,NA,NA,NA,NA,NA,63.672,60.431,66.839,NA,NA,NA,NA,2.63275323516287,"Americas","Central America",0.867,2.121,1.557,2.401,1.155,0.634,-0.398,0.989,1.74,0.25,0.75,0.75,0.75,0.25,0,0,0.5,0.5,0,0.75,0,0.5,0,0.476,0.467,0.369,1.155,0.198,0.433,0.589,1.279,0.554,-1.034,0.314,-0.908,-0.814,-0.556,1.027,0.93,1.253,0.137,0.466
"NIC","NICARAGUA",1993,6,1,394.378074021071,-4.15464511715016,96.2529907226562,NA,44.2029685974121,53.0392608642578,73.33611,NA,NA,NA,NA,18.9808828317596,4453732,50.9405370597063,72.064174,NA,0,3.2712641713304,491268066.40625,NA,NA,NA,NA,NA,1.7999999523,NA,64.093,60.886,67.222,NA,0.565607309341431,NA,NA,2.10232558139535,"Americas","Central America",0.883,2.121,1.773,1.836,1.155,0.942,-0.398,1.462,1.74,0.25,0.75,0.75,0.75,0.25,0,0,0.5,0.5,0,0.75,0,0.5,0,0.482,0.467,0.369,1.155,0.198,0.433,0.589,1.279,0.554,-1.034,0.314,-0.908,-0.814,-0.556,1.027,0.93,1.253,0.137,0.466
"NIC","NICARAGUA",1994,6,1,849.179331364895,115.321131498686,98.515022277832,NA,50.1214218139648,58.4205207824707,74.38078,19.019221586678,NA,NA,0.0132,8.9936659409003,4549316,50.9273921618107,69.3630142211914,50.3462658264808,0,1.62282645767437,819753540.039063,NA,NA,NA,NA,NA,NA,NA,64.549,61.371,67.645,NA,NA,NA,NA,1.18950040982787,"Americas","Central America",0.883,2.121,1.773,1.836,1.155,0.942,-0.398,1.462,1.74,0.25,0.75,0.75,0.75,0.25,0,0,0.5,0.5,0,0.75,0,0.5,0,0.483,0.467,0.369,1.155,0.198,0.433,0.589,1.279,0.554,-1.034,0.314,-0.908,-0.814,-0.556,1.027,0.93,1.253,0.137,0.466
"NIC","NICARAGUA",1995,8,1,891.779352309996,5.01661067004888,97.0185928344727,NA,46.2427291870117,53.6736297607422,72.81064,20.0803864575286,NA,NA,0.03,9.40273440161028,4642931,50.9144116076676,69.981330871582,48.7158060155812,0,1.99078483904908,749868225.097656,NA,NA,NA,NA,NA,NA,NA,64.869,61.73,67.922,NA,NA,NA,NA,1.10282030687536,"Americas","Central America",0.883,2.121,1.773,1.836,1.155,0.568,-0.398,1.462,1.74,0.25,0.75,0.75,0.75,0.25,0,0,0.5,0.5,0,0.75,0,0.5,0,0.487,0.459,0.369,1.155,0.198,0.433,0.589,1.279,0.554,-0.737,0.314,-0.908,-0.814,-0.556,1.027,0.93,1.253,0.137,0.466
"NIC","NICARAGUA",1996,8,1,910.861645917295,2.13979989084404,95.6021423339844,NA,NA,NA,72.33616,21.4055297505817,NA,NA,0.0841,9.49444128842394,4729974,50.906357856014,70.5874176025391,47.2294576858909,0,1.55099338059432,1166550048.82813,NA,NA,NA,NA,NA,1.4800000191,NA,65.215,62.106,68.233,NA,NA,NA,NA,0.949704913116282,"Americas","Central America",0.883,2.121,1.773,1.836,1.155,0.568,-0.398,1.462,1.74,0.25,0.75,0.75,0.75,0.25,0,0,0.5,0.5,0,0.75,0,0.5,0,0.456,0.564,0.369,1.155,-0.305,-0.509,-0.176,1.279,-0.323,-0.737,-0.568,-0.908,-0.814,-0.556,1.027,0.856,1.253,0.137,0.477
"NIC","NICARAGUA",1997,8,1,912.757429788533,0.208130826425216,96.8917770385742,NA,NA,NA,NA,19.9567713388075,NA,NA,0.206,10.589091758038,4809573,50.904123921188,71.1781997680664,48.5107994224217,0,1.89151852264118,524462402.34375,NA,NA,NA,39.5222625732422,NA,NA,NA,65.523,62.423,68.547,NA,NA,70.2568650245667,62.1849596500397,0.894669832421458,"Americas","Central America",0.868,1.952,1.773,1.354,1.453,0.568,-0.398,1.462,1.74,0.25,0.75,0.75,0.75,0.25,0,0,0.5,0.5,0,0.75,0,0.5,0,0.411,0.706,-0.765,1.155,-0.305,-1.26,-2.143,0.216,-0.656,-0.737,-0.568,-0.908,-0.814,-1.063,1.027,0.856,0.953,-0.348,0.658
"NIC","NICARAGUA",1998,8,1,949.155373494771,3.98769076190052,97.0374221801758,NA,NA,NA,NA,19.1909508834659,NA,NA,0.304,11.0364830637541,4883655,50.9008005477863,69.047103,48.7906994203994,0,1.5777578844684,780769348.144531,NA,NA,NA,NA,NA,NA,NA,64.111,61.463,66.672,NA,0.542759597301483,NA,NA,0.735362192331601,"Americas","Central America",0.868,1.952,1.773,1.354,1.453,0.568,-0.398,1.462,1.74,0.25,0.75,0.75,0.75,0.25,0,0,0.5,0.5,0,0.75,0,0.5,0,0.411,0.706,-0.765,1.155,-0.305,-1.26,-2.143,0.216,-0.656,-0.737,-0.568,-0.908,-0.814,-1.063,1.027,0.856,0.953,-0.348,0.658
"NIC","NICARAGUA",1999,8,1,980.219744675246,3.27284363002621,102.528617858887,NA,64.6793518066406,68.6844100952148,78.42459,17.0002169688192,NA,NA,0.498,10.7189463745964,4954018,50.8995526459532,72.3016586303711,50.1521867388057,0,1.42120426128236,899672851.5625,NA,NA,NA,NA,NA,NA,NA,65.892,62.816,68.921,NA,NA,NA,NA,0.71949282543475,"Americas","Central America",0.776,1.33,1.549,0.671,0.882,0.568,-0.398,1.462,1.74,0.25,0.75,0.75,0.75,0.25,0,0,0.5,0.5,0,0.75,0,0.5,0,0.386,0.714,-0.765,0.201,-0.305,-1.26,-2.143,0.216,-0.656,-0.737,-0.568,-0.908,-0.814,-1.063,1.027,0.856,0.953,-0.348,0.658
"NIC","NICARAGUA",2000,8,1,1017.3124434882,3.78412075602935,103.338760375977,NA,62.4596900939941,68.5838317871094,81.00897,17.7655051440462,71.59811,NA,0.980216,10.6468701120311,5022633,50.9032015677833,72.8297271728516,49.7358775588938,0,1.3540087539637,776400390.625,NA,NA,NA,NA,5.23883677,NA,125,66.36,63.294,69.384,NA,NA,NA,NA,0.782751441383728,"Americas","Central America",0.776,1.33,1.549,0.671,0.882,0.568,-0.398,1.462,1.74,0.25,0.75,0.75,0.75,0.25,0,0,0.5,0.25,0,0.75,0,0.5,0,0.379,0.717,-0.765,0.201,-0.305,-1.26,-2.143,0.216,-0.656,-0.737,-0.568,-0.795,-0.814,-1.063,1.027,0.856,0.953,-0.348,0.658
"NIC","NICARAGUA",2001,8,1,1051.874235891,3.39736259239031,107.027893066406,NA,62.6268501281738,70.1974716186523,84.02504,16.8133294680756,NA,NA,1.4488,9.80250806649996,5087825,50.9083547488367,72.22158,50.3044371148482,0,1.14847900083655,1441384765.625,76.6800003051758,76.7600021362305,76.5999984741211,31.2545299530029,5.48459768,NA,120,67.028,63.963,70.054,NA,0.58325332403183,91.4378643035889,70.7702875137329,0.683524520762284,"Americas","Central America",0.776,1.33,1.549,0.671,0.882,0.568,-0.398,1.462,1.74,0.25,0.75,0.75,0.75,0.25,0,0,0.5,0.25,0,0.75,0,0.5,0,0.374,0.693,-0.765,0.201,-0.314,-0.351,-1.372,0.243,-0.955,-0.737,-0.585,-0.862,-0.983,-1.063,1.027,0.856,0.953,-0.348,0.657
"NIC","NICARAGUA",2002,8,1,1014.3339042591,-3.56889924203734,114.217742919922,NA,71.0858383178711,77.6524276733398,90.23787,16.4301119851034,70.33595,NA,1.71473,10.3954991061828,5149909,50.9146955966221,73.8366928100586,50.4457904382355,0,1.14157988958926,659734863.28125,NA,NA,NA,NA,5.73315859,NA,98,67.95,64.871,70.991,NA,NA,NA,NA,0.865165582304889,"Americas","Central America",0.776,1.33,1.549,0.671,0.882,0.568,-0.398,1.462,1.74,0.25,0.75,0.75,0.75,0.25,0,0,0.5,0.25,0,0.75,0,0.5,0,0.382,0.674,0.086,0.201,-0.314,-0.432,-0.654,0.243,-0.955,-0.737,-0.585,-0.862,-0.983,-1.063,1.027,0.856,0.463,-0.348,0.603
"NIC","NICARAGUA",2003,8,1,1021.35216668794,0.691908492792257,115.29280090332,NA,71.465461730957,77.0557174682617,NA,15.6259025646946,NA,NA,1.88041,11.7208158960434,5210963,50.9212788499938,74.3277206420898,52.0637365182963,0,1.12766211906764,1027049560.54688,NA,NA,NA,NA,6.08317614,NA,102,68.749,65.685,71.774,NA,NA,NA,NA,0.860737429085598,"Americas","Central America",0.734,1.034,1.549,0.718,0.882,0.568,-0.398,1.462,1.74,0.25,0.75,0.75,0.75,0.25,0,0,0.5,0.25,0,0.75,0,0.5,0,0.379,0.674,0.086,0.201,-0.314,-0.432,-0.654,0.243,-0.955,-0.737,-0.585,-0.862,-0.983,-1.063,1.027,0.856,0.463,-0.348,0.603
"NIC","NICARAGUA",2004,8,1,1098.62118662335,7.56536505777233,117.809127807617,NA,72.6891326904297,77.9117126464844,92.62374,15.9688222709169,69.07378,NA,2.32066,12.1881791801183,5272912,50.9273054433679,74.8185272216797,50.4838508360202,0,1.29185557609837,1389419189.45313,NA,NA,NA,NA,6.05740356,NA,94,69.51,66.46,72.523,NA,NA,NA,NA,0.730793275300281,"Americas","Central America",0.734,1.034,1.549,0.718,0.882,0.568,-0.398,1.462,1.74,0.25,0.75,0.75,0.75,0.25,0,0,0.5,0.25,0,0.75,0,0.5,0,0.38,0.68,0.086,0.201,-0.314,-0.432,-0.654,0.243,-0.955,-1.06,-0.585,-0.862,-0.983,-1.063,1.027,0.856,0.463,-0.348,0.603
"NIC","NICARAGUA",2005,8,1,1183.30214010175,7.70793013182913,119.177742004395,NA,76.9040985107422,81.8235626220703,92.4662,16.137898065388,NA,NA,2.56635,12.8998034816805,5342105,50.9307847749155,73.821815,49.8576240795747,0,1.11397978053442,809561157.226563,78,78.0999984741211,77.9199981689453,NA,6.22468948,0.83,77,70.374,67.315,73.398,6.57777319431,0.558232724666595,NA,NA,0.700404064217207,"Americas","Central America",0.734,1.034,1.549,0.718,0.882,0.568,-0.398,1.462,1.74,0.286,0.429,0.572,0.714,0.286,0.143,0.143,0.286,0.143,0,0.571,0,0.429,0,0.38,0.68,0.086,0.201,-0.314,-0.432,-0.654,0.243,-0.955,-1.06,-0.585,-0.862,-0.983,-1.063,1.027,0.856,0.463,-0.348,0.603
"NIC","NICARAGUA",2006,8,1,1248.17371577788,5.48224950142927,123.00740814209,NA,76.8499908447266,82.0741729736328,95.88051,15.8996625466787,67.81162,NA,2.80557,13.6842084660093,5418855,50.9286740464545,75.82373046875,53.7592580608306,0,1.57912337410457,744580627.441406,NA,NA,NA,NA,6.35756445,0.8,75,70.958,67.92,73.957,NA,NA,NA,NA,0.551255993486822,"Americas","Central America",0.675,0.832,0.899,0.718,0.882,0.568,-0.398,1.045,1.74,0.167,0.333,0.667,0.833,0.667,0.167,0,0.5,0.167,0,0.333,0,0.333,0,0.321,0.767,0.423,-0.226,-0.339,-0.432,-0.786,-0.224,-1.223,-1.06,-1.193,-1.901,-1.707,-1.063,1.027,0.72,0.344,-0.364,0.576
"NIC","NICARAGUA",2007,9,1,1350.38145753377,8.18858308454224,121.699150085449,NA,76.8294525146484,82.8824691772461,95.63359,16.4613383107055,NA,NA,3.9,13.8620870800837,5497243,50.9228353194501,76.3502502441406,53.3277569988709,0,1.54258856099957,801193115.234375,NA,NA,NA,NA,6.95643044,0.9,80,71.197,68.175,74.173,NA,NA,NA,NA,0.53172621458102,"Americas","Central America",0.562,0.335,0.452,0.185,0.758,0.735,-0.402,0.964,1.535,0,0,0.833,0.667,1,0.5,0,0.5,0.167,0.333,0,0.167,0.167,0.167,0.218,0.856,0.051,-0.588,-0.339,-1.348,-1.475,-0.923,-1.613,-1.21,-1.614,-1.696,-1.74,-1.333,1.027,-0.176,-0.531,-0.207,0.585
"NIC","NICARAGUA",2008,9,1,1523.68437086409,12.8336265551829,121.101028442383,NA,75.0357894897461,81.5993728637695,96.43234,16.2627898839898,67.2,NA,5.3,13.2016760492309,5576593,50.9163569943153,76.8992919921875,52.8963553347955,0.241718443242608,1.4819143624518,691005981.445313,NA,NA,NA,NA,7.16700697,0.89,76,71.404,68.413,74.342,NA,NA,NA,NA,0.502058376769716,"Americas","Central America",0.566,0.335,0.266,0.185,0.995,0.83,-0.402,0.964,1.535,0,0,0.833,0.833,1,0.5,0,0.333,0.167,0.333,0,0.167,0.167,0.167,0.204,0.875,-0.091,-0.588,-0.339,-1.348,-1.574,-0.923,-1.613,-1.103,-1.614,-2.007,-2.492,-1.333,1.027,-0.176,-0.622,-0.207,0.595
"NIC","NICARAGUA",2009,9,1,1467.08288052845,-3.7147779040052,NA,NA,NA,NA,NA,16.0676510041113,NA,NA,7.3,13.1376609454229,5656601,50.9100429745708,77.916313,54.2005121911789,0.136614559984771,1.31162414000297,713336425.78125,NA,NA,NA,NA,7.68584394,0.9,69,71.499,68.452,74.496,7.47936826759,0.569665849208832,NA,NA,0.502751000926974,"Americas","Central America",0.566,0.335,0.266,0.185,0.995,0.83,-0.402,0.964,1.535,0,0,0.833,0.833,1,0.5,0,0.333,0.167,0.333,0,0.167,0.167,0.167,0.198,0.882,0.048,-0.588,-0.339,-1.348,-1.574,-1.073,-1.613,-1.103,-1.614,-2.007,-2.492,-1.333,1.027,-0.544,-0.69,-0.207,0.59
"NIC","NICARAGUA",2010,9,1,1526.56706951408,4.0545895378592,119.666778564453,NA,80.4254989624023,85.2511978149414,94.89265,16.9826368007048,67.2,NA,10,13.6783665497108,5737450,50.9035109842332,78.0574569702148,51.7336180965215,0.0252340770771501,4.15315104137442,482813232.421875,NA,NA,NA,NA,7.71019173,0.9,70,71.761,68.777,74.684,NA,NA,NA,NA,0.505472679188859,"Americas","Central America",0.565,0.335,0.266,0.112,0.903,1.177,-0.402,0.964,1.535,0,0,0.833,0.833,1,0.667,0,0.333,0.167,0.333,0,0,0,0.167,0.193,0.884,0.048,-0.774,-0.339,-1.467,-1.65,-1.073,-1.613,-1.103,-1.614,-2.007,-2.492,-1.184,1.027,-0.544,-0.69,-0.207,0.59
"NIC","NICARAGUA",2011,9,1,1679.71192084633,10.0319766088625,NA,NA,NA,NA,NA,18.8847883857771,NA,NA,10.6,14.5197030493667,5819051,50.8968214920268,78.6605682373047,48.451431344224,0.0519123138385869,5.12065108678162,532340576.171875,NA,NA,NA,NA,7.44982004,0.92,74,72.033,68.975,75.036,NA,NA,NA,NA,0.526411336509848,"Americas","Central America",0.565,0.335,0.266,0.112,0.903,1.177,-0.402,0.964,1.535,0,0,0.833,0.833,1,0.667,0,0.333,0.167,0.333,0,0,0,0.167,0.187,0.886,-0.104,-0.774,-0.443,-1.467,-1.65,-1.073,-1.613,-1.103,-1.614,-2.007,-2.492,-1.184,1.027,-0.544,-0.69,-0.207,0.593
"NIC","NICARAGUA",2012,9,1,1784.69836017555,6.25026458562741,NA,NA,NA,NA,NA,17.6115834733674,7.2549,NA,13.5,15.0091410767164,5901287,50.8902549562494,79.2756958007813,48.0435097123832,0.0462955853539498,4.62546930334416,549503723.144531,85.6094338931668,85.7990609074692,85.456376304435,NA,7.48836899,0.91,74,72.435,69.421,75.381,NA,NA,NA,NA,0.665903553721293,"Americas","Central America",0.541,0.335,0.038,0.112,0.903,1.177,-0.402,0.964,1.535,0,0,0.833,0.833,1,0.667,0,0.333,0.167,0.333,0,0,0,0.167,0.155,0.899,0.054,-0.76,-0.443,-1.467,-1.65,-1.438,-1.613,-1.103,-1.614,-2.007,-2.492,-1.184,1.027,-1.071,-0.961,-0.207,0.596
"NIC","NICARAGUA",2013,9,1,1835.43996363715,2.84314731239002,NA,NA,NA,NA,NA,16.4909112111851,NA,NA,15.5,15.0204349649964,5983845,50.8836794542104,79.8998413085938,48.3652118048254,0.0404742289870495,4.95048345059701,503551696.777344,NA,NA,NA,NA,7.63869238,0.95,70,72.551,69.528,75.507,NA,NA,NA,NA,0.678614215031222,"Americas","Central America",0.393,-0.506,-0.164,-0.622,0.926,1.177,-0.402,0.964,0.492,0,0,0.833,0.833,1,0.667,0,0.333,0.167,0.333,0,0,0,0.167,0.127,0.936,-0.409,-0.978,-0.443,-1.63,-1.772,-1.769,-1.613,-1.37,-1.614,-2.204,-2.93,-1.184,0.798,-2.443,-1.585,-0.641,0.668
"NIC","NICARAGUA",2014,9,1,1958.37047579547,6.69760463941943,NA,NA,NA,NA,NA,16.7090173834472,6.3867,NA,17.6,15.3162602503007,6066492,50.8760171242321,81.853073,48.5497818405039,0.0340990650048295,4.2211834678271,442019622.802734,87.3450882346125,86.8724535153368,88.2039323211935,NA,7.97716141,0.96,65,72.792,69.934,75.564,5.78477567479,0.5806725025177,NA,NA,0.685091959091359,"Americas","Central America",0.371,-0.506,-0.456,-1.066,0.926,1.177,-0.402,0.964,0.492,0,0,0.833,0.833,1,0.667,0,0.333,0.167,0.333,0,0,0,0.167,0.126,0.938,-0.409,-0.978,-0.443,-1.63,-1.876,-1.769,-1.613,-1.37,-1.614,-2.204,-2.93,-1.184,0.798,-2.443,-1.585,-0.641,0.668
"NIC","NICARAGUA",2015,9,1,2074.45620634731,5.92766955928945,NA,NA,NA,NA,NA,16.1099292353151,NA,NA,19.7043,15.5895752369993,6149417,50.866935841235,81.1631393432617,48.5741100477068,0,2.10539835608013,528896972.65625,NA,NA,NA,NA,7.96303272,0.92,59,72.899,70.067,75.642,NA,NA,NA,NA,0.775537371941149,"Americas","Central America",0.371,-0.506,-0.456,-1.066,0.926,1.177,-0.402,0.964,0.492,0,0,0.833,0.833,1,0.667,0,0.333,0.167,0.333,0,0,0,0.167,0.126,0.94,-0.409,-0.978,-0.443,-1.63,-1.876,-1.769,-1.613,-1.37,-1.614,-2.204,-2.93,-1.374,0.798,-2.443,-1.65,-0.641,0.668
"NIC","NICARAGUA",2016,6,0,2131.68704828322,2.75883587037404,NA,NA,NA,NA,NA,14.9153392298097,5.5185,NA,24.5718,16.1664558122422,6232666,50.8574582461916,81.7967987060547,49.4649749753047,0.00769475794674993,3.11297731611032,495481384.277344,NA,NA,NA,NA,8.04877567,0.91,54,73.18,70.417,75.845,NA,NA,NA,NA,0.639876675817232,"Americas","Central America",0.351,-0.621,-0.456,-1.556,0.926,1.177,-0.304,0.964,0.492,0,0,0.833,0.833,1,0.667,0,0.333,0.167,0.333,0,0,0,0.167,0.121,0.941,-0.471,-0.978,-0.406,-1.63,-1.876,-1.844,-1.613,-1.37,-1.614,-2.204,-2.93,-1.374,0.798,-2.443,-1.65,-0.641,0.682
"NIC","NICARAGUA",2017,6,0,2182.61380995674,2.38903556291411,NA,NA,NA,NA,NA,14.9964086019473,NA,NA,30.4,16.5737893247413,6316231,50.8471189785302,NA,50.2780347158336,0.0128520280376942,2.7029582269273,632681213.378906,NA,NA,NA,NA,8.32754421,0.92,51,73.389,70.693,75.98,NA,NA,NA,NA,0.626510067010078,"Americas","Central America",0.358,-0.403,-0.538,-1.556,0.529,1.177,-0.223,0.699,0.279,0,0,0.833,0.833,1,0.667,0,0.333,0.167,0.333,0,0,0,0.167,0.103,0.947,-0.471,-1.028,-0.406,-1.63,-1.876,-1.844,-2.028,-1.471,-1.88,-2.204,-2.93,-1.374,0.798,-2.443,-1.65,-0.641,0.679
"NIC","NICARAGUA",2018,6,0,2035.16549390507,-6.75558430809125,NA,NA,NA,NA,NA,15.3222113237126,5.5185,NA,33.913,15.69943210278,6400080,50.8382472034338,NA,51.0117529210468,0.0215824227322452,2.02687465495511,379402008.056641,NA,NA,NA,NA,8.4993515,0.95,46,73.879,71.039,76.628,NA,NA,NA,NA,0.62717222145559,"Americas","Central America",0.138,-1.449,-1.888,-1.804,-0.046,1.021,0.574,-0.728,-1.077,0,0,0.747,0.703,0.957,0.71,0,0.333,0.167,0.247,0,0,0,0.167,0.051,0.967,-0.897,-1.661,-0.406,-1.63,-2.234,-2.765,-2.189,-1.471,-2.388,-2.321,-3.089,-1.811,0.812,-2.443,-1.651,-0.789,0.714
"NIC","NICARAGUA",2019,NA,0,1958.62051528095,-3.76111814264528,NA,NA,NA,NA,NA,15.5297840677071,NA,NA,37.8319,17.4217765048676,6483657,50.8307812752558,NA,50.4678293597465,0.0178636683851291,1.28485958829485,424264099.121094,NA,NA,NA,NA,8.50037098,0.98,49,73.764,71.016,76.416,NA,NA,NA,NA,0.605020089397565,"Americas","Central America",0.124,-1.526,-1.888,-1.804,-0.324,0.994,0.574,-0.799,-1.077,0,0,0.5,0.333,0.833,0.833,0,0.333,0.167,0,0,0,0,0.167,0.047,0.974,-0.897,-1.661,-0.406,-1.63,-2.234,-2.765,-2.65,-1.375,-2.947,-2.321,-3.089,-2.266,0.812,-2.443,-1.651,-0.789,0.714
"NIC","NICARAGUA",2020,NA,0,1938.44704754382,-1.02998347968577,NA,NA,NA,NA,NA,15.9067799804023,5.5185,NA,42.2037,17.0109140687159,6565267,50.8321978119394,NA,48.6126906364813,0.0084343580954292,1.65812864181366,497604339.599609,NA,NA,NA,NA,8.55739307,0.97,47,70.766,67.603,74.03,NA,NA,NA,NA,0.629971870953776,"Americas","Central America",0.174,-1.183,-1.466,-2.117,-0.324,0.664,0.211,-0.511,-1.69,0,0,0.625,0.375,0.75,0.875,0,0.375,0.125,0.25,0,0.125,0,0.125,0.045,0.981,-0.897,-1.661,-0.406,-1.803,-2.832,-2.451,-3.208,-1.375,-3.221,-2.614,-3.089,-2.266,0.812,-2.443,-2.098,-0.789,0.714
"PAN","PANAMA",1960,4,1,477.037935000289,NA,NA,NA,NA,NA,NA,NA,NA,NA,NA,NA,1126005,49.0822412709013,NA,NA,NA,NA,105131988.525391,NA,NA,NA,NA,NA,3.775310754776,NA,60.278,59.297,61.332,NA,NA,NA,NA,NA,"Americas","Central America",0.597,0.459,1.342,-1.086,-0.332,0.642,-0.09,2.044,0.817,0.25,0.25,0.5,0.75,0.25,0.5,0,0,0,0.25,0.25,0,0,1,0.207,0.714,-0.395,-1.321,-1.693,-0.007,0.625,-0.567,-1.337,-1.081,0.355,-0.307,0.025,-1.241,0.106,0.527,-0.954,-1.107,0.823
"PAN","PANAMA",1961,4,1,516.459861881073,8.26389768787678,NA,NA,NA,NA,NA,NA,NA,NA,NA,NA,1159870,49.1025279578987,NA,NA,NA,NA,79194442.7490234,NA,NA,NA,NA,NA,NA,NA,60.914,59.835,62.076,NA,NA,NA,NA,NA,"Americas","Central America",0.597,0.459,1.342,-1.086,-0.332,0.642,-0.09,2.044,0.817,0.25,0.25,0.5,0.75,0.25,0.5,0,0,0,0.25,0.25,0,0,1,0.209,0.714,-0.395,-1.321,-1.693,-0.007,0.625,-0.567,-1.337,-1.081,0.355,-0.307,0.025,-1.241,0.106,0.527,-0.954,-1.107,0.823
"PAN","PANAMA",1962,4,1,545.570446272529,5.63656278833134,NA,NA,NA,NA,NA,NA,NA,NA,NA,NA,1195301,49.1237771908498,NA,NA,NA,NA,89796012.878418,NA,NA,NA,NA,NA,NA,NA,61.428,60.294,62.651,NA,NA,NA,NA,NA,"Americas","Central America",0.597,0.459,1.342,-1.086,-0.332,0.642,-0.09,2.044,0.817,0.25,0.25,0.5,0.75,0.25,0.5,0,0,0,0.25,0.25,0,0,1,0.209,0.714,-0.395,-1.321,-1.693,-0.007,0.625,-0.567,-1.337,-1.081,0.355,-0.307,0.025,-1.241,0.106,0.527,-0.954,-1.107,0.823
"PAN","PANAMA",1963,4,1,586.61668793076,7.52354566466512,NA,NA,NA,NA,NA,NA,NA,NA,NA,NA,1232124,49.1449724216069,NA,NA,NA,NA,142522125.244141,NA,NA,NA,NA,NA,NA,NA,61.814,60.64,63.082,NA,NA,NA,NA,NA,"Americas","Central America",0.597,0.459,1.342,-1.086,-0.332,0.642,-0.09,2.044,0.817,0.25,0.25,0.5,0.75,0.25,0.5,0,0,0,0.25,0.25,0,0,1,0.209,0.714,-0.395,-1.321,-1.693,-0.007,0.625,-0.567,-1.337,-1.081,0.355,-0.307,0.025,-1.241,0.106,0.527,-0.954,-1.107,0.823
"PAN","PANAMA",1964,4,1,611.100612960754,4.17375187814021,NA,NA,NA,NA,NA,NA,NA,NA,NA,NA,1270065,49.1658300953101,NA,NA,NA,NA,82726188.659668,NA,NA,NA,NA,NA,NA,NA,62.101,60.877,63.429,NA,NA,NA,NA,NA,"Americas","Central America",0.597,0.459,1.342,-1.086,-0.332,0.642,-0.09,2.044,0.817,0.25,0.25,0.5,0.75,0.25,0.5,0,0,0,0.25,0.25,0,0,1,0.19,0.724,-0.395,-2.059,-1.684,-0.007,0.625,-0.567,-1.337,-1.081,0.355,-0.307,0.025,-1.241,0.106,0.527,-0.954,-1.107,0.82
"PAN","PANAMA",1965,4,1,651.331374848625,6.58332867528227,NA,NA,NA,NA,NA,NA,NA,NA,NA,NA,1308835,49.1867958910023,NA,NA,NA,NA,272989532.470703,NA,NA,NA,NA,NA,NA,NA,62.337,61.063,63.726,NA,NA,NA,NA,NA,"Americas","Central America",0.597,0.459,1.342,-1.086,-0.332,0.642,-0.09,2.044,0.817,0.25,0.25,0.5,0.75,0.25,0.5,0,0,0,0.25,0.25,0,0,1,0.184,0.722,-0.395,-2.059,-1.684,-0.007,0.625,-0.567,-1.337,-1.081,0.355,-0.307,0.025,-1.241,0.106,0.527,-0.954,-1.107,0.819
"PAN","PANAMA",1966,4,1,688.846978762789,5.75983368264471,NA,NA,NA,NA,NA,NA,NA,NA,NA,NA,1348388,49.2064221918485,NA,NA,NA,NA,142553314.208984,NA,NA,NA,NA,NA,NA,NA,62.629,61.366,64.006,NA,NA,NA,NA,NA,"Americas","Central America",0.597,0.459,1.342,-1.086,-0.332,0.642,-0.09,2.044,0.817,0.25,0.25,0.5,0.75,0.25,0.5,0,0,0,0.25,0.25,0,0,1,0.183,0.722,-0.395,-2.059,-1.684,-0.007,0.625,-0.567,-1.337,-1.081,0.355,-0.307,0.025,-1.241,0.106,0.527,-0.954,-1.107,0.819
"PAN","PANAMA",1967,4,1,744.890928311974,8.13590699778393,NA,NA,NA,NA,NA,NA,NA,NA,NA,NA,1388628,49.2235501516605,NA,NA,NA,NA,118328689.575195,NA,NA,NA,NA,NA,NA,NA,62.887,61.627,64.259,NA,NA,NA,NA,NA,"Americas","Central America",0.597,0.459,1.342,-1.086,-0.332,0.642,-0.09,2.044,0.817,0.25,0.25,0.5,0.75,0.25,0.5,0,0,0,0.25,0.25,0,0,1,0.192,0.712,-0.395,-2.059,-1.684,-0.007,0.625,-0.567,-1.337,-1.081,0.355,-0.307,0.025,-1.241,0.106,1.436,-0.954,-1.107,0.819
"PAN","PANAMA",1968,-7,0,778.476641666323,4.50880955557599,NA,NA,NA,NA,NA,NA,NA,NA,NA,NA,1429447,49.2379920346819,NA,NA,NA,NA,86770034.7900391,NA,NA,NA,NA,NA,NA,NA,63.242,61.998,64.593,NA,NA,NA,NA,NA,"Americas","Central America",0.43,0.241,0.323,-0.022,-1.606,0.844,-0.09,1.323,0.817,0.195,0.305,0.5,0.695,0.195,0.555,0,0,0,0.25,0.305,0,0.055,0.889,0.109,0.811,-0.261,-2.059,-1.243,-1.536,0.625,-1.175,-1.474,-0.903,0.857,0.095,1.142,-1.241,-1.751,-2.46,-2.573,-1.107,0.788
"PAN","PANAMA",1969,-7,0,830.319752856442,6.65955899192419,NA,NA,NA,NA,NA,NA,NA,NA,NA,NA,1470886,49.2504852520761,NA,NA,NA,NA,106128959.655762,NA,NA,NA,NA,NA,NA,NA,63.66,62.392,65.039,NA,NA,NA,NA,NA,"Americas","Central America",0.337,-0.407,0.323,-0.022,-1.606,0.844,0.187,0.358,0.817,0,0.5,0.5,0.5,0,0.75,0,0,0,0.25,0.5,0,0.25,0.5,0.068,0.811,-0.608,-2.059,NA,-1.536,0.625,-1.175,-2.008,-0.903,0.711,-0.223,0.942,NA,NA,-2.46,-2.573,-0.559,0.705
"PAN","PANAMA",1970,-7,0,892.890877487492,7.5357865949587,100.53914642334,NA,65.9775314331055,66.1344680786133,74.30772,10.8275356800678,NA,NA,NA,NA,1513070,49.2634506423699,NA,59.7941578959211,NA,0.296166240462318,97341545.1049805,NA,NA,NA,NA,NA,2.97410011291504,NA,64.068,62.721,65.542,NA,NA,NA,NA,NA,"Americas","Central America",0.337,-0.407,0.323,-0.022,-1.606,0.844,0.187,0.358,0.817,0,0.25,0.25,0.5,0,0.75,0,0,0,0.25,0.25,0,0.25,0.5,0.068,0.811,-0.608,-2.059,NA,-1.536,0.625,-1.175,-2.008,-0.903,0.711,-0.223,0.942,NA,NA,-2.46,-2.573,-0.559,0.705
"PAN","PANAMA",1971,-7,0,979.3302533737,9.68084432998575,109.59073638916,NA,70.2832489013672,69.8011474609375,82.43436,10.5711255178431,NA,NA,NA,NA,1556081,49.2778974873416,NA,60.0886780462876,0,0.238289864301265,114518112.182617,NA,NA,NA,NA,NA,NA,NA,64.666,63.175,66.311,NA,NA,NA,NA,NA,"Americas","Central America",0.337,-0.407,0.323,-0.022,-1.606,0.844,0.187,0.358,0.817,0,0.25,0.25,0.5,0,0.75,0,0,0,0.25,0.25,0,0.25,0.5,0.068,0.811,-0.608,-2.059,NA,-1.536,0.625,-1.175,-2.008,-0.903,0.711,-0.223,0.942,NA,NA,-2.46,-2.573,-0.559,0.705
"PAN","PANAMA",1972,-7,0,1046.06341222824,6.81416290619539,112.993148803711,NA,73.2674179077148,74.0876770019531,85.01582,10.019560637708,NA,NA,NA,NA,1599723,49.2930963673086,NA,61.9750656697333,0,0.259186877848345,71807350.1586914,NA,NA,NA,NA,NA,NA,NA,65.183,63.615,66.918,NA,NA,NA,NA,NA,"Americas","Central America",0.337,-0.407,0.323,-0.022,-1.606,0.844,0.187,0.358,0.817,0,0.25,0.25,0.5,0,0.75,0,0,0,0.25,0.25,0,0.25,0.5,0.071,0.808,-0.608,-2.059,-0.059,-1.536,0.625,-1.175,-2.008,-0.903,0.711,-0.223,0.942,-0.926,0.086,-2.46,-2.573,-0.559,0.679
"PAN","PANAMA",1973,-7,0,1164.32745834068,11.3056287725926,114.724708557129,NA,78.367073059082,79.4727935791016,87.09446,9.47875564833696,NA,NA,NA,NA,1643690,49.3089937883664,NA,61.0565173858369,0,0.377903458492148,116477012.634277,NA,NA,NA,NA,NA,NA,NA,65.783,64.04,67.723,NA,NA,NA,NA,NA,"Americas","Central America",0.337,-0.407,0.323,-0.022,-1.606,0.844,0.187,0.358,0.817,0,0.25,0.25,0.5,0,0.75,0,0,0,0.25,0.25,0,0.25,0.5,0.075,0.802,-0.608,-2.059,-0.059,-1.536,0.625,-1.175,-2.008,-0.903,0.711,-0.223,0.942,-0.926,0.086,-2.46,-2.573,-0.559,0.64
"PAN","PANAMA",1974,-7,0,1296.44759308169,11.3473347892438,115.212738037109,NA,81.1802368164062,81.1146087646484,NA,8.27174845072055,NA,NA,NA,NA,1687926,49.3251189180575,NA,62.2448233511596,0,0.353023085576698,75858436.5844727,NA,NA,NA,NA,NA,NA,NA,66.552,64.745,68.554,NA,NA,NA,NA,NA,"Americas","Central America",0.337,-0.407,0.323,-0.022,-1.606,0.844,0.187,0.358,0.817,0,0.25,0.25,0.5,0,0.75,0,0,0,0.25,0.25,0,0.25,0.5,0.075,0.802,-0.608,-2.059,-0.059,-1.536,0.625,-1.175,-2.008,-0.903,0.711,-0.223,0.942,-0.926,0.086,-2.46,-2.573,-0.559,0.64
"PAN","PANAMA",1975,-7,0,1405.74899748267,8.43083862272964,114.860893249512,NA,84.7896270751953,83.4827880859375,88.80241,8.28283827058805,NA,NA,NA,NA,1732389,49.3411406682568,NA,61.1732432101601,0,0.446101060860949,96454093.9331055,NA,NA,NA,NA,NA,3.38170003890991,NA,67.243,65.265,69.448,NA,NA,NA,NA,NA,"Americas","Central America",0.337,-0.407,0.323,-0.022,-1.606,0.844,0.187,0.358,0.817,0,0.25,0.25,0.5,0,0.75,0,0,0,0.25,0.25,0,0.25,0.5,0.075,0.802,-0.608,-2.059,-0.059,-1.536,0.625,-1.175,-2.008,-0.903,0.711,-0.223,0.942,-0.926,0.086,-2.46,-2.573,-0.559,0.64
"PAN","PANAMA",1976,-7,0,1456.50009707727,3.610253301655,114.194389343262,NA,95.0823822021484,98.8445281982422,88.47768,8.76046807974635,NA,NA,NA,NA,1776935,49.3577139049621,NA,62.4967447237478,0,0.419852982215459,121870986.938477,NA,NA,NA,NA,NA,NA,NA,67.794,65.695,70.131,NA,NA,NA,NA,NA,"Americas","Central America",0.337,-0.407,0.323,-0.022,-1.606,0.844,0.187,0.358,0.817,0,0.25,0.25,0.5,0,0.75,0,0,0,0.25,0.25,0,0.25,0.5,0.075,0.802,-0.608,-2.059,-0.059,-1.536,0.625,-1.175,-2.008,-0.903,0.711,-0.223,0.942,-0.926,0.086,-2.46,-2.573,-0.559,0.64
"PAN","PANAMA",1977,-7,0,1503.26503409472,3.21077472712101,112.646263122559,NA,93.1244277954102,93.7399673461914,NA,9.44093404652053,NA,NA,NA,NA,1821543,49.3743491095187,NA,63.727826764854,0,0.511896749094136,93896293.6401367,NA,NA,NA,NA,NA,NA,NA,68.252,66.057,70.692,NA,NA,NA,NA,NA,"Americas","Central America",0.337,-0.407,0.323,-0.022,-1.606,0.844,0.187,0.358,0.817,0,0.25,0.25,0.5,0,0.75,0,0,0,0.25,0.25,0,0.25,0.5,0.075,0.802,-0.608,-2.059,-0.059,-1.536,0.625,-1.175,-2.008,-0.903,0.711,-0.223,0.942,-0.926,0.086,-2.46,-2.573,-0.559,0.64
"PAN","PANAMA",1978,-6,0,1738.48763684081,15.6474472172995,111.702850341797,NA,89.4053268432617,91.9300918579102,90.59886,8.72367661967948,NA,NA,NA,NA,1866311,49.39032133444,NA,63.8695661098554,0,0.409459419031917,73891532.8979492,NA,NA,NA,NA,NA,NA,NA,68.687,66.466,71.135,NA,NA,NA,NA,NA,"Americas","Central America",0.337,-0.407,0.323,-0.022,-1.606,0.844,0.187,0.358,0.817,0,0.25,0.25,0.5,0,0.75,0,0,0,0.25,0.25,0,0.25,0.5,0.075,0.804,-0.608,-2.059,-0.085,-1.536,0.625,-1.175,-2.008,-0.903,0.711,-0.223,0.942,-0.926,0.086,-2.46,-2.573,-0.559,0.644
"PAN","PANAMA",1979,-6,0,1937.98107506361,11.4751140011165,109.009872436523,NA,88.8590469360352,90.6141967773438,89.17121,8.05624896681153,NA,NA,NA,NA,1911552,49.4053781458094,NA,64.3194037302652,0,0.411112391112046,62926216.1254883,NA,NA,NA,NA,NA,NA,NA,69.09,66.814,71.592,NA,NA,NA,NA,NA,"Americas","Central America",0.337,-0.407,0.323,-0.022,-1.606,0.844,0.187,0.358,0.817,0,0.25,0.25,0.5,0,0.75,0,0,0,0.25,0.25,0,0.25,0.5,0.078,0.808,-0.608,-2.059,-0.085,-1.536,0.625,-1.175,-2.008,-0.903,0.711,-0.223,0.942,-0.926,0.086,-2.46,-2.573,-0.559,0.649
"PAN","PANAMA",1980,-6,0,2357.09131999751,21.6261268144811,106.7783203125,NA,83.7970199584961,87.6342391967773,88.11547,7.40376036304825,NA,NA,NA,NA,1957534,49.4197291081534,NA,64.6070173285008,0,0.509247882437339,68722503.6621094,88.0699996948242,88.0999984741211,88.0500030517578,NA,NA,NA,NA,69.451,67.156,71.957,NA,NA,NA,NA,NA,"Americas","Central America",0.337,-0.407,0.323,-0.022,-1.606,0.844,0.187,0.358,0.817,0,0.25,0.25,0.5,0,0.75,0,0,0,0.25,0.25,0,0.25,0.5,0.078,0.813,-0.608,-2.059,-2.648,-1.536,0.625,-1.175,-2.008,-0.903,0.711,-0.223,0.942,-0.926,0.086,-2.46,-2.573,-0.775,0.739
"PAN","PANAMA",1981,-6,0,2605.45529924397,10.5368840459996,104.905120849609,NA,83.2039184570312,84.9861831665039,86.77832,7.25213198513372,NA,NA,NA,NA,2004418,49.4336011750044,NA,65.4493092907189,0,0.409213695746405,62248794.5556641,NA,NA,NA,NA,NA,NA,NA,69.79,67.386,72.424,NA,NA,NA,NA,NA,"Americas","Central America",0.332,-0.407,0.03,-1.124,-0.926,0.665,0.574,0.167,0.817,0,0.25,0.25,0.5,0,0.75,0,0,0,0.25,0.25,0,0.25,0.5,0.073,0.858,-0.608,-2.059,-2.648,-2.182,0.075,-1.864,-2.008,-0.903,0.711,-0.223,0.942,-0.926,0.086,-2.46,-2.573,-0.775,0.873
"PAN","PANAMA",1982,-5,0,2811.40643706411,7.90461221422226,104.457931518555,NA,80.2494201660156,84.500602722168,85.80853,6.76074682310878,NA,NA,NA,NA,2052271,49.4470518527759,NA,65.9929942762516,0,0.650738215778658,72857322.6928711,NA,NA,NA,NA,NA,NA,NA,69.9,67.519,72.496,NA,NA,NA,NA,NA,"Americas","Central America",0.332,-0.407,0.03,-1.124,-0.926,0.665,0.574,0.167,0.817,0,0,0.25,0.5,0,0.75,0,0,0,0.25,0,0,0,0.75,0.069,0.86,-0.594,-2.059,-2.648,-2.182,0.075,-1.864,-2.008,-0.903,0.711,-0.223,0.942,-0.926,0.086,-2.46,-2.573,-0.775,0.866
"PAN","PANAMA",1983,-5,0,2819.35128451397,0.282593343499511,103.476860046387,NA,82.2765579223633,85.2413330078125,84.67357,7.23427682089331,NA,NA,NA,NA,2101106,49.4600462803876,NA,67.0531528822786,0,0.295184787867097,80397895.8129883,NA,NA,NA,NA,NA,NA,NA,70.133,67.681,72.813,NA,NA,NA,NA,NA,"Americas","Central America",0.332,-0.407,0.03,-1.124,-0.926,0.665,0.574,0.167,0.817,0,0,0.25,0.5,0,0.75,0,0,0,0.25,0,0,0,0.75,0.069,0.837,-0.594,-2.059,-2.648,-2.182,1.441,-1.864,-2.008,-0.903,0.711,-0.223,0.942,-0.926,0.086,-2.46,-2.573,-0.775,0.866
"PAN","PANAMA",1984,-6,0,2874.94832112227,1.9719797569633,104.092788696289,NA,80.1377410888672,80.4951019287109,84.44922,6.75708949226226,NA,NA,NA,NA,2150782,49.4727964061444,NA,66.8657522670706,0,0.166557253524524,156616287.231445,NA,NA,NA,NA,NA,NA,NA,70.403,67.92,73.104,NA,NA,NA,NA,NA,"Americas","Central America",0.332,-0.407,0.03,-1.124,-0.926,0.665,0.574,0.167,0.817,0,0,0.25,0.5,0,0.75,0,0,0,0.25,0,0,0,0.75,0.074,0.841,-0.594,-2.059,-2.614,-2.182,1.441,-1.864,-2.008,-0.903,0.711,-0.223,1.018,-0.926,0.086,-2.46,-2.573,-1.646,0.914
"PAN","PANAMA",1985,-6,0,2972.18070666064,3.3820568120826,104.022232055664,NA,81.5314483642578,83.2773818969727,85.02362,6.86477606242136,NA,NA,NA,NA,2200915,49.4848279011229,NA,64.2822381370829,0,0.123443847569921,118623687.744141,NA,NA,NA,NA,NA,3.35330009460449,NA,70.544,68.061,73.236,NA,NA,NA,NA,NA,"Americas","Central America",0.332,-0.407,0.03,-1.124,-0.926,0.665,0.574,0.167,0.817,0,0,0.25,0.5,0,0.75,0,0,0,0.25,0,0,0,0.75,0.074,0.841,-0.594,-2.059,-2.614,-2.182,1.441,-1.864,-2.008,-0.903,0.711,-0.223,1.018,-0.926,0.086,-2.46,-2.573,-1.646,0.91
"PAN","PANAMA",1986,-6,0,3019.48150533575,1.59145096962339,104.524841308594,NA,82.2265777587891,83.3320770263672,84.99681,7.33706185420056,NA,NA,NA,NA,2251325,49.4969851087693,NA,64.2867650405478,0,0.119525725610993,76198783.8745117,NA,NA,NA,NA,NA,NA,NA,70.669,68.091,73.474,NA,NA,NA,NA,NA,"Americas","Central America",0.332,-0.407,0.03,-1.124,-0.926,0.665,0.574,0.167,0.817,0,0,0.25,0.5,0,0.75,0,0,0,0.25,0,0,0,0.75,0.07,0.845,-0.594,-2.059,-2.614,-2.182,1.441,-1.864,-2.008,-0.903,0.711,-0.223,0.921,-0.926,0.086,-2.46,-2.573,-1.646,0.91
"PAN","PANAMA",1987,-8,0,2966.00967866653,-1.7708943265501,104.544998168945,NA,83.1614379882812,84.0403594970703,85.78162,7.4197837436466,NA,NA,NA,NA,2301970,49.5091161049014,NA,65.0273176103111,0,0.12454318200335,73392494.2016602,NA,NA,NA,NA,NA,NA,NA,70.811,68.236,73.6,NA,NA,NA,NA,1.84098043736587,"Americas","Central America",0.332,-0.407,0.03,-1.124,-0.926,0.665,0.574,0.167,0.817,0,0,0.25,0.5,0,0.75,0,0,0,0.25,0,0,0,0.75,0.07,0.845,-0.594,-2.059,-2.614,-2.182,1.441,-1.864,-2.008,-0.903,0.711,-0.223,0.921,-0.926,0.086,-2.46,-2.573,-1.646,0.91
"PAN","PANAMA",1988,-8,0,2508.78229277879,-15.4155729556925,103.22779083252,NA,81.9532623291016,82.5563125610352,84.95178,7.96047335905973,NA,NA,NA,NA,2352848,49.5213035436203,NA,68.3469835603319,0,0.129725445882101,41842468.2617188,NA,NA,NA,NA,NA,NA,NA,70.945,68.299,73.816,NA,NA,NA,NA,2.1109857421274,"Americas","Central America",0.332,-0.407,0.03,-1.124,-0.926,0.665,0.574,0.167,0.817,0,0,0.25,0.5,0,0.75,0,0,0,0.25,0,0,0,0.75,0.07,0.845,-0.594,-2.059,-2.614,-2.182,1.441,-1.864,-2.008,-0.903,0.711,-0.223,0.921,-0.926,0.086,-2.46,-2.573,-1.646,0.91
"PAN","PANAMA",1989,8,0,2462.11022455924,-1.86034748227814,103.410743713379,NA,83.5669097900391,84.2454833984375,86.41496,8.50386023765805,NA,NA,NA,NA,2403820,49.541043197476,NA,68.2459172132635,0,0.141060947774201,36624370.5749512,NA,NA,NA,NA,NA,NA,NA,70.137,66.901,73.715,NA,0.541910886764526,NA,NA,2.0849104859335,"Americas","Central America",0.332,-0.407,0.03,-1.124,-0.926,0.665,0.574,0.167,0.817,0,0,0.25,0.5,0,0.75,0,0,0,0.25,0,0,0,0.75,0.073,0.836,-1.027,-2.059,-0.063,-2.182,1.441,-1.864,-2.008,-0.903,0.711,-0.223,0.921,-0.926,0.086,-2.46,-2.573,-1.646,0.825
"PAN","PANAMA",1990,8,0,2620.13827266274,6.41839859674802,102.014602661133,NA,NA,NA,86.60642,8.07413528853971,NA,NA,0,NA,2455583,49.5626089608863,70.19,69.2388506189105,0,0.270038517781232,199655105.59082,88.7799987792969,89.3399963378906,88.2099990844727,NA,NA,2.5,NA,71.266,68.464,74.312,NA,NA,NA,NA,1.25635913653238,"Americas","Central America",0.749,1.225,1.107,0.675,0.861,1.393,-1.581,2.497,0.817,0,0.25,0.75,0.25,0.5,0.25,0,0,0.25,0.25,0.5,0,0,0.5,0.369,0.412,-0.121,1.908,-0.063,-0.858,-0.066,0.322,-0.348,-0.282,1.371,1.094,1.656,-0.926,2.052,0.582,0.815,-0.329,0.582
"PAN","PANAMA",1991,8,1,2820.54547665418,7.64872625549547,100.050872802734,NA,NA,NA,NA,7.65627624899545,NA,NA,NA,NA,2508265,49.579809150947,73.3535614013672,67.744620937031,0,0.270515828891458,212254318.237305,NA,NA,NA,NA,NA,NA,NA,71.331,68.47,74.44,NA,0.547259330749512,NA,NA,1.22854731313889,"Americas","Central America",0.749,1.225,1.107,0.675,0.861,1.393,-1.581,2.497,0.817,0,0.25,0.75,0.25,0.5,0.25,0,0,0.25,0.25,0.5,0,0,0.5,0.506,0.444,-0.121,1.908,-0.992,-0.202,-0.066,0.322,-0.348,-0.282,1.371,0.742,0.733,-0.926,2.052,0.582,0.815,-0.329,0.668
"PAN","PANAMA",1992,8,1,3139.89952899581,11.3224216728623,99.3504180908203,NA,NA,NA,NA,6.91969326281835,NA,NA,NA,NA,2561336,49.5990176997542,74.2195434570313,68.3520924519248,0,0.241444412443813,310481781.005859,NA,NA,NA,NA,NA,NA,NA,71.461,68.453,74.757,NA,NA,NA,NA,1.08347426748615,"Americas","Central America",0.749,1.225,1.107,0.675,0.861,1.393,-1.581,2.497,0.817,0,0.25,0.75,0.25,0.5,0.25,0,0,0.25,0.25,0.5,0,0,0.5,0.517,0.445,-0.121,1.908,-0.992,-0.202,-0.066,0.322,-0.348,-0.282,1.371,0.742,0.733,-0.926,2.052,0.582,0.815,-0.329,0.674
"PAN","PANAMA",1993,8,1,3358.41411740053,6.95928600220543,99.106819152832,NA,NA,NA,NA,6.59005946016762,NA,NA,NA,NA,2615099,49.6189628002611,75.0824661254883,66.6079922206051,0,0.186976705700625,128724197.387695,NA,NA,NA,NA,NA,2.7000000477,NA,71.805,68.777,75.106,NA,NA,NA,NA,1.19864522871209,"Americas","Central America",0.749,1.225,1.107,0.675,0.861,1.393,-1.581,2.497,0.817,0,0.25,0.75,0.25,0.5,0.25,0,0,0.25,0.25,0.5,0,0,0.5,0.521,0.445,-0.121,1.908,-0.992,-0.202,-0.066,0.322,-0.348,-0.282,1.371,0.742,0.733,-0.926,2.052,0.582,0.815,-0.329,0.674
"PAN","PANAMA",1994,9,1,3508.19570069218,4.45989023556105,98.1706390380859,NA,NA,NA,NA,6.46078992665021,NA,NA,0.00764,NA,2669546,49.638234230927,75.9392700195312,67.304544062267,0,0.190573130158881,44712955.4748535,NA,NA,NA,NA,NA,NA,NA,71.943,68.861,75.303,NA,NA,NA,NA,1.19255655788032,"Americas","Central America",0.749,1.225,1.107,0.675,0.861,1.393,-1.581,2.497,0.817,0.083,0.333,0.75,0.333,0.583,0.167,0,0,0.333,0.25,0.5,0,0,0.417,0.535,0.443,-0.121,1.908,-0.973,-0.202,-0.066,0.322,-0.065,-0.282,1.452,0.298,0.733,-0.926,2.052,0.582,0.815,-0.329,0.677
"PAN","PANAMA",1995,9,1,3513.89737854631,0.162524509479479,98.1499786376953,NA,NA,NA,NA,6.48593360449452,NA,NA,0.0561,NA,2724557,49.6572470313523,76.7868957519531,66.8516173445071,0,0.243858603386048,55429912.5671387,NA,NA,NA,NA,NA,NA,NA,71.994,68.889,75.385,NA,0.592287123203278,NA,NA,1.11575688974104,"Americas","Central America",0.749,1.225,1.107,0.675,0.861,1.393,-1.581,2.497,0.817,0.25,0.5,0.75,0.5,0.75,0,0,0,0.5,0.25,0.5,0,0,0.25,0.536,0.443,-0.121,1.908,-0.973,-0.202,-0.066,0.322,-0.065,-0.282,1.452,0.298,0.733,-0.926,2.052,0.582,0.815,-0.329,0.678
"PAN","PANAMA",1996,9,1,3308.18430390528,-5.85427098403576,99.85986328125,NA,NA,NA,NA,6.86221660222412,NA,NA,0.22,NA,2780227,49.6761776372298,77.6222839355469,70.6157363811405,0,0.174799664199064,54271373.7487793,NA,NA,NA,NA,NA,2.2100000381,NA,72.199,69.02,75.674,NA,NA,NA,NA,1.08559230216368,"Americas","Central America",0.749,1.225,1.107,0.675,0.861,1.393,-1.581,2.497,0.817,0.25,0.5,0.75,0.5,0.75,0,0,0,0.5,0.25,0.5,0,0,0.25,0.536,0.443,-0.121,1.908,-0.973,-0.202,-0.066,0.322,-0.065,-0.282,1.452,0.298,0.733,-0.926,2.052,0.582,0.815,-0.329,0.678
"PAN","PANAMA",1997,9,1,3545.97670392453,7.18800339323713,NA,NA,NA,NA,NA,6.64688218293836,NA,NA,0.539,NA,2836695,49.6939044578622,78.4423828125,71.9201086156362,0,0.200201312008784,50744838.7145996,NA,NA,NA,NA,NA,NA,NA,72.541,69.394,75.943,NA,0.600256323814392,NA,NA,1.17017056723522,"Americas","Central America",0.749,1.225,1.107,0.675,0.861,1.393,-1.581,2.497,0.817,0.25,0.5,0.75,0.5,0.75,0,0,0,0.5,0.25,0.5,0,0,0.25,0.536,0.443,-0.121,1.908,-0.973,-0.202,-0.066,0.322,-0.065,-0.282,1.452,0.298,0.733,-0.926,2.052,0.582,0.815,-0.329,0.678
"PAN","PANAMA",1998,9,1,3807.83868807701,7.38476324062318,NA,NA,NA,NA,NA,6.6618082205026,NA,NA,2.75,NA,2893914,49.709873893972,79.244125366211,71.6792671974894,0,0.150609219935685,43397033.6914063,NA,NA,NA,NA,NA,NA,NA,72.785,69.644,76.173,NA,0.603900551795959,NA,NA,0.951292019208781,"Americas","Central America",0.749,1.225,1.107,0.675,0.861,1.393,-1.581,2.497,0.817,0.25,0.5,0.75,0.5,0.75,0,0,0,0.5,0.25,0.5,0,0,0.25,0.528,0.443,-0.121,1.908,-0.973,-0.202,-0.066,0.322,-0.065,-0.282,1.452,0.298,0.733,-0.926,2.052,0.582,0.815,-0.329,0.678
"PAN","PANAMA",1999,9,1,3950.34144236614,3.74235270877757,103.518852233887,NA,89.3580093383789,89.1476974487305,93.12762,6.13051538192286,NA,NA,3.84,NA,2951822,49.7238145537958,80.0244522094727,70.6731313204375,0,0.138366747024726,35700954.4372559,NA,NA,NA,NA,NA,NA,NA,73.124,70.075,76.372,NA,0.607227325439453,NA,NA,0.974136501313688,"Americas","Central America",0.749,1.225,1.107,0.675,0.861,1.393,-1.581,2.497,0.817,0.25,0.5,0.75,0.5,0.75,0,0,0,0.5,0.25,0.5,0,0,0.25,0.527,0.443,-0.121,1.908,-0.972,-0.202,-0.066,0.322,-0.065,-0.282,1.452,0.298,0.733,-0.926,2.052,0.582,0.815,-0.329,0.684
"PAN","PANAMA",2000,9,1,3975.09310275544,0.626570152236625,104.723449707031,NA,91.8684387207031,91.2091217041016,94.87504,6.31213543052091,48.67615,NA,6.5548,NA,3010369,49.736278089589,81.4014100930039,71.5754741356588,0,0.137185387867812,43332542.4194336,91.9000015258789,92.5500030517578,91.25,NA,6.98486614,2.31,71,73.443,70.377,76.697,NA,0.610419988632202,NA,NA,NA,"Americas","Central America",0.757,1.225,1.431,0.675,0.861,1.393,-1.581,2.497,0.817,0.25,0.5,0.75,0.75,1,0,0,0,0.5,0.25,0.5,0,0,0,0.55,0.447,-0.363,1.908,-0.972,-0.202,-0.066,0.322,-0.065,-0.282,1.452,0.298,0.733,-0.926,2.052,0.582,0.815,-0.329,0.702
"PAN","PANAMA",2001,9,1,3991.77672094655,0.419703834849684,105.984466552734,NA,91.1388092041016,91.5012817382812,96.15982,6.69523031671356,NA,NA,7.2684,NA,3069537,49.7483496696733,81.5207824707031,73.0366751460891,0,0.124076228094074,56228168.4875488,NA,NA,NA,NA,6.91849852,2.23,99,73.82,70.747,77.073,NA,0.623893082141876,NA,NA,NA,"Americas","Central America",0.825,1.71,1.431,0.675,0.861,1.393,-1.581,2.497,0.817,0.25,0.5,0.75,0.75,1,0,0,0,0.5,0.25,0.5,0,0,0,0.553,0.447,-0.363,1.908,-0.972,-0.202,-0.066,0.322,-0.065,-0.282,1.452,0.298,0.733,-0.926,2.052,0.582,0.815,-0.329,0.702
"PAN","PANAMA",2002,9,1,4090.58616456082,2.47532491223206,108.213760375977,NA,91.0367126464844,91.8409805297852,98.30693,6.61481085986812,44.36462,NA,8.51808,NA,3129344,49.7596301333442,82.2474060058594,73.5254476524715,0,0.123117307933687,45195365.9057617,NA,NA,NA,NA,7.05643845,2.19,87,74.195,71.142,77.402,NA,0.624432802200317,NA,NA,NA,"Americas","Central America",0.825,1.71,1.431,0.675,0.861,1.393,-1.581,2.497,0.817,0.25,0.5,0.75,0.75,1,0,0,0,0.5,0.25,0.5,0,0,0,0.553,0.447,-0.363,1.908,-0.972,-0.202,-0.066,0.322,-0.065,-0.282,1.452,0.298,0.733,-0.926,2.052,0.582,0.815,-0.329,0.702
"PAN","PANAMA",2003,9,1,4264.66428949623,4.25557897896277,107.406356811523,NA,NA,NA,NA,6.71919032765841,NA,NA,9.98742,NA,3189807,49.770283907459,87.8,72.1604634706758,0,0.143856414123735,48341678.6193848,NA,NA,NA,NA,6.71176672,2.16,85,74.567,71.501,77.775,NA,0.627465963363647,NA,NA,NA,"Americas","Central America",0.825,1.71,1.431,0.675,0.861,1.393,-1.581,2.497,0.817,0.25,0.5,0.75,0.75,1,0,0,0,0.5,0.25,0.5,0,0,0,0.553,0.447,-0.363,1.908,-0.972,-0.202,-0.066,0.322,-0.065,-0.282,1.452,0.298,0.733,-0.926,2.052,0.582,0.815,-0.329,0.702
"PAN","PANAMA",2004,9,1,4644.56581177581,8.9081225740387,108.947196960449,NA,92.4804000854492,93.0416030883789,98.0224,6.20690448694241,40.05308,NA,11.1409,NA,3251155,49.7808162886163,83.6878509521484,72.5389164474531,0,0.160147634592891,38558654.7851563,NA,NA,NA,NA,7.08192825,2.1,86,74.845,71.772,78.052,NA,0.630549371242523,NA,NA,NA,"Americas","Central America",0.825,1.71,1.431,0.675,0.861,1.393,-1.581,2.497,0.817,0.25,0.5,0.75,0.75,1,0,0,0,0.5,0.25,0.5,0,0,0,0.561,0.448,-0.363,1.908,-0.987,-0.202,-0.066,0.322,-0.065,-0.282,1.452,0.298,0.733,-0.926,2.052,0.582,0.815,-0.329,0.694
"PAN","PANAMA",2005,9,1,5017.74110414832,8.03466475652822,107.977203369141,NA,92.7175979614258,92.6144409179688,97.56968,5.72339050573482,NA,NA,11.484,NA,3313026,49.7918821041549,84.4138031005859,73.0155449639046,0,0.0987195742549029,35839218.1396484,NA,NA,NA,NA,6.20666599,1.99,79,75.16,72.045,78.401,NA,0.636112213134766,NA,NA,NA,"Americas","Central America",0.825,1.71,1.431,0.675,0.861,1.393,-1.581,2.497,0.817,0.2,0.4,0.6,0.601,0.8,0,0,0,0.4,0.2,0.4,0,0,0,0.555,0.462,-0.188,1.908,-0.987,-0.202,-0.066,0.322,-0.018,-0.282,0.879,0.298,0.425,-0.926,2.052,0.582,0.815,-0.329,0.678
"PAN","PANAMA",2006,9,1,5528.76705854901,10.1843826493601,108.620910644531,NA,90.7442932128906,90.9597091674805,98.188,5.29180834403887,35.74154,NA,17.3496,NA,3375024,49.8038236172543,85.1516647338867,73.9597420592592,0,0.127267314799788,51696826.9348145,NA,NA,NA,NA,6.54604864,2.06,76,75.429,72.253,78.73,NA,0.638453900814056,NA,NA,NA,"Americas","Central America",0.825,1.71,1.431,0.675,0.861,1.393,-1.581,2.497,0.817,0.2,0.4,0.6,0.8,0.8,0,0,0,0.4,0.2,0.4,0,0,0,0.555,0.462,-0.188,1.908,-0.987,-0.202,-0.066,0.322,-0.018,-0.282,0.879,0.298,0.425,-0.926,2.052,0.582,0.815,-0.329,0.678
"PAN","PANAMA",2007,9,1,6317.8173051466,14.271721673958,109.872016906738,NA,94.9977798461914,96.1140365600586,98.00928,4.75264853625124,NA,NA,22.29,NA,3437490,49.8167267395687,85.9074935913086,73.9635655934837,0,0.117743566419889,-111400314.331055,NA,NA,NA,NA,7.35227633,2.09,72,75.675,72.46,79.018,NA,0.640767931938171,NA,NA,NA,"Americas","Central America",0.825,1.71,1.431,0.675,0.861,1.393,-1.581,2.497,0.817,0.2,0.4,0.6,0.8,0.8,0,0,0,0.4,0.2,0.4,0,0,0,0.555,0.462,-0.188,1.908,-0.987,-0.202,-0.066,0.322,-0.018,-0.282,0.879,0.298,0.425,-0.926,2.052,0.582,0.815,-0.329,0.678
"PAN","PANAMA",2008,9,1,7347.59049046839,16.2995087636187,108.608779907227,NA,98.7307281494141,99.4508895874023,97.00675,4.44423049224979,31.43,NA,33.82,NA,3500648,49.8308027542329,86.6858444213867,72.2966272671966,0,0.109519193886937,39558403.0151367,NA,NA,NA,NA,6.80452538,2.2,71,75.937,72.654,79.347,5.20621405892,0.643074870109558,NA,NA,NA,"Americas","Central America",0.825,1.71,1.431,0.675,0.861,1.393,-1.581,2.497,0.817,0.2,0.4,0.6,0.8,0.8,0,0,0,0.4,0.2,0.4,0,0,0,0.555,0.462,-0.188,1.908,-0.987,-0.202,-0.066,0.322,-0.018,-0.282,0.879,0.298,0.425,-0.926,2.052,0.582,0.815,-0.329,0.678
"PAN","PANAMA",2009,9,1,7796.92618363433,6.11541557397405,106.596946716309,NA,99.2951202392578,99.3651275634766,94.08748,3.78306122741832,NA,NA,39.08,NA,3564381,49.8462706427848,87.485221862793,73.4568445385886,0,0.14470191986794,63258640.2893066,NA,NA,NA,NA,6.9857955,2.27,64,76.228,72.837,79.76,6.35193777369,0.645361304283142,NA,NA,NA,"Americas","Central America",0.825,1.71,1.431,0.342,0.861,1.393,-1.581,2.497,0.817,0.2,0.4,0.6,0.8,0.8,0,0,0,0.4,0.2,0.4,0,0,0,0.559,0.464,-0.188,1.908,-1.039,-0.202,-0.066,0.322,-0.018,-0.282,0.879,0.298,0.425,-0.926,2.052,0.582,0.815,-0.329,0.683
"PAN","PANAMA",2010,9,1,8331.46422259967,6.85575349023221,105.504772050038,NA,94.8491199862184,95.6,95.62248,3.63600328597003,27.11846,NA,40.1,NA,3628535,49.8619552689874,86.85,73.3921339140751,0,0.234720390623527,96787414.5507813,94.0899963378906,94.7099990844727,93.4899978637695,NA,7.22332573,2.13,62,76.417,73.034,79.934,6.2212607459,0.647635459899902,NA,NA,NA,"Americas","Central America",0.812,1.71,1.191,0.342,0.861,1.393,-1.581,2.497,0.817,0.2,0.4,0.6,0.8,0.8,0,0,0,0.4,0.2,0.4,0,0,0,0.562,0.47,-0.188,1.908,-1.039,-0.202,-0.066,0.322,-0.018,-0.282,0.879,0.298,0.425,-0.926,2.052,0.582,0.815,-0.64,0.715
"PAN","PANAMA",2011,9,1,9662.29590911979,15.9735630012087,104.523012045042,NA,99.1234061930783,99.6213250641064,94.53537,3.27922462259298,NA,NA,42.7,NA,3693505,49.876878466389,89.1350402832031,73.0752392207841,0,0.269868830701767,90085487.3657227,NA,NA,NA,NA,6.83196259,2.07,64,76.659,73.267,80.177,4.23067539598,0.657351732254028,NA,NA,NA,"Americas","Central America",0.812,1.71,1.191,0.342,0.861,1.393,-1.581,2.497,0.817,0.2,0.4,0.6,0.8,0.8,0,0,0,0.4,0.2,0.4,0,0,0,0.562,0.47,-0.188,1.908,-1.039,-0.202,-0.066,0.322,-0.018,-0.282,0.879,0.298,0.425,-0.926,2.052,0.582,0.815,-0.64,0.715
"PAN","PANAMA",2012,9,1,11064.8063662003,14.5152919168698,103.146450660238,NA,101.039929917766,101.331597324969,93.93236,3.12877687729717,22.80692,NA,40.3019,NA,3759256,49.8904171172214,89.9794769287109,71.8565162443201,0,0.260441253310238,52178058.6242676,NA,NA,NA,NA,6.50450659,2.12,58,76.877,73.558,80.308,3.84395095071,0.663558423519135,NA,NA,NA,"Americas","Central America",0.812,1.71,1.191,0.342,0.861,1.393,-1.581,2.497,0.817,0.2,0.4,0.6,0.8,0.8,0,0,0,0.4,0.2,0.4,0,0,0,0.562,0.47,-0.188,1.908,-1.039,-0.202,-0.066,0.322,-0.018,-0.282,0.879,0.298,0.425,-0.926,2.052,0.582,0.815,-0.64,0.715
"PAN","PANAMA",2013,9,1,12273.3224983788,10.9221625049866,102.088016559889,NA,100.025222801412,99.5596911967593,93.05661,3.05395075031122,NA,NA,44.03,NA,3825329,49.9008059176087,89.1,68.7099758655638,0.0148663619351819,0.216897753935313,11858072.2808838,NA,NA,NA,NA,6.52210426,2.13,54,77.129,73.97,80.355,3.88894839007,0.663879573345184,91.571581363678,88.1374001502991,NA,"Americas","Central America",0.843,1.904,1.451,0.342,0.861,1.373,-0.998,2.497,0.817,0.2,0.4,0.6,0.8,0.8,0,0,0,0.4,0.2,0.4,0,0,0,0.551,0.498,0.235,1.908,-1.039,-0.202,-0.066,0.322,-0.018,-0.282,0.434,-0.009,-0.211,-0.926,2.052,0.582,1.033,-0.64,0.703
"PAN","PANAMA",2014,9,1,13213.1989591137,7.65788123679672,99.132606826684,NA,97.6765540653347,95.7369310565884,90.58017,2.98667755753568,18.49538,NA,44.9238,9.95964875478762,3892101,49.9093163306913,91.6923828125,67.3055611033205,0.0277938429371604,0.231601530644453,-191390304.56543,NA,NA,NA,NA,6.91532087,2.05,52,77.365,74.122,80.685,4.54017868365,0.667646467685699,NA,NA,NA,"Americas","Central America",0.843,1.904,1.451,0.342,0.861,1.373,-0.998,2.497,0.817,0.2,0.4,0.6,0.8,0.8,0,0,0,0.4,0.2,0.4,0,0,0,0.546,0.498,0.235,1.908,-0.822,-0.202,-0.066,0.322,-0.018,-0.282,0.434,-0.009,-0.211,-0.926,2.052,0.582,1.033,-0.64,0.681
"PAN","PANAMA",2015,9,1,14082.6548434996,6.58020731449139,96.205074799494,NA,NA,NA,87.28892,2.94961630343056,NA,NA,51.2054,9.79801962054952,3960035,49.9153669096359,92.5548400878906,66.6521554590568,0.00371461934835003,0.138690460109424,15065744.4000244,NA,NA,NA,NA,6.93698502,2.09,58,77.583,74.621,80.609,NA,0.672774255275726,NA,NA,NA,"Americas","Central America",0.856,1.904,1.879,0.342,0.861,1.373,-0.998,2.497,0.817,0.2,0.4,0.6,0.8,0.8,0,0,0,0.4,0.2,0.4,0,0,0,0.557,0.494,0.235,1.908,-0.822,-0.202,-0.066,0.322,-0.018,-0.282,0.434,-0.009,-0.211,-0.926,2.052,0.582,1.033,-0.414,0.649
"PAN","PANAMA",2016,9,1,14832.3611652459,5.32361497230301,93.4375028559417,NA,NA,NA,NA,2.78054588848146,16.3,NA,54,10.0557385133532,4029086,49.9194234326536,93.4178009033203,65.8250969681256,0.0045778550895998,0.131004580785833,30536014.5568848,NA,NA,NA,NA,7.09378099,2.06,61,77.772,74.734,80.911,NA,0.677976548671722,NA,NA,NA,"Americas","Central America",0.856,1.904,1.879,0.342,0.861,1.373,-0.998,2.497,0.817,0.2,0.4,0.6,0.8,0.8,0,0,0,0.4,0.2,0.4,0,0,0,0.557,0.494,0.235,1.908,-0.822,-0.202,-0.066,0.322,-0.018,-0.282,0.434,-0.009,-0.211,-0.926,2.052,0.582,1.033,-0.414,0.649
"PAN","PANAMA",2017,9,1,15694.6297518495,5.81342765994671,94.7657015347774,NA,90.8221485627343,89.6734032574401,86.23979,2.5726218836624,NA,NA,59.9506,9.6657446916647,4098707,49.9228415205088,NA,65.500949853439,0,0.124276365709136,51109092.7124023,NA,NA,NA,NA,7.16492653,2.15,61,77.901,75.005,80.866,NA,0.682286560535431,NA,NA,NA,"Americas","Central America",0.856,1.904,1.879,0.482,0.861,1.467,-0.998,2.497,0.817,0.2,0.4,0.6,0.8,0.8,0,0,0,0.4,0.2,0.4,0,0,0,0.552,0.448,0.235,1.908,-0.822,-0.202,-0.066,0.726,0.269,-0.282,0.434,0.113,0.075,-0.549,2.052,0.582,1.275,-0.414,0.649
"PAN","PANAMA",2018,9,1,16151.3273433486,2.90989719872354,NA,NA,NA,NA,NA,2.44618169615899,16.3,NA,61.8055,9.59096781620725,4167860,49.9271928694359,NA,65.8116974779352,0,0.0994393790926708,44400730.1330566,95.4100036621094,95.9700012207031,94.879997253418,NA,7.60132933,1.96,54,78.266,75.201,81.412,NA,0.68658834695816,NA,NA,NA,"Americas","Central America",0.845,1.904,1.623,-0.203,0.861,1.467,-0.998,2.497,0.817,0.2,0.4,0.6,0.8,0.8,0,0,0,0.4,0.2,0.4,0,0,0,0.539,0.441,0.235,1.908,-0.822,-0.202,-0.066,0.726,0.269,0.207,0.434,0.113,0.075,-0.549,2.052,0.582,1.275,-0.414,0.649
"PAN","PANAMA",2019,NA,1,16477.9066268111,2.02199656114945,93.3286426450155,NA,86.6342063725621,86.9281959512359,NA,2.45508076979221,NA,NA,63.6284,8.64837791556334,4234700,49.9340449146339,NA,66.0060430048636,0,0.31611229608813,81829101.5625,95.7399978637695,96.1399993896484,95.3600006103516,NA,8.13541794,1.94,39,78.514,75.528,81.567,NA,NA,NA,NA,NA,"Americas","Central America",0.84,1.904,1.666,-0.173,0.412,1.467,-0.998,2.497,0.817,0.25,0.5,0.75,0.75,1,0,0,0,0.5,0.25,0.5,0,0,0,0.537,0.433,0.235,1.908,-0.653,-0.202,-0.027,0.726,0.269,0.207,0.434,0.113,0.075,-0.549,2.052,0.582,1.275,-0.414,0.642
"PAN","PANAMA",2020,NA,1,13290.5608397749,-19.3431475200259,95.2048771264878,NA,87.5479484669718,87.4081237911025,NA,3.06418837455078,NA,NA,70.0097,8.04998951454701,4293261,49.949886578058,NA,71.0034450721902,0,0.535097865738947,155195312.5,NA,NA,NA,NA,10.21630001,1.92,34,76.33,73.104,79.822,NA,NA,NA,NA,NA,"Americas","Central America",0.796,1.577,1.666,0.412,0.186,1.467,-0.998,2.497,0.817,0.2,0.4,0.6,0.8,0.8,0,0,0,0.4,0.2,0.4,0,0,0,0.55,0.415,0.235,1.908,-0.653,-0.202,-0.232,0.726,0.853,0.207,0.434,0.527,0.075,-0.549,2.052,0.582,0.94,-0.668,0.661
"PRY","PARAGUAY",1960,-9,0,153.375216758109,NA,NA,NA,NA,NA,NA,NA,NA,NA,NA,NA,1883514,50.5262504021738,NA,NA,NA,NA,87789947.5097656,NA,NA,NA,NA,NA,2.38925075531006,NA,60.197,57.797,62.637,NA,NA,NA,NA,2.52896446576405,"Americas","South America",0.06,-2.142,-1.802,-1.956,-1.978,-1.908,-0.977,-0.199,-0.552,0,0.333,0.833,0.167,0.833,1,0,0.167,0.167,0,0,0,0,0.167,0.023,0.971,-1.899,-2.476,-2.249,-3.17,-2.871,-2.488,-2.212,-0.897,-1.748,-1.368,-0.077,NA,NA,-2.314,-2.403,-3.159,0.971
"PRY","PARAGUAY",1961,-9,0,167.092827495951,8.94382484197322,NA,NA,NA,NA,NA,NA,NA,NA,NA,NA,1927394,50.5145808277913,NA,NA,NA,NA,80774978.6376953,NA,NA,NA,NA,NA,NA,NA,60.517,58.135,62.935,NA,NA,NA,NA,2.27914968110271,"Americas","South America",0.06,-2.142,-1.802,-1.956,-1.978,-1.908,-0.977,-0.199,-0.552,0,0.333,0.833,0.167,0.833,1,0,0.167,0.167,0,0,0,0,0.167,0.032,0.968,-1.899,-2.476,-2.249,-3.17,-2.871,-2.488,-2.212,-0.897,-1.748,-1.368,-0.077,-2.028,-0.067,-2.314,-1.57,-3.159,0.971
"PRY","PARAGUAY",1962,-9,0,182.805194132375,9.40337587907818,NA,NA,NA,NA,NA,37.0027283928886,NA,NA,NA,NA,1973130,50.5014874843523,NA,38.9210966379159,NA,NA,24101053.237915,NA,NA,NA,NA,NA,NA,NA,60.816,58.458,63.204,NA,NA,NA,NA,2.29739211371685,"Americas","South America",0.06,-2.142,-1.802,-1.956,-1.978,-1.908,-0.977,-0.199,-0.552,0,0.333,0.833,0.167,0.833,1,0,0.167,0.167,0,0,0,0,0.167,0.037,0.968,-1.899,-2.476,-2.249,-3.17,-2.871,-2.488,-2.212,-0.897,-1.748,-1.368,-0.077,-2.028,-0.067,-2.314,-1.57,-3.159,0.971
"PRY","PARAGUAY",1963,-9,0,189.872423489268,3.86598936120786,NA,NA,NA,NA,NA,38.1977176879186,NA,NA,NA,NA,2021909,50.4857043516795,NA,38.0269784172662,NA,NA,65170280.456543,NA,NA,NA,NA,NA,NA,NA,61.101,58.776,63.452,NA,NA,NA,NA,2.39885421989564,"Americas","South America",0.06,-2.142,-1.802,-1.956,-1.978,-1.908,-0.977,-0.199,-0.552,0,0.333,0.833,0.167,0.833,1,0,0.167,0.167,0,0,0,0,0.167,0.038,0.969,-1.899,-2.476,-2.278,-3.17,-2.871,-2.488,-2.212,-0.897,-1.748,-1.368,-0.077,-2.703,-0.067,-2.314,-1.57,-3.159,0.97
"PRY","PARAGUAY",1964,-9,0,196.973355774177,3.73984391962553,NA,NA,NA,NA,NA,37.574827023245,NA,NA,NA,NA,2073119,50.4669773095624,NA,38.7509329083418,NA,NA,65078430.1757813,NA,NA,NA,NA,NA,NA,NA,61.368,59.091,63.67,NA,NA,NA,NA,2.40376576147081,"Americas","South America",0.06,-2.142,-1.802,-1.956,-1.978,-1.908,-0.977,-0.199,-0.552,0,0.333,0.833,0.167,0.833,1,0,0.167,0.167,0,0,0,0,0.167,0.038,0.968,-1.899,-2.476,-2.278,-3.17,-2.871,-2.488,-2.212,-0.897,-1.748,-1.368,-0.077,-2.703,-0.067,-2.314,-1.57,-3.159,0.97
"PRY","PARAGUAY",1965,-9,0,208.729579506696,5.96843349005898,NA,NA,NA,NA,NA,36.7082945680956,NA,NA,NA,NA,2125177,50.4459865912282,NA,39.492288699635,NA,NA,67204650.8789063,NA,NA,NA,NA,NA,NA,NA,61.606,59.393,63.841,NA,NA,NA,NA,2.63308768009038,"Americas","South America",0.06,-2.142,-1.802,-1.956,-1.978,-1.908,-0.977,-0.199,-0.552,0,0.333,0.833,0.167,0.833,1,0,0.167,0.167,0,0,0,0,0.167,0.038,0.968,-1.899,-2.476,-2.278,-3.17,-2.871,-2.488,-2.212,-0.897,-1.748,-1.368,-0.077,-2.703,-0.067,-2.314,-1.57,-3.159,0.97
"PRY","PARAGUAY",1966,-9,0,213.947608399441,2.49989910633514,NA,NA,NA,NA,NA,35.6836223638036,NA,NA,NA,NA,2177584,50.4233818656907,NA,39.5892984906817,NA,NA,66124443.0541992,NA,NA,NA,NA,NA,NA,NA,61.832,59.691,63.991,NA,NA,NA,NA,2.91684506016093,"Americas","South America",0.06,-2.142,-1.802,-1.956,-1.978,-1.908,-0.977,-0.199,-0.552,0,0.333,0.833,0.167,0.833,1,0,0.167,0.167,0,0,0,0,0.167,0.042,0.965,-1.899,-2.476,-2.278,-3.17,-2.871,-2.488,-2.212,-1.678,-1.748,-1.368,1.165,-2.703,-0.067,-2.314,-1.57,-3.159,0.97
"PRY","PARAGUAY",1967,-8,0,220.930909757875,3.2640240340505,NA,NA,NA,NA,NA,32.8962417642605,NA,NA,NA,NA,2229994,50.3997768603862,NA,40.4202039402677,NA,NA,85461578.3691406,NA,NA,NA,NA,NA,NA,NA,62.025,59.956,64.108,NA,NA,NA,NA,3.03155899468327,"Americas","South America",0.06,-2.142,-1.802,-1.956,-1.978,-1.908,-0.977,-0.199,-0.552,0,0.333,0.833,0.167,0.833,1,0,0.167,0.167,0,0,0,0,0.167,0.042,0.967,-2.182,-2.476,-2.284,-3.17,-2.871,-2.488,-2.212,-1.678,-1.748,-1.368,1.165,-2.703,-0.067,-2.314,-1.57,-3.159,0.974
"PRY","PARAGUAY",1968,-8,0,226.80197812329,2.65742279876061,NA,NA,NA,NA,NA,32.4911075677665,NA,NA,NA,NA,2282391,50.3753300814804,NA,40.9530234269594,NA,NA,69906661.9873047,NA,NA,NA,NA,NA,NA,NA,62.208,60.209,64.218,NA,NA,NA,NA,3.21104958736661,"Americas","South America",0.06,-2.142,-1.802,-1.956,-1.978,-1.908,-0.977,-0.199,-0.552,0,0.333,0.833,0.167,0.833,1,0,0.167,0.167,0,0,0,0,0.167,0.041,0.967,-2.182,-2.476,-2.284,-3.17,-2.871,-2.488,-2.212,-1.678,-1.748,-1.368,1.165,-2.703,-0.067,-2.314,-1.57,-3.159,0.975
"PRY","PARAGUAY",1969,-8,0,238.242208450243,5.04414927136749,NA,NA,NA,NA,NA,32.5538926854322,NA,NA,NA,NA,2334992,50.3499156956065,NA,40.7969412066826,NA,NA,89384399.4140625,NA,NA,NA,NA,NA,NA,NA,62.385,60.453,64.325,NA,NA,NA,NA,3.16148604879584,"Americas","South America",0.09,-1.582,-1.802,-1.956,-1.978,-1.596,-0.18,-0.846,-0.552,0,0.333,0.833,0.167,0.833,1,0,0.167,0.167,0,0,0,0,0.167,0.042,0.967,-2.182,-2.476,-2.284,-3.17,-2.871,-2.488,-2.212,-1.678,-1.748,-1.368,1.165,-2.703,-0.067,-2.314,-1.57,-3.159,0.975
"PRY","PARAGUAY",1970,-8,0,248.996708209079,4.51410345328548,104.798950195312,NA,49.0895195007324,45.4956588745117,79.76394,32.065775950668,NA,NA,NA,NA,2388028,50.3240330515388,NA,40.7385245792235,NA,2.21625938792502,92441406.25,NA,NA,NA,NA,NA,1.62940001487732,NA,62.554,60.69,64.425,NA,NA,NA,NA,3.31587229143819,"Americas","South America",0.09,-1.582,-1.802,-1.956,-1.978,-1.596,-0.18,-0.846,-0.552,0,0.333,0.833,0.167,0.833,1,0,0.167,0.167,0,0,0,0,0.167,0.042,0.967,-2.182,-2.476,-2.284,-3.17,-2.871,-2.488,-2.212,-1.678,-1.748,-1.368,1.165,-2.703,-0.067,-2.314,-1.57,-3.159,0.975
"PRY","PARAGUAY",1971,-8,0,272.082440745597,9.27150109837326,104.845092773438,NA,NA,NA,NA,33.1983854017388,NA,NA,NA,NA,2442537,50.2969658187368,NA,39.7985454284895,0,1.92757812584444,99005035.4003906,NA,NA,NA,NA,NA,NA,NA,62.726,60.924,64.533,NA,NA,NA,NA,3.22522546972088,"Americas","South America",0.09,-1.582,-1.802,-1.956,-1.978,-1.596,-0.18,-0.846,-0.552,0,0.333,0.833,0.167,0.833,1,0,0.167,0.167,0,0,0,0,0.167,0.042,0.967,-2.182,-2.476,-2.284,-3.17,-2.871,-2.488,-2.212,-1.678,-1.748,-1.368,1.165,-2.703,-0.067,-2.314,-1.57,-3.159,0.975
"PRY","PARAGUAY",1972,-8,0,307.630516228445,13.0651854582877,99.6836090087891,NA,47.8044815063477,45.8709983825684,70.376,34.4637199558303,NA,NA,NA,NA,2499881,50.267812855017,NA,39.6454039773372,0,1.88205383230075,89220260.6201172,NA,NA,NA,NA,NA,NA,NA,62.89,61.151,64.631,NA,NA,NA,NA,3.84646313307982,"Americas","South America",0.09,-1.582,-1.802,-1.956,-1.978,-1.596,-0.18,-0.846,-0.552,0,0.333,0.833,0.167,0.833,1,0,0.167,0.167,0,0,0,0,0.167,0.042,0.967,-2.182,-2.476,-2.284,-3.17,-2.871,-2.488,-2.212,-1.678,-1.748,-1.368,1.165,-2.703,-0.067,-2.314,-1.57,-3.159,0.975
"PRY","PARAGUAY",1973,-8,0,388.712259813059,26.3568597090684,102.67716217041,NA,51.2632102966309,48.9547309875488,81.46099,37.7017945263359,NA,NA,NA,NA,2561102,50.2125060960063,NA,37.3879796232372,0,2.65514128609806,75692230.2246094,NA,NA,NA,NA,NA,NA,NA,63.059,61.374,64.745,NA,NA,NA,NA,3.4174372291334,"Americas","South America",0.09,-1.582,-1.802,-1.956,-1.978,-1.927,-0.18,-0.846,-0.552,0,0.333,0.833,0.167,0.833,1,0,0.167,0.167,0,0,0,0,0.167,0.042,0.966,-2.182,-2.476,-2.303,-3.17,-2.871,-2.488,-2.212,-1.678,-1.748,-1.368,1.165,-2.703,-0.067,-2.314,-1.57,-3.159,0.975
"PRY","PARAGUAY",1974,-8,0,507.87047971714,30.6546081055913,101.24568939209,NA,51.7194595336914,49.6262588500977,NA,35.2972020689462,NA,NA,NA,NA,2625621,50.13861482674,NA,38.4586083548241,0,2.24323292392818,105190399.169922,NA,NA,NA,NA,NA,NA,NA,63.231,61.592,64.875,NA,NA,NA,NA,2.56457242017884,"Americas","South America",0.075,-2.114,-1.235,-1.956,-1.978,-1.927,-0.972,-0.175,-0.552,0,0.333,0.833,0.167,0.833,1,0,0.167,0.167,0,0,0,0,0.167,0.042,0.966,-2.182,-2.476,-2.303,-3.17,-2.871,-2.488,-2.212,-1.678,-1.748,-1.368,1.165,-2.703,-0.067,-2.314,-1.57,-3.159,0.975
"PRY","PARAGUAY",1975,-8,0,561.522396286823,10.5640943335719,98.9794464111328,NA,50.8125801086426,49.6079216003418,78.96045,36.906305956238,NA,NA,NA,NA,2691648,50.070180053261,NA,38.4068284332516,0,3.07991424860286,69671577.4536133,NA,NA,NA,NA,NA,1.68299996852875,NA,63.435,61.831,65.047,NA,NA,NA,NA,3.12500356436095,"Americas","South America",0.075,-2.114,-1.235,-1.956,-1.978,-1.927,-0.972,-0.175,-0.552,0,0.333,0.833,0.167,0.833,1,0,0.167,0.167,0,0,0,0,0.167,0.042,0.966,-2.182,-2.476,-2.303,-3.17,-2.871,-2.488,-2.212,-1.678,-1.748,-1.368,1.165,-2.703,-0.067,-2.314,-1.57,-3.159,0.975
"PRY","PARAGUAY",1976,-8,0,615.825049934218,9.67061225099514,101.228897094727,NA,51.634708404541,50.6590881347656,80.08288,34.5500749758256,NA,NA,NA,NA,2758836,50.0016311226909,NA,39.5760245528311,0,2.25922942783651,82614204.4067383,NA,NA,NA,NA,NA,NA,NA,63.654,62.084,65.235,NA,NA,NA,NA,2.98995650695533,"Americas","South America",0.075,-2.114,-1.235,-1.956,-1.978,-1.927,-0.972,-0.175,-0.552,0,0.333,0.833,0.167,0.833,1,0,0.167,0.167,0,0,0,0,0.167,0.042,0.966,-2.182,-2.476,-2.303,-3.17,-2.871,-2.488,-2.212,-1.678,-1.748,-1.368,1.165,-2.703,-0.067,-2.314,-1.57,-3.159,0.975
"PRY","PARAGUAY",1977,-8,0,739.83449409653,20.1371224141594,102.854049682617,NA,53.4881896972656,52.045539855957,81.03834,34.1126352366357,NA,NA,NA,NA,2827874,49.9342969311928,NA,39.086232796686,0,2.71973088995866,100118919.372559,NA,NA,NA,NA,NA,NA,NA,63.86,62.309,65.427,NA,NA,NA,NA,2.88864465534837,"Americas","South America",0.075,-2.114,-1.235,-1.956,-1.978,-1.927,-0.972,-0.175,-0.552,0,0.333,0.833,0.167,0.833,1,0,0.167,0.167,0,0,0,0,0.167,0.041,0.966,-2.182,-2.476,-2.273,-3.17,-2.871,-2.488,-2.212,-1.678,-1.748,-1.368,1.165,-2.703,-0.067,-2.314,-1.57,-3.159,0.975
"PRY","PARAGUAY",1978,-8,0,882.931919341442,19.3418158232348,105.405883789062,NA,54.720531463623,53.3425483703613,82.71852,32.0674516807114,NA,NA,NA,NA,2899269,49.8698120112346,NA,39.3359624483013,0,2.88230504610329,78936073.3032227,NA,NA,NA,NA,NA,NA,NA,64.078,62.544,65.633,NA,NA,NA,NA,2.95853231831292,"Americas","South America",0.075,-2.114,-1.235,-1.956,-1.978,-1.927,-0.972,-0.175,-0.552,0,0.333,0.833,0.167,0.833,1,0,0.167,0.167,0,0,0,0,0.167,0.042,0.966,-2.182,-2.476,-2.284,-3.17,-2.871,-2.488,-2.212,-1.678,-1.748,-1.368,1.165,-2.703,-0.067,-2.314,-1.57,-3.159,0.972
"PRY","PARAGUAY",1979,-8,0,1148.89527317637,30.1227476330569,107.215713500977,NA,NA,NA,83.98334,31.3957269682287,NA,NA,NA,NA,2973968,49.8106737566355,NA,39.342274583405,0,3.6253089058354,62481426.2390137,NA,NA,NA,NA,NA,NA,NA,64.298,62.769,65.853,NA,NA,NA,NA,2.02639826239285,"Americas","South America",0.075,-2.114,-1.235,-1.956,-1.978,-1.927,-0.972,-0.175,-0.552,0,0.333,0.833,0.167,0.833,1,0,0.167,0.167,0,0,0,0,0.167,0.042,0.966,-2.182,-2.476,-2.284,-3.17,-2.871,-2.488,-2.212,-1.678,-1.748,-1.368,1.165,-2.703,-0.067,-2.314,-1.57,-3.159,0.972
"PRY","PARAGUAY",1980,-8,0,1456.84406918803,26.8039048642152,109.591888427734,NA,59.8657112121582,57.6629791259766,86.10981,29.4645995514391,NA,NA,NA,NA,3053235,49.7596811251017,NA,39.8928378347033,0,3.15119242612141,65815246.5820313,NA,NA,NA,NA,NA,NA,NA,64.553,63.038,66.098,NA,NA,NA,NA,2.18144922143015,"Americas","South America",0.104,-1.817,-0.938,-1.956,-1.978,-1.927,-0.972,-0.175,-0.552,0,0.333,0.833,0.167,0.833,1,0,0.167,0.167,0,0,0,0,0.167,0.044,0.964,-2.182,-2.476,-2.284,-3.17,-2.871,-2.488,-2.212,-1.678,-1.748,-1.368,1.165,-2.703,-0.067,-2.314,-1.57,-2.378,0.961
"PRY","PARAGUAY",1981,-8,0,1792.61496129399,23.0478264082924,110.876541137695,NA,62.8359184265137,61.0701103210449,87.98265,27.7673281227732,NA,NA,NA,NA,3137604,49.7152764608674,NA,41.1198706343685,0,2.35408506285109,97045890.8081055,NA,NA,NA,NA,NA,NA,NA,64.811,63.31,66.343,NA,NA,NA,NA,2.52786018286072,"Americas","South America",0.104,-1.817,-0.938,-1.956,-1.978,-1.927,-0.972,-0.175,-0.552,0,0.333,0.833,0.167,0.833,1,0,0.167,0.167,0,0,0,0,0.167,0.044,0.964,-2.182,-2.476,-2.284,-3.17,-2.871,-2.488,-2.212,-1.678,-1.748,-1.368,1.165,-2.703,-0.067,-2.314,-1.57,-2.378,0.961
"PRY","PARAGUAY",1982,-8,0,1679.81843739033,-6.29228955125078,109.608329772949,NA,64.493766784668,61.7291603088379,NA,25.866303050038,NA,NA,NA,NA,3226189,49.6840233737154,NA,42.0518560729404,0,3.28216809148719,171116363.525391,78.4599990844727,81.0800018310547,75.8499984741211,NA,NA,NA,NA,65.076,63.586,66.598,NA,NA,NA,NA,3.80329757549991,"Americas","South America",0.104,-1.817,-0.938,-1.956,-1.978,-1.927,-0.972,-0.175,-0.552,0,0.333,0.833,0.167,0.833,1,0,0.167,0.167,0,0,0,0,0.167,0.044,0.964,-2.182,-2.476,-2.284,-3.17,-2.871,-2.488,-2.212,-1.678,-1.748,-1.368,1.165,-2.703,-0.067,-2.314,-1.57,-2.378,0.961
"PRY","PARAGUAY",1983,-8,0,1709.80484009501,1.78509784374465,111.709617614746,NA,67.3523406982422,64.9366683959961,88.35086,24.7870379567815,NA,NA,NA,NA,3318068,49.6640816282246,NA,43.2086214757425,0,2.10422574969908,102772384.643555,NA,NA,NA,NA,NA,NA,NA,65.293,63.806,66.811,NA,NA,NA,NA,3.64524179869616,"Americas","South America",0.104,-1.817,-0.938,-1.956,-1.978,-1.927,-0.818,-0.175,-0.552,0,0.333,0.833,0.167,0.833,1,0,0.167,0.167,0,0,0,0,0.167,0.044,0.964,-2.182,-2.476,-2.261,-3.17,-2.871,-2.488,-2.212,-1.678,-1.748,-1.368,1.165,-2.703,-0.067,-2.314,-1.57,-2.378,0.961
"PRY","PARAGUAY",1984,-8,0,1319.23446766653,-22.8429796939151,111.59236907959,NA,68.4898681640625,66.5875091552734,87.90906,26.417788143677,NA,NA,NA,NA,3412936,49.6447926360178,NA,42.6831104321469,0,1.82797912330096,95609680.1757813,NA,NA,NA,NA,NA,NA,NA,65.609,64.118,67.131,NA,NA,NA,NA,3.50818517688981,"Americas","South America",0.104,-1.817,-0.938,-1.956,-1.978,-1.927,-0.818,-0.175,-0.552,0,0.333,0.833,0.167,0.833,1,0,0.167,0.167,0,0,0,0,0.167,0.044,0.964,-2.182,-2.476,-2.261,-3.17,-2.871,-2.488,-2.212,-1.678,-1.748,-1.368,1.165,-2.703,-0.067,-2.314,-1.57,-2.378,0.961
"PRY","PARAGUAY",1985,-8,0,934.991981806694,-29.1261709178571,111.47339630127,NA,70.4312210083008,68.4653091430664,87.79023,25.5479901634897,NA,NA,NA,NA,3510671,49.6262395422414,NA,43.2060299662855,0,2.52489039990134,78140052.7954102,NA,NA,NA,NA,NA,NA,NA,65.893,64.401,67.415,NA,NA,NA,NA,3.75763484289285,"Americas","South America",0.104,-1.817,-0.938,-1.956,-1.978,-1.927,-0.818,-0.175,-0.552,0,0.333,0.833,0.167,0.833,1,0,0.167,0.167,0,0,0,0,0.167,0.044,0.964,-2.182,-2.476,-2.261,-3.17,-2.871,-2.488,-2.212,-1.678,-1.748,-1.368,1.165,-2.703,-0.067,-2.314,-1.57,-2.378,0.961
"PRY","PARAGUAY",1986,-8,0,1031.15623781062,10.285035366625,110.408996582031,NA,68.899528503418,67.9361801147461,86.71118,22.7074841520746,NA,NA,NA,NA,3611474,49.6086639416482,NA,44.6170044786707,0,3.051943031492,86683479.309082,NA,NA,NA,NA,NA,NA,NA,66.172,64.678,67.696,NA,NA,NA,NA,3.80406563785285,"Americas","South America",0.104,-1.817,-0.938,-1.956,-1.978,-1.927,-0.818,-0.175,-0.552,0,0.333,0.833,0.167,0.833,1,0,0.167,0.167,0,0,0,0,0.167,0.045,0.961,-2.182,-2.476,-2.261,-3.17,-2.871,-2.488,-2.212,-1.678,-1.748,-0.924,1.165,-2.703,-0.067,-2.314,-1.57,-2.378,0.961
"PRY","PARAGUAY",1987,-8,0,1068.95380287336,3.66555170562638,110.980110168457,NA,69.8457336425781,69.0712890625,87.43822,21.6366264425192,NA,NA,NA,NA,3714889,49.5919123268319,NA,43.9521874557698,0,3.4696285924182,80977455.1391602,NA,NA,NA,NA,NA,NA,NA,66.454,64.957,67.981,NA,NA,NA,NA,2.77319233257148,"Americas","South America",0.155,-1.131,-1.198,-1.956,-1.978,-1.927,-0.818,-0.175,-0.552,0,0.333,0.833,0.167,0.833,1,0,0.167,0.167,0,0,0,0,0.167,0.05,0.956,-2.182,-2.476,-2.261,-3.17,-2.871,-2.488,-2.212,-1.678,-1.345,-0.924,1.165,-2.703,-0.067,-1.807,-1.57,-2.378,0.961
"PRY","PARAGUAY",1988,-8,0,1113.89406863138,4.20413544881172,112.144599914551,NA,70.1463775634766,69.4409408569336,89.01053,22.5807464352358,NA,NA,NA,NA,3820546,49.5758983140106,NA,41.9969593716688,0,2.80975350822624,79369468.6889648,NA,NA,NA,NA,NA,NA,NA,66.71,65.184,68.267,NA,NA,NA,NA,3.1954734453196,"Americas","South America",0.155,-1.131,-1.198,-1.956,-1.978,-1.927,0.166,-0.175,-0.552,0,0.333,0.833,0.167,0.833,1,0,0.167,0.167,0,0,0,0,0.167,0.051,0.957,-2.182,-2.476,-2.614,-3.17,-2.871,-2.488,-2.212,-1.678,-1.345,-0.924,1.165,-2.703,-0.067,-1.807,-1.57,-2.378,0.966
"PRY","PARAGUAY",1989,2,0,1211.29634333964,8.74430320182389,113.014991760254,NA,70.0254974365234,70.2600479125977,90.83886,21.110367419512,NA,NA,NA,NA,3927802,49.5622107320555,NA,41.4182110767013,0,3.11665484835302,110588768.005371,NA,NA,NA,NA,NA,1.32009994983673,NA,66.922,65.203,68.695,NA,NA,NA,NA,2.42576375579472,"Americas","South America",0.302,-0.189,-0.705,-1.182,-1.299,-1.927,0.166,-0.175,-0.552,0,0.333,0.833,0.167,0.833,1,0,0.167,0.167,0,0,0,0,0.167,0.075,0.926,-2.182,-1.651,-2.158,-3.17,-2.871,-1.817,-1.502,-1.678,-1.345,-0.924,1.285,-1.528,-0.067,-1.217,-1.009,-2.378,0.959
"PRY","PARAGUAY",1990,2,0,1440.15829610029,18.8939687648738,113.653518676758,NA,71.401969909668,71.6293563842773,92.56517,18.6019358904464,NA,NA,0,NA,4035747,49.5508762070566,80.4237289428711,42.0634003827894,0,2.70185516463716,78267097.4731445,NA,NA,NA,33.5057563781738,NA,0.9322000146,NA,67.341,65.558,69.184,NA,NA,68.2869076728821,65.1379883289337,2.13187585625298,"Americas","South America",0.74,1.358,1.16,0.289,0.09,1.033,-0.763,0.567,0.004,0.167,0.5,1,0.5,0.833,0.667,0,0.167,0.167,0,0,0,0.167,0.167,0.208,0.884,-1.821,-0.728,-2.158,-2.747,-2.125,-0.368,-1.502,-1.678,-1.345,-1.42,1.285,-1.528,-0.067,-0.98,-0.395,-2.378,0.949
"PRY","PARAGUAY",1991,2,0,1685.26890082621,17.0196988337767,114.65412902832,NA,74.678581237793,76.8050689697266,94.48361,16.0012443974321,NA,NA,NA,NA,4144364,49.5407980573135,81.3201446533203,41.350105341625,0,2.37235297949305,171631439.208984,NA,NA,NA,NA,NA,NA,NA,67.676,65.778,69.648,NA,NA,NA,NA,2.8293270046069,"Americas","South America",0.74,1.358,1.16,0.289,0.09,1.033,-0.909,0.567,0.004,0.167,0.5,1,0.5,0.833,0.667,0,0.167,0.167,0,0,0,0.167,0.167,0.214,0.862,-1.821,0.185,-1.498,-2.747,-2.125,-0.368,-1.502,-1.678,-1.345,-1.42,1.285,-1.528,-0.067,-0.98,-0.395,-0.435,0.851
"PRY","PARAGUAY",1992,7,0,1682.67444777611,-0.153948906837846,110.615180969238,NA,74.485237121582,76.9021224975586,85.7437,14.948957846145,NA,NA,NA,NA,4253600,49.5320550902894,82.2160568237305,44.0192059799077,0,2.58028051902425,73765159.6069336,90.2699966430664,92,88.5599975585938,NA,NA,NA,NA,67.961,66.037,69.962,NA,NA,NA,NA,2.36888997739081,"Americas","South America",0.809,1.986,1.16,0.289,0.09,1.033,-0.909,0.828,0.004,0.143,0.58,0.933,0.504,0.714,0.571,0,0.219,0.143,0,0,0,0.219,0.143,0.348,0.645,-1.821,0.185,-1.498,-2.747,-1.549,0.412,1.564,-1.419,-1.083,0.353,1.309,-1.528,1.081,0.697,0.634,-0.435,0.821
"PRY","PARAGUAY",1993,7,0,1661.70955306218,-1.24592696713484,118.049606323242,NA,80.3887710571289,84.173957824707,95.5992,16.718912733494,NA,NA,NA,NA,4362696,49.5244683562641,83.1089019775391,44.0873288493123,0,2.65203801608256,100848197.937012,NA,NA,NA,NA,NA,1.2999999523,NA,68.234,66.278,70.271,NA,NA,NA,NA,2.17854766482964,"Americas","South America",0.809,1.986,1.16,0.289,0.09,1.033,-0.909,0.828,-0.419,0.143,0.714,1,0.571,0.714,0.571,0,0.286,0.143,0,0,0,0.286,0.143,0.368,0.631,-1.821,1.097,-1.495,-2.747,-1.549,0.412,0.29,-0.967,-0.018,0.353,1.309,-1.528,2.015,0.344,0.634,-0.435,0.82
"PRY","PARAGUAY",1994,7,0,1760.28807083292,5.93235548228514,116.30101776123,NA,79.4152908325195,82.3267669677734,90.99687,18.1637724837493,NA,NA,NA,NA,4471417,49.5178710646153,83.9956359863281,42.0722508023346,0,2.2446170941753,78850349.4262695,NA,NA,NA,NA,NA,0.6008999944,NA,68.504,66.515,70.579,NA,NA,NA,NA,2.04676637090921,"Americas","South America",0.809,1.986,1.16,0.289,0.09,1.033,-0.909,0.828,-0.419,0.143,0.714,1,0.571,0.714,0.571,0,0.286,0.143,0,0,0,0.286,0.143,0.378,0.621,-1.821,1.097,-1.495,-2.747,-1.549,0.412,0.29,-0.967,-0.018,0.353,1.309,-1.528,2.015,0.719,0.634,-0.435,0.819
"PRY","PARAGUAY",1995,7,0,1978.71514099575,12.4085979892755,117.296852111816,NA,80.6278686523438,83.9550933837891,90.71599,18.4437831019194,NA,NA,NA,NA,4579806,49.5121190722926,77.469114,41.548729287881,0,2.63965820175389,108315628.051758,NA,NA,NA,NA,NA,NA,NA,68.778,66.748,70.9,NA,NA,NA,NA,2.2834245690128,"Americas","South America",0.809,1.986,1.16,0.289,0.09,1.033,-0.909,0.828,-0.419,0.143,0.714,1,0.571,0.714,0.571,0,0.286,0.143,0,0,0,0.286,0.143,0.378,0.621,-1.821,1.097,-1.495,-2.747,-1.549,0.412,0.29,-0.967,-0.018,0.353,1.309,-1.528,2.015,0.719,0.634,-0.435,0.819
"PRY","PARAGUAY",1996,7,0,2088.17109102236,5.53166788684542,119.207580566406,NA,84.372932434082,87.0494995117188,93.89767,18.3650119540079,NA,NA,0.0204,NA,4687543,49.5075032895691,85.7385025024414,42.5696993564011,0,2.22608401252279,73391052.2460938,NA,NA,NA,NA,NA,1.3400000334,NA,69.05,66.975,71.224,NA,NA,NA,NA,2.06378993670781,"Americas","South America",0.809,1.986,1.16,0.289,0.09,1.033,-0.909,0.828,-0.419,0.143,0.714,1,0.571,0.714,0.571,0,0.286,0.143,0,0,0,0.286,0.143,0.381,0.621,-1.821,1.097,-1.495,-2.747,-1.549,0.412,0.29,-0.967,-0.018,0.353,1.309,-1.528,2.015,0.719,0.634,-0.435,0.819
"PRY","PARAGUAY",1997,7,0,2078.50841313824,-0.462734012824076,118.436500549316,NA,NA,NA,NA,16.4279737205061,NA,NA,0.0996,NA,4794412,49.5038390526304,86.412854,44.5949746119276,0,2.01417230058798,103365150.45166,NA,NA,NA,NA,NA,NA,NA,69.284,67.192,71.474,NA,0.537441670894623,NA,NA,1.68568030658609,"Americas","South America",0.809,1.986,1.16,0.289,0.09,1.033,-0.909,0.828,-0.419,0.143,0.714,1,0.571,0.714,0.571,0,0.286,0.143,0,0,0,0.286,0.143,0.385,0.619,-1.821,1.352,-1.495,-2.747,-1.549,0.412,0.29,-0.967,-0.018,0.353,1.309,-1.528,2.015,0.719,0.634,-0.435,0.819
"PRY","PARAGUAY",1998,6,0,1889.88455618586,-9.0749623990016,123.407928466797,NA,92.8338317871094,96.8737716674805,NA,14.8009373095827,NA,NA,0.195,NA,4900025,49.5009515257575,87.4201889038086,44.6745051586198,0,1.90038248473524,82513511.6577148,NA,NA,NA,NA,NA,NA,NA,69.507,67.4,71.715,NA,NA,NA,NA,1.54315371528311,"Americas","South America",0.809,1.986,1.16,0.289,0.09,1.033,-0.909,0.828,-0.419,0.143,0.714,1,0.571,0.714,0.571,0,0.286,0.143,0,0,0,0.286,0.143,0.387,0.618,-1.821,1.352,-1.495,-2.747,-1.549,0.412,0.29,-0.967,-0.018,0.353,1.309,-1.528,2.015,0.719,0.634,-0.435,0.815
"PRY","PARAGUAY",1999,7,0,1766.30657288259,-6.53891704119078,120.88362121582,NA,89.147087097168,93.5058212280273,95.51996,14.004558328133,NA,NA,0.382,NA,5003135,49.4987642747997,88.518177,44.469258323073,0,1.75811595698581,92963279.7241211,NA,NA,NA,NA,NA,NA,NA,69.774,67.661,71.986,NA,0.538700699806213,NA,NA,1.38876785203796,"Americas","South America",0.809,1.986,1.16,0.289,0.09,1.033,-0.909,0.828,-0.419,0.143,0.714,1,0.571,0.714,0.429,0,0.143,0.143,0,0,0,0.286,0.143,0.386,0.625,-1.821,1.352,-1.495,-2.747,-1.549,0.412,0.29,-0.967,-0.018,0.101,1.309,-1.576,2.015,0.719,0.634,-0.435,0.813
"PRY","PARAGUAY",2000,7,0,1736.11729210765,-1.70917558924505,121.569923400879,NA,92.2866821289062,94.7990417480469,96.74098,12.8566577643255,42.02714,NA,0.747631,NA,5100868,49.4971051985662,89.0177383422852,44.9075131170105,0.00338523670831026,1.46125820906746,89127548.2177734,NA,NA,NA,NA,6.01865244,0.79,98,70.026,67.881,72.273,NA,NA,NA,NA,1.24493945384649,"Americas","South America",0.809,1.986,1.16,0.574,0.09,1.033,-0.385,0.828,-0.419,0.125,0.625,0.875,0.625,0.75,0.125,0,0.25,0.375,0,0,0,0.25,0.125,0.394,0.625,-1.821,1.352,-1.495,-2.747,-1.549,0.412,0.29,-0.967,-0.018,0.101,1.309,-1.576,2.015,0.719,0.634,-0.435,0.813
"PRY","PARAGUAY",2001,7,0,1637.68615122932,-5.66961352932752,120.682579040527,NA,91.6950225830078,95.0061798095703,96.50642,11.373317185727,NA,NA,1.09879,NA,5187689,49.4956329310348,91.04207,43.6198607650467,0.00129659487206078,1.60887106842193,90389625.5493164,NA,NA,NA,NA,5.60815811,0.78,96,70.281,68.106,72.559,7.62649877191,0.539755463600159,NA,NA,1.07463481723327,"Americas","South America",0.809,1.986,1.16,0.574,0.09,1.033,-1.775,0.828,-0.419,0.143,0.714,1,0.571,0.714,0.143,0,0.143,0.286,0,0,0,0.286,0.143,0.394,0.625,-1.821,1.352,-1.495,-2.747,-1.549,0.412,0.29,-0.967,-0.018,0.101,1.309,-1.576,2.015,0.719,0.634,-0.435,0.813
"PRY","PARAGUAY",2002,7,0,1367.76506935997,-16.4818565307361,119.554328918457,NA,94.0647277832031,96.3317565917969,94.55333,11.0096432644682,39.03,NA,1.79497,NA,5261328,49.4941201156818,91.666443,41.3656707962624,0.00163517598419678,2.06807979138211,89073150.6347656,NA,NA,NA,NA,4.75770569,0.83,91,70.539,68.323,72.864,10.6442975158,0.568538546562195,64.6151900291443,71.4336693286896,0.97123693298858,"Americas","South America",0.823,1.986,1.16,0.574,0.392,1.033,-1.775,0.828,-0.419,0.143,0.714,1,0.571,0.714,0.143,0,0.143,0.286,0,0,0,0.286,0.143,0.394,0.625,-1.821,1.352,-1.495,-2.747,-1.549,0.412,0.29,-0.967,-0.018,0.101,1.309,-1.576,2.015,0.719,0.634,-0.435,0.813
"PRY","PARAGUAY",2003,8,1,1443.99885236205,5.57360212728291,115.775802612305,NA,96.1255493164062,98.4200668334961,93.86873,13.0089432672836,NA,NA,2.11194,NA,5326436,49.4986611124848,92.558399,40.7916144048049,0.0016823879677269,2.14219181665103,82659194.9462891,NA,NA,NA,NA,4.90703917,0.81,92,70.795,68.541,73.16,7.82785175158,0.562053442001343,NA,NA,0.825755371784335,"Americas","South America",0.823,1.986,1.16,0.574,0.392,1.033,-1.775,0.828,-0.419,0.143,0.857,1,0.571,0.714,0.143,0,0.143,0.286,0,0.143,0,0.286,0.143,0.408,0.582,-0.523,1.352,-1.512,-2.151,-1.193,0.412,0.29,-0.967,-0.018,0.101,1.309,-1.576,2.015,0.719,0.634,-0.435,0.752
"PRY","PARAGUAY",2004,8,1,1786.21533938543,23.6992215377175,115.572067260742,NA,95.0271987915039,97.8350219726562,93.30224,13.9333504941588,36.03286,NA,3.45244,NA,5388175,49.5096483521134,93.249876,41.0107690235008,0.00885714488141932,1.64919367692685,49742866.5161133,NA,NA,NA,NA,4.93224335,0.78,88,71.054,68.771,73.454,7.3267486799,0.568517684936523,NA,NA,0.877630063887399,"Americas","South America",0.823,1.986,1.16,0.574,0.392,1.033,-1.775,1.684,-0.419,0.143,0.857,1,0.571,0.714,0.143,0,0.143,0.286,0,0.143,0,0.286,0.143,0.427,0.571,-0.523,1.352,-1.512,-1.422,-1.193,0.412,0.29,-0.967,-0.018,0.101,1.309,-1.576,2.015,0.719,0.634,-0.435,0.747
"PRY","PARAGUAY",2005,8,1,1970.87169852378,10.3378554123202,116.596778869629,NA,96.6200790405273,99.7392730712891,93.95193,12.7139528266327,NA,NA,7.90701,8.26476450440432,5448097,49.5217229939696,94.686886,41.7986259493051,0.0721023170796774,1.6488717465954,68593330.3833008,NA,NA,NA,NA,4.82934713,0.82,77,71.317,69.01,73.744,5.60714732406,0.579702973365784,NA,NA,0.721480399782029,"Americas","South America",0.823,1.986,1.16,0.574,0.392,1.033,-1.775,1.684,-0.419,0.125,0.75,0.875,0.5,0.625,0.125,0,0.125,0.25,0,0.125,0,0.25,0.125,0.423,0.568,-0.523,1.352,-1.512,-1.422,-1.193,0.412,0.29,-0.967,-0.018,0.101,1.309,-1.576,2.015,0.707,0.634,-0.435,0.747
"PRY","PARAGUAY",2006,8,1,2439.43124694576,23.7742288741038,114.910606384277,NA,96.9746704101562,99.2383880615234,92.30766,11.7935958026272,33.03571,NA,7.96207,8.35050418277665,5505148,49.5346990734307,96.749045,43.635121064116,0.093411156274331,1.92110670134396,77138137.8173828,NA,NA,NA,NA,5.01927567,0.81,82,71.584,69.256,74.033,6.48102565926,0.581072866916656,NA,NA,0.793455134933818,"Americas","South America",0.823,1.986,1.16,0.574,0.392,1.033,-1.775,1.684,-0.419,0.125,0.75,1,0.5,0.625,0.125,0,0.125,0.25,0,0.125,0,0.25,0.125,0.426,0.558,-0.523,1.352,-1.512,-1.422,-1.193,0.412,0.29,-0.967,-0.018,0.439,1.309,-1.576,2.015,0.707,0.634,-0.435,0.747
"PRY","PARAGUAY",2007,8,1,3211.93621659546,31.6674212735817,113.681617736816,NA,98.3410491943359,101.163192749023,90.56343,12.7097347758464,NA,NA,11.21,7.83787789166473,5559386,49.5488981069316,96.452771,43.7732722238521,0.101460877412438,1.74879846359446,130432586.669922,94.5599975585938,95.7099990844727,93.4499969482422,NA,5.02042723,0.8,72,71.817,69.436,74.33,5.41200515197,0.580636203289032,NA,NA,0.741436848396038,"Americas","South America",0.823,1.986,1.16,0.574,0.392,1.033,-1.775,1.684,-0.419,0.125,0.75,1,0.5,0.625,0.125,0,0.125,0.25,0,0.125,0,0.25,0.125,0.445,0.525,-0.523,1.352,-1.512,-1.422,-1.193,0.412,0.593,-0.967,0.208,0.652,1.586,-1.546,2.015,0.775,0.833,-0.435,0.747
"PRY","PARAGUAY",2008,8,1,4384.95469437803,36.5206031091716,112.590606689453,NA,99.1894607543945,101.936157226562,89.02356,13.4176454912293,30.03857,NA,14.27,8.09407229978406,5613574,49.5642792923509,96.677896,43.3334831236237,0.157606646082066,1.53670993415519,142560821.533203,93.2900009155273,94.129997253418,92.4899978637695,NA,5.03776026,0.82,67,72.047,69.612,74.625,5.3642433279,0.585837125778198,NA,NA,0.683124275184385,"Americas","South America",0.867,1.986,1.83,1.531,0.86,1.033,-0.455,1.684,-0.419,0,0.5,0.875,0.375,0.25,0.125,0.125,0,0,0.125,0.375,0.375,0.5,0,0.491,0.442,-0.184,1.55,-1.551,-1.024,-0.818,0.412,0.724,-0.967,0.972,1.268,1.642,-1.546,2.015,1.18,0.912,-0.435,0.74
"PRY","PARAGUAY",2009,8,1,3941.84815479431,-10.1051566200177,111.871238708496,NA,99.2613677978516,102.900901794434,87.97956,9.94793815604534,NA,NA,18.9,8.32758281681303,5671236,49.5803296529487,96.891335,46.4438315436931,0.111570934639677,1.62701325231846,161627182.006836,93.75,94.370002746582,93.1399993896484,NA,5.52496862,0.82,67,72.282,69.779,74.939,6.38844710465,0.588067173957825,NA,NA,0.753483712105124,"Americas","South America",0.873,1.986,2.433,1.531,0.257,1.033,-0.093,1.684,-0.419,0,0.5,0.875,0.375,0.25,0.125,0.125,0,0,0.125,0.375,0.375,0.5,0,0.505,0.435,0.042,1.55,-1.551,-1.024,-0.818,0.412,0.724,-0.967,0.972,1.268,1.642,-1.546,2.015,1.18,0.912,-0.435,0.726
"PRY","PARAGUAY",2010,8,1,4750.96273669458,20.5262747352705,112.199429171095,NA,98.7415648367682,100.701821242001,87.9171,13.0144797820583,27.04143,NA,19.8,8.87121347922402,5737971,49.5959285956656,97.43086,45.3490217664919,0.143936547562155,2.08299287196264,128629577.636719,93.870002746582,94.8099975585938,92.9300003051758,NA,5.46593952,0.84,62,72.551,70.004,75.257,5.2418724097,0.590255916118622,NA,NA,0.750544858772042,"Americas","South America",0.873,1.986,2.433,1.341,0.257,1.033,-0.093,1.684,-0.419,0,0.5,0.875,0.375,0.25,0.125,0.125,0,0,0.125,0.375,0.375,0.5,0,0.51,0.435,0.042,1.55,-1.551,-1.024,-0.818,0.412,0.724,-0.967,0.972,1.268,1.642,-1.546,2.015,1.18,0.912,-0.435,0.726
"PRY","PARAGUAY",2011,8,1,5805.40154542925,22.1942134083814,111.292626449933,NA,95.2389736967517,96.9195682898625,87.7094,13.7962263457992,NA,NA,24.7635,9.36683510463148,5814626,49.6105251843412,98.23656,44.8644751127154,0.198340645226439,1.67187532266737,98534934.9975586,NA,NA,NA,NA,5.82225847,0.83,62,72.787,70.201,75.536,5.47254912126,0.592792093753815,NA,NA,0.844603850849582,"Americas","South America",0.858,1.986,1.971,1.341,0.257,1.033,-0.093,1.684,-0.419,0,0.5,0.875,0.375,0.25,0.125,0.125,0,0,0.125,0.375,0.375,0.5,0,0.501,0.446,-0.035,1.429,-1.551,-1.024,-0.818,0.412,0.724,-0.967,0.972,1.268,1.642,-1.546,2.015,1.18,0.912,-0.435,0.73
"PRY","PARAGUAY",2012,8,1,5642.16991672846,-2.81171986853015,115.087921142578,NA,95.193620795203,96.7452466492774,87.19751,10.0422288968025,24.04429,NA,29.34,9.45777834925342,5897008,49.6250810580552,97.835616,48.1424560989953,0.21578841647676,1.69034010085165,124993644.714355,94.1999969482422,94.8199996948242,93.5899963378906,NA,6.53144598,0.85,62,73.105,70.431,75.944,4.73917602823,0.595353007316589,NA,NA,0.964506788033691,"Americas","South America",0.807,1.63,1.63,0.964,0.257,1.033,-1.114,1.684,-0.419,0,0.5,0.875,0.5,0.25,0.125,0.125,0,0,0.125,0.25,0.25,0.375,0,0.48,0.472,-0.471,1.265,-1.551,-1.134,-1.446,0.412,0.724,-0.967,0.972,1.268,1.642,-1.546,2.015,0.964,0.912,-0.435,0.76
"PRY","PARAGUAY",2013,9,1,6435.68342733004,14.0639775531909,NA,NA,NA,NA,NA,12.8648395783488,NA,NA,36.9,8.9293625662978,5982445,49.6406151064682,99.015884,46.9815144205427,0.191256763032491,1.6980914846184,140413024.902344,95.0599975585938,95.6699981689453,94.4700012207031,NA,6.0642848,0.87,56,73.292,70.525,76.233,4.97491246795,0.597767412662506,NA,NA,0.964167260244977,"Americas","South America",0.762,1.63,0.961,0.309,0.039,1.033,-0.692,1.684,0.255,0.125,0.75,1,0.75,0.5,0.125,0,0.125,0.25,0,0.125,0,0.375,0.125,0.403,0.604,-0.733,1.409,-1.531,-1.374,-1.284,0.196,0.23,-1.363,0.262,0.285,1.009,-1.709,1.436,0.372,0.257,-0.286,0.748
"PRY","PARAGUAY",2014,9,1,6652.25478942461,3.36516493609473,NA,NA,NA,NA,NA,11.7708565050102,21.04714,NA,43.0074,9.74517637879594,6069811,49.6573864231709,99.000716,47.115446711112,0.179139183622576,1.68579710915118,70160461.4257813,95.0299987792969,95.870002746582,94.2099990844727,NA,6.62719059,0.89,54,73.415,70.567,76.445,5.94496593937,0.600066423416138,NA,NA,0.986605391734507,"Americas","South America",0.788,1.815,1.09,0.309,0.039,1.033,-0.692,1.684,0.255,0.125,0.75,1,0.75,0.5,0.125,0,0.125,0.25,0,0.125,0,0.375,0.125,0.411,0.602,-0.733,1.409,-1.531,-1.374,-1.21,0.196,0.23,-1.363,0.262,0.285,1.009,-1.709,1.436,0.372,0.257,-0.286,0.749
"PRY","PARAGUAY",2015,9,1,5879.33792308762,-11.6188704552587,NA,NA,NA,NA,NA,9.44042072519386,NA,NA,49.7163,9.64227469767563,6159103,49.6747172437285,99.331532,48.642300967187,0.102441199876795,1.69931574477657,70577796.9360352,95.5500030517578,96.25,94.870002746582,NA,6.69165802,0.85,55,73.454,70.579,76.517,NA,0.606008291244507,NA,NA,1.06744934908852,"Americas","South America",0.778,1.815,0.906,0.486,0.039,1.033,-1.482,1.684,0.255,0.125,0.75,1,0.75,0.5,0.125,0,0.125,0.25,0,0.125,0,0.375,0.125,0.417,0.607,-0.659,1.409,-1.531,-1.602,-1.52,0.197,0.23,-1.363,0.262,0.285,1.009,-1.581,1.987,0.372,0.257,-0.286,0.747
"PRY","PARAGUAY",2016,9,1,5775.15963399596,-1.77193912740687,100.612358093262,NA,97.7233040097526,98.5111619821339,NA,10.6965134075446,18.05,NA,53.4041,9.55906333666421,6249126,49.692652971416,98.4,47.6296883780607,0.0771925125540579,1.89364402448299,104596023.55957,94.6500015258789,95.4800033569336,93.8399963378906,17.408317565918,6.67556572,0.89,55,73.487,70.572,76.599,NA,0.611571729183197,95.5324053764343,94.6755766868591,0.950953301628568,"Americas","South America",0.791,1.815,1.14,0.486,0.039,1.033,-0.826,1.684,0.255,0.125,0.75,1,0.75,0.5,0.125,0,0.125,0.25,0,0.125,0,0.375,0.125,0.419,0.612,-0.659,1.409,-1.531,-1.602,-1.52,0.197,-0.095,-1.363,0.262,0.285,1.009,-1.581,1.987,0.372,0.257,-0.152,0.74
"PRY","PARAGUAY",2017,9,1,6152.2671153779,6.52981917871267,NA,NA,NA,NA,NA,10.1848244821627,NA,NA,61.0758,9.95647441168439,6338660,49.7120290862692,NA,47.9606996049648,0.0454333185625002,1.68483913659766,165763931.274414,NA,NA,NA,NA,6.60902548,0.89,57,73.45,70.469,76.648,NA,0.615818798542023,NA,NA,0.892663231219253,"Americas","South America",0.791,1.815,1.14,0.266,0.039,1.033,-0.826,1.684,0.255,0.125,0.75,1,0.75,0.5,0.125,0,0.125,0.25,0,0.125,0,0.375,0.125,0.416,0.606,-0.659,1.409,-1.531,-1.387,-1.52,0.197,-0.326,-1.363,0.415,0.421,1.24,-1.581,1.987,0.372,0.257,-0.152,0.74
"PRY","PARAGUAY",2018,9,1,6258.44991640984,1.72591337535606,NA,NA,NA,NA,NA,9.9502033854755,15.05286,NA,64.9935,10.0750585770316,6427382,49.731585892981,NA,48.8792744653751,0.0698851710974406,1.51126155574886,175623825.073242,94.0199966430664,94.5100021362305,93.5299987792969,NA,6.74497652,0.9,56,73.627,70.699,76.745,NA,0.619947493076324,NA,NA,0.961156152749535,"Americas","South America",0.791,1.815,1.14,0.266,0.039,1.033,-0.826,1.684,0.255,0.125,0.75,1,0.75,0.5,0.125,0,0.125,0.25,0,0.125,0,0.25,0.125,0.416,0.567,-0.883,1.3,-1.121,-1.048,-1.283,0.197,-0.125,-0.855,0.415,0.421,1.24,-1.581,1.987,0.447,0.533,-0.152,0.726
"PRY","PARAGUAY",2019,NA,1,5821.18199548738,-6.98684061968652,NA,NA,NA,NA,NA,9.667473664156,NA,NA,68.5176,9.99575607464088,6515058,49.7505624662129,NA,49.5586095739776,0.0593329259382367,1.37779411178328,133898284.912109,93.2099990844727,93.7900009155273,92.6600036621094,NA,7.16081905,0.91,60,73.668,70.73,76.796,NA,0.623950779438019,NA,NA,0.973840384070445,"Americas","South America",0.791,1.815,1.14,0.266,0.039,1.033,-0.826,1.684,0.255,0.143,0.857,1,0.857,0.571,0.143,0,0.143,0.286,0,0.143,0,0.286,0.143,0.42,0.581,-0.883,1.255,-1.121,-0.891,-1.283,0.342,0.114,-1.181,0.415,0.119,1.24,-1.581,1.273,0.447,0.292,-0.152,0.713
"PRY","PARAGUAY",2020,NA,1,5365.47220721104,-7.82847518991176,90.8342908567893,NA,85.3780557134736,84.167755289008,NA,10.7279902822133,15.1,NA,73.9575,9.51499928527674,6603739,49.7727802729968,NA,48.1546300468662,0.0299623174238903,1.68263325547904,319954101.5625,94.5400009155273,94.9199981689453,94.1800003051758,NA,7.67533064,1.01,50,72.72,69.652,76.063,NA,0.627855598926544,NA,NA,1.02757342677333,"Americas","South America",0.791,1.815,1.14,0.266,0.039,0.641,-0.826,1.684,0.255,0.111,0.667,0.889,0.778,0.556,0.111,0,0.222,0.222,0,0.111,0,0.444,0.111,0.429,0.55,-0.883,1.255,-1.121,-0.891,-1.305,0.342,0.114,-1.181,0.415,0.27,1.24,-0.904,1.273,0.687,0.703,-0.152,0.713
"PER","PERU",1960,5,1,252.796782675034,NA,NA,NA,NA,NA,NA,19.0545182413966,NA,NA,NA,NA,10174127,49.8260538717474,NA,44.3100963408752,NA,NA,-79031982.421875,NA,NA,NA,NA,NA,2.41143894195557,NA,50.597,49.113,52.134,NA,NA,NA,NA,2.50800127271706,"Americas","South America",0.567,0.356,1.312,-0.581,-0.647,1.176,-0.601,2.02,0.851,0,0.333,0,0.667,0,0.5,0,0,0,0,0,0,0,0,0.257,0.395,0.967,0.766,-1.017,0.869,0.67,0.151,1.054,-0.234,-0.102,1.028,0.917,-0.35,1.021,-0.583,0.733,0.951,0.465
"PER","PERU",1961,5,1,276.641400132003,9.43232631548989,NA,NA,NA,NA,NA,19.156352543573,NA,NA,NA,NA,10475123,49.8290425965363,NA,44.0708843725187,NA,NA,-131267349.243164,NA,NA,NA,NA,NA,NA,NA,51.192,49.753,52.68,NA,NA,NA,NA,2.64475743348983,"Americas","South America",0.567,0.356,1.312,-0.581,-0.647,1.176,-0.601,2.02,0.851,0,0.333,0,0.667,0,0.5,0,0,0,0,0,0,0,0,0.255,0.435,0.967,0.766,-1.017,0.869,0.67,-1.202,1.054,-0.234,-0.102,1.028,0.917,-0.35,1.021,-0.583,0.733,0.951,0.465
"PER","PERU",1962,-6,0,304.537817519843,10.0839633455184,NA,NA,NA,NA,NA,18.1681628323099,NA,NA,NA,NA,10784612,49.8247503016335,NA,45.2152110575742,NA,NA,55373218.536377,NA,NA,NA,NA,NA,NA,NA,51.532,50.128,52.983,NA,NA,NA,NA,2.42506811989101,"Americas","South America",0.266,-1.254,0.392,-1.173,-0.647,0.485,-0.601,1.182,0.639,0,0.258,0,0.667,0,0.576,0,0,0,0,0,0,0,0,0.14,0.442,0.967,0.183,-0.716,0.869,0.67,-1.357,1.054,-0.234,-0.102,1.028,0.917,NA,NA,NA,NA,0.951,0.451
"PER","PERU",1963,5,1,324.107404672837,6.42599573096333,NA,NA,NA,NA,NA,17.0836716620485,NA,NA,NA,NA,11102099,49.8141342294042,NA,47.5230206282946,NA,NA,71856315.612793,NA,NA,NA,NA,NA,NA,NA,52.597,51.103,54.147,NA,NA,NA,NA,3.31639135959339,"Americas","South America",0.655,0.899,1.412,-0.6,-0.647,1.192,-0.601,1.986,0.85,0,0.028,0.071,0.461,0,0.595,0,0,0,0.071,0.21,0.138,0.138,0,0.183,0.521,0.967,0.965,-0.608,0.869,0.67,0.735,-1.501,-0.234,-2.196,-0.144,0.917,-0.176,1.865,1.457,0.032,0.951,0.434
"PER","PERU",1964,5,1,380.965457465866,17.5429663047727,NA,NA,NA,NA,NA,16.5074686262258,NA,NA,NA,NA,11427978,49.802834762195,NA,46.7089319673735,NA,NA,156766998.291016,NA,NA,NA,NA,NA,NA,NA,53.302,51.747,54.919,NA,NA,NA,NA,3.34022750775595,"Americas","South America",0.745,1.401,1.68,0.1,-0.647,1.192,-0.601,1.986,0.85,0,0,0,0.667,0,0.333,0,0,0,0,0.167,0.167,0.167,0,0.338,0.298,0.967,1.285,-0.608,0.869,0.67,1.131,1.017,-0.234,0.14,1.048,0.917,-0.176,1.865,1.457,0.897,0.951,0.43
"PER","PERU",1965,5,1,438.990796969303,15.2311287982418,NA,NA,NA,NA,NA,16.0762812274743,NA,NA,NA,NA,11761085,49.7909163992948,NA,47.0995176704857,NA,NA,391764892.578125,NA,NA,NA,NA,NA,NA,NA,53.871,52.272,55.539,NA,NA,NA,NA,3.09834638816362,"Americas","South America",0.745,1.401,1.68,0.1,-0.647,1.192,-0.601,1.986,0.85,0,0,0,0.667,0,0.333,0,0,0,0,0.167,0.167,0.167,0,0.34,0.298,0.967,1.285,-0.608,0.869,0.67,1.131,1.017,-0.234,0.14,1.048,0.917,-0.176,1.865,1.457,0.897,0.951,0.43
"PER","PERU",1966,5,1,504.825948542419,14.9969320604504,NA,NA,NA,NA,NA,16.1567871402675,NA,NA,NA,NA,12101297,49.778750970144,NA,46.5695641884155,NA,NA,311845184.326172,NA,NA,NA,NA,NA,NA,NA,54.4,52.794,56.078,NA,NA,NA,NA,2.84356725146199,"Americas","South America",0.745,1.401,1.68,0.1,-0.647,1.192,-0.601,1.986,0.85,0,0,0,0.667,0,0.333,0,0,0,0,0.167,0.167,0.167,0,0.34,0.298,0.967,1.285,-0.608,0.869,0.67,1.131,1.017,-0.234,0.14,1.048,0.917,-0.176,1.865,1.457,0.897,0.951,0.43
"PER","PERU",1967,5,1,497.58475625699,-1.43439383540732,NA,NA,NA,NA,NA,16.8324801907322,NA,NA,NA,NA,12448814,49.7661985925887,NA,45.4625045459978,NA,NA,304016754.150391,NA,NA,NA,NA,NA,NA,NA,54.893,53.248,56.616,NA,NA,NA,NA,4.70363288718929,"Americas","South America",0.721,1.401,1.68,0.1,-1.071,1.192,-0.601,1.986,0.85,0,0,0,0.667,0,0.333,0,0,0,0,0.167,0.167,0.167,0,0.338,0.298,0.967,1.285,-0.608,0.869,0.67,1.131,1.017,-0.234,0.14,1.048,0.917,-0.176,1.865,1.457,0.897,0.951,0.43
"PER","PERU",1968,-7,0,447.99179719095,-9.96673600676514,NA,NA,NA,NA,NA,16.7097515525854,NA,NA,NA,NA,12803993,49.7547015024689,NA,45.4322369338844,NA,NA,229649154.663086,NA,NA,NA,NA,NA,NA,NA,55.384,53.671,57.186,NA,NA,NA,NA,2.35737351991389,"Americas","South America",0.603,0.696,1.41,2.13,-1.34,0.477,-0.601,1.185,-0.093,0,0,0,0.505,0,0.495,0,0,0,0.041,0.126,0.167,0.126,0,0.168,0.48,0.489,0.673,-0.608,0.869,0.67,-0.424,0.692,-0.234,0.14,-0.428,0.639,NA,NA,-0.08,0.041,0.765,0.479
"PER","PERU",1969,-7,0,487.660318575547,8.85474279514293,NA,NA,NA,NA,NA,16.001053632233,NA,NA,NA,NA,13166767,49.7451120688928,NA,44.5166926674564,NA,NA,217685668.945313,NA,NA,NA,NA,NA,NA,NA,55.816,54.074,57.652,NA,NA,NA,NA,2.38755980861244,"Americas","South America",0.284,-0.775,0.102,1.494,-1.34,0.477,-0.601,1.185,-0.093,0,0,0,0,0,1,0,0,0,0.167,0,0.167,0,0,0.037,0.861,0.626,-0.772,NA,0.116,0.67,-2.926,-1.868,-0.234,-2.661,-2.617,-0.894,NA,NA,NA,NA,1.353,0.29
"PER","PERU",1970,-7,0,550.484609442545,12.8827974050682,106.731986999512,NA,65.4057464599609,64.2128524780273,75.33835,16.715619851144,NA,NA,NA,NA,13501237,49.7227364961252,NA,44.5217182892,0.150304432391528,3.73069204984231,302993255.615234,NA,NA,NA,NA,NA,2.17280006408691,NA,47.728,47.116,48.354,NA,NA,NA,NA,3.50643955130868,"Americas","South America",0.284,-0.775,0.102,1.494,-1.34,0.599,-0.093,0.87,-0.093,0,0,0,0,0.143,1,0,0,0,0.143,0,0.143,0,0,0.037,0.861,0.626,-0.772,NA,0.116,0.67,-2.926,-1.868,-0.234,-2.661,-2.617,-0.894,NA,NA,NA,NA,1.353,0.29
"PER","PERU",1971,-7,0,599.041967615617,8.82083846490171,107.938987731934,NA,NA,NA,NA,15.9605565515804,NA,NA,NA,NA,13838067,49.6966050463114,NA,45.212007268052,0.189000016187519,2.38211552452317,247637100.219727,NA,NA,NA,NA,NA,NA,NA,56.493,54.797,58.284,NA,NA,NA,NA,3.61951588502269,"Americas","South America",0.284,-0.775,0.102,1.494,-1.34,0.599,-0.093,0.87,-0.093,0,0,0,0,0.143,1,0,0,0,0.143,0,0.143,0,0,0.037,0.861,0.626,-0.772,NA,0.116,0.67,-2.926,-1.868,-0.234,-2.661,-2.617,-0.894,NA,NA,NA,NA,1.353,0.29
"PER","PERU",1972,-7,0,646.679686654992,7.95231746934004,108.626358032227,NA,NA,NA,NA,15.0205883145278,NA,NA,NA,12.6535900162032,14210147,49.6772693484452,NA,45.7339482741918,0.207514874595296,2.30933647329924,218073059.082031,NA,NA,NA,NA,NA,NA,NA,56.989,55.331,58.74,NA,NA,NA,NA,3.63081099423142,"Americas","South America",0.284,-0.775,0.102,1.494,-1.34,0.599,-0.093,0.87,-0.093,0,0,0,0,0.143,1,0,0,0,0.143,0,0.143,0,0,0.037,0.861,0.626,-0.772,NA,0.116,0.67,-2.926,-1.868,-0.234,-2.661,-2.617,-0.894,NA,NA,NA,NA,1.353,0.29
"PER","PERU",1973,-7,0,753.924581161999,16.5839281363144,111.563232421875,NA,NA,NA,79.31982,14.8742068598101,NA,NA,NA,10.8112534413125,14582867,49.6876368686624,NA,45.1235095928786,0.338910086839485,5.20068086600714,372663482.666016,NA,NA,NA,NA,NA,NA,NA,57.333,55.761,58.989,NA,NA,NA,NA,3.92538975501114,"Americas","South America",0.258,-0.775,0.102,1.494,-2.095,0.599,-0.093,0.87,-0.093,0,0,0,0,0.143,1,0,0,0,0.143,0,0.143,0,0,0.037,0.861,0.626,-0.772,NA,0.116,0.67,-2.926,-1.868,-0.234,-2.661,-2.617,-0.894,NA,NA,NA,NA,1.353,0.29
"PER","PERU",1974,-7,0,926.57995047717,22.9008807550834,112.677673339844,NA,NA,NA,NA,14.6100535903184,NA,NA,NA,11.0008606335556,14956552,49.7316694382502,NA,45.3597299771574,1.64923657903746,6.77763476042509,289070129.394531,NA,NA,NA,NA,NA,NA,NA,57.769,56.243,59.374,NA,NA,NA,NA,3.93296089385475,"Americas","South America",0.259,-0.775,0.156,1.494,-2.095,0.599,-0.093,0.87,-0.093,0,0,0,0,0.143,1,0,0,0,0.143,0,0.143,0,0,0.036,0.861,0.626,-0.772,NA,0.116,0.67,-2.926,-1.868,-0.234,-2.661,-2.617,-0.894,NA,NA,NA,NA,1.353,0.29
"PER","PERU",1975,-7,0,1104.16133001287,19.165251681115,113.743522644043,NA,NA,NA,NA,14.8378883097983,NA,NA,NA,11.5577315476657,15333957,49.7767373272755,NA,47.0479627772695,1.21962834802737,2.91619652823753,265946777.34375,NA,NA,NA,NA,NA,2.5,NA,58.205,56.741,59.742,NA,NA,NA,NA,5.21628498727735,"Americas","South America",0.259,-0.775,0.156,0.486,-2.095,0.599,-0.093,0.87,-0.093,0,0,0,0.049,0.143,1,0,0.049,0,0.094,0.049,0.094,0,0,0.038,0.83,0.626,-0.772,NA,0.116,0.67,-2.926,-1.868,-0.234,-2.661,-1.438,-0.894,NA,NA,NA,NA,1.353,0.29
"PER","PERU",1976,-7,0,1026.41438542928,-7.0412667488259,115.633476257324,NA,NA,NA,NA,13.9689829039448,NA,NA,NA,11.2290743405043,15716809,49.8194958022331,NA,46.0976416738528,1.47549087952018,3.59322453922143,293317443.847656,NA,NA,NA,NA,NA,NA,NA,58.57,57.143,60.067,NA,NA,NA,NA,5.67691301504251,"Americas","South America",0.259,-0.775,0.156,0.486,-2.095,0.599,-0.093,0.87,-0.093,0,0,0,0.143,0.286,1,0,0,0,0,0,0,0,0,0.04,0.83,0.626,-0.772,NA,0.116,0.67,-2.926,-1.868,-0.234,-2.661,-1.438,-0.894,NA,NA,NA,NA,1.353,0.29
"PER","PERU",1977,-7,0,902.860901025509,-12.0373882281567,115.137031555176,NA,91.5559234619141,76.9762420654297,NA,27.9433755557814,NA,NA,NA,11.6716743004451,16109806,49.8538840256673,NA,88.7243260850411,1.63447304759415,3.83602332845731,335841247.558594,NA,NA,NA,NA,NA,NA,NA,58.895,57.449,60.415,NA,NA,NA,NA,8.21438699309954,"Americas","South America",0.281,-0.775,0.156,0.486,-1.334,0.599,-0.093,0.87,-0.093,0,0,0,0.143,0.286,1,0,0,0,0,0,0,0,0,0.04,0.83,0.626,-0.772,NA,0.116,0.67,-2.926,-1.868,-0.234,-2.661,-1.438,-0.894,NA,NA,NA,NA,1.353,0.29
"PER","PERU",1978,-2,0,756.347306761911,-16.2277039682615,114.98755645752,NA,89.984489440918,75.9203796386719,NA,11.6586472094712,NA,NA,NA,12.4930216048552,16516059,49.8783880585556,NA,43.1940282308749,3.45075495157518,5.68776522006417,416904205.322266,NA,NA,NA,NA,NA,NA,NA,59.261,57.732,60.874,NA,NA,NA,NA,6.19970193740686,"Americas","South America",0.401,-0.298,0.504,0.983,-0.81,0.599,-0.093,0.87,-0.093,0,0,0,0,0.143,0.857,0,0,0,0.143,0,0,0,0,0.059,0.796,0.626,0.371,0.55,0.116,0.67,-2.926,-1.868,-0.234,-2.162,-1.438,-0.894,NA,NA,-0.083,-1.598,1.509,0.276
"PER","PERU",1979,3,0,942.176901705359,24.5693470819676,113.045852661133,NA,89.2343368530273,75.5910873413086,NA,9.77495013627661,NA,NA,NA,13.8068828547123,16933139,49.8996317221514,NA,38.0688409007969,8.86881875190456,12.8561183247722,514982238.769531,NA,NA,NA,NA,NA,NA,NA,59.624,57.962,61.388,NA,NA,NA,NA,3.35243553008596,"Americas","South America",0.542,0.608,0.504,0.983,-0.81,0.599,-0.093,0.87,-0.093,0,0,0.067,0,0.143,0.924,0,0,0,0.143,0.067,0.067,0,0,0.055,0.775,0.626,2.429,NA,0.116,0.67,-2.926,-1.868,-0.234,-2.162,-1.438,-0.894,NA,NA,-0.083,-1.598,1.509,0.275
"PER","PERU",1980,7,1,1044.69165468575,10.880626854133,112.025451660156,NA,85.187370300293,75.5769882202148,83.43804,NA,NA,NA,NA,17.9617137691423,17360949,49.9103937232924,NA,NA,9.91195166574628,15.5496502255791,484486541.748047,NA,NA,NA,NA,NA,NA,NA,59.982,58.224,61.853,NA,NA,NA,NA,4.55906821963394,"Americas","South America",0.701,1.016,1.57,0.983,-0.483,1.042,1.448,1.696,1.169,0,0,0.571,0.571,0.143,0.143,0,0,0,0.143,0.286,0,0,0,0.186,0.603,0.538,2.429,-0.447,0.636,0.67,0.52,-1.503,-0.234,-1.8,-0.956,-0.315,0.076,1.908,-0.083,-0.373,0.896,0.416
"PER","PERU",1981,7,1,1216.27350223135,16.4241617874523,112.574203491211,NA,83.5195465087891,73.3899230957031,88.26209,NA,NA,NA,NA,15.1163298650848,17798805,49.9125980648701,NA,NA,6.82024918127284,8.69564679683205,553435302.734375,81.9199981689453,90.1399993896484,73.8600006103516,NA,NA,NA,NA,60.325,58.494,62.281,NA,NA,NA,NA,3.98481973434535,"Americas","South America",0.713,1.016,1.884,0.983,-0.483,1.042,1.448,1.696,0.864,0,0,0.571,0.571,0.143,0.143,0,0,0,0.143,0.286,0,0,0,0.461,0.333,0.538,2.429,-0.447,0.636,0.67,0.52,1.008,-0.229,0.197,1.769,0.876,0.076,1.908,-0.083,0.301,0.896,0.449
"PER","PERU",1982,7,1,1194.45000618562,-1.79429182710082,115.582359313965,NA,NA,NA,89.06594,NA,NA,NA,NA,14.792993420102,18246503,49.9168881794439,NA,NA,4.13444340824906,7.17280594431373,436776000.976563,NA,NA,NA,NA,NA,NA,NA,60.559,58.636,62.619,NA,NA,NA,NA,5.11265164644714,"Americas","South America",0.705,1.016,1.696,1.651,-0.483,1.042,2.129,1.696,0.864,0,0,0.571,0.571,0.143,0.143,0,0,0,0.143,0.286,0,0,0,0.455,0.333,0.538,2.429,-0.447,0.636,0.67,0.52,1.008,-0.229,0.197,1.769,0.876,0.076,1.908,-0.083,0.301,0.896,0.449
"PER","PERU",1983,7,1,927.258656933852,-22.3694041498666,113.750778198242,NA,NA,NA,NA,NA,NA,NA,NA,11.8977309203536,18705957,49.9239814313687,NA,NA,6.2465288224448,9.8582255719547,656672851.5625,NA,NA,NA,NA,NA,NA,NA,60.764,58.644,63.044,NA,NA,NA,NA,4.84595635430039,"Americas","South America",0.705,1.016,1.696,1.651,-0.483,1.042,2.503,1.696,0.864,0,0,0.571,0.571,0.143,0.143,0,0,0,0.143,0.286,0,0,0,0.458,0.312,0.538,2.429,-0.447,0.636,0.67,0.52,1.008,-0.229,0.197,2.329,0.876,0.076,1.908,-0.083,0.301,0.896,0.449
"PER","PERU",1984,7,1,917.896274683145,-1.00968399493464,113.626602172852,NA,NA,NA,NA,NA,NA,NA,NA,13.0404097287834,19174716,49.9355401143881,NA,NA,6.57960174250341,10.0600182342779,730702758.789063,NA,NA,NA,NA,NA,NA,NA,61.066,58.727,63.586,NA,NA,NA,NA,3.35755813953488,"Americas","South America",0.705,1.016,1.696,1.651,-0.483,1.042,2.503,1.696,0.864,0,0,0.571,0.571,0.143,0.143,0,0,0,0.143,0.286,0,0,0,0.458,0.312,0.538,2.429,-0.447,0.636,0.67,0.52,1.008,-0.229,0.197,2.329,0.876,0.076,1.908,-0.083,0.301,0.896,0.449
"PER","PERU",1985,7,1,767.43588754407,-16.3918725120672,119.065116882324,NA,NA,NA,94.67306,NA,NA,NA,NA,14.9629940376237,19648204,49.9466236228704,NA,NA,6.71602531992587,10.4941683519067,808998596.191406,NA,NA,NA,NA,NA,1.68449997901917,NA,61.71,59.544,64.033,NA,NA,NA,NA,3.87014909590779,"Americas","South America",0.669,0.927,1.449,1.651,-0.483,1.042,2.503,1.696,0.864,0,0,0.429,0.429,0.286,0.143,0,0,0,0.143,0.286,0,0,0,0.436,0.398,0.538,2.429,-0.58,0.372,-0.172,0.52,1.008,-0.229,0.197,0.694,0.876,0.076,1.908,-0.083,0.301,0.085,0.541
"PER","PERU",1986,7,1,1086.60913755382,41.5895653552456,113.769187927246,NA,NA,NA,NA,NA,NA,NA,NA,13.3821098484947,20117122,49.9542354992049,NA,NA,2.94682987318263,4.49667856277587,613024108.886719,NA,NA,NA,NA,NA,NA,NA,62.154,59.992,64.473,NA,NA,NA,NA,3.34929554073131,"Americas","South America",0.669,0.927,1.449,1.651,-0.483,1.042,2.503,1.696,0.864,0,0,0.429,0.286,0.286,0.143,0,0,0,0.143,0.429,0,0,0,0.427,0.43,-0.181,2.429,-0.58,0.023,-0.172,0.52,1.008,-0.565,0.197,0.694,0.37,0.076,1.908,-0.083,0.301,0.085,0.59
"PER","PERU",1987,7,1,1792.30070238361,64.9443797627587,114.16471862793,NA,NA,NA,NA,NA,NA,NA,NA,9.97441585342314,20582320,49.9614353465224,NA,NA,3.1906968263384,5.56399950525826,587164978.027344,NA,NA,NA,NA,NA,NA,NA,62.544,60.351,64.9,NA,NA,NA,NA,3.41149604544948,"Americas","South America",0.669,0.927,1.449,1.651,-0.483,1.042,2.503,1.696,0.864,0,0,0.429,0.286,0.286,0.143,0,0,0,0.143,0.429,0,0,0,0.428,0.43,-0.181,2.429,-0.58,0.023,-0.172,0.52,1.008,-0.565,0.197,0.694,0.37,0.076,1.908,-0.083,0.301,0.085,0.59
"PER","PERU",1988,7,1,733.299784874657,-59.0861185347174,114.626800537109,NA,NA,NA,90.5601,NA,NA,NA,NA,9.6635826761263,21054702,49.9687457001887,NA,NA,2.76589592812373,15.4696081483654,530344482.421875,NA,NA,NA,NA,NA,NA,NA,62.995,60.779,65.373,NA,NA,NA,NA,2.18520096250158,"Americas","South America",0.669,0.927,1.449,1.651,-0.483,1.042,2.503,1.696,0.864,0,0,0.429,0.286,0.286,0.143,0,0,0,0.143,0.429,0,0,0,0.428,0.43,-0.181,2.429,-0.58,0.023,-0.172,0.52,1.008,-0.565,0.197,0.694,0.37,0.076,1.908,-0.083,0.301,0.085,0.59
"PER","PERU",1989,7,1,1044.90725784847,42.4938721381292,115.0830078125,NA,NA,NA,NA,NA,NA,NA,NA,7.92165902441559,21532589,49.9772345061355,NA,NA,2.65765930840085,14.8132168144043,580356506.347656,NA,NA,NA,NA,NA,NA,NA,63.405,61.098,65.885,NA,NA,NA,NA,2.19047619047619,"Americas","South America",0.669,0.927,1.449,1.651,-0.483,1.042,2.503,1.696,0.864,0,0,0.429,0.286,0.286,0.143,0,0,0,0.143,0.429,0,0,0,0.428,0.43,-0.181,2.429,-0.58,0.023,-0.172,0.52,1.008,-0.565,0.197,0.694,0.37,0.076,1.908,-0.083,0.301,0.085,0.59
"PER","PERU",1990,8,0,1199.66666756615,14.8108273299144,115.288711547852,NA,NA,NA,NA,NA,NA,NA,0,10.7238952091512,22014771,49.9856550865028,60.2237892150879,NA,3.13283320915742,9.33591696551231,660804931.640625,NA,NA,NA,NA,NA,1.4132000208,NA,63.979,61.757,66.359,NA,NA,NA,NA,2.68237879230488,"Americas","South America",0.673,0.954,1.449,1.484,-0.577,1.042,2.503,1.696,0.864,0,0,0.286,0.429,0.143,0.286,0,0.143,0,0,0.286,0,0,0,0.396,0.541,-0.181,2.429,-0.519,-1.213,-0.945,1.1,-1.868,-0.752,-0.206,0.694,0.37,0.076,1.627,0.907,1.473,-0.433,0.649
"PER","PERU",1991,8,0,1527.38879472866,27.3177655112635,113.666343688965,NA,NA,NA,NA,7.86239612014368,NA,NA,NA,11.0279442716709,22483775,49.9921743568418,61.6170959472656,58.3818129953409,1.17448848618291,3.44013922413401,857221618.652344,NA,NA,NA,54.4878234863281,NA,NA,NA,64.248,62.096,66.546,NA,NA,79.9259066581726,45.7810640335083,2.01981593068921,"Americas","South America",0.673,0.954,1.449,0.04,-0.577,1.042,2.503,1.696,0.864,0,0,0.286,0.429,0.143,0.286,0,0.143,0,0,0.286,0,0,0,0.395,0.512,-0.181,2.066,-0.519,-1.213,-0.945,0.721,-1.868,-0.752,-0.484,2.348,0.37,0.076,1.627,0.907,1.829,-0.433,0.647
"PER","PERU",1992,-4,0,1567.40910765128,2.62017850731513,111.031051635742,NA,NA,NA,NA,7.81805040708602,NA,NA,NA,11.9830523810582,22946340,49.998065050897,70.1,56.8458700958807,1.2179342533227,2.84163070262317,579164306.640625,NA,NA,NA,NA,NA,1.5,NA,65.031,62.901,67.295,NA,NA,NA,NA,2.50703504732668,"Americas","South America",0.48,0.201,0.367,0.04,-0.506,1.042,2.152,1.696,0.864,0,0.105,0.075,0.639,0.143,0.496,0,0.143,0,0,0.286,0.105,0.105,0,0.114,0.757,-0.181,0.459,0.004,-1.213,-0.945,-1.709,-2.488,-1.116,-1.103,0.705,-0.455,0.076,1.627,-0.092,0.133,-0.433,0.641
"PER","PERU",1993,-1,0,1487.67404314175,-5.08706145194032,111.87198638916,NA,86.7100296020508,82.5499725341797,90.02087,8.29164049726758,NA,NA,NA,12.1654220628628,23413783,50.0023725341608,64.3996353149414,54.8207029461811,1.30479276893617,2.26467553978964,834793579.101563,87.1500015258789,92.8499984741211,81.6600036621094,NA,NA,1.2999999523,NA,65.732,63.747,67.826,NA,NA,NA,NA,2.74610246918215,"Americas","South America",0.48,0.201,0.367,-0.644,-0.506,1.042,0.723,1.696,0.864,0,0.143,0.143,0.714,0.143,0.429,0,0.143,0,0,0.286,0.143,0.143,0,0.095,0.868,-0.039,1.041,0.004,-1.213,-1.286,-1.709,-2.488,-1.636,-2.2,-0.906,-1.654,-1.169,1.627,-1.11,-0.536,-0.885,0.622
"PER","PERU",1994,-1,0,1879.36657757919,26.3291906075233,113.52668762207,NA,NA,NA,NA,8.41558546952191,NA,NA,0.0085,12.9721441686363,23881493,50.0002993950169,65.7832565307617,52.6907353493137,0.994850062611212,3.01892940642677,523319824.21875,NA,NA,NA,NA,NA,1.3571000099,NA,66.544,64.766,68.399,NA,NA,NA,NA,2.47419793989292,"Americas","South America",0.58,0.876,0.367,-0.644,-0.506,1.042,0.33,1.696,0.864,0,0.143,0.143,0.714,0.143,0.429,0,0.143,0,0,0.286,0.143,0.143,0,0.093,0.868,-0.039,1.041,0.004,-1.213,-1.286,-1.709,-2.488,-1.636,-2.2,-0.906,-1.654,-1.169,1.627,-1.11,-0.536,-0.885,0.622
"PER","PERU",1995,-1,0,2189.53431515311,16.5038445013451,114.883460998535,NA,85.3636627197266,84.4489364624023,84.90604,8.03821624273467,NA,NA,0.0334,13.6847575729859,24348919,49.9919031313053,67.1576995849609,52.9156931059428,0.921671598814834,3.19428115750427,528462463.378906,NA,NA,NA,NA,NA,NA,NA,67.22,65.573,68.927,NA,NA,NA,NA,2.63532409935627,"Americas","South America",0.58,0.876,0.367,-0.644,-0.506,1.042,0.33,1.696,0.864,0,0.143,0.143,0.714,0.143,0.429,0,0.143,0,0,0.286,0.143,0.143,0,0.106,0.874,-0.039,1.041,-0.88,-1.213,-1.286,-1.709,-2.488,-1.636,-2.2,-0.906,-1.654,-1.169,1.627,-1.11,-0.536,-0.885,0.685
"PER","PERU",1996,-1,0,2226.91682429265,1.7073269361812,114.472618103027,NA,NA,NA,84.5073,8.50404849342949,NA,NA,0.246,14.1998141675147,24811171,49.9819133889327,67,53.0809846171998,1.11407545596255,2.80473952192198,457663757.324219,NA,NA,NA,42.8469009399414,NA,1.4700000286,NA,67.85,66.306,69.445,NA,NA,57.3866963386536,51.0472238063812,2.50202659772583,"Americas","South America",0.58,0.876,0.367,-0.644,-0.506,1.042,0.33,1.696,0.864,0,0.143,0.143,0.714,0.143,0.429,0,0.143,0,0,0.286,0.143,0.143,0,0.128,0.876,-0.039,1.041,-0.88,-1.213,-1.286,-1.709,-2.488,-1.636,-2.2,-0.725,-1.654,-1.169,1.627,-1.11,-0.536,-0.885,0.709
"PER","PERU",1997,-1,0,2300.67200774461,3.3119864490398,113.494117736816,NA,NA,NA,84.03117,8.04815854878797,NA,NA,0.403,14.3987605306478,25274147,49.9727349859627,69.16024,53.0234659952874,0.909550276779091,2.59268217140284,626887756.347656,NA,NA,NA,NA,NA,NA,NA,68.324,66.788,69.913,NA,0.648188054561615,NA,NA,1.99676996833552,"Americas","South America",0.58,0.876,0.367,-1.191,-0.506,1.042,0.33,1.696,0.864,0,0.143,0.143,0.714,0.143,0.429,0,0.143,0,0,0.286,0.143,0.143,0,0.126,0.876,-0.039,1.041,-0.88,-1.213,-1.286,-1.709,-2.488,-1.636,-2.2,-0.725,-1.654,-1.169,1.627,-1.11,-0.536,-0.885,0.709
"PER","PERU",1998,-1,0,2156.39377651613,-6.27113429218963,116.306907653809,NA,95.3332366943359,91.8121337890625,94.87532,8.37833515800869,NA,NA,1.19,14.2348049647571,25738095,49.965675392837,72.072063,53.5205983294995,0.50318964076563,1.33224077596512,745874450.683594,NA,NA,NA,NA,NA,NA,NA,68.724,67.136,70.372,NA,0.651672422885895,NA,NA,2.01666134194933,"Americas","South America",0.58,0.876,0.367,-1.191,-0.506,1.042,0.33,1.696,0.864,0,0.143,0.143,0.714,0.143,0.429,0,0.143,0,0,0.286,0.143,0.143,0,0.121,0.879,-0.039,1.041,-0.88,-1.213,-1.286,-1.709,-2.488,-1.355,-2.2,-1.111,-1.654,-1.169,1.627,-1.11,-0.536,-0.885,0.709
"PER","PERU",1999,-1,0,1916.53397367908,-11.1231912023307,116.96556854248,NA,99.8765106201172,96.9967727661133,96.09633,8.26450173379097,NA,NA,1.95,12.9941892981826,26186504,49.9587535625221,74.078523,54.0030260392443,0.885131390279513,2.05435185498836,598417236.328125,NA,NA,NA,NA,NA,NA,NA,69.302,67.668,71,NA,0.656248092651367,NA,NA,1.93063071870992,"Americas","South America",0.58,0.876,0.367,-1.191,-0.506,1.042,0.33,1.696,0.864,0,0.143,0.143,0.714,0.143,0.429,0,0.143,0,0,0.286,0.143,0.143,0,0.121,0.879,-0.039,1.041,-0.88,-1.213,-1.286,-1.709,-2.488,-1.355,-2.2,-1.111,-1.654,-1.169,1.627,-1.11,-0.536,-0.885,0.709
"PER","PERU",2000,4,0,1945.41338451698,1.50685619115123,116.377288818359,NA,98.6160507202148,95.328483581543,96.78535,8.06937491693616,47.41309,NA,3.07643,12.6086474992247,26598331,49.949400960534,72.496495,54.0274885925663,1.47089124400805,3.00673261080851,524243164.0625,NA,NA,NA,33.3107719421387,4.41482639,NA,367,69.821,68.148,71.558,NA,0.654438555240631,61.7134690284729,70.72713971138,1.78896684869544,"Americas","South America",0.659,1.127,0.744,0.979,-0.282,1.042,-0.678,2.101,0.864,0,0.128,0.158,0.684,0.158,0.429,0,0.128,0,0,0.301,0.128,0.128,0,0.189,0.782,0.757,1.041,-0.921,-0.937,-0.987,-0.767,-2.488,-1.153,-1.648,-0.617,-1.124,-1.169,1.627,1.276,-0.536,-0.923,0.679
"PER","PERU",2001,9,1,1929.57273038846,-0.814256458529142,116.051170349121,NA,94.2286605834961,91.1389999389648,97.54243,7.89362669632438,NA,NA,7.57876,12.8971056336871,26964601,49.938068803614,72.113111,54.5157702696039,1.05261095605344,1.87027989928496,659923950.195313,NA,NA,NA,NA,4.72161007,NA,327,70.315,68.59,72.113,NA,0.686079382896423,NA,NA,1.75202012964839,"Americas","South America",0.867,1.865,2.18,1.829,0.736,1.127,-0.678,2.101,0.864,0,0,0.347,0.429,0.286,0.306,0,0,0,0,0.429,0,0,0,0.568,0.266,1.267,2.738,-0.579,1.235,1.399,0.369,-0.092,-0.65,1.215,2.092,1.567,-0.892,1.627,1.309,1.531,-0.923,0.624
"PER","PERU",2002,9,1,2007.37019626753,4.03184936508757,115.819259643555,NA,93.8156585693359,91.4226684570312,97.50977,7.52396323647705,45.56432,NA,8.96695,12.4871426273152,27288217,49.9263986357189,74.382688,54.4908688003072,1.02180114719449,2.00486620297994,714090942.382813,NA,NA,NA,NA,4.93902588,NA,295,70.815,68.977,72.748,NA,0.69260585308075,NA,NA,1.54184022087652,"Americas","South America",0.867,1.865,2.18,2.048,0.736,1.127,-0.678,2.101,0.864,0,0,0.429,0.429,0.286,0.143,0,0,0,0,0.429,0,0,0,0.649,0.274,1.267,2.738,-0.579,0.296,0.499,1.431,0.115,-0.65,1.215,2.092,1.567,-0.892,1.627,1.309,1.531,-0.923,0.613
"PER","PERU",2003,9,1,2129.44114197634,6.08113769626483,114.657218933105,NA,98.6915435791016,96.8983306884766,98.03598,7.31291934402482,NA,NA,11.6,13.411521163568,27580490,49.9156070106079,74.380966,53.9598800021533,1.07774091532319,3.0037165322875,698684387.207031,NA,NA,NA,20.1339664459229,4.58703804,NA,245,71.278,69.348,73.331,NA,NA,80.1499962806702,90.0147616863251,1.5094994978724,"Americas","South America",0.867,1.865,2.18,2.048,0.736,1.127,-0.678,2.101,0.864,0,0,0.429,0.429,0.286,0.143,0,0,0,0,0.429,0,0,0,0.654,0.266,1.267,2.738,-0.579,0.296,0.499,1.431,0.115,-0.65,1.215,2.092,1.567,-0.892,1.627,1.569,1.531,-0.923,0.613
"PER","PERU",2004,9,1,2397.25147277714,12.576554736434,114.192283630371,NA,99.5654525756836,97.2458572387695,96.721,6.93443306205717,43.71555,NA,14.1,13.6633689429004,27852190,49.907059373069,75.692357,51.3878956720118,1.06753835340617,6.234603660457,616354248.046875,87.6699981689453,93.4599990844727,82.0599975585938,NA,4.42972279,NA,240,71.447,69.383,73.674,4.5826523188,NA,NA,NA,1.38222353551043,"Americas","South America",0.867,1.865,2.18,2.048,0.736,1.127,-0.678,2.101,0.864,0,0,0.429,0.429,0.286,0.143,0,0,0,0,0.429,0,0,0,0.653,0.266,1.267,2.738,-0.579,0.296,0.499,1.431,0.115,-0.65,1.215,2.092,1.567,-0.892,1.627,1.569,1.531,-0.923,0.613
"PER","PERU",2005,9,1,2706.66947297608,12.907198252359,114.135032653809,NA,100.162368774414,97.9454116821289,96.58075,6.85426462318893,NA,NA,17.1,14.1047421923916,28101180,49.8990202582589,77.173645,49.8362904737407,1.34041583277284,7.82322862890974,599400268.554688,87.9100036621094,93.7200012207031,82.4499969482422,NA,4.66598511,NA,228,71.988,69.896,74.24,4.34123578045,0.709474802017212,NA,NA,1.58127268565483,"Americas","South America",0.867,1.865,2.18,2.048,0.736,1.127,-0.678,1.943,0.864,0.111,0,0.444,0.445,0.222,0.111,0,0,0,0,0.333,0,0,0,0.66,0.255,1.267,2.738,-0.579,0.296,0.499,1.431,0.924,-0.65,1.215,1.789,1.567,-0.892,1.627,1.569,1.531,-0.923,0.613
"PER","PERU",2006,9,1,3129.55996496982,15.6240167562372,114.313377380371,NA,102.171028137207,99.6501617431641,96.4861,6.60348433016044,41.86678,NA,20.7,15.6699876012416,28324491,49.8896979296115,80.157275,47.4170688770149,1.43686129313732,13.4308080436867,593873413.085938,88.6999969482422,94.2300033569336,83.4499969482422,NA,4.409585,NA,218,72.337,70.225,74.611,3.69094394776,0.715701758861542,NA,NA,1.45621492625964,"Americas","South America",0.848,1.865,1.831,1.499,0.736,1.127,-0.798,1.943,1.501,0.222,0,0.444,0.556,0.222,0.333,0,0.111,0,0,0.333,0,0,0,0.653,0.277,1.267,2.738,-0.511,0.065,0.499,1.355,0.807,-0.734,1.098,1.847,1.403,-0.892,1.627,1.536,1.403,-0.99,0.605
"PER","PERU",2007,9,1,3581.0893081917,14.4278859736191,114.932861328125,NA,105.43717956543,102.749618530273,96.36325,6.70580838491928,NA,NA,25.2,16.4074683493226,28530699,49.8792528665089,81.988131,47.305070802301,1.30152657637918,14.213314090691,390833953.857422,89.5899963378906,94.8600006103516,84.6500015258789,NA,4.42611313,NA,194,72.746,70.697,74.94,3.5203914689,0.721047699451447,NA,NA,1.30393825370825,"Americas","South America",0.843,1.865,1.667,1.41,0.695,1.127,-0.798,1.943,1.501,0.222,0,0.444,0.556,0.222,0.333,0,0.111,0,0,0.333,0,0,0,0.65,0.291,1.267,2.738,-0.511,0.065,0.499,1.204,0.807,-0.734,1.098,1.622,1.403,-0.892,1.627,1.398,1.034,-0.99,0.6
"PER","PERU",2008,9,1,4197.58444634142,17.2152963831283,112.584442138672,NA,105.308006286621,102.651626586914,96.38973,7.16094114578461,40.018,NA,30.57,16.5121709207613,28719041,49.8962186830605,84.678343,48.3634281113294,1.51772504698259,12.0258973772881,517218566.894531,NA,NA,NA,NA,4.53098345,NA,182,72.743,70.597,75.07,3.50651003365,NA,NA,NA,1.24669488192926,"Americas","South America",0.843,1.865,1.667,1.41,0.695,1.127,-0.798,1.943,1.501,0.222,0,0.444,0.556,0.222,0.333,0,0.111,0,0,0.333,0,0,0,0.652,0.291,1.267,2.738,-0.511,0.065,0.499,1.204,0.807,-0.734,1.098,1.622,1.403,-0.892,1.627,1.398,1.034,-0.99,0.6
"PER","PERU",2009,9,1,4181.18755462253,-0.390626845713155,112.00821685791,NA,103.269096374512,100.707489013672,95.95255,7.40390665571257,NA,NA,31.4,14.4565268077693,28896811,49.9405245789925,86.42432,50.7365164325183,0.697970782680752,8.9210124490135,509300903.320313,NA,NA,NA,20.2608985900879,4.95976877,NA,171,72.631,70.471,74.962,3.49713415062,0.732597947120667,86.6207957267761,92.6469683647156,1.52962572422539,"Americas","South America",0.841,1.865,1.625,1.41,0.695,1.127,-0.798,1.943,1.501,0.222,0,0.444,0.556,0.222,0.333,0,0.111,0,0,0.333,0,0,0,0.647,0.291,1.267,2.738,-0.511,0.065,0.499,1.204,0.807,-0.734,1.098,1.622,1.403,-0.892,1.627,1.398,1.034,-0.99,0.6
"PER","PERU",2010,9,1,5072.11494019615,21.307998599313,112.186592102051,NA,105.560150146484,103.394149780273,96.60304,6.82799723597835,38.16923,NA,34.77,15.4665717565933,29086019,49.9817609972076,88.123061,48.9435774885792,0.792083877152532,11.2141792512141,-22218835.8306885,NA,NA,NA,17.1112384796143,4.70582962,NA,159,72.886,70.704,75.234,3.09438575946,0.737993001937866,87.6642823219299,92.3982322216034,1.47697203873093,"Americas","South America",0.841,1.865,1.625,1.41,0.695,1.156,-0.798,2.588,1.501,0.222,0,0.444,0.556,0.222,0.333,0,0.111,0,0,0.333,0,0,0,0.654,0.294,1.087,2.929,-0.511,0.001,0.499,1.204,0.807,-0.815,1.098,1.622,1.403,-0.892,1.627,1.398,1.034,-0.99,0.62
"PER","PERU",2011,9,1,5861.35793645245,15.5604320004976,109.572143554688,NA,103.231620788574,100.827423095703,96.50894,7.10011013658205,NA,NA,36.01,15.9688951461688,29304086,50.0173439982856,89.707491,47.7582660570047,1.03123460325427,12.7665949125059,599033081.054688,NA,NA,NA,16.1376399993896,4.52216864,1.55,155,73.327,71.221,75.572,2.96029005013,0.742919385433197,88.9218330383301,93.9389050006866,1.37118305528699,"Americas","South America",0.854,1.865,1.87,2.294,0.695,1.156,-1.03,2.588,1.501,0.222,0,0.444,0.556,0.222,0.333,0,0.111,0,0,0.333,0,0,0,0.666,0.267,1.138,2.929,-0.526,0.461,0.965,1.378,0.807,-0.815,1.098,1.622,1.403,-0.892,1.627,1.398,1.144,-1.004,0.617
"PER","PERU",2012,9,1,6519.37852981527,11.2264188690903,103.61678314209,NA,98.1003799438477,95.2017822265625,91.85927,6.72523424077649,46.08282,NA,38.2,16.5466871023417,29550366,50.048117847339,91.099508,49.129259974298,0.846764293465381,9.99927931288698,436330963.134766,93.8399963378906,96.9499969482422,90.6699981689453,16.899377822876,4.72939587,1.55,143,73.979,71.822,76.278,2.70814077718,0.748060643672943,89.2741918563843,94.3386614322662,1.48351279277452,"Americas","South America",0.854,1.865,1.87,2.294,0.695,1.156,-1.03,2.588,1.501,0.111,0,0.444,0.444,0.222,0.333,0,0,0,0,0.444,0,0,0,0.694,0.249,1.35,2.929,-0.526,0.461,1.105,1.378,0.948,-0.815,1.176,1.495,1.562,-1.134,1.627,1.627,1.469,-1.004,0.606
"PER","PERU",2013,9,1,6746.80025696601,3.48839580507047,105.152191162109,NA,100.561340332031,98.6436080932617,93.73238,6.66831016491401,NA,NA,39.2,16.4330066929626,29817919,50.0761102744964,92.135365,50.5158622110693,0.697556616786882,7.65420483078558,409201202.392578,NA,NA,NA,16.5198211669922,4.71272659,1.55,139,74.591,72.401,76.922,3.17989842566,0.754333734512329,94.8212444782257,96.8593239784241,1.64306905104789,"Americas","South America",0.885,2.177,2.224,1.62,0.669,1.156,-1.21,2.096,0.905,0.111,0,0.444,0.444,0.222,0.333,0,0,0,0,0.444,0,0,0,0.684,0.262,1.35,2.929,-0.526,0.166,0.962,1.217,0.948,-0.815,1.176,1.495,1.562,-1.185,1.627,1.591,1.377,-1.004,0.606
"PER","PERU",2014,9,1,6667.13410360861,-1.18079905026306,102.949859619141,NA,100.886863708496,99.7632217407227,92.54948,6.80424741378252,47.05334,NA,40.2447,16.7209266789582,30115826,50.0992136161233,92.919989,52.3928980547013,0.701848750280175,5.66292821656372,368941253.662109,93.7099990844727,96.9499969482422,90.4499969482422,16.6121940612793,4.90967321,1.6,136,75.26,73.07,77.576,2.60602718468,0.759301781654358,95.8820819854736,95.7501888275146,1.60248762240244,"Americas","South America",0.885,2.177,2.224,1.62,0.669,1.156,-1.286,2.096,0.905,0.111,0,0.444,0.444,0.222,0.333,0,0,0,0,0.444,0,0,0,0.686,0.27,1.1,2.929,-0.526,0.166,0.962,1.217,0.948,-0.815,1.176,1.495,1.562,-1.185,1.627,1.591,1.377,-1.004,0.632
"PER","PERU",2015,9,1,6231.71150338894,-6.53088108703251,102.787979125977,NA,103.350448608398,102.161109924316,92.73258,7.04564405972046,NA,NA,40.8526,14.9196513179664,30457600,50.1154096186174,93.852179,54.0425799449386,0.235255947792189,3.91148648466656,411523406.982422,94.1600036621094,97.1100006103516,91.25,14.2386360168457,4.90453625,1.6,131,75.732,73.556,78.028,NA,0.764506995677948,96.3655650615692,96.2806105613709,1.74508054943009,"Americas","South America",0.809,1.507,1.8,1.62,0.669,1.156,-1.286,2.096,1.645,0.111,0,0.444,0.444,0.222,0.333,0,0,0,0,0.444,0,0,0,0.688,0.265,1.279,2.929,-0.526,0.166,0.996,1.217,0.948,-0.718,1.176,1.495,1.562,-1.185,1.627,1.591,1.377,-1.1,0.616
"PER","PERU",2016,9,1,6217.03599995447,-0.235497157185305,104.087951660156,NA,104.028022766113,102.753196716309,95.29,6.93503461650105,45.86166,NA,45.4617,13.787547643237,30866494,50.1221097543505,94.8517456054688,54.3063730182748,0.125482139363681,4.40523816648386,403641143.798828,94.1699981689453,97.1900024414062,91.1900024414062,12.690598487854,4.89353323,1.64,129,75.951,73.803,78.209,NA,0.770253896713257,96.9478130340576,97.1146285533905,1.32190839942957,"Americas","South America",0.809,1.507,1.8,1.783,0.669,1.156,-1.006,2.096,1.645,0.111,0.111,0.444,0.444,0.222,0.444,0,0,0,0,0.444,0,0,0,0.665,0.266,1.279,2.006,-0.255,0.148,0.964,1.217,0.948,-0.718,1.176,1.495,1.562,-1.185,1.627,1.995,1.695,-1.134,0.599
"PER","PERU",2017,9,1,6736.16693725487,8.3501356161393,102.807487487793,NA,95.2743530273438,94.0692596435547,94.91894,6.77975956010925,NA,NA,50.4504,13.1743416508113,31324637,50.1290038932934,NA,53.9283331564894,0.183583190148902,5.8962563954339,146283874.511719,94.1500015258789,97.0400009155273,91.2699966430664,NA,4.80915499,1.63,128,75.958,73.773,78.264,NA,0.775614261627197,NA,NA,1.2652396703256,"Americas","South America",0.809,1.507,1.8,1.626,0.669,1.156,-0.768,2.096,0.885,0.222,0.111,0.333,0.556,0.333,0.333,0,0,0,0,0.333,0,0,0,0.677,0.248,1.036,2.415,-0.255,0.403,0.964,1.101,0.948,-0.718,1.176,1.495,1.385,-1.263,1.627,2.255,2.12,-1.134,0.62
"PER","PERU",2018,9,1,6978.49121548627,3.597361533474,104.412582397461,NA,93.1067810058594,92.5817565917969,95.65167,6.88584285144097,44.21753,NA,55.0543,14.2863713046141,31897584,50.1411705663978,NA,53.5381936281076,0.309747444730138,5.95602611154103,496762969.970703,94.4100036621094,97.120002746582,91.6999969482422,NA,5.0835557,1.61,132,76.018,73.89,78.259,NA,0.7808598279953,NA,NA,1.18979117011669,"Americas","South America",0.884,2.171,2.018,2.364,0.87,1.907,-0.768,2.096,0.583,0.111,0.111,0.333,0.444,0.222,0.444,0,0,0.111,0,0.444,0,0,0,0.699,0.234,1.036,2.415,-0.255,0.731,0.964,1.229,0.948,-0.718,1.176,1.495,1.385,-1.268,1.627,2.503,2.307,-1.112,0.618
"PER","PERU",2019,NA,1,7037.00803692604,0.83853113277427,108.469970703125,NA,95.1880264282227,94.7819595336914,NA,6.85303103477238,NA,NA,59.9505,14.5254040636024,32449303,50.1534670820675,NA,54.3915620275491,0.262076250939903,2.49912146958912,527332641.601563,NA,NA,NA,NA,5.12525272,1.6,131,76.275,74.106,78.576,NA,0.785415709018707,NA,NA,1.20589146228792,"Americas","South America",0.884,2.171,2.018,1.472,0.87,1.907,-0.768,2.096,0.583,0.125,0.125,0.375,0.375,0.375,0.375,0,0,0.125,0.125,0.5,0.125,0.125,0,0.696,0.247,1.158,1.913,-0.255,0.731,0.796,1.089,0.948,-0.718,1.176,1.99,1.385,-1.343,1.627,2.681,1.815,-1.31,0.619
"PER","PERU",2020,NA,1,6133.32552410183,-12.8418570517786,113.065826416016,NA,NA,NA,NA,7.7158463734968,43.73131,NA,65.2518,13.2210909612666,32838579,50.1909811627355,NA,54.1910600001421,0.104811146749273,3.97961448773443,551919738.769531,94.5,96.9899978637695,92.0199966430664,NA,6.34739399,1.67,128,73.832,70.397,77.976,NA,0.790735960006714,NA,NA,1.31677830419866,"Americas","South America",0.875,2.171,1.76,2.236,0.87,1.385,-0.768,2.096,1.297,0.125,0.125,0.375,0.625,0.375,0.375,0,0,0.125,0.125,0.375,0,0,0,0.709,0.214,0.689,2.151,0.979,0.782,0.797,1.129,0.948,-0.777,1.176,1.99,1.538,-1.343,1.627,2.681,2.428,-0.816,0.476
"SUR","SURINAME",1975,5,1,1190.01968453614,NA,123.858177185059,NA,NA,NA,NA,6.2406015037594,NA,NA,NA,NA,391170,49.1134289439374,NA,40.5048335123523,NA,16.5693044361395,221216583.251953,NA,NA,NA,NA,NA,NA,NA,60.035,57.48,63.069,NA,NA,NA,NA,NA,"Americas","South America",0.849,1.872,1.13,0.883,1.742,1.268,-1.776,2.076,0.539,0,0.3,0.033,0.333,0.033,0.033,0.033,0,0.333,0.333,0.333,0.333,0.333,0.934,0.341,0.176,1.647,2.096,-0.785,1.039,1.544,1.103,1.437,2.079,1.322,1.541,1.72,2.257,-0.831,0.582,1.414,-0.814,0.596
"SUR","SURINAME",1976,5,1,1301.86536317022,9.39864105505755,111.238922119141,NA,67.4661865234375,72.0545120239258,NA,7.08209693372898,NA,NA,NA,NA,388289,49.1942856995691,NA,43.0069238377844,NA,17.3169540746777,416409484.863281,NA,NA,NA,NA,NA,NA,NA,60.155,57.589,63.199,NA,NA,NA,NA,NA,"Americas","South America",0.862,1.872,1.307,0.883,1.742,1.268,-1.546,2.076,1.384,0,0,0.667,0.667,0.667,0.333,0.333,0,0.333,0.333,0.667,0.333,0.333,0,0.62,0.167,1.647,2.096,-0.785,1.039,1.544,1.103,1.585,2.079,1.322,1.724,1.72,1.035,-0.831,1.531,1.721,-0.814,0.596
"SUR","SURINAME",1977,5,1,1665.94384873282,27.9659092147608,124.767562866211,NA,74.8390274047852,85.9710998535156,94.63652,7.17848791893998,NA,NA,NA,NA,385067,49.2710340564994,NA,42.2291504286828,NA,18.1790813533758,316177795.410156,NA,NA,NA,NA,NA,NA,NA,60.277,57.7,63.333,NA,NA,NA,NA,NA,"Americas","South America",0.862,1.872,1.307,0.883,1.742,1.268,-1.546,2.076,1.384,0,0,0.667,0.667,0.667,0.333,0.333,0,0.333,0.333,0.667,0.333,0.333,0,0.615,0.166,1.647,2.096,-0.79,1.039,1.544,1.103,1.585,2.079,1.322,1.724,1.72,1.035,-0.831,1.531,1.721,-0.814,0.595
"SUR","SURINAME",1978,5,1,1927.90601359888,15.7245494837847,126.967811584473,NA,71.4065399169922,78.4688110351562,96.01222,6.23385452073419,NA,NA,NA,NA,381502,49.3470545370667,NA,44.5071380013596,NA,16.2920776303593,192868179.321289,NA,NA,NA,NA,NA,NA,NA,60.401,57.813,63.469,NA,NA,NA,NA,NA,"Americas","South America",0.885,2.134,1.307,0.883,1.742,1.268,-1.546,2.076,1.384,0,0,0.667,0.667,0.667,0.333,0.333,0,0.333,0.333,0.667,0.333,0.333,0,0.627,0.162,1.647,2.096,-0.79,1.039,1.544,1.103,1.585,2.079,1.322,1.724,1.72,1.035,-0.315,1.531,1.721,-0.814,0.591
"SUR","SURINAME",1979,5,1,2072.28775271317,7.48904449158122,131.411437988281,NA,75.9685821533203,83.2768402099609,NA,7.41214057507987,NA,NA,NA,NA,377602,49.4271746442021,NA,44.370607028754,NA,14.2431744831896,245263336.181641,NA,NA,NA,NA,NA,NA,NA,60.527,57.932,63.602,NA,NA,NA,NA,NA,"Americas","South America",0.885,2.134,1.307,0.883,1.742,1.268,-1.137,2.076,1.384,0,0,0.667,0.667,0.667,0.333,0.333,0,0.333,0.333,0.667,0.333,0.333,0,0.627,0.162,1.647,2.096,-0.79,1.039,1.544,1.103,1.585,2.079,1.322,1.724,1.72,1.035,-0.315,1.531,1.721,-0.814,0.591
"SUR","SURINAME",1980,-1,0,2117.87083385503,2.19965017320494,128.853546142578,NA,NA,NA,NA,7.73584905660377,NA,NA,NA,NA,375377,49.4950409854626,NA,48.3647798742138,0,14.3988413188888,202132843.017578,NA,NA,NA,NA,NA,8.92679977416992,NA,60.654,58.05,63.736,NA,NA,NA,NA,NA,"Americas","South America",0.52,0.521,-0.844,-0.411,1.136,1.268,-0.861,0.78,0.262,0,0,0.384,0.384,0.384,0.616,0.333,0,0.333,0.333,0.384,0.333,0.333,0,0.176,0.304,0.682,1.237,-0.79,0.519,0.831,0.307,1.226,1.746,0.58,1.52,1.774,NA,NA,-0.095,0.511,-0.814,0.667
"SUR","SURINAME",1981,-1,0,2367.76851800063,11.7994771045941,121.563697814941,NA,NA,NA,NA,7.8740157480315,NA,NA,NA,NA,375459,49.5440235658849,NA,49.8875140607424,0,12.2470769944789,281995330.810547,NA,NA,NA,NA,NA,NA,NA,60.795,58.168,63.876,NA,NA,NA,NA,NA,"Americas","South America",0.503,0.487,-0.91,-0.468,1.058,1.268,-0.877,0.78,0.169,0,0,0.333,0.333,0.333,0.667,0.333,0,0.333,0.333,0.333,0.333,0.333,0,0.144,0.305,0.682,1.191,NA,0.519,0.831,0.307,0.879,1.746,0.58,1.52,1.774,NA,NA,-0.28,0.511,-0.814,0.667
"SUR","SURINAME",1982,-6,0,2429.92391549707,2.62506224843823,126.209869384766,NA,NA,NA,NA,7.86885245901639,NA,NA,NA,NA,376555,49.5869129343655,NA,54.4262295081967,0.280038834678944,11.0450255529325,300377441.40625,NA,NA,NA,NA,NA,NA,NA,60.934,58.283,64.017,NA,NA,NA,NA,NA,"Americas","South America",0.502,0.487,-0.934,-0.468,1.058,1.268,-0.888,0.78,0.169,0,0,0.333,0.333,0.333,0.667,0.333,0,0.333,0.333,0.333,0.333,0.333,0,0.143,0.305,0.682,1.191,NA,0.519,0.831,0.307,0.879,1.746,0.58,1.52,1.774,NA,NA,-0.28,0.511,-0.814,0.667
"SUR","SURINAME",1983,-6,0,2332.69790308016,-4.00119574925133,127.801887512207,NA,NA,NA,NA,7.18732314657612,NA,NA,NA,NA,378746,49.6256066070665,NA,56.9326542161856,0.387361223441769,9.59453938438348,14042173.3856201,NA,NA,NA,NA,NA,NA,NA,61.072,58.399,64.153,NA,NA,NA,NA,NA,"Americas","South America",0.489,0.487,-1.253,-0.468,1.058,1.268,-1.047,0.78,0.169,0,0,0.333,0.333,0.333,0.667,0.333,0,0.333,0.333,0.333,0.333,0.333,0,0.142,0.305,0.682,1.191,NA,0.519,0.831,0.307,0.879,1.746,0.58,1.52,1.774,NA,NA,-0.28,0.511,-0.814,0.667
"SUR","SURINAME",1984,-6,0,2260.63794993629,-3.08912495907506,128.650665283203,NA,NA,NA,NA,7.75462962962963,NA,NA,NA,NA,382193,49.6601202530652,NA,56.0763888888889,0.32928120711935,11.1148200276506,17565238.9526367,NA,NA,NA,NA,NA,NA,NA,61.211,58.514,64.295,NA,NA,NA,NA,NA,"Americas","South America",0.489,0.487,-1.253,-0.468,1.058,1.268,-1.047,0.78,0.169,0,0,0.333,0.333,0.333,0.667,0.333,0,0.333,0.333,0.333,0.333,0.333,0,0.142,0.305,0.682,1.191,NA,0.519,0.831,0.307,0.879,1.746,0.58,1.52,1.774,NA,NA,-0.28,0.511,-0.814,0.667
"SUR","SURINAME",1985,-6,0,2255.97717664327,-0.206170709164265,127.817832946777,NA,78.2910919189453,90.6554183959961,98.82753,8.1901489117984,NA,NA,NA,NA,386972,49.6914505442254,NA,59.5647193585338,0.688035762997561,12.0743392070621,28892686.8438721,NA,NA,NA,NA,NA,NA,NA,61.358,58.641,64.44,NA,NA,NA,NA,NA,"Americas","South America",0.574,0.965,-1.046,-0.468,1.058,1.268,-1.047,0.78,0.169,0,0,0.333,0.333,0.333,0.667,0.333,0,0.333,0.333,0.333,0.333,0.333,0,0.188,0.321,0.682,1.191,NA,0.519,0.831,0.307,0.879,1.746,0.58,1.52,1.774,1.064,-1.197,-0.28,0.383,-0.814,0.667
"SUR","SURINAME",1986,-6,0,2271.04733260266,0.668010125076408,127.448768615723,NA,NA,NA,NA,9.31537598204265,NA,NA,NA,NA,392330,49.7251045673169,NA,62.9068462401796,0.540075608205263,10.1999614112829,31870405.1971436,NA,NA,NA,NA,NA,NA,NA,61.159,58.169,64.556,NA,NA,NA,NA,NA,"Americas","South America",0.574,0.965,-1.046,-0.174,1.058,1.268,-0.934,0.78,0.169,0,0,0.333,0.333,0.333,0.667,0.333,0,0.333,0.333,0.333,0.333,0.333,0,0.188,0.321,0.682,1.191,NA,0.519,0.831,0.307,0.879,1.746,0.58,1.52,1.774,1.064,-1.197,-0.28,0.383,-0.814,0.667
"SUR","SURINAME",1987,-1,0,2469.06737278634,8.71932686478822,115.248588562012,NA,71.4921569824219,82.4306182861328,98.46917,10.4081632653061,NA,NA,NA,NA,396911,49.7595178768036,NA,66.0204081632653,0.892539517373402,5.66291354582063,38070659.6374512,NA,NA,NA,NA,NA,NA,NA,61.314,58.306,64.711,NA,NA,NA,NA,NA,"Americas","South America",0.587,1.033,-1.099,0.126,1.255,1.268,-0.796,0.78,0.169,0,0,0.333,0.333,0.333,0.667,0.333,0,0.333,0.333,0.333,0.333,0.333,0,0.226,0.274,0.682,1.219,-0.424,0.519,0.831,0.307,0.879,1.746,0.58,1.52,1.774,0.522,-1.197,1.41,1.413,-0.814,0.663
"SUR","SURINAME",1988,-1,1,2886.42980207694,16.9036468543022,114.789489746094,NA,69.532096862793,79.1389999389648,98.63856,10.077519379845,NA,NA,NA,NA,402227,49.7920328570683,NA,63.8673557278208,0.875946431225653,6.26983668102382,43563201.9042969,NA,NA,NA,NA,NA,NA,NA,61.477,58.452,64.872,NA,NA,NA,NA,NA,"Americas","South America",0.807,1.635,0.941,0.359,1.255,1.827,-1.239,2.434,0.982,0,0,0.333,0.333,0.333,0.667,0.333,0,0.333,0.333,0.333,0.333,0.333,0,0.477,0.243,1.084,1.845,-0.424,0.519,1.089,1.207,0.879,1.746,0.58,1.52,1.774,0.522,-1.197,1.41,1.413,-0.814,0.621
"SUR","SURINAME",1989,-1,1,1328.57013435061,-53.9718536236484,118.90202331543,NA,71.7652282714844,86.2767868041992,NA,8.99373387394029,NA,NA,NA,NA,408409,49.819910922629,NA,65.2414301511242,3.18690065242386,17.9456663503837,109531570.43457,NA,NA,NA,NA,NA,NA,NA,61.982,59.173,65.083,NA,NA,NA,NA,NA,"Americas","South America",0.926,2.305,2.52,0.889,1.315,1.827,-1.664,2.434,1.36,0,0,0.667,0.333,0.667,0.667,0.333,0,0.333,0.333,0.667,0.333,0.333,0,0.577,0.247,1.084,1.845,-0.424,0.551,1.089,1.207,0.879,1.62,0.701,1.525,1.5,0.522,-1.197,1.41,1.413,-0.814,0.621
"SUR","SURINAME",1990,2,0,941.591736102188,-29.1274346941099,107.765579223633,NA,NA,NA,NA,8.08444902162719,NA,NA,0,NA,412493,49.8432700676133,100,50.8496395468589,6.48868176638466,24.9251550632949,110404121.398926,NA,NA,NA,NA,NA,5.6999998093,NA,62.088,59.235,65.225,NA,NA,NA,NA,NA,"Americas","South America",0.926,2.305,2.52,0.889,1.315,1.827,-1.664,2.434,1.36,0,0,0.66,0.333,0.66,0.667,0.333,0,0.333,0.333,0.66,0.333,0.333,0,0.559,0.25,1.084,1.845,-0.424,0.551,1.089,1.207,1.277,1.62,0.913,1.525,1.5,NA,NA,0.036,0.655,-0.814,0.621
"SUR","SURINAME",1991,5,1,1079.72521342705,14.6702091818137,102.335052490234,NA,NA,NA,NA,8.81499665253292,NA,NA,NA,NA,415013,49.8668716401655,100,54.1843338540504,3.27359378253324,19.9460123835592,73622886.6577148,NA,NA,NA,NA,NA,NA,NA,62.151,59.255,65.326,NA,NA,NA,NA,NA,"Americas","South America",0.926,2.305,2.52,0.889,1.315,1.827,-1.664,2.434,1.36,0,0,0.333,0.333,0.333,0.667,0.333,0,0.333,0.333,0.333,0.333,0.333,0,0.375,0.212,1.084,1.742,-0.247,0.551,1.089,1.207,1.277,1.62,0.913,1.525,1.5,0.535,-1.207,1.422,1.432,-0.814,0.599
"SUR","SURINAME",1992,5,1,968.895253466926,-10.2646449839167,121.103691101074,NA,NA,NA,NA,11.1550502553963,NA,NA,NA,NA,417589,49.8903230441342,100,52.6445872466634,4.66907449228185,22.8639354771962,132934722.900391,NA,NA,NA,NA,NA,NA,NA,62.246,59.309,65.452,NA,NA,NA,NA,NA,"Americas","South America",0.926,2.305,2.52,0.889,1.315,1.827,-1.806,2.434,1.36,0,0,0.667,0.667,0.667,0.333,0.333,0,0.333,0.333,0.667,0.333,0.333,0,0.63,0.232,1.084,1.742,-0.247,0.551,1.089,1.207,1.277,1.62,0.913,1.525,1.5,0.535,-1.207,1.422,1.432,-0.814,0.584
"SUR","SURINAME",1993,5,1,1022.44583519896,5.52697327605002,127.022987365723,NA,NA,NA,NA,18.8777610097407,NA,NA,NA,NA,419352,49.9141532650375,100,49.5815612566882,4.48964578891102,16.3479624727372,135249176.025391,NA,NA,NA,NA,NA,NA,NA,62.382,59.403,65.621,NA,NA,NA,NA,NA,"Americas","South America",0.935,2.466,2.52,0.889,1.315,1.827,-2.019,2.434,1.36,0,0,0.667,0.667,0.667,0.333,0.333,0,0.333,0.333,0.667,0.333,0.333,0,0.639,0.204,1.084,1.742,-0.247,0.551,1.306,1.207,1.289,1.62,1.307,1.812,1.812,0.535,-1.207,1.558,1.432,-0.814,0.584
"SUR","SURINAME",1994,5,1,1433.54255652781,40.2071882124547,138.656692504883,NA,NA,NA,NA,16.3219779136265,NA,NA,NA,NA,422375,49.9380881917727,99.9905624389648,36.5448136462236,3.6497472360016,13.5676097350674,100674949.645996,NA,NA,NA,NA,NA,NA,NA,62.542,59.518,65.814,NA,NA,NA,NA,NA,"Americas","South America",0.935,2.466,2.52,0.889,1.315,1.827,-2.019,2.434,1.36,0,0,0.667,0.667,0.667,0.333,0.333,0,0.333,0.333,0.667,0.333,0.333,0,0.642,0.197,1.084,1.742,-0.247,0.551,1.306,1.207,1.289,1.62,1.307,1.812,1.812,0.535,-0.584,1.558,1.63,-0.814,0.584
"SUR","SURINAME",1995,5,1,1609.82504373206,12.2969831904555,NA,NA,NA,NA,NA,13.9863845879555,NA,NA,0.115,NA,429606,49.8959511738663,99.9240951538086,33.1637676939836,4.20272952774132,9.7655832957579,112325477.600098,NA,NA,NA,NA,NA,3.1,NA,62.779,59.739,66.044,NA,NA,NA,NA,NA,"Americas","South America",0.935,2.466,2.52,0.889,1.315,1.827,-2.019,2.434,1.36,0,0,0.667,0.667,0.667,0.333,0.333,0,0.333,0.333,0.667,0.333,0.333,0,0.642,0.197,1.084,1.742,-0.247,0.551,1.306,1.207,1.289,1.62,1.307,1.812,1.812,0.535,-0.584,1.558,1.63,-0.814,0.584
"SUR","SURINAME",1996,5,1,1962.88495820295,21.9315705048538,NA,NA,NA,NA,NA,14.7834847405812,NA,NA,0.226,NA,438830,49.7925169370441,99.7133178710938,36.5473357535333,4.57306400000621,10.6504016452728,163164642.333984,NA,NA,NA,NA,NA,3.7400000095,NA,63.079,60.05,66.338,NA,NA,NA,NA,NA,"Americas","South America",0.935,2.466,2.52,0.889,1.315,1.827,-2.019,2.434,1.36,0,0,0.667,0.667,0.667,0.333,0.333,0,0.333,0.333,0.667,0.333,0.333,0,0.653,0.199,1.084,1.742,-0.868,0.551,1.306,1.207,1.289,1.62,1.307,1.812,1.812,0.733,-0.584,1.558,1.63,-0.814,0.615
"SUR","SURINAME",1997,5,1,2067.59814938391,5.33465757854838,NA,NA,NA,NA,NA,11.7017343598628,NA,NA,1,NA,448067,49.6933501165002,99.3054351806641,42.7704422118418,4.57159624352455,8.94786757802082,124671653.747559,NA,NA,NA,NA,NA,NA,NA,63.385,60.366,66.648,NA,NA,NA,NA,NA,"Americas","South America",0.935,2.466,2.52,0.889,1.315,1.827,-2.019,2.434,1.36,0,0,0.667,0.667,0.667,0.333,0.333,0,0.333,0.333,0.667,0.333,0.333,0,0.658,0.203,1.084,1.742,-0.868,0.551,1.306,1.207,1.289,1.62,1.307,1.812,1.812,0.733,-0.584,1.558,1.63,-0.814,0.635
"SUR","SURINAME",1998,5,1,2428.58641994202,17.4593051684475,NA,NA,NA,NA,NA,8.38727100868704,NA,NA,1.67,NA,457406,49.5978399886315,98.7405395507813,46.7133276319935,2.22792645485833,4.90955761131605,90780609.1308594,NA,NA,NA,NA,NA,NA,NA,63.706,60.709,66.961,NA,NA,NA,NA,NA,"Americas","South America",0.935,2.466,2.52,0.889,1.315,1.827,-2.019,2.434,1.36,0,0,0.667,0.667,0.667,0.333,0.333,0,0.333,0.333,0.667,0.333,0.333,0,0.658,0.203,1.084,1.742,-0.868,0.551,1.306,1.207,1.289,1.62,1.307,1.812,1.812,0.733,-0.584,1.558,1.63,-0.814,0.635
"SUR","SURINAME",1999,5,1,1898.1801816053,-21.8401220554211,102.538192749023,NA,NA,NA,NA,8.44662232193228,NA,NA,1.89,NA,466916,49.5063351866289,99.62406,46.5576415948361,5.54774661240561,7.92111939836538,57360923.7670898,NA,NA,NA,NA,NA,NA,NA,64.035,61.081,67.262,NA,1,88.3341610431671,NA,NA,"Americas","South America",0.935,2.466,2.52,0.889,1.315,1.827,-2.019,2.434,1.36,0,0,0.667,0.667,0.667,0.333,0.333,0,0.333,0.333,0.667,0.333,0.333,0,0.658,0.203,1.084,1.742,-0.868,0.551,1.306,1.207,1.289,1.62,1.307,1.812,1.812,0.733,-0.584,1.558,1.63,-0.814,0.635
"SUR","SURINAME",2000,5,1,1988.22172925433,4.74357221309104,NA,NA,NA,NA,NA,9.5392456953923,7.43018,NA,2.50641,NA,476643,49.4181179625002,97.4414291381836,46.0100389551109,9.6570386910926,12.3387388089747,54084285.736084,NA,NA,NA,NA,5.87092161,NA,50,64.409,61.49,67.62,NA,NA,NA,NA,NA,"Americas","South America",0.935,2.466,2.52,0.839,1.315,1.827,-2.163,2.434,1.36,0,0,0.667,0.667,0.667,0.333,0.333,0,0.333,0.333,0.667,0.333,0.333,0,0.667,0.198,1.084,1.742,-0.415,0.551,1.306,1.207,1.289,1.62,1.307,1.812,1.812,0.733,-0.584,1.558,1.63,-0.814,0.613
"SUR","SURINAME",2001,5,1,1714.64846637242,-13.7596958556786,107.133178710938,NA,NA,NA,NA,9.09486789950564,NA,NA,3.06445,NA,486560,49.3336895757974,96.7490692138672,42.4750471345649,8.57701308174341,11.6233257963328,43330753.326416,NA,NA,NA,NA,3.82474971,NA,38,64.82,61.931,68.025,NA,NA,NA,NA,NA,"Americas","South America",0.935,2.466,2.52,0.839,1.315,1.827,-2.163,2.434,1.36,0,0,0.667,0.667,0.667,0.333,0.333,0,0.333,0.333,0.667,0.333,0.333,0,0.665,0.196,1.084,1.742,-0.415,0.551,1.306,1.207,1.289,1.62,1.307,1.812,1.812,0.733,-0.584,1.558,1.63,-0.814,0.599
"SUR","SURINAME",2002,5,1,2202.340682196,28.4426939625334,106.396446228027,NA,NA,NA,NA,6.70477450484455,8.26719,NA,4.16157,NA,496551,49.2528476373069,96.0443725585937,43.7822872485311,6.6713651664465,7.86803705064934,20932361.6027832,NA,NA,NA,NA,5.32991552,NA,44,65.274,62.416,68.469,NA,NA,NA,NA,NA,"Americas","South America",0.935,2.466,2.52,0.839,1.315,1.827,-2.163,2.434,1.36,0,0,0.667,0.667,0.667,0.333,0.333,0,0.333,0.333,0.667,0.333,0.333,0,0.665,0.196,1.084,1.742,-0.415,0.551,1.306,1.207,1.289,1.62,1.307,1.812,1.812,0.733,-0.584,1.558,1.63,-0.814,0.599
"SUR","SURINAME",2003,5,1,2516.10404020956,14.2468129726732,NA,NA,NA,NA,NA,6.47972387648306,NA,NA,4.71988,NA,506414,49.1753782478368,95.3333892822266,43.0196830638389,5.97914212009237,6.93494800304082,15403306.9610596,NA,NA,NA,NA,4.88878393,NA,44,65.778,62.936,68.983,NA,NA,NA,NA,NA,"Americas","South America",0.935,2.466,2.52,0.839,1.315,1.827,-2.163,2.434,1.36,0,0,0.667,0.667,0.667,0.333,0.333,0,0.333,0.333,0.667,0.333,0.333,0,0.665,0.196,1.084,1.742,-0.415,0.551,1.306,1.207,1.289,1.62,1.307,1.812,1.812,0.733,-0.584,1.558,1.63,-0.814,0.599
"SUR","SURINAME",2004,5,1,2887.7721728844,14.7715725079431,NA,NA,NA,NA,NA,5.22488058560067,9.10421,NA,6.07605,NA,513923,49.1641743996669,94.622184753418,41.429359737711,6.45522246853907,8.9413724509072,30669870.3765869,89.5999984741211,92.0199966430664,87.1999969482422,NA,5.4608078,NA,38,66.362,63.523,69.591,NA,NA,NA,NA,NA,"Americas","South America",0.935,2.466,2.52,0.839,1.315,1.827,-2.163,2.434,1.36,0,0,0.667,0.667,0.667,0.333,0.333,0,0.333,0.333,0.667,0.333,0.333,0,0.665,0.196,1.084,1.742,-0.415,0.551,1.306,1.207,1.289,1.62,1.307,1.812,1.812,0.733,-0.584,1.558,1.63,-0.814,0.599
"SUR","SURINAME",2005,5,1,3453.42865937765,19.5879886856952,104.257690429688,NA,68.6388168334961,83.5194931030273,82.56368,4.91937130026536,NA,NA,6.40309,NA,519313,49.2142503653866,93.9168167114258,41.3553786487038,8.63608457094893,15.2004474166859,54003097.5341797,NA,NA,NA,NA,5.2439642,NA,42,66.997,64.13,70.235,NA,NA,NA,NA,NA,"Americas","South America",0.935,2.466,2.52,0.839,1.315,1.827,-2.163,2.434,1.36,0.001,0.001,0.501,0.501,0.501,0.25,0.251,0.001,0.251,0.251,0.501,0.251,0.251,0.001,0.661,0.196,1.084,1.742,-0.079,0.551,1.306,1.207,1.289,1.62,1.307,1.812,1.812,0.733,-0.584,1.558,1.63,-0.814,0.581
"SUR","SURINAME",2006,5,1,5002.65798695759,44.8606147798382,102.543380737305,NA,74.8578186035156,90.7654418945312,84.50447,9.99167360532889,9.94123,NA,9.49963,NA,524997,49.2623767373909,91.0198398886182,45.4066056064391,7.84880116051496,13.1868444010477,75729209.8999023,NA,NA,NA,NA,5.85598755,NA,45,67.643,64.736,70.9,NA,NA,91.8619513511658,NA,NA,"Americas","South America",0.935,2.466,2.52,1.06,1.315,1.827,-2.163,2.434,1.36,0.25,0.25,0.75,0.75,0.75,0.25,0.5,0.25,0.5,0.5,0.75,0.5,0.5,0.25,0.658,0.196,1.084,1.742,-0.079,0.551,1.306,1.207,1.289,1.62,1.307,1.812,1.812,0.733,-0.584,1.558,1.63,-0.814,0.569
"SUR","SURINAME",2007,5,1,5530.17615638309,10.5447578227572,98.4763565063477,NA,65.4271469116211,74.0118637084961,82.64389,10.1476243642228,NA,NA,14.11,NA,531016,49.3094370037814,92.5478744506836,44.7463093908944,8.36431435476551,14.3924082867818,160661026.000977,NA,NA,NA,NA,5.22148609,NA,43,68.307,65.347,71.6,NA,NA,NA,NA,NA,"Americas","South America",0.935,2.466,2.52,1.06,1.315,1.827,-2.163,2.434,1.36,0.25,0.25,0.75,0.75,0.75,0.25,0.5,0.25,0.5,0.5,0.75,0.5,0.5,0.25,0.657,0.194,1.084,1.742,-0.079,0.551,1.306,1.207,1.289,1.62,1.307,1.812,1.812,0.733,-0.584,1.558,1.63,-0.758,0.565
"SUR","SURINAME",2008,5,1,6576.08546307249,18.9127665577557,103.520378112793,NA,72.803108215332,85.7553100585938,88.44901,8.92967622190142,10.77825,NA,21.06,NA,537245,49.3547636553156,91.894905090332,44.1534336976696,10.4429452069185,15.9675361939534,100184989.929199,94.620002746582,95.4899978637695,93.7699966430664,NA,4.74699593,NA,34,68.873,65.857,72.213,NA,NA,NA,NA,NA,"Americas","South America",0.928,2.466,2.52,1.06,1.059,1.827,-2.163,2.434,1.36,0.25,0.25,0.75,0.75,0.75,0.25,0.5,0.25,0.5,0.5,0.75,0.5,0.5,0.25,0.658,0.194,1.084,1.742,-0.079,0.551,1.306,1.207,1.289,1.62,1.307,1.812,1.812,0.733,-0.584,1.558,1.63,-0.758,0.565
"SUR","SURINAME",2009,5,1,7129.5768626291,8.41673063199527,104.568260192871,NA,74.8192291259766,83.9880828857422,91.54072,9.84207557811619,NA,NA,31.36,NA,543568,49.3982353633768,91.2629623413086,47.7063357774018,4.70070969381809,11.3987131377577,161496047.973633,NA,NA,NA,NA,4.97810316,NA,55,69.323,66.241,72.727,NA,NA,NA,NA,NA,"Americas","South America",0.928,2.466,2.52,1.06,1.059,1.827,-1.98,2.434,1.36,0.25,0.25,0.75,0.75,0.75,0.25,0.5,0.25,0.5,0.5,0.75,0.5,0.5,0.25,0.658,0.194,1.084,1.742,-0.079,0.551,1.306,1.207,1.289,1.62,1.307,1.812,1.812,0.733,-0.584,1.558,1.63,-0.758,0.565
"SUR","SURINAME",2010,5,1,7943.60482816915,11.4176196038634,102.471636358299,NA,76.3250885009766,83.7272720336914,88.62022,9.47219211206537,11.61526,NA,31.59,NA,549923,49.441103572682,91.1975158633725,48.2448094721921,5.82683537587144,22.1694362010361,109473808.288574,94.6800003051758,95.3600006103516,94,NA,4.6978569,2.97,57,69.626,66.49,73.085,NA,NA,92.1757757663727,88.1236672401428,NA,"Americas","South America",0.935,2.466,2.52,1.06,1.377,1.827,-2.298,2.434,1.36,0.2,0.2,0.6,0.6,0.6,0.201,0.4,0.2,0.4,0.401,0.6,0.4,0.4,0.199,0.637,0.205,1.084,1.742,-0.081,0.551,1.306,1.207,1.289,1.62,1.059,1.812,1.626,0.733,-0.584,1.4,1.42,-0.758,0.562
"SUR","SURINAME",2011,5,1,7949.88867218383,0.079105697609684,101.072891797094,NA,73.6969680786133,82.053108215332,86.75953,8.73235538333795,NA,NA,32,NA,556269,49.4840616393537,90.0501480102539,46.9969554386936,9.41801678852129,31.9335594131783,77617156.9824219,NA,NA,NA,NA,4.40932178,3.03,35,69.82,66.649,73.312,NA,NA,NA,NA,NA,"Americas","South America",0.935,2.466,2.52,1.201,1.377,1.827,-2.298,2.434,1.36,0.2,0.2,0.6,0.6,0.6,0.4,0.4,0.2,0.4,0.6,0.6,0.4,0.4,0,0.629,0.203,1.084,1.742,-0.081,0.551,1.306,1.207,1.289,1.62,1.059,1.812,1.626,0.733,-0.584,1.4,1.42,-0.758,0.56
"SUR","SURINAME",2012,5,1,8851.24050668908,11.3379176951122,102.775590258689,NA,73.0848236083984,81.7077484130859,87.12086,8.38505537300718,12.45228,NA,34.6812,NA,562633,49.5269562930009,89.463264465332,47.6572958500669,7.99471670842876,29.1297720421828,42400707.244873,92.870002746582,94.870002746582,91,NA,4.28435707,2.99,35,69.957,66.781,73.443,NA,NA,NA,NA,NA,"Americas","South America",0.935,2.466,2.52,1.201,1.377,1.827,-2.298,2.434,1.36,0.2,0.2,0.6,0.6,0.6,0.4,0.4,0.2,0.4,0.6,0.6,0.4,0.4,0,0.63,0.216,1.084,1.742,-0.081,0.551,1.306,1.207,1.289,1.62,1.059,1.812,1.626,0.733,-0.584,1.4,1.004,-0.758,0.56
"SUR","SURINAME",2013,5,1,9043.19281529222,2.16864865956445,105.284141540527,NA,71.440788269043,82.2731323242188,86.69654,8.48595489076026,NA,NA,37.4,NA,569020,49.5682920956945,88.8853912353516,50.7802838466521,7.07724159024642,20.7444083074763,30941152.5726318,NA,NA,NA,NA,4.48738098,2.96,37,70.11,66.945,73.571,NA,NA,NA,NA,NA,"Americas","South America",0.948,2.747,2.711,0.852,1.185,1.827,-1.67,2.434,1.365,0.2,0.2,0.6,0.6,0.6,0.4,0.4,0.2,0.4,0.6,0.6,0.4,0.4,0,0.631,0.216,1.084,1.742,-0.081,0.551,1.159,0.869,1.289,1.62,1.035,1.812,1.626,0.733,-0.584,0.871,1.287,0.498,0.399
"SUR","SURINAME",2014,5,1,9108.18905406764,0.718731095344007,106.412658691406,NA,74.778678894043,87.1735229492188,86.34084,9.38475771944027,13.2893,NA,40.08,NA,575373,49.6074720224967,88.3135299682617,52.2608997340118,6.48885277692169,13.3454910423686,13596117.0196533,NA,NA,NA,NA,4.52127838,2.93,37,70.33,67.184,73.753,NA,NA,NA,NA,NA,"Americas","South America",0.948,2.747,2.711,0.852,1.185,1.827,-1.562,2.434,1.365,0.2,0.2,0.6,0.6,0.6,0.4,0.4,0.2,0.4,0.6,0.6,0.4,0.4,0,0.631,0.216,1.084,1.742,-0.081,0.551,1.159,0.869,1.289,1.62,1.035,1.812,1.626,0.733,-0.584,0.871,1.287,0.498,0.399
"SUR","SURINAME",2015,5,1,8813.61705392067,-3.23414455275734,109.042251586914,NA,78.4952011108398,88.5116500854492,87.98828,10.4081572411936,NA,NA,42.7638,NA,581627,49.6450474273031,87.7446746826172,54.4967591981728,2.53674856688081,5.12495877980327,19119140.625,NA,NA,NA,NA,5.80808163,2.9,35,70.567,67.451,73.939,NA,NA,NA,NA,NA,"Americas","South America",0.948,2.747,2.711,0.852,1.185,1.827,-1.562,2.434,1.365,0.2,0.2,0.6,0.6,0.6,0.4,0.4,0.2,0.4,0.6,0.6,0.4,0.4,0,0.637,0.213,1.084,1.742,0.289,0.551,1.159,0.869,1.289,1.62,1.035,1.812,1.626,0.733,-0.584,0.871,1.287,0.498,0.379
"SUR","SURINAME",2016,5,1,5644.2061057532,-35.9603886665076,107.464701154132,NA,77.2949523925781,89.5188369750977,89.14081,10.7661271900991,14.12632,NA,45.4,NA,587757,49.692474951383,87.1763153076172,57.0833584990983,2.93811167650529,15.0617975898749,19684377.6702881,NA,NA,NA,NA,5.99283743,2.8,27,70.979,67.862,74.324,NA,NA,NA,NA,NA,"Americas","South America",0.941,2.747,2.444,0.852,1.185,1.827,-1.158,2.399,1.365,0.2,0.2,0.6,0.6,0.6,0.4,0.4,0.2,0.4,0.6,0.6,0.4,0.4,0,0.63,0.228,1.146,1.742,0.289,0.647,1.159,0.869,1.289,1.054,1.035,1.417,1.626,0.733,-0.584,0.871,0.707,0.967,0.324
"SUR","SURINAME",2017,5,1,6049.52128553675,7.18108396804305,102.176248921713,NA,77.9050674438477,84.3170318603516,86.07316,10.9177598208742,NA,NA,48.9452,NA,593713,49.7487843452982,NA,48.185963793629,4.01262933516518,19.7854729048857,23020235.0616455,NA,NA,NA,NA,5.32285929,2.83,31,71.247,68.16,74.53,NA,NA,NA,NA,NA,"Americas","South America",0.927,2.747,1.89,0.852,1.185,1.827,-0.983,2.399,1.431,0.2,0.2,0.6,0.6,0.6,0.4,0.4,0.2,0.4,0.6,0.6,0.4,0.4,0,0.632,0.23,1.146,1.742,0.289,0.647,0.998,0.869,1.289,0.932,1.035,1.536,1.626,0.733,-0.584,1.221,0.707,0.967,0.324
"SUR","SURINAME",2018,5,1,6665.74180472239,10.1862691294087,100.726147342995,NA,77.0724716186523,83.0090789794922,86.02531,10.0324669859288,14.96333,NA,55.1,NA,599513,49.8027565707499,NA,50.8308432543601,5.79745793323679,8.44388268533074,15197225.5706787,NA,NA,NA,NA,6.60567093,2.85,41,71.468,68.333,74.798,NA,NA,NA,NA,NA,"Americas","South America",0.927,2.747,1.89,0.852,1.185,1.827,-1.074,2.399,1.431,0.2,0.2,0.6,0.6,0.6,0.4,0.4,0.2,0.4,0.6,0.6,0.4,0.4,0,0.622,0.237,1.146,1.742,0.289,0.647,1.144,0.869,1.289,0.75,1.035,1.407,1.626,0.733,-0.584,1.221,0.707,0.709,0.347
"SUR","SURINAME",2019,NA,1,6629.66775248603,-0.54118586187667,101.246120001205,NA,74.8617324829102,85.4568862915039,NA,8.59607814021171,NA,NA,62,NA,605768,49.8415234875398,NA,55.3767659072638,4.64572430249017,6.83251753458721,25562135.6964111,NA,NA,NA,NA,8.38353634,2.69,31,71.773,68.638,75.08,NA,NA,NA,NA,NA,"Americas","South America",0.927,2.747,1.89,0.852,1.185,1.827,-1.451,2.399,0.956,0,0,0.667,0.667,0.667,0.333,0.333,0,0.333,0.333,0.667,0.333,0.333,0,0.593,0.261,1.146,1.742,0.289,0.647,1.144,0.869,1.289,0.75,1.035,1.554,1.626,0.733,-0.584,1.221,0.707,-1.89,0.629
"SUR","SURINAME",2020,NA,1,4755.39221710693,-28.2710326573496,102.277236938477,NA,79.0288162231445,89.4640197753906,NA,8.1360284150591,15.80035,NA,69.8369,NA,612317,49.8765343384788,NA,51.8877061563009,2.99417364471055,4.60122863820656,29863058.09021,NA,NA,NA,NA,6.03425598,2.87,25,72.321,68.639,76.22,NA,NA,NA,NA,NA,"Americas","South America",0.922,2.626,1.89,1.103,1.185,1.827,-1.152,2.399,1.638,0,0,0.667,0.667,0.667,0.333,0.333,0,0.333,0.333,0.667,0.333,0.333,0,0.641,0.178,1.146,1.742,-0.093,0.647,1.644,1.917,1.289,0.928,1.035,1.554,1.626,0.733,-0.584,2.112,2.352,-1.277,0.595
"URY","URUGUAY",1960,8,1,491.031760304596,NA,NA,NA,NA,NA,NA,NA,NA,NA,NA,NA,2529957,49.8969350071958,NA,NA,NA,NA,150010101.318359,NA,NA,NA,NA,NA,5.5118203163147,NA,67.683,64.758,70.997,NA,NA,NA,NA,NA,"Americas","South America",0.903,1.984,2.025,1.285,2.232,0.931,-1.162,2.225,-1.195,0.091,0.636,0.909,0.727,0.636,0.364,0,0.091,0.273,0.182,0.455,0.273,0.455,0.182,0.673,0.157,0.733,2.286,0.666,1.401,1.612,2.562,0.76,1.876,0.712,1.871,1.477,0.899,1.979,1.368,0.401,0.193,0.385
"URY","URUGUAY",1961,8,1,603.966513233705,22.9994802900435,NA,NA,NA,NA,NA,NA,NA,NA,NA,NA,2562044,49.9329831962293,NA,NA,NA,NA,17725059.5092773,NA,NA,NA,NA,NA,NA,NA,67.81,64.877,71.128,NA,NA,NA,NA,NA,"Americas","South America",0.903,1.984,2.025,1.285,2.232,0.931,-0.822,2.225,-1.195,0.091,0.545,0.909,0.727,0.636,0.364,0,0.091,0.273,0.182,0.455,0.273,0.455,0.182,0.673,0.157,0.733,2.286,0.666,1.401,1.612,2.562,0.76,1.876,0.712,1.871,1.477,0.899,1.979,1.368,0.401,0.193,0.385
"URY","URUGUAY",1962,8,1,659.393716891716,9.17719814650775,NA,NA,NA,NA,NA,NA,NA,NA,NA,NA,2593298,49.9673774475591,NA,NA,NA,NA,28519521.7132568,NA,NA,NA,NA,NA,NA,NA,67.911,64.965,71.239,NA,NA,NA,NA,NA,"Americas","South America",0.903,1.984,2.025,1.285,2.232,0.931,-0.639,2.225,-1.195,0.091,0.545,0.909,0.727,0.636,0.364,0,0.091,0.273,0.182,0.455,0.273,0.455,0.182,0.672,0.157,0.733,2.286,0.662,1.401,1.612,2.562,0.76,1.876,0.712,1.871,1.477,0.899,1.979,1.368,0.401,0.193,0.386
"URY","URUGUAY",1963,8,1,586.821191669431,-11.0059473366506,NA,NA,NA,NA,NA,NA,NA,NA,NA,NA,2623766,49.9998094342255,NA,NA,NA,NA,66299652.0996094,NA,NA,NA,NA,NA,NA,NA,68.023,65.058,71.356,NA,NA,NA,NA,NA,"Americas","South America",0.892,1.984,1.641,1.285,2.232,0.931,-0.029,2.225,-1.195,0.091,0.545,0.909,0.727,0.636,0.364,0,0.091,0.273,0.182,0.455,0.273,0.455,0.182,0.643,0.157,0.733,2.286,0.662,1.401,1.612,2.562,0.76,1.876,0.712,1.871,1.477,0.899,1.979,1.368,0.401,0.193,0.391
"URY","URUGUAY",1964,8,1,744.654270146069,26.8962813063419,NA,NA,NA,NA,NA,NA,NA,NA,NA,NA,2653180,50.035410324437,NA,NA,NA,NA,19466663.3605957,NA,NA,NA,NA,NA,NA,NA,68.112,65.122,71.463,NA,NA,NA,NA,NA,"Americas","South America",0.839,1.424,1.641,1.285,2.232,0.931,-0.029,2.225,-1.195,0.091,0.455,0.909,0.727,0.636,0.364,0,0.091,0.273,0.182,0.545,0.273,0.455,0.182,0.642,0.157,0.733,2.286,0.662,1.401,1.612,2.562,0.76,1.876,0.712,1.871,1.477,0.899,1.979,1.368,0.401,0.193,0.391
"URY","URUGUAY",1965,8,1,705.202527526694,-5.29799454606449,NA,NA,NA,NA,NA,NA,NA,NA,NA,NA,2681169,50.0764032405268,NA,NA,NA,NA,22044418.3349609,NA,NA,NA,NA,NA,NA,NA,68.2,65.186,71.57,NA,NA,NA,NA,NA,"Americas","South America",0.839,1.424,1.641,1.285,2.232,0.931,1.387,2.225,-1.195,0.091,0.455,0.909,0.727,0.636,0.364,0,0.091,0.273,0.182,0.545,0.273,0.455,0.182,0.64,0.157,0.733,2.286,0.662,1.401,1.612,2.562,0.76,1.876,0.712,1.871,1.477,0.899,1.979,1.368,0.401,0.193,0.391
"URY","URUGUAY",1966,8,1,668.17637665776,-5.2504279868073,NA,NA,NA,NA,NA,NA,NA,NA,NA,NA,2707646,50.1193841881044,NA,NA,NA,NA,32381210.3271484,NA,NA,NA,NA,NA,NA,NA,68.302,65.272,71.677,NA,NA,NA,NA,NA,"Americas","South America",0.839,1.424,1.641,1.285,2.232,0.931,1.387,2.225,-1.195,0.091,0.455,0.909,0.727,0.636,0.364,0,0.091,0.273,0.182,0.545,0.273,0.455,0.182,0.643,0.157,0.733,2.286,0.664,1.401,1.612,2.562,0.76,1.876,0.712,1.871,1.477,0.899,1.979,1.368,0.401,0.193,0.392
"URY","URUGUAY",1967,8,1,584.75530449369,-12.4848879844189,NA,NA,NA,NA,NA,NA,NA,NA,NA,NA,2732277,50.1648258942999,NA,NA,NA,NA,37840335.8459473,NA,NA,NA,NA,NA,NA,NA,68.407,65.362,71.787,NA,NA,NA,NA,NA,"Americas","South America",0.775,0.842,1.641,0.96,2.232,0.931,1.387,2.225,-1.195,0.091,0.455,0.83,0.648,0.557,0.443,0,0.091,0.273,0.182,0.466,0.193,0.375,0.182,0.624,0.164,0.733,2.286,0.664,1.401,1.612,1.654,0.76,1.876,0.712,1.871,1.477,0.899,1.979,1.584,0.401,0.846,0.324
"URY","URUGUAY",1968,8,1,578.548868536136,-1.0613731777821,NA,NA,NA,NA,NA,NA,NA,NA,NA,NA,2754606,50.2139688942811,NA,NA,NA,NA,163421066.28418,NA,NA,NA,NA,NA,NA,NA,68.514,65.447,71.91,NA,NA,NA,NA,NA,"Americas","South America",0.616,0.477,-0.201,0.96,2.232,0.931,1.387,2.225,-1.195,0.091,0.545,0.818,0.637,0.455,0.455,0,0.091,0.273,0.091,0.363,0.091,0.272,0.182,0.491,0.209,0.733,2.286,0.664,1.401,1.612,1.023,-0.153,1.876,0.712,1.871,1.477,0.899,1.979,1.005,0.166,0.846,0.324
"URY","URUGUAY",1969,8,1,722.586254907569,24.8963215045051,NA,NA,NA,NA,NA,NA,NA,NA,NA,NA,2773974,50.2710191227459,NA,NA,NA,NA,129161117.553711,NA,NA,NA,NA,NA,NA,NA,68.581,65.493,71.988,NA,NA,NA,NA,NA,"Americas","South America",0.59,0.295,-0.201,0.96,2.232,0.931,1.387,2.225,-1.195,0.182,0.545,0.727,0.818,0.455,0.545,0,0.091,0.273,0.091,0.273,0.091,0.182,0.182,0.484,0.212,0.395,2.286,0.664,1.401,1.612,1.023,-0.153,1.876,0.712,1.871,1.477,0.899,1.979,1.005,0.166,0.846,0.346
"URY","URUGUAY",1970,8,1,765.763011986694,5.97530838510733,NA,NA,NA,NA,NA,NA,NA,NA,NA,NA,2790807,50.3351539536772,NA,NA,NA,0.322386078932525,84940551.7578125,NA,NA,NA,NA,NA,5.91270017623901,NA,68.734,65.63,72.152,NA,NA,NA,NA,NA,"Americas","South America",0.553,0.295,-0.494,0.619,2.232,0.931,1.583,2.225,-1.195,0.182,0.545,0.727,0.818,0.455,0.636,0,0.091,0.364,0.091,0.182,0.091,0.182,0.182,0.438,0.211,0.899,2.286,0.664,1.401,1.612,1.023,-0.153,1.876,0.523,1.729,1.351,0.899,1.979,1.005,0.166,0.846,0.312
"URY","URUGUAY",1971,3,1,1000.28365412257,30.6257469301679,NA,NA,NA,NA,NA,NA,NA,NA,NA,NA,2806462,50.4010743776328,NA,NA,0,0.222743642863594,56169918.0603027,NA,NA,NA,NA,NA,NA,NA,68.926,65.811,72.349,NA,NA,NA,NA,NA,"Americas","South America",0.553,0.295,-0.494,0.619,2.232,0.931,1.583,2.225,-1.195,0.182,0.455,0.727,0.727,0.364,0.818,0,0.091,0.364,0.091,0.182,0.091,0.182,0.182,0.41,0.211,0.899,2.286,0.659,1.401,1.612,1.023,-0.153,1.876,0.523,1.729,1.351,0.899,1.979,1.005,0.166,0.846,0.311
"URY","URUGUAY",1972,-3,1,775.937251050835,-22.4282784335337,NA,NA,NA,NA,NA,NA,NA,NA,NA,13.6809499225607,2821644,50.4716753779003,NA,NA,0,0.336209013529804,124248100.280762,NA,NA,NA,NA,NA,NA,NA,69.169,66.02,72.622,NA,NA,NA,NA,2.19806763285024,"Americas","South America",0.463,-0.353,-0.494,0.301,2.232,0.931,1.583,2.225,-1.195,0.182,0.455,0.727,0.727,0.364,0.818,0,0.091,0.364,0.091,0.182,0.091,0.182,0.182,0.343,0.249,0.899,2.286,0.659,1.401,1.612,1.023,-0.638,1.876,-0.649,1.729,1.351,0.899,1.979,1.005,0.166,0.846,0.301
"URY","URUGUAY",1973,-8,0,1397.28960304383,80.0776546236839,NA,NA,NA,NA,NA,NA,NA,NA,NA,10.4473219540906,2837133,50.5475243679009,NA,NA,0,0.322927266850039,89188400.2685547,NA,NA,NA,NA,NA,NA,NA,69.348,66.152,72.838,NA,NA,NA,NA,3.76415462709879,"Americas","South America",0.251,-0.871,-1.258,-0.515,0.512,-0.028,-0.393,1.43,-1.195,0.182,0.361,0.494,0.634,0.317,0.818,0,0.091,0.224,0.044,0.089,0.044,0.135,0.135,0.062,0.608,0.714,1.685,NA,0.778,0.557,-1.165,-1.089,1.876,-1.112,-0.239,-0.047,NA,NA,NA,-2.293,0.846,0.365
"URY","URUGUAY",1974,-8,0,1433.17797475063,2.5684275921485,NA,NA,NA,NA,NA,NA,NA,NA,NA,12.7103552666726,2853944,50.6242238810572,NA,NA,0,0.347445032338042,23990707.3974609,NA,NA,NA,NA,NA,NA,NA,69.524,66.287,73.049,NA,NA,NA,NA,4.53145622525297,"Americas","South America",0.207,-0.871,-1.982,-0.515,0.512,-0.028,-0.393,1.43,-1.195,0.2,0.3,0.1,0.6,0.2,1,0,0.1,0.1,0,0.1,0,0.1,0.1,0.044,0.635,0.714,1.345,NA,0.255,0.557,-2.534,-1.089,1.439,-1.112,-0.239,-0.047,NA,NA,NA,NA,0.846,0.365
"URY","URUGUAY",1975,-8,0,1231.85370953179,-14.0474015625219,NA,NA,NA,NA,NA,NA,NA,NA,NA,12.2361269118948,2872320,50.7011577048666,NA,NA,0,0.587504922348985,19382490.1580811,93.8600006103516,93.3899993896484,94.3000030517578,NA,NA,5.00180006027222,NA,69.705,66.428,73.257,NA,NA,NA,NA,4.28606416850355,"Americas","South America",0.207,-0.871,-1.982,-0.515,0.512,-0.028,-0.393,1.43,-1.195,0.2,0.3,0.1,0.6,0.2,1,0,0.1,0.1,0,0.1,0,0.1,0.1,0.044,0.635,0.714,1.345,NA,0.255,0.557,-2.534,-1.089,1.439,-1.112,-0.239,-0.047,NA,NA,NA,NA,0.846,0.365
"URY","URUGUAY",1976,-8,0,1268.30303240921,2.95890028137138,NA,NA,NA,NA,NA,NA,NA,NA,NA,15.5233345443736,2891392,50.7596511439296,NA,NA,0,0.490450894785166,26679538.7268066,NA,NA,NA,NA,NA,NA,NA,69.887,66.571,73.467,NA,NA,NA,NA,3.48156353853458,"Americas","South America",0.147,-1.332,-2.209,-0.515,0.141,-0.028,-0.707,0.791,-1.195,0.2,0.3,0.1,0.6,0.2,1,0,0.1,0.1,0,0.1,0,0.1,0.1,0.043,0.635,0.714,1.345,NA,0.255,0.557,-2.534,-1.089,1.439,-1.112,-0.239,-0.047,NA,NA,NA,NA,0.846,0.365
"URY","URUGUAY",1977,-8,0,1414.23789985403,11.5063091166477,NA,NA,NA,NA,NA,NA,NA,NA,NA,15.8476947618923,2909461,50.7999760780515,NA,NA,0,0.689798671942369,48847427.3681641,NA,NA,NA,NA,NA,NA,NA,70.081,66.7,73.724,NA,NA,NA,NA,3.7459201606829,"Americas","South America",0.147,-1.332,-2.209,-0.515,0.141,-0.028,-0.707,0.791,-1.195,0.2,0.3,0.1,0.6,0.2,1,0,0.1,0.1,0,0.1,0,0.1,0.1,0.042,0.65,0.714,1.345,NA,0.255,0.557,-2.534,-1.089,1.439,-1.112,-0.399,-0.306,NA,NA,NA,NA,0.846,0.365
"URY","URUGUAY",1978,-7,0,1678.30925622568,18.6723433447022,NA,NA,NA,NA,NA,NA,NA,NA,NA,16.0230726836872,2925715,50.8411106344945,NA,NA,0,0.617880874022491,13962434.7686768,NA,NA,NA,NA,NA,NA,NA,70.265,66.813,73.981,NA,NA,NA,NA,3.62107985774329,"Americas","South America",0.147,-1.332,-2.209,-0.515,0.141,-0.028,-0.707,0.791,-1.195,0.2,0.3,0.1,0.6,0.2,1,0,0.1,0.1,0,0.1,0,0.1,0.1,0.042,0.65,0.714,1.345,NA,0.255,0.557,-2.534,-1.089,1.439,-1.112,-0.399,-0.306,NA,NA,NA,NA,0.846,0.365
"URY","URUGUAY",1979,-7,0,2442.65957894266,45.5428771474403,NA,NA,NA,NA,NA,NA,NA,NA,NA,14.4470007195075,2939903,50.8826991910958,NA,NA,0,0.562525802436918,18334604.2633057,NA,NA,NA,NA,NA,NA,NA,70.255,66.787,73.984,NA,NA,NA,NA,3.80043383947939,"Americas","South America",0.147,-1.332,-2.209,-0.515,0.141,-0.028,-0.707,0.791,-1.195,0.2,0.3,0.1,0.6,0.2,1,0,0.1,0.1,0,0.1,0,0.1,0.1,0.042,0.65,0.714,1.345,NA,0.255,0.557,-2.534,-1.089,1.439,-1.112,-0.399,-0.306,NA,NA,NA,NA,0.846,0.365
"URY","URUGUAY",1980,-7,0,3442.81230620351,40.9452359175559,NA,NA,NA,NA,NA,NA,NA,NA,NA,15.8257776235304,2951953,50.9255059277705,NA,NA,0,0.370143323481429,20527458.190918,NA,NA,NA,NA,NA,NA,NA,70.505,66.96,74.309,NA,NA,NA,NA,4.6961086286929,"Americas","South America",0.332,-0.13,-1.609,-0.515,0.507,0.347,-0.707,0.791,-1.195,0.2,0.4,0.2,0.7,0.3,1,0,0.1,0.2,0.1,0.2,0.1,0.2,0.1,0.043,0.65,0.714,1.345,NA,0.255,0.557,-2.534,-1.089,1.439,-1.112,-0.399,-0.306,NA,NA,NA,NA,0.846,0.365
"URY","URUGUAY",1981,-7,0,3728.4455696996,8.2965098905164,NA,NA,NA,NA,NA,NA,NA,NA,NA,16.7390648061183,2963246,50.9692246169318,NA,NA,0,0.338559734053496,24279087.0666504,NA,NA,NA,NA,NA,NA,NA,70.952,67.321,74.833,NA,NA,NA,NA,6.25546127902134,"Americas","South America",0.388,-0.13,-0.898,-0.515,0.507,0.347,-0.099,0.852,-1.195,0.2,0.4,0.3,0.7,0.4,0.9,0,0.1,0.2,0.1,0.2,0.1,0.2,0.1,0.044,0.65,0.714,1.345,NA,0.255,0.557,-2.534,-1.089,1.439,-1.112,-0.399,-0.306,NA,NA,NA,NA,0.846,0.365
"URY","URUGUAY",1982,-7,0,3084.79407002174,-17.2632666253384,NA,NA,NA,NA,NA,NA,NA,NA,NA,14.0055537773472,2975492,51.0108244283634,NA,NA,0,0.75211698857212,17324516.2963867,NA,NA,NA,NA,NA,NA,NA,71.528,67.814,75.49,NA,NA,NA,NA,6.44930689376515,"Americas","South America",0.388,-0.13,-0.898,-0.515,0.507,0.347,-0.099,0.852,-1.195,0.2,0.4,0.3,0.7,0.4,0.9,0,0.1,0.2,0.1,0.2,0.1,0.2,0.1,0.044,0.65,0.714,1.345,NA,0.255,0.557,-2.534,-1.089,1.439,-1.112,-0.399,-0.306,NA,NA,NA,NA,0.846,0.365
"URY","URUGUAY",1983,-7,0,1707.14462849135,-44.6593649449242,NA,NA,NA,NA,86.57582,13.401180193278,NA,NA,NA,15.1212976424642,2988778,51.0476522511876,NA,58.6265286923801,0,0.561298210575033,15546673.7747192,NA,NA,NA,NA,NA,NA,NA,71.595,67.945,75.484,NA,NA,NA,NA,5.38198403648803,"Americas","South America",0.388,-0.13,-0.898,-0.515,0.507,0.347,-0.099,0.852,-1.195,0.2,0.4,0.3,0.6,0.4,0.9,0,0.1,0.2,0.1,0.2,0.1,0.2,0.1,0.044,0.65,0.714,1.345,NA,0.255,0.557,-2.534,-1.089,1.439,-1.112,-0.399,-0.306,NA,NA,NA,NA,0.846,0.365
"URY","URUGUAY",1984,-7,0,1615.40647277136,-5.3737776043651,NA,NA,NA,NA,86.83343,14.6280284474872,NA,NA,NA,13.8692566470918,3002488,51.0797711764377,NA,59.571148227934,0,0.410109138487593,17203430.1757813,NA,NA,NA,NA,NA,NA,NA,71.708,68.122,75.506,NA,NA,NA,NA,4.57564575645756,"Americas","South America",0.388,-0.13,-0.898,-0.515,0.507,0.347,-0.099,0.852,-1.195,0.2,0.4,0.3,0.6,0.4,0.9,0,0.1,0.2,0.1,0.2,0.1,0.2,0.1,0.052,0.689,0.714,1.345,2.134,0.255,0.557,-2.534,-1.089,1.439,-1.112,-0.399,-0.306,NA,NA,NA,-2.241,0.846,0.348
"URY","URUGUAY",1985,9,1,1568.43216486363,-2.9078940006438,NA,NA,NA,NA,88.34618,13.5951131463716,NA,NA,NA,15.9497526489956,3017037,51.109979758286,NA,58.8296369956881,0,0.312036163850282,24239835.7391357,95.379997253418,94.8300018310547,95.879997253418,NA,NA,3.24580001831055,NA,71.861,68.28,75.648,NA,NA,NA,NA,4.30422064354367,"Americas","South America",0.87,2.363,0.603,1.809,1.911,2.363,-1.158,2.748,-1.195,0.154,0.243,0.681,0.462,0.629,0.628,0,0.141,0.218,0.398,0.411,0.205,0.218,0.077,0.576,0.098,1.159,2.692,2.134,2.044,3.022,2.52,0.754,2.241,0.641,0.574,0.769,2.282,1.797,2.774,0.743,1.684,0.119
"URY","URUGUAY",1986,9,1,1938.8108486947,23.6145809891162,NA,NA,NA,NA,88.76574,12.6518194753433,NA,NA,NA,16.7632284386865,3032845,51.1329131557993,NA,56.7978626513141,0,0.383931061389656,62618328.0944824,NA,NA,NA,NA,NA,NA,NA,72.187,68.61,75.931,NA,NA,NA,NA,4.12128017967434,"Americas","South America",0.878,2.45,0.603,1.809,1.911,2.363,-1.938,2.748,-1.195,0.154,0.231,0.846,0.538,0.692,0.462,0,0.154,0.231,0.538,0.615,0.231,0.308,0.077,0.701,0.101,1.159,2.692,2.134,2.044,3.022,2.52,0.02,2.241,0.641,0.574,1.021,2.889,1.797,2.774,0.743,1.684,0.119
"URY","URUGUAY",1987,9,1,2415.6541994875,24.5946298017588,NA,NA,NA,NA,87.92619,13.7118635090988,NA,NA,NA,15.9654463471062,3049896,51.1497769104258,NA,53.0841416235137,0,0.401934080990468,28667009.3536377,NA,NA,NA,NA,NA,NA,NA,72.196,68.592,75.987,NA,NA,NA,NA,3.03942220884743,"Americas","South America",0.878,2.45,0.603,1.809,1.911,2.363,-1.938,2.748,-1.195,0.154,0.231,0.846,0.538,0.692,0.462,0,0.154,0.231,0.538,0.615,0.231,0.308,0.077,0.73,0.069,1.159,2.692,2.134,2.044,3.022,2.52,0.968,2.241,1.815,1.053,1.021,2.889,1.797,2.774,0.743,1.684,0.119
"URY","URUGUAY",1988,9,1,2677.19777690993,10.8270288635649,NA,NA,NA,NA,NA,12.3494750240354,NA,NA,NA,15.1891030767731,3067961,51.1673388286227,NA,57.2962269039951,0,0.358229002901247,63443321.2280273,NA,NA,NA,NA,NA,NA,NA,72.408,68.726,76.273,NA,NA,NA,NA,3.15664690939881,"Americas","South America",0.878,2.45,0.603,1.809,1.911,2.363,-1.938,2.748,-1.195,0.154,0.231,0.846,0.538,0.692,0.462,0,0.154,0.231,0.538,0.615,0.231,0.308,0.077,0.73,0.068,1.34,2.692,2.134,2.044,3.022,2.52,0.968,2.241,1.815,1.053,1.021,2.889,1.797,2.774,0.743,1.684,0.116
"URY","URUGUAY",1989,10,1,2734.36623871535,2.1353843297825,NA,NA,NA,NA,NA,11.548673992878,NA,NA,NA,14.532178094581,3086255,51.1864869190935,NA,60.9051998525016,0,0.3910926834157,53206722.2595215,NA,NA,NA,NA,NA,NA,NA,72.628,68.85,76.609,NA,NA,NA,NA,3.52912674143328,"Americas","South America",0.878,2.45,0.603,1.809,1.911,2.363,-1.938,2.748,-1.195,0.154,0.231,0.846,0.538,0.692,0.462,0,0.154,0.231,0.538,0.615,0.231,0.308,0.077,0.731,0.069,1.34,2.692,2.151,2.044,3.022,2.52,0.968,2.241,1.815,1.053,1.021,2.889,1.797,2.774,0.743,1.684,0.116
"URY","URUGUAY",1990,10,1,2995.36105663465,9.544983924389,NA,NA,NA,NA,NA,9.20845767653624,NA,NA,0,16.2025863999242,3104403,51.2070279557867,96.2902755737305,61.5299011743381,0,0.60644469736533,69729995.7275391,NA,NA,NA,NA,NA,4.522600174,NA,72.994,69.262,76.898,NA,NA,NA,NA,3.52740166449266,"Americas","South America",0.878,2.45,0.603,1.809,1.911,2.363,-2.752,2.748,-1.195,0.154,0.231,0.846,0.538,0.693,0.461,0,0.154,0.231,0.538,0.616,0.231,0.308,0.077,0.767,0.06,1.536,2.692,2.151,2.044,1.896,2.52,2.321,2.241,1.815,0.876,1.519,2.889,1.797,2.774,1.069,1.684,0.104
"URY","URUGUAY",1991,10,1,3589.01541942634,19.8191253597546,NA,NA,NA,NA,92.01323,8.49783072201469,NA,NA,NA,16.7932403160897,3122354,51.227135432797,96.5003814697265,60.2945084113922,0,0.547745702244625,60581748.9624023,NA,NA,NA,NA,NA,NA,NA,73.198,69.473,77.094,NA,NA,NA,NA,2.39471219270806,"Americas","South America",0.878,2.45,0.603,1.809,1.911,2.363,-2.752,2.748,-1.195,0.077,0.308,0.923,0.462,0.769,0.385,0,0.154,0.231,0.538,0.692,0.231,0.385,0.077,0.767,0.06,1.536,2.692,2.151,2.044,1.896,2.52,2.321,2.241,1.815,0.876,1.519,2.889,1.797,2.774,1.069,1.684,0.104
"URY","URUGUAY",1992,10,1,4101.71054155291,14.28511895913,NA,NA,NA,NA,93.94963,8.81564371126246,NA,NA,NA,17.2408574744059,3139702,51.2476661797839,96.7099838256836,61.3610794419743,0,0.524820143871655,89327919.0063477,NA,NA,NA,NA,NA,NA,NA,73.185,69.421,77.128,NA,NA,NA,NA,2.84951481234276,"Americas","South America",0.878,2.45,0.603,1.809,1.911,2.363,-2.752,2.748,-1.195,0.077,0.308,0.923,0.462,0.769,0.385,0,0.154,0.231,0.538,0.692,0.231,0.385,0.077,0.767,0.06,1.536,2.692,2.151,2.044,1.896,2.52,2.321,2.241,1.815,0.876,1.519,2.889,1.797,2.774,1.069,1.684,0.104
"URY","URUGUAY",1993,10,1,4753.00924682647,15.878709593851,NA,NA,NA,NA,94.63315,7.36675786246185,NA,NA,NA,19.389494107735,3156345,51.270076221048,96.9165267944336,68.4640499937742,0,0.442303519058191,167910263.061523,NA,NA,NA,NA,NA,4.5,NA,73.147,69.249,77.254,NA,NA,NA,NA,2.79239845208779,"Americas","South America",0.878,2.45,0.603,1.809,1.911,2.363,-2.752,2.748,-1.195,0.077,0.308,0.923,0.462,0.769,0.385,0,0.154,0.231,0.538,0.692,0.231,0.385,0.077,0.767,0.06,1.536,2.692,2.151,2.044,1.896,2.52,2.321,2.241,1.815,0.876,1.519,2.889,1.797,2.774,1.069,1.684,0.104
"URY","URUGUAY",1994,10,1,5507.56481300056,15.8753229162745,NA,NA,NA,NA,93.01187,7.92533605710963,NA,NA,0.0625,19.0344093835043,3172834,51.2941903970363,97.1169509887695,67.0636133887153,0,0.375584936110432,111149444.580078,NA,NA,NA,NA,NA,NA,NA,73.162,69.205,77.336,NA,NA,NA,NA,2.57770556975008,"Americas","South America",0.878,2.45,0.603,1.809,1.911,2.363,-2.752,2.748,-1.195,0.077,0.308,0.923,0.462,0.769,0.385,0,0.154,0.231,0.538,0.692,0.231,0.385,0.077,0.767,0.06,1.536,2.692,2.358,2.044,1.896,2.52,2.321,2.241,1.815,0.876,1.519,2.889,1.797,2.774,1.069,1.684,0.104
"URY","URUGUAY",1995,10,1,6050.48632253644,9.85774163300481,NA,NA,NA,NA,92.52999,8.61611136382544,NA,NA,0.31,16.8787580283368,3189440,51.3185700311026,97.3081970214844,65.5281827389675,0,0.44852566255986,88846405.0292969,NA,NA,NA,NA,NA,NA,NA,73.493,69.474,77.72,NA,NA,NA,NA,2.71463667452926,"Americas","South America",0.953,2.45,3.185,1.809,1.911,2.363,-2.752,2.748,-1.195,0.077,0.308,0.923,0.462,0.769,0.385,0,0.154,0.231,0.538,0.692,0.231,0.385,0.077,0.795,0.052,1.536,2.692,2.358,2.044,2.402,2.52,2.321,2.241,1.815,0.876,1.519,2.889,1.797,2.774,1.069,1.684,0.105
"URY","URUGUAY",1996,10,1,6398.43575184095,5.75076796733664,NA,NA,NA,NA,92.04451,8.01605820451305,NA,NA,1.85,17.3511022349298,3206324,51.3428150118329,97.4872055053711,66.3154938989998,0,0.381449645677067,47829429.6264648,96.7799987792969,96.2399978637695,97.2699966430664,NA,NA,4.3899998665,NA,73.812,69.762,78.05,NA,NA,NA,NA,2.80593839042227,"Americas","South America",0.953,2.45,3.185,1.809,1.911,2.363,-2.752,2.748,-1.195,0.077,0.308,0.923,0.462,0.769,0.385,0,0.154,0.231,0.538,0.692,0.231,0.385,0.077,0.798,0.052,1.536,2.692,2.358,2.044,2.416,2.52,2.321,2.241,1.815,0.876,1.519,2.889,1.797,2.774,1.069,2.444,0.071
"URY","URUGUAY",1997,10,1,7436.29342620682,16.2204906733221,NA,NA,NA,NA,92.20082,6.55147000680854,NA,NA,3.36,16.780792455572,3223345,51.3651191541706,97.6509246826172,61.9183074640872,0,0.401275809484488,48607315.0634766,NA,NA,NA,NA,NA,NA,NA,73.92,69.885,78.121,NA,NA,NA,NA,2.39972074691363,"Americas","South America",0.953,2.45,3.185,1.809,1.911,2.363,-2.752,2.748,-1.195,0.077,0.308,0.923,0.462,0.769,0.385,0,0.154,0.231,0.538,0.692,0.231,0.385,0.077,0.796,0.054,1.536,2.692,2.358,2.044,2.416,2.52,2.321,2.241,1.815,0.876,1.036,2.889,1.797,2.774,1.069,2.444,0.071
"URY","URUGUAY",1998,10,1,7836.89183322307,5.38707100508527,NA,NA,NA,NA,NA,6.82374487122373,NA,NA,6.99,16.9828417745635,3239280,51.3851693540445,97.7962799072266,62.155883405257,0,0.327248533539315,39911777.4963379,NA,NA,NA,NA,NA,NA,NA,74.029,69.989,78.228,NA,1,NA,NA,2.2581336824168,"Americas","South America",0.953,2.45,3.185,1.809,1.911,2.363,-2.752,2.748,-1.195,0.077,0.308,0.923,0.462,0.769,0.385,0,0.154,0.231,0.538,0.692,0.231,0.385,0.077,0.808,0.051,1.536,2.692,2.358,2.044,2.416,2.52,2.321,2.241,1.815,0.876,1.524,2.889,1.797,2.774,1.069,2.444,0.071
"URY","URUGUAY",1999,10,1,7370.56995453931,-5.95034215869707,NA,NA,NA,NA,NA,5.81525119210805,NA,NA,9.97,15.278285168979,3254015,51.4044034830817,97.9202270507812,64.1208428822876,0,0.301658893171144,36009372.7111816,NA,NA,NA,NA,NA,NA,NA,74.293,70.214,78.518,NA,NA,NA,NA,2.3944609705068,"Americas","South America",0.953,2.45,3.185,1.809,1.911,2.363,-2.752,2.748,-1.195,0.077,0.308,0.923,0.462,0.769,0.385,0,0.154,0.231,0.538,0.692,0.231,0.385,0.077,0.807,0.051,1.536,2.692,2.345,2.044,2.416,2.52,2.321,2.241,1.815,0.876,1.524,2.889,1.797,2.774,1.069,2.444,0.07
"URY","URUGUAY",2000,10,1,6987.70098766257,-5.1945639107725,110.200187683105,NA,95.4369430541992,98.9761734008789,NA,5.99419379958816,23.7,NA,10.5391,14.6991370386579,3266206,51.4227822739901,98.0077514648437,65.3222562241522,0,0.193328084228466,31797502.5177002,NA,NA,NA,NA,9.17182446,NA,33,74.693,70.641,78.858,12.8617771999,1,NA,NA,2.43597728787045,"Americas","South America",0.953,2.45,3.185,1.809,1.911,2.363,-2.752,2.748,-1.195,0.077,0.308,0.923,0.462,0.769,0.385,0.077,0.154,0.231,0.538,0.692,0.231,0.385,0.077,0.8,0.056,1.536,2.692,2.345,2.044,2.416,2.52,2.321,2.241,1.815,0.876,1.04,2.889,1.797,2.774,1.069,2.444,0.064
"URY","URUGUAY",2001,10,1,6382.76104740859,-8.65720987950196,109.692268371582,NA,95.0237731933594,97.3869323730469,NA,5.5867032330245,NA,NA,11.1214,15.3059815839749,3274251,51.440634380005,98.0945663452148,65.9101028907415,0,0.216877824747985,23873989.1052246,NA,NA,NA,NA,9.75702,NA,34,74.987,70.943,79.124,14.4032369197,1,NA,NA,2.50257766217716,"Americas","South America",0.953,2.45,3.185,1.809,1.911,2.363,-2.752,2.748,-1.195,0.077,0.308,0.923,0.462,0.769,0.385,0.077,0.154,0.231,0.538,0.692,0.231,0.385,0.077,0.807,0.048,1.536,2.692,2.345,2.044,2.416,2.52,2.321,2.241,1.815,0.876,1.982,2.889,1.797,2.774,1.069,2.444,0.064
"URY","URUGUAY",2002,10,1,4149.76140312687,-34.984854167278,111.093246459961,NA,94.5465927124023,99.2373428344727,NA,7.52965904535852,23.7,NA,11.4195,15.7776762183022,3278867,51.4587665369673,98.1693267822265,63.9198443320638,0,0.45458997663173,24295999.5269775,NA,NA,NA,NA,9.64023018,NA,26,74.979,71.01,79.042,16.3630112461,1,NA,NA,2.53014006008996,"Americas","South America",0.953,2.45,3.185,1.809,1.911,2.363,-2.752,2.748,-1.195,0.077,0.308,0.923,0.462,0.769,0.385,0.077,0.154,0.231,0.538,0.692,0.231,0.385,0.077,0.807,0.048,1.536,2.692,2.345,2.044,2.416,2.52,2.321,2.241,1.815,0.876,1.982,2.889,1.797,2.774,1.069,2.444,0.064
"URY","URUGUAY",2003,10,1,3671.12329256883,-11.5341115804244,111.055969238281,NA,92.9462966918945,96.2091293334961,NA,9.63878300629108,NA,NA,15.9371,17.2060058979599,3281186,51.4773926257152,98.2378311157227,59.0093214071737,0,0.632377734235131,23807287.2161865,NA,NA,NA,NA,9.57667351,NA,31,75.086,71.145,79.122,16.3079733551,1,NA,NA,2.23754532184395,"Americas","South America",0.953,2.45,3.185,1.809,1.911,2.363,-2.752,2.748,-1.195,0.077,0.308,0.923,0.462,0.769,0.385,0.077,0.154,0.231,0.538,0.692,0.231,0.385,0.077,0.791,0.065,1.536,2.692,2.345,2.044,2.416,2.52,0.611,2.241,1.815,0.876,1.982,2.889,1.797,2.774,1.069,2.444,0.064
"URY","URUGUAY",2004,10,1,4168.66065438387,13.5527282023507,111.088363647461,NA,93.9083862304688,95.0388412475586,NA,10.9967908719866,23.67571,NA,17.0631,17.8462046174237,3283148,51.4951660708461,98.3061141967773,56.273519277708,0,0.800895044345689,29525590.8966064,NA,NA,NA,NA,8.26618195,NA,34,75.319,71.452,79.257,12.5433167895,1,NA,NA,2.0407280132366,"Americas","South America",0.953,2.45,3.185,1.809,1.911,2.363,-2.752,2.748,-1.195,0.077,0.308,0.923,0.462,0.769,0.385,0.077,0.154,0.231,0.615,0.692,0.231,0.385,0.077,0.809,0.045,1.536,2.692,2.365,2.044,2.416,2.52,2.228,2.241,1.815,0.876,1.982,2.889,1.797,2.774,1.604,2.444,0.064
"URY","URUGUAY",2005,10,1,5284.25677987129,26.7615001070963,110.983726501465,NA,93.6424331665039,97.6345825195312,97.34989,8.74583674336276,NA,NA,20.0882,17.8969219665738,3285771,51.5139369116107,98.3802185058594,56.7126964200122,0.00222946780219908,0.806565485741014,21176408.7677002,NA,NA,NA,NA,7.72390509,1.05,28,75.829,71.911,79.796,11.6420010602,1,NA,NA,2.00038586601038,"Americas","South America",0.953,2.45,3.185,1.809,1.911,2.363,-2.752,2.748,-1.195,0.067,0.266,0.867,0.467,0.733,0.333,0.133,0.2,0.2,0.734,0.733,0.334,0.466,0.067,0.824,0.04,2.681,2.692,2.365,2.044,2.416,2.52,2.228,2.241,1.815,1.974,1.982,2.889,1.797,1.781,1.604,2.444,0.049
"URY","URUGUAY",2006,10,1,6001.33294783172,13.5700477443092,111.688217163086,NA,96.0156402587891,98.2648468017578,99.71355,8.91384522998833,19.95,NA,29.4,18.8323064193541,3289506,51.5339532641213,98.505426,56.7931196789588,0.00320350693894352,1.12340438595144,28130428.314209,97.7900009155273,97.4400024414062,98.0800018310547,NA,7.70998907,1,25,75.888,71.91,79.908,10.8179149457,0.9354248046875,NA,NA,2.00617807800672,"Americas","South America",0.953,2.45,3.185,1.809,1.911,2.363,-2.752,2.748,-1.195,0.067,0.2,0.933,0.467,0.733,0.333,0.133,0.2,0.2,0.867,0.667,0.4,0.4,0.067,0.827,0.04,2.681,2.692,2.365,2.044,2.416,2.52,2.228,2.241,1.815,1.974,1.982,2.889,1.797,1.781,1.604,2.444,0.049
"URY","URUGUAY",2007,10,1,7222.05403645877,20.3408325989995,111.181259155273,NA,98.7021331787109,101.22876739502,98.25451,8.49936418864264,NA,NA,34,18.1109425973052,3295153,51.5506113223305,98.692636,56.8756501677862,0.00422122871200601,1.28842123844774,38356353.7597656,97.8600006103516,97.4199981689453,98.2399978637695,NA,7.46167231,0.99,26,76.15,72.156,80.141,9.08394665228,0.936537742614746,NA,NA,1.77716708828507,"Americas","South America",0.953,2.45,3.185,1.809,1.911,2.363,-2.752,2.748,-1.195,0.067,0.2,0.933,0.467,0.733,0.333,0.133,0.2,0.2,0.867,0.667,0.4,0.4,0.067,0.827,0.04,2.681,2.692,2.365,2.044,2.416,2.52,2.228,2.241,1.815,1.974,1.982,2.889,1.797,1.781,1.604,2.444,0.049
"URY","URUGUAY",2008,10,1,9423.96562595893,30.4887166225059,110.917297363281,NA,100.438407897949,103.27433013916,99.41225,9.16892403649034,16.22429,NA,39.3,17.8002013250049,3302177,51.5625141951766,98.784355,57.6398268194825,0.00375759126029811,1.56798161399914,32929897.3083496,98.1600036621094,97.8300018310547,98.4599990844727,NA,8.09081745,0.96,29,76.275,72.289,80.225,7.57250873684,0.936057448387146,NA,NA,1.86952468832085,"Americas","South America",0.953,2.45,3.185,1.809,1.911,2.363,-2.752,2.748,-1.009,0.067,0.2,0.933,0.467,0.733,0.333,0.133,0.2,0.2,0.867,0.667,0.4,0.4,0.067,0.825,0.041,2.681,2.692,2.365,2.044,2.416,2.52,2.228,2.241,1.815,1.974,1.914,2.889,1.797,1.781,1.604,2.444,0.049
"URY","URUGUAY",2009,10,1,9881.39573127081,4.85390252328445,110.820098876953,NA,101.339370727539,102.392059326172,99.37709,7.88699609562802,NA,NA,41.8,18.1226990530545,3310091,51.5699719433695,98.830696105957,58.374156373453,0.0050131491539772,1.34673827245616,50552970.8862305,98.2600021362305,97.9700012207031,98.5199966430664,NA,7.91611385,1.11,29,76.67,72.693,80.566,7.48379198982,0.919731914997101,NA,NA,1.82261337958887,"Americas","South America",0.953,2.45,3.185,1.809,1.911,2.363,-2.752,2.748,-1.139,0.067,0.2,0.933,0.467,0.733,0.333,0.133,0.2,0.2,0.867,0.667,0.4,0.4,0.067,0.827,0.04,2.681,2.692,2.87,2.044,2.416,2.52,2.228,2.241,1.815,1.974,1.914,2.889,1.797,1.781,1.604,2.444,0.046
"URY","URUGUAY",2010,10,1,12641.0576849008,27.9278558280661,109.976485423214,NA,101.25,101.08458207182,99.54073,7.20206450749149,12.49857,NA,46.4,18.1364190222771,3318580,51.574890465199,98.989486694336,58.2442690748379,0.0173337959445058,2.02169884847788,41895671.8444824,98.0699996948242,97.6100006103516,98.4899978637695,NA,7.87757301,2.61,28,76.691,72.673,80.635,6.74229024891,0.941413044929504,NA,NA,1.87580785777619,"Americas","South America",0.961,2.75,3.185,1.958,1.911,2.363,-2.752,2.748,-1.109,0.067,0.2,0.933,0.467,0.733,0.333,0.133,0.2,0.2,0.867,0.667,0.4,0.4,0.067,0.848,0.041,2.681,2.692,2.87,2.044,2.416,2.52,1.856,2.241,1.815,1.974,1.914,2.799,1.797,2.144,1.681,2.444,0.032
"URY","URUGUAY",2011,10,1,15132.2675725587,19.7072899258544,109.464016342435,NA,99.6613449443638,101.919937815779,99.39812,8.82916199856249,NA,NA,51.4047,18.1987734882966,3326825,51.5764430049672,99.17,58.2909901542234,0.0333775517732152,1.43709496222999,17971952.4383545,98.3399963378906,98.0199966430664,98.620002746582,NA,7.91521358,2.58,32,76.614,72.631,80.516,6.28080367915,0.914635479450226,NA,NA,1.71974893241654,"Americas","South America",0.961,2.75,3.185,1.958,1.911,2.363,-2.752,2.748,-1.109,0.067,0.2,0.933,0.467,0.733,0.333,0.133,0.2,0.2,0.867,0.667,0.4,0.4,0.067,0.847,0.041,2.681,2.692,2.87,2.044,2.416,2.52,1.856,2.241,1.815,1.974,1.914,2.799,1.797,2.144,1.681,2.444,0.032
"URY","URUGUAY",2012,10,1,16259.5940814256,7.4498187628616,108.71352566009,NA,99.515055824969,100.070693582594,99.24681,8.12177248512393,8.77286,NA,54.4538,17.7918744529499,3335401,51.5728693491427,99.3490753173828,59.3390519472429,0.0328611652405814,1.17962644777555,18388309.4787598,98.4000015258789,98.0999984741211,98.6600036621094,NA,8.03330803,2.54,31,76.691,72.71,80.577,6.17935518829,0.936216354370117,98.1531023979187,95.5906331539154,1.60724459656554,"Americas","South America",0.961,2.75,3.185,1.958,1.911,2.363,-2.752,2.748,-1.109,0.067,0.2,0.933,0.467,0.733,0.333,0.133,0.2,0.2,0.867,0.667,0.4,0.4,0.067,0.847,0.041,2.681,2.692,2.87,2.044,2.416,2.52,1.856,2.241,1.815,1.974,1.914,2.799,1.797,2.144,1.681,2.444,0.032
"URY","URUGUAY",2013,10,1,18335.2594772322,12.7657885271427,108.655161774964,NA,101.055028462998,100.051583207682,99.49267,7.61620062705491,NA,NA,57.69,17.859739728047,3345337,51.5656270205364,99.611808,59.1028562755059,0.0356588037151128,1.29138043579779,37815509.7961426,98.3600006103516,98.0599975585938,98.6399993896484,NA,8.0844841,2.54,34,76.953,72.968,80.82,6.11293669008,0.943995654582977,NA,NA,1.68721815702608,"Americas","South America",0.961,2.75,3.185,1.958,1.911,2.363,-2.467,2.748,-0.86,0.067,0.2,0.933,0.467,0.733,0.333,0.133,0.2,0.2,0.867,0.667,0.4,0.4,0.067,0.846,0.043,2.681,2.692,2.87,2.044,2.06,2.52,1.79,1.871,1.865,1.931,2.195,2.799,1.797,2.144,1.681,2.444,0.032
"URY","URUGUAY",2014,10,1,18322.4276767157,-0.0699842864642077,108.393033302718,NA,100.513744584595,101.503729248536,96.62933,6.73546217242537,5.04714,NA,61.4625,17.275289380084,3356334,51.5556556647819,99.657085,59.0956557074816,0.0418304836494907,1.45872376049256,95073982.2387695,98.4400024414062,98.0299987792969,98.8099975585938,NA,8.038908,2.5,33,77.194,73.259,80.987,6.27487724341,0.944003522396088,NA,NA,1.74099456885648,"Americas","South America",0.961,2.75,3.185,1.958,1.911,2.363,-2.467,2.748,-0.86,0.067,0.2,0.933,0.467,0.733,0.333,0.133,0.2,0.2,0.867,0.667,0.4,0.4,0.067,0.845,0.044,2.681,2.692,2.892,2.044,2.06,2.52,1.79,1.871,1.865,1.931,2.195,2.799,1.797,2.144,1.681,2.306,0.04
"URY","URUGUAY",2015,10,1,17125.9016800298,-6.53039006510285,108.159318212376,NA,100.346343931198,101.114274095161,99.45328,6.13144194290358,NA,NA,64.5708,17.0956158572883,3368017,51.5427777065192,99.70948,59.3254707453324,0.0129991340611707,1.85218241655473,26277078.62854,98.5199966430664,98.1500015258789,98.870002746582,NA,8.25703716,2.48,33,77.285,73.381,81.046,NA,0.943982481956482,NA,NA,1.76584061733326,"Americas","South America",0.935,2.077,3.185,1.958,1.569,2.363,-2.782,2.748,-0.86,0.067,0.2,0.933,0.467,0.733,0.333,0.133,0.2,0.2,0.867,0.667,0.4,0.4,0.067,0.833,0.037,2.681,2.692,2.892,2.044,2.06,2.52,1.901,2.36,2.025,1.931,2.375,2.859,1.797,2.144,1.681,2.67,0.027
"URY","URUGUAY",2016,10,1,17009.7584207276,-0.678173105697743,108.082291663033,NA,102.825464949929,101.941264310602,99.60035,6.67871966293107,1.3,NA,66.4,21.7322482220825,3379283,51.5271291357158,100,63.5189622671981,0.00974074357398883,1.74168715941962,20403615.9515381,98.5599975585938,98.2399978637695,98.8499984741211,NA,8.63852501,2.51,32,77.351,73.537,81.013,NA,0.943972110748291,NA,NA,1.8091708739885,"Americas","South America",0.935,2.077,3.185,1.958,1.569,2.363,-2.543,2.748,-0.86,0.067,0.2,0.933,0.467,0.733,0.333,0.133,0.2,0.2,0.867,0.667,0.4,0.4,0.067,0.833,0.037,2.681,2.692,2.892,2.044,2.06,2.52,1.901,2.36,2.025,1.931,2.375,2.859,1.797,2.144,1.681,2.67,0.027
"URY","URUGUAY",2017,10,1,19184.6502617082,12.7861418556676,107.146529019901,NA,NA,NA,99.3775,5.40639904878287,NA,NA,70.3224,18.0774760237708,3388438,51.5113900597827,NA,65.35917582282,0.00551661089286989,1.82938511988003,47664066.3146973,98.620002746582,98.2300033569336,98.9599990844727,NA,8.71702194,2.47,34,77.618,73.856,81.204,NA,0.943936884403229,NA,NA,1.91114379023487,"Americas","South America",0.905,2.077,2.33,1.958,1.485,2.363,-2.543,2.748,-0.86,0.067,0.2,0.933,0.467,0.733,0.333,0.133,0.2,0.2,0.867,0.667,0.4,0.4,0.067,0.826,0.036,2.681,2.799,2.892,2.044,2.06,2.52,1.901,2.36,2.025,1.931,2.375,2.859,1.797,2.144,1.681,2.67,0.027
"URY","URUGUAY",2018,10,1,19249.9404677501,0.340325234764466,105.119927660277,NA,100.795374004434,102.388055085655,NA,5.823866393323,1.3,NA,80.7268,18.3247041806937,3394534,51.5053907252071,NA,64.7307517847279,0.0087147505921723,1.97299244228802,NA,98.6999969482422,98.370002746582,99.0100021362305,NA,8.9001112,2.52,36,77.527,73.449,81.501,NA,0.944610416889191,NA,NA,2.07741613248953,"Americas","South America",0.911,2.077,2.33,1.958,1.574,2.363,-2.543,2.748,-0.86,0.067,0.2,0.933,0.467,0.733,0.333,0.133,0.2,0.2,0.867,0.667,0.4,0.4,0.067,0.839,0.037,2.681,2.799,2.892,2.044,2.06,2.52,1.901,2.36,2.025,2.084,2.375,2.859,1.797,2.144,1.681,2.67,0.027
"URY","URUGUAY",2019,NA,1,18315.7316980028,-4.85304757857513,104.354154032747,NA,NA,NA,NA,6.50279559696965,NA,NA,83.3515,17.8650944056789,3397206,51.5051932397368,NA,64.883275928797,0.00734992334670971,1.70632780467724,NA,98.7699966430664,98.4800033569336,99.0400009155273,NA,9.240695,2.5,38,77.503,73.58,81.293,NA,0.944015622138977,NA,NA,2.0057166464094,"Americas","South America",0.911,2.077,2.33,1.958,1.574,2.363,-1.989,2.748,-0.86,0.083,0.25,1,0.583,0.833,0.417,0.167,0.25,0.25,0.917,0.75,0.417,0.5,0.083,0.838,0.037,2.681,2.799,1.84,2.044,2.06,2.52,1.901,2.36,2.025,2.084,2.375,2.859,1.797,2.144,1.681,2.432,0.036
"URY","URUGUAY",2020,NA,1,15757.5355995779,-13.9672066647703,105.236604559537,NA,100.729499751306,101.135375930921,NA,7.20670291373453,1.3,NA,85.471,18.5526476965432,3398968,51.4999107082177,NA,64.6189887676901,0.00396420911308914,2.29343009292959,NA,98.9665883559203,98.7392835820531,99.3204399005997,NA,9.08774948,2.52,35,78.381,74.511,82.015,NA,0.947638988494873,NA,NA,2.05692189335606,"Americas","South America",0.909,2.575,1.446,1.621,1.48,2.363,-2.314,2.748,-0.61,0.167,0.417,1,0.667,0.667,0.5,0.167,0.167,0.333,0.667,0.75,0.333,0.417,0.083,0.81,0.042,1.961,2.799,1.84,1.576,1.932,2.52,2.361,2.36,2.331,2.084,2.375,2.859,0.891,2.187,1.802,2.007,0.099
"VEN","VENEZUELA",1960,6,1,939.197766577539,NA,NA,NA,NA,NA,NA,NA,NA,NA,NA,NA,8160090,49.5045397783603,NA,NA,NA,NA,-2547524.92904663,NA,NA,NA,NA,NA,NA,NA,58.376,56.523,60.397,NA,NA,NA,NA,3.05804440981691,"Americas","South America",0.87,2.022,1.821,2.317,0.793,1.253,0.977,2.198,-0.287,0.167,0.417,1,0.667,0.417,0.583,0,0.167,0.25,0.667,0.667,0.5,0.417,0,0.516,0.328,1.025,1.338,0.116,0.426,1.04,0.463,0.695,-1.371,1.158,0.699,1.41,-0.622,1.426,0.804,1.366,0.688,0.375
"VEN","VENEZUELA",1961,6,1,954.038330638213,1.58013195822999,NA,NA,NA,NA,NA,NA,NA,NA,NA,NA,8455915,49.5267040882033,NA,NA,NA,NA,-10473885.5361938,NA,NA,NA,NA,NA,NA,NA,59.115,57.306,61.08,NA,NA,NA,NA,1.42222222222222,"Americas","South America",0.87,2.022,1.821,2.317,0.793,1.253,0.977,2.198,-0.287,0.167,0.417,1,0.75,0.417,0.583,0,0.167,0.333,0.667,0.667,0.583,0.417,0,0.533,0.337,1.025,1.338,0.116,0.426,1.04,0.463,0.695,-1.371,1.158,0.699,1.41,-0.622,1.426,0.804,1.366,0.192,0.448
"VEN","VENEZUELA",1962,6,1,1006.55940812318,5.50513284406849,NA,NA,NA,NA,NA,NA,NA,NA,NA,NA,8756870,49.5472639821379,NA,NA,NA,NA,703353942.871094,NA,NA,NA,NA,NA,NA,NA,59.667,57.78,61.711,NA,NA,NA,NA,2.31290213342364,"Americas","South America",0.87,2.022,1.821,2.317,0.793,1.253,0.977,2.198,-0.287,0.167,0.417,1,0.75,0.417,0.583,0,0.167,0.333,0.667,0.667,0.583,0.417,0,0.528,0.333,1.025,1.338,0.116,0.426,1.04,0.463,0.695,-1.371,1.158,0.699,1.41,-0.622,1.426,0.975,1.366,0.192,0.448
"VEN","VENEZUELA",1963,6,1,1060.09433210388,5.31860549398875,NA,NA,NA,NA,NA,NA,NA,NA,NA,NA,9064021,49.5658383845315,NA,NA,NA,NA,350428710.9375,NA,NA,NA,NA,NA,NA,NA,60.502,58.724,62.414,NA,NA,NA,NA,2.55358807082945,"Americas","South America",0.87,2.022,1.821,2.317,0.793,1.253,0.871,2.198,-0.287,0.167,0.417,1,0.75,0.417,0.583,0,0.167,0.333,0.667,0.667,0.583,0.417,0,0.527,0.333,1.025,1.338,-0.229,0.426,1.04,0.463,0.695,-1.371,1.158,0.699,1.41,-0.622,1.426,0.975,1.366,0.192,0.45
"VEN","VENEZUELA",1964,6,1,873.604754880876,-17.5917908034556,NA,NA,NA,NA,NA,NA,NA,NA,NA,NA,9377712,49.5819822129302,NA,NA,NA,NA,-434739837.646484,NA,NA,NA,NA,NA,NA,NA,61.168,59.39,63.075,NA,NA,NA,NA,2.44668911335578,"Americas","South America",0.87,2.022,1.821,2.317,0.793,1.253,0.871,2.198,-0.287,0.167,0.417,1,0.75,0.417,0.583,0,0.167,0.333,0.667,0.667,0.583,0.417,0,0.512,0.344,1.025,1.338,-0.229,0.426,1.04,0.463,0.695,-1.371,1.158,0.699,1.41,-0.622,1.426,0.787,1.366,0.192,0.475
"VEN","VENEZUELA",1965,6,1,869.041067890496,-0.522397224246142,NA,NA,NA,NA,NA,NA,NA,NA,NA,NA,9697790,49.596536942953,NA,NA,NA,NA,39062015.5334473,NA,NA,NA,NA,NA,NA,NA,61.909,60.188,63.748,NA,NA,NA,NA,2.63643553915107,"Americas","South America",0.894,2.307,1.875,2.317,0.928,1.887,0.76,2.198,-0.287,0.167,0.417,1,0.75,0.5,0.5,0,0.167,0.333,0.667,0.667,0.5,0.417,0,0.516,0.344,1.025,1.338,-0.229,0.426,1.04,0.463,0.695,-1.371,1.158,0.699,1.41,-0.622,1.426,0.787,1.366,0.192,0.475
"VEN","VENEZUELA",1966,6,1,875.956231715029,0.795723479595599,NA,NA,NA,NA,NA,NA,NA,NA,NA,NA,10024854,49.6109170268215,NA,NA,NA,NA,205173492.431641,NA,NA,NA,NA,NA,NA,NA,62.894,61.074,64.847,NA,NA,NA,NA,2.65688259109312,"Americas","South America",0.894,2.307,1.875,2.317,0.928,1.887,0.76,2.198,-0.287,0.167,0.417,1,0.75,0.5,0.5,0,0.167,0.333,0.667,0.667,0.5,0.417,0,0.516,0.344,1.025,1.338,-0.229,0.426,1.04,0.463,0.695,-1.371,1.158,0.699,1.41,-0.622,1.426,0.787,1.366,0.192,0.475
"VEN","VENEZUELA",1967,6,1,892.985315556393,1.94405647506186,NA,NA,NA,NA,NA,NA,NA,NA,NA,NA,10358513,49.6248689000891,NA,NA,NA,NA,178328689.575195,NA,NA,NA,NA,NA,NA,NA,63.55,61.84,65.377,NA,NA,NA,NA,2.8585154936344,"Americas","South America",0.894,2.307,1.875,2.317,0.928,1.887,0.451,2.198,-0.287,0.167,0.417,1,0.75,0.5,0.5,0,0.167,0.333,0.667,0.667,0.5,0.417,0,0.516,0.344,1.025,1.338,-0.229,0.426,1.04,0.463,0.695,-1.371,1.158,0.699,1.41,-0.622,1.426,0.787,1.366,0.192,0.475
"VEN","VENEZUELA",1968,7,1,938.015078662499,5.04260958401644,NA,NA,NA,NA,NA,6.44978407706788,NA,NA,NA,NA,10697530,49.6384866413088,NA,56.9223784741446,NA,NA,123358245.849609,NA,NA,NA,NA,NA,NA,NA,63.908,62.116,65.828,NA,NA,NA,NA,2.67737617135208,"Americas","South America",0.894,2.307,1.875,2.317,0.928,1.887,0.451,2.198,-0.287,0.167,0.417,1,0.75,0.5,0.5,0,0.167,0.333,0.667,0.666,0.5,0.417,0,0.518,0.337,1.025,1.338,0.004,0.426,1.04,0.463,0.695,-1.371,1.158,0.699,1.41,-0.622,1.426,0.942,1.366,0.192,0.473
"VEN","VENEZUELA",1969,9,1,931.598755748143,-0.684031958580551,NA,NA,NA,NA,NA,7.09072445606378,NA,NA,NA,NA,11040280,49.6508286338002,NA,60.5220059201003,NA,NA,74902763.3666992,NA,NA,NA,NA,NA,NA,NA,63.84,62.234,65.541,NA,NA,NA,NA,2.4989228780698,"Americas","South America",0.894,2.307,1.875,2.317,0.928,1.887,0.168,2.198,-0.287,0.167,0.417,1,0.75,0.5,0.5,0,0.167,0.333,0.666,0.584,0.5,0.417,0,0.544,0.335,1.025,1.338,0.004,0.426,1.04,0.463,0.695,-1.371,1.158,0.699,1.41,-0.622,1.426,1.132,1.366,0.192,0.454
"VEN","VENEZUELA",1970,9,1,1015.21990755986,8.97609097218715,NA,NA,NA,NA,NA,6.46535319557905,NA,NA,NA,NA,11387790,49.6617868787535,NA,57.7451225372417,4.79927244945126,5.48772130601331,34925430.2978516,NA,NA,NA,NA,NA,NA,NA,64.816,62.982,66.783,NA,NA,NA,NA,2.29401644045116,"Americas","South America",0.894,2.307,1.875,2.317,0.928,1.887,0.168,2.198,-0.287,0.167,0.417,1,0.75,0.5,0.5,0,0.167,0.333,0.583,0.667,0.5,0.417,0,0.553,0.346,1.025,1.338,0.004,0.096,0.779,0.463,0.695,-1.371,0.944,0.699,1.41,-0.622,1.426,1.132,1.366,0.192,0.454
"VEN","VENEZUELA",1971,9,1,1106.08824294225,8.95060614018074,89.086311340332,NA,NA,NA,74.91528,6.31665529129697,NA,NA,NA,NA,11741008,49.6728943824164,NA,58.3076950000875,6.78719222962612,7.38794104909662,52420680.9997559,NA,NA,NA,NA,NA,NA,NA,65.184,63.341,67.159,NA,NA,NA,NA,2.69940787182167,"Americas","South America",0.894,2.307,1.875,2.317,0.928,1.887,-0.337,2.198,-0.287,0.167,0.417,0.917,0.75,0.5,0.5,0,0.167,0.333,0.583,0.667,0.5,0.417,0,0.56,0.346,1.025,1.338,0.004,0.096,0.779,0.463,0.695,-1.371,0.944,0.699,1.41,-0.622,1.426,1.132,1.366,0.192,0.454
"VEN","VENEZUELA",1972,9,1,1155.26236263344,4.44576822915905,90.5719680786133,NA,NA,NA,75.79483,5.9074501642223,NA,NA,NA,NA,12099180,49.6836893078705,NA,60.5900621118012,6.69174635347221,7.19271915747182,50383583.0688477,NA,NA,NA,NA,NA,NA,NA,65.555,63.624,67.625,NA,NA,NA,NA,2.82926829268293,"Americas","South America",0.894,2.307,1.875,2.317,0.928,1.887,-0.337,2.198,-0.287,0.167,0.417,0.917,0.75,0.5,0.5,0,0.167,0.333,0.583,0.667,0.5,0.417,0,0.567,0.346,1.025,1.338,0.004,0.096,0.779,0.463,0.695,-1.371,0.944,0.699,1.41,-0.622,1.426,1.132,1.366,0.192,0.454
"VEN","VENEZUELA",1973,9,1,1366.83361997071,18.3136977521703,91.3041534423828,NA,NA,NA,75.95367,6.0150437524743,NA,NA,NA,NA,12463537,49.6954837138125,NA,57.0784814273818,10.2866739191916,10.7554427076038,42298519.1345215,NA,NA,NA,NA,NA,NA,NA,65.74,63.701,67.931,NA,NA,NA,NA,2.47098976109215,"Americas","South America",0.894,2.307,1.875,2.317,0.928,1.887,-0.337,2.198,-0.287,0.167,0.417,0.917,0.75,0.5,0.5,0,0.167,0.333,0.583,0.667,0.5,0.417,0,0.563,0.391,1.025,1.251,-0.584,-0.08,0.113,0.463,0.695,-1.54,0.944,0.606,1.202,-0.736,1.426,1.132,1.366,0.06,0.464
"VEN","VENEZUELA",1974,9,1,2033.51900797712,48.7758991486247,90.8208618164062,NA,NA,NA,74.78064,4.86875634834364,NA,NA,NA,NA,12835351,49.7080952214003,NA,44.9942976281697,33.3402278252986,33.9478841729493,22754976.272583,NA,NA,NA,NA,NA,0.342999994754791,NA,66.223,64.105,68.494,NA,NA,NA,NA,2.30776084825804,"Americas","South America",0.894,2.307,1.875,2.317,0.928,1.887,-0.496,2.198,-0.287,0.167,0.417,0.917,0.75,0.5,0.5,0,0.167,0.333,0.584,0.667,0.5,0.417,0,0.584,0.412,1.025,1.251,-0.584,-0.08,-0.087,0.463,0.695,-1.54,0.944,0.606,1.202,-0.736,1.426,0.93,1.366,-0.593,0.601
"VEN","VENEZUELA",1975,9,1,2078.1534203511,2.19493460345772,92.0394134521484,NA,NA,NA,75.52789,5.54607190638283,NA,NA,NA,NA,13215892,49.7203215643711,NA,53.4799911937543,24.0233622156042,24.8915014056924,13846331.5963745,NA,NA,NA,NA,NA,0.331499993801117,NA,66.686,64.503,69.038,NA,NA,NA,NA,2.59102455546147,"Americas","South America",0.894,2.307,1.875,2.317,0.928,1.887,-0.496,2.198,-0.287,0.167,0.417,1,0.75,0.5,0.5,0,0.167,0.333,0.667,0.667,0.5,0.417,0,0.584,0.416,0.752,1.251,-0.584,-0.215,-0.087,0.463,0.695,-1.54,0.944,0.606,1.202,-0.736,1.426,0.93,1.366,-0.593,0.626
"VEN","VENEZUELA",1976,9,1,2309.19293494983,11.1175388850596,95.639892578125,NA,NA,NA,78.19822,5.14536949313122,NA,NA,NA,NA,13606284,49.7315211118627,NA,55.4168640454761,22.1509399998971,22.9931513860828,-65228561.4013672,NA,NA,NA,NA,NA,0.342900007963181,NA,67.266,65.081,69.608,NA,NA,NA,NA,1.88749074759437,"Americas","South America",0.894,2.307,1.875,2.317,0.928,1.887,-0.496,2.198,-0.287,0.167,0.417,1,0.75,0.5,0.5,0,0.167,0.333,0.667,0.667,0.5,0.417,0,0.586,0.417,0.752,1.251,-0.584,-0.215,-0.087,0.463,0.695,-1.54,1.177,0.606,1.202,-0.736,1.426,0.93,1.366,-0.593,0.626
"VEN","VENEZUELA",1977,9,1,2585.22051087846,11.9534219835393,98.1688766479492,NA,NA,NA,79.39524,5.55932334014103,NA,NA,NA,NA,14006812,49.7429036671585,NA,57.285332614029,15.7438348333444,16.1985343555775,-36085861.2060547,NA,NA,NA,NA,NA,NA,NA,67.726,65.335,70.298,NA,NA,NA,NA,2.06794682422452,"Americas","South America",0.894,2.307,1.875,2.317,0.928,1.887,-0.496,2.198,-0.287,0.167,0.417,1,0.75,0.5,0.5,0,0.167,0.333,0.667,0.667,0.5,0.417,0,0.586,0.413,0.752,1.251,-0.584,-0.263,-0.087,0.463,0.695,-1.54,1.177,0.606,1.202,-0.736,1.426,0.93,1.366,-0.593,0.626
"VEN","VENEZUELA",1978,9,1,2727.13746585327,5.48954931997605,101.076736450195,NA,NA,NA,80.80097,5.70821010292204,NA,NA,NA,NA,14416684,49.7556754213157,NA,60.160298119011,15.4615217950232,15.8263995123574,-63423282.623291,NA,NA,NA,NA,NA,NA,NA,68.108,65.55,70.874,NA,NA,NA,NA,2.10576126818881,"Americas","South America",0.894,2.307,1.875,2.317,0.928,1.887,-0.496,2.198,-0.287,0.167,0.417,1,0.75,0.5,0.5,0,0.167,0.333,0.667,0.667,0.5,0.417,0,0.585,0.413,0.752,1.251,-0.533,-0.263,-0.087,0.463,0.695,-1.54,1.177,0.606,1.202,-0.736,1.426,0.93,1.366,-0.593,0.624
"VEN","VENEZUELA",1979,9,1,3256.64908738452,19.4163890952074,102.413162231445,NA,NA,NA,81.7203,5.35224827546369,NA,NA,NA,NA,14834552,49.7692212073543,NA,54.9285394513255,35.9005908031082,36.481380981255,25214710.2355957,NA,NA,NA,NA,NA,NA,NA,68.226,65.637,71.011,NA,NA,NA,NA,1.91585635891018,"Americas","South America",0.894,2.307,1.875,2.317,0.928,1.887,-0.496,2.198,-0.287,0.167,0.417,1,0.75,0.5,0.5,0,0.167,0.333,0.666,0.667,0.5,0.417,0,0.588,0.418,0.752,1.251,-0.533,-0.263,-0.087,0.463,0.695,-1.54,1.177,0.606,1.202,-1.309,1.426,1.143,1.366,-0.593,0.6
"VEN","VENEZUELA",1980,9,1,3874.40470623155,18.969056913134,104.085968017578,NA,NA,NA,NA,5.29746145766539,NA,NA,NA,NA,15258218,49.7841949826644,NA,53.863714147466,33.5669317799093,34.4312946645093,43299320.2209473,NA,NA,NA,NA,NA,0.331900000572205,NA,68.179,65.498,71.068,NA,NA,NA,NA,1.6955153422502,"Americas","South America",0.894,2.307,1.875,2.317,0.928,1.887,-0.496,2.198,-0.287,0.167,0.417,1,0.75,0.5,0.5,0,0.167,0.333,0.583,0.667,0.5,0.417,0,0.589,0.412,0.752,1.251,-0.533,-0.263,-0.087,0.463,0.695,-1.54,1.177,0.606,1.202,-1.309,1.426,1.143,1.523,-0.593,0.6
"VEN","VENEZUELA",1981,9,1,4228.0988152685,9.12899234476132,105.414100646973,NA,NA,NA,NA,5.4248127682253,NA,NA,NA,NA,15687297,49.7992356490733,NA,56.1667625031556,24.1805766481041,24.750858904318,46412868.4997559,84.7300033569336,86.4899978637695,83,NA,NA,NA,NA,68.697,66.059,71.525,NA,NA,NA,NA,1.52168577539357,"Americas","South America",0.894,2.307,1.875,2.317,0.928,1.887,-0.109,2.198,-0.287,0.167,0.417,1,0.75,0.5,0.5,0,0.167,0.333,0.583,0.667,0.5,0.417,0,0.584,0.412,0.752,1.251,-0.533,-0.263,-0.087,0.463,0.695,-1.54,1.177,0.606,1.202,-1.309,1.426,1.143,1.523,-0.593,0.6
"VEN","VENEZUELA",1982,9,1,4201.54283466342,-0.628083253617008,106.078842163086,NA,NA,NA,NA,5.71284864798055,NA,NA,NA,NA,16121874,49.813486334561,NA,58.4518381696582,12.7185086495916,13.1086608763643,52577690.1245117,NA,NA,NA,NA,NA,0.370400011539459,NA,68.985,66.277,71.894,NA,NA,NA,NA,2.24877261647269,"Americas","South America",0.891,2.307,1.875,2.317,0.764,1.887,0.165,2.198,-0.287,0.167,0.417,1,0.75,0.5,0.5,0,0.167,0.333,0.583,0.667,0.5,0.417,0,0.587,0.418,0.752,1.251,-0.533,-0.263,-0.087,0.463,0.695,-1.54,1.177,0.606,1.202,-1.309,1.426,1.216,1.523,-0.593,0.6
"VEN","VENEZUELA",1983,9,1,4078.94233103427,-2.91798771198226,105.254440307617,NA,NA,NA,NA,6.11799980722361,NA,NA,NA,NA,16562205,49.8267893677201,NA,61.0546245679743,16.5476906655835,17.0995109701258,51590850.8300781,NA,NA,NA,NA,NA,0.358200013637543,NA,69.541,66.89,72.373,NA,NA,NA,NA,2.97074010327022,"Americas","South America",0.899,2.307,1.875,2.317,1.211,1.887,0.165,2.198,-0.287,0.167,0.417,1,0.75,0.5,0.5,0,0.167,0.333,0.583,0.667,0.5,0.417,0,0.586,0.418,0.752,1.251,-0.535,-0.263,-0.087,0.463,0.695,-1.54,1.177,0.606,1.202,-1.309,1.426,1.216,1.523,-0.593,0.601
"VEN","VENEZUELA",1984,9,1,3519.80146489308,-13.7079865505089,103.982536315918,NA,NA,NA,NA,4.95324611019063,NA,NA,NA,NA,17008841,49.8372816819206,NA,37.4177760003047,18.3191498331889,19.0260300794035,53754528.0456543,NA,NA,NA,NA,NA,0.37279999256134,NA,69.672,67.139,72.37,NA,NA,NA,NA,2.29205175600739,"Americas","South America",0.899,2.307,1.875,2.317,1.211,1.887,0.165,2.198,-0.287,0.167,0.417,1,0.75,0.5,0.5,0,0.167,0.333,0.584,0.667,0.5,0.417,0,0.582,0.416,0.752,1.251,-0.535,-0.263,-0.087,0.463,0.695,-1.54,1.177,0.606,1.202,-1.309,1.426,0.999,1.523,-0.593,0.609
"VEN","VENEZUELA",1985,9,1,3548.70434276284,0.821150799499375,104.39527130127,NA,NA,NA,NA,5.6067573121373,NA,NA,NA,NA,17461434,49.8450012753821,NA,38.113594453685,15.6094632774951,16.3107385078032,50498321.5332031,NA,NA,NA,NA,NA,2.69309997558594,NA,69.961,67.499,72.569,NA,NA,NA,NA,1.36961895641717,"Americas","South America",0.899,2.307,1.875,2.317,1.211,1.887,0.165,2.198,-0.287,0.167,0.417,1,0.75,0.5,0.5,0,0.167,0.333,0.667,0.667,0.5,0.417,0,0.58,0.416,0.752,1.251,-0.535,-0.263,-0.087,0.463,0.695,-1.54,1.177,0.606,1.202,-1.309,1.426,0.999,1.523,-0.593,0.609
"VEN","VENEZUELA",1986,9,1,3376.34960597843,-4.85683562610413,104.340309143066,NA,NA,NA,NA,6.42009354582846,NA,NA,NA,NA,17923536,49.8505763594862,NA,42.3918171931345,7.36089191172372,8.00102414924425,47200103.7597656,NA,NA,NA,NA,NA,2.70009994506836,NA,70.528,68.064,73.123,NA,NA,NA,NA,1.64997053624042,"Americas","South America",0.899,2.307,1.875,2.317,1.211,1.887,0.003,2.198,-0.287,0.167,0.417,1,0.75,0.5,0.5,0,0.167,0.333,0.667,0.667,0.5,0.417,0,0.58,0.416,0.752,1.251,-0.535,-0.263,-0.087,0.463,0.695,-1.54,1.177,0.606,1.202,-1.309,1.426,0.999,1.523,-0.593,0.609
"VEN","VENEZUELA",1987,9,1,2610.98837126004,-22.6683052419448,103.786468505859,NA,NA,NA,NA,5.91573200693259,NA,NA,NA,NA,18394963,49.8554848955119,NA,38.764152717968,15.2245976568424,15.9166311155573,42760635.3759766,NA,NA,NA,NA,NA,2.59829998016357,NA,70.673,68.12,73.371,NA,NA,NA,NA,1.63369833980925,"Americas","South America",0.899,2.307,1.875,2.317,1.211,1.887,0.336,2.198,-0.287,0.167,0.417,1,0.75,0.5,0.5,0,0.167,0.333,0.667,0.667,0.5,0.417,0,0.58,0.416,0.752,1.251,-0.535,-0.263,-0.087,0.463,0.695,-1.54,1.177,0.606,1.202,-1.309,1.426,0.999,1.523,-0.593,0.609
"VEN","VENEZUELA",1988,9,1,3191.47633742656,22.2324991009585,103.345626831055,NA,72.5210571289062,80.3545074462891,NA,6.41382003313931,NA,NA,NA,NA,18871020,49.8607997945633,NA,39.8318872576244,9.50512761197021,10.0130859589153,48179050.4455566,NA,NA,NA,NA,NA,2.49959993362427,NA,70.762,68.125,73.551,NA,NA,NA,NA,1.81610508280982,"Americas","South America",0.899,2.307,1.875,2.317,1.211,1.887,0.499,2.198,-0.287,0.167,0.417,1,0.75,0.5,0.5,0,0.167,0.333,0.667,0.667,0.5,0.417,0,0.578,0.427,0.752,1.251,-0.436,-0.263,-0.087,0.463,0.695,-1.54,1.177,0.606,1.003,-1.309,1.426,0.999,1.523,-0.593,0.609
"VEN","VENEZUELA",1989,9,1,2250.08459665588,-29.4970615865436,102.946510314941,NA,72.3090896606445,81.4324035644531,NA,5.89725899966962,NA,NA,NA,NA,19348921,49.8668530405391,NA,34.2879483779044,20.0333515379632,20.9626504331607,123695083.618164,NA,NA,NA,NA,NA,NA,NA,70.805,68.009,73.775,NA,0.180607169866562,NA,NA,2.79359694117964,"Americas","South America",0.899,2.307,1.875,1.524,1.211,1.887,0.832,2.198,-0.287,0.167,0.417,1,0.75,0.583,0.5,0,0.167,0.25,0.583,0.667,0.5,0.417,0,0.58,0.418,1.387,1.411,-0.436,-0.263,-0.087,0.463,0.695,-1.54,1.177,0.606,0.383,-1.309,1.426,1.366,1.824,-0.593,0.565
"VEN","VENEZUELA",1990,9,1,2451.5523114567,8.95378400884328,103.632537841797,NA,NA,NA,NA,5.21213674081204,NA,NA,0,NA,19827010,49.8697685631873,97.3895874023438,32.3949034358066,28.0600250559547,29.2548511239111,128454818.725586,89.8300018310547,90.6699981689453,89,NA,NA,2.6779000759,NA,70.964,68.364,73.687,NA,NA,NA,NA,1.51803655572423,"Americas","South America",0.887,2.307,1.875,1.81,0.826,1.887,1.112,2.468,-0.287,0.167,0.417,1,0.667,0.583,0.583,0,0.167,0.167,0.417,0.583,0.5,0.417,0,0.595,0.405,1.06,1.411,-0.436,-0.263,-0.087,0.463,0.695,-1.54,1.177,0.606,0.257,-0.968,1.426,1.656,2.269,-0.593,0.583
"VEN","VENEZUELA",1991,9,1,2632.53969814106,7.38256270684341,107.00602722168,NA,74.4535675048828,84.337287902832,NA,5.29185920489667,NA,NA,NA,NA,20304896,49.8695757974049,97.5362091064453,36.0655962221464,15.6286717350987,16.6639894189064,46681789.3981934,NA,NA,NA,NA,NA,2.6775999069,NA,71.172,68.286,74.231,NA,NA,NA,NA,1.84033527682396,"Americas","South America",0.887,2.307,1.875,1.81,0.826,1.887,1.112,2.468,-0.287,0.167,0.417,1,0.667,0.583,0.583,0,0.167,0.25,0.417,0.583,0.5,0.417,0,0.617,0.348,1.06,1.612,-0.436,-0.263,-0.087,0.463,0.695,-1.54,1.177,1.197,1.413,-0.968,1.426,1.656,2.465,-0.593,0.583
"VEN","VENEZUELA",1992,8,1,2907.30334439434,10.437208086446,108.725692749023,NA,77.8675765991211,87.6370162963867,NA,5.13763217711413,NA,NA,0.0121,NA,20780948,49.8713412819926,97.820203,38.0373367142017,14.935095280643,15.7571776112482,46295967.1020508,NA,NA,NA,NA,NA,2.5729999542,NA,71.177,68.132,74.412,NA,0.160278514027596,NA,NA,1.64347885019412,"Americas","South America",0.887,2.307,1.875,2.307,0.826,1.887,1.112,2.468,-0.287,0.167,0.417,1,0.667,0.583,0.584,0,0.167,0.25,0.417,0.583,0.5,0.417,0,0.61,0.351,1.06,1.4,-0.436,-0.263,-0.087,0.463,0.695,-1.54,1.177,1.197,1.413,-0.968,1.426,1.656,2.465,-0.593,0.583
"VEN","VENEZUELA",1993,8,1,2824.69144366441,-2.84153013785838,107.152236938477,NA,77.5736389160156,86.7876434326172,NA,5.17534323584413,NA,NA,0.0416,NA,21254520,49.8758005356037,97.8253860473633,40.4963179579835,14.9699327410478,15.7932181812518,58691001.8920898,NA,NA,NA,NA,NA,2.5999999046,NA,71.385,68.2,74.768,NA,NA,NA,NA,2.14525385503951,"Americas","South America",0.887,2.307,1.875,2.307,0.826,1.887,0.803,2.468,-0.287,0.167,0.417,0.917,0.667,0.583,0.666,0,0.167,0.25,0.417,0.583,0.5,0.417,0,0.615,0.368,0.981,1.481,-0.553,-0.263,-0.087,0.463,0.695,-1.54,1.177,1.197,1.413,-0.968,1.426,1.333,2.278,-0.593,0.59
"VEN","VENEZUELA",1994,8,1,2688.98325145295,-4.80435456112718,NA,NA,NA,NA,NA,4.8799401325991,NA,NA,0.0555,NA,21725188,49.8829239130175,97.9623260498047,46.9445458833554,15.3866042080656,16.2198265911409,36327499.3896484,NA,NA,NA,NA,NA,NA,NA,71.283,68.114,74.637,NA,NA,NA,NA,1.59074692484412,"Americas","South America",0.887,2.307,1.875,1.801,0.826,1.887,0.803,2.468,-0.287,0.167,0.417,1,0.75,0.5,0.584,0,0.167,0.25,0.417,0.583,0.5,0.417,0,0.605,0.413,0.658,1.481,-0.553,-0.263,-0.087,0.463,0.695,-1.54,1.177,0.603,0.262,-0.968,1.426,1.333,2.278,-0.593,0.614
"VEN","VENEZUELA",1995,8,1,3486.98350635919,29.6766539722794,NA,NA,NA,NA,NA,5.04047221308453,NA,NA,0.122,NA,22193821,49.8901135541335,98.090087890625,48.5300408032159,14.5559545074645,15.1363210095652,56415199.2797852,NA,NA,NA,NA,NA,NA,NA,71.714,68.655,74.929,NA,0.161055192351341,NA,NA,1.54906215977261,"Americas","South America",0.887,2.307,1.875,1.801,0.826,1.887,0.803,2.468,-0.287,0.167,0.417,1,0.667,0.583,0.667,0,0.167,0.25,0.417,0.583,0.5,0.417,0,0.604,0.406,0.658,1.481,-0.553,-0.144,-0.087,0.463,0.695,-1.54,1.443,0.603,0.262,-0.968,1.426,1.333,2.278,-0.593,0.614
"VEN","VENEZUELA",1996,8,1,3112.825848106,-10.7301241193381,98.7612991333008,NA,75.4667587280273,83.9416427612305,NA,4.08961921662174,NA,NA,0.248,NA,22662113,49.8952833791234,98.2056121826172,42.2193534124052,23.0648781099677,23.8367720643582,46310546.875,NA,NA,NA,NA,NA,1.4700000286,NA,71.92,68.896,75.091,NA,NA,NA,NA,1.03948338355238,"Americas","South America",0.887,2.307,1.875,2.308,0.826,1.887,0.803,2.468,-0.287,0.167,0.417,1,0.667,0.583,0.667,0,0.167,0.25,0.417,0.583,0.5,0.417,0,0.604,0.406,0.658,1.481,-0.553,-0.144,-0.087,0.463,0.695,-1.54,1.443,0.603,0.262,-0.968,1.426,1.333,2.278,-0.593,0.614
"VEN","VENEZUELA",1997,8,1,3710.82688355096,19.2108734836166,100.005096435547,NA,76.6716537475586,83.8684463500977,NA,4.49549200535744,NA,NA,0.391,NA,23131685,49.898865997057,98.3058395385742,40.3443460888287,17.5046486685088,18.0963540802062,3249702.93045044,NA,NA,NA,NA,NA,NA,NA,72.56,69.583,75.669,NA,NA,NA,NA,1.79528505216579,"Americas","South America",0.887,2.307,1.875,2.308,0.826,1.887,0.803,2.468,-0.287,0.167,0.417,1,0.667,0.583,0.667,0,0.167,0.25,0.417,0.583,0.5,0.417,0,0.603,0.407,0.658,1.481,-0.553,-0.144,-0.259,0.463,0.695,-1.54,1.443,0.603,0.262,-0.968,1.426,1.333,2.278,-0.593,0.614
"VEN","VENEZUELA",1998,8,1,3869.98258848894,4.28895526340699,NA,NA,NA,NA,NA,4.95043215492494,NA,NA,1.38,NA,23601337,49.9035160592809,98.3877182006836,45.8091838462613,8.57137562243914,9.06347009522954,59361404.4189453,NA,NA,NA,NA,NA,NA,NA,72.446,69.252,75.805,NA,0.134911477565765,NA,NA,1.58855520454273,"Americas","South America",0.875,2.053,1.993,1.983,0.826,1.887,0.803,1.971,-0.601,0.083,0.333,0.833,0.5,0.5,0.75,0,0.083,0.25,0.417,0.5,0.5,0.333,0.167,0.58,0.432,0.96,1.416,-0.601,-0.144,-0.259,0.463,0.547,-1.54,1.077,0.369,0.262,-0.968,1.426,1.333,2.278,-0.593,0.596
"VEN","VENEZUELA",1999,7,1,4070.90619189484,5.19184773604761,98.338996887207,NA,77.4450302124023,83.9295806884766,85.4531,4.35106142766149,NA,NA,2.84,NA,24066593,49.9103570700532,98.4481811523438,45.7783100737051,12.8387638257711,13.269532614572,66565139.7705078,NA,NA,NA,NA,NA,NA,NA,72.088,68.889,75.444,NA,NA,NA,NA,1.43719900378467,"Americas","South America",0.742,1.227,0.963,0.385,0.826,1.887,0.236,1.347,-1.728,0.077,0.308,0.692,0.385,0.384,0.615,0.077,0,0.231,0.539,0.462,0.538,0.385,0.154,0.441,0.551,1.281,1.205,-0.555,-0.588,-0.259,0.248,0.306,-1.54,1.077,-0.202,0.262,-1.078,0.719,0.229,0.195,-0.81,0.605
"VEN","VENEZUELA",2000,7,1,4776.2816763938,17.327235049124,99.864990234375,NA,79.8365173339844,85.6735076904297,87.62264,3.9329857306368,27.82014,NA,3.3596,NA,24526708,49.9217383759777,98.4856872558594,43.0818490661031,20.0011569684281,20.5761295010598,136013168.334961,NA,NA,NA,NA,NA,NA,62,72.388,68.757,76.244,NA,0.147349014878273,100,NA,1.52657012884905,"Americas","South America",0.603,0.623,0.472,0.075,0.521,1.887,0.196,1.347,-2.059,0,0.077,0.615,0.154,0.231,0.846,0,0,0.231,0.538,0.385,0.538,0.308,0.154,0.305,0.77,0.464,0.537,-0.549,-2.281,-1.349,-0.003,-0.579,-1.54,-0.74,-0.436,-0.162,-2.05,0.225,-0.419,-0.176,-1.355,0.705
"VEN","VENEZUELA",2001,6,1,4920.39313600453,3.01723117216858,102.415657043457,NA,81.0485916137695,87.2809371948242,90.0761,4.23151248545234,NA,NA,4.636,NA,24979922,49.9418733172986,98.5047912597656,45.9768148610753,14.809781275052,15.3442903568827,76470848.0834961,92.9800033569336,93.2600021362305,92.7200012207031,NA,NA,NA,56,71.019,67.019,75.35,NA,0.0732447728514671,NA,NA,1.55510791113255,"Americas","South America",0.603,0.623,0.472,0.075,0.521,1.887,0.215,1.347,-2.059,0,0,0.615,0.077,0.308,0.923,0,0.077,0.154,0.462,0.308,0.462,0.308,0.154,0.283,0.777,0.464,0.193,-0.549,-2.281,-1.349,-0.003,-0.579,-1.54,-0.74,-0.436,-0.162,-2.05,0.225,-0.419,-0.176,-1.355,0.696
"VEN","VENEZUELA",2002,6,1,3652.09896501865,-25.7762771373948,104.676307678223,NA,87.5014495849609,93.3023223876953,93.00095,3.84704619241777,26.40689,NA,4.91045,NA,25435671,49.962751130096,98.5115432739258,43.2520717744444,18.7480489712018,19.4545884689745,93424903.8696289,NA,NA,NA,NA,NA,NA,51,72.823,69.015,76.865,NA,0.130477383732796,NA,NA,1.15337359551171,"Americas","South America",0.473,-0.017,0.052,0,0.521,1.887,0.46,0.954,-2.059,0,0,0.615,0.077,0.308,0.923,0,0.077,0.154,0.462,0.308,0.462,0.308,0.154,0.255,0.808,-0.33,0.193,-0.549,-2.281,-1.715,-0.003,-0.579,-1.54,-0.74,-0.436,-0.162,-2.05,0.225,-1.014,-0.816,-1.355,0.755
"VEN","VENEZUELA",2003,6,1,3229.50557082079,-11.5712470621864,102.77710723877,NA,85.2766799926758,90.8242568969727,91.54203,4.31314643960616,NA,NA,7.49996,NA,25892703,49.9813711994457,98.5120086669922,41.5241598961074,21.1779581221907,21.8955843439596,115346778.869629,NA,NA,NA,NA,NA,NA,52,72.056,68.2,76.161,NA,NA,NA,NA,1.18269062721142,"Americas","South America",0.471,-0.017,0.175,0,0.308,1.887,0.276,0.492,-2.059,0,0,0.615,0.077,0.308,0.923,0,0.077,0.154,0.462,0.307,0.462,0.308,0.154,0.242,0.829,-0.33,-0.151,-0.549,-2.281,-1.715,-0.484,-0.579,-1.54,-0.74,-0.436,-0.162,-2.05,0.225,-1.308,-0.816,-1.702,0.786
"VEN","VENEZUELA",2004,6,1,4269.08970872392,32.190194910824,102.658088684082,NA,84.9793472290039,91.211051940918,91.64917,3.71881718358774,25.7,NA,8.40447,NA,26340838,50.0003492675518,98.5122604370117,37.2753593066702,23.0890395880635,23.8297115705399,58943977.355957,NA,NA,NA,NA,NA,NA,49,72.752,69.014,76.702,NA,NA,NA,NA,1.28830181236512,"Americas","South America",0.471,-0.017,0.175,0,0.308,1.887,0.21,0.492,-2.059,0,0,0.615,0.154,0.385,0.923,0,0.077,0.154,0.538,0.231,0.462,0.308,0.308,0.215,0.884,-0.33,-0.151,-0.549,-2.281,-1.715,-0.417,-0.579,-1.947,-1.366,-1.748,-1.178,-2.05,0.225,-1.308,-0.97,-1.921,0.788
"VEN","VENEZUELA",2005,6,0,5432.4854184654,27.2516107441844,102.275398254395,NA,86.2754135131836,93.233268737793,90.65024,3.69518323245945,NA,NA,12.553,NA,26785804,50.0178322076064,98.5183486938477,35.0708629047267,28.0538745861065,29.2230041014033,60769710.5407715,94.3707013803128,94.8086006260503,93.9393365336059,NA,NA,NA,46,73.075,69.378,76.967,NA,NA,NA,NA,1.83171374924625,"Americas","South America",0.471,-0.017,0.175,0,0.308,1.887,0.083,0.492,-2.059,0,0,0.571,0.143,0.357,0.929,0,0.071,0.143,0.571,0.286,0.5,0.286,0.286,0.181,0.944,-0.33,-0.151,-0.541,-2.129,-1.715,-1.114,-1.99,-1.947,-2.022,-2.48,-1.702,-2.05,-0.155,-2.136,-2.065,-1.363,0.744
"VEN","VENEZUELA",2006,5,0,6739.38065342218,24.0570408254489,102.063499450684,NA,90.2363662719727,96.88720703125,90.74801,3.6568046342889,25.7,NA,15.2247,NA,27224686,50.0383071452137,98.5363464355469,36.3493328091066,26.8186567625884,28.0774680117788,69323883.0566406,94.6620701964151,94.9108173844215,94.4200544215558,NA,NA,NA,43,72.972,69.006,77.184,NA,NA,NA,NA,1.9784922172232,"Americas","South America",0.471,-0.017,0.175,-0.017,0.308,1.887,0.035,0.492,-2.059,0,0,0.571,0.143,0.357,0.929,0,0.071,0.143,0.571,0.286,0.5,0.286,0.286,0.167,0.949,-0.33,-0.151,-0.688,-2.129,-1.715,-1.185,-1.99,-1.947,-2.022,-2.662,-1.799,-2.05,-0.155,-2.445,-2.161,-1.363,0.751
"VEN","VENEZUELA",2007,5,0,8331.62096991844,23.6259145814495,103.891387939453,NA,92.9942016601562,98.2153701782227,91.95035,3.81353938861893,NA,NA,20.83,NA,27649363,50.0636199105202,98.5723114013672,39.3526219570256,21.6186473049421,23.1186941835454,80183349.609375,95.1500015258789,95.379997253418,94.9300003051758,NA,NA,NA,39,73.348,69.283,77.664,NA,NA,NA,NA,1.88899310620025,"Americas","South America",0.472,-0.064,0.043,-0.017,0.49,1.887,0.064,0.354,-2.059,0,0,0.571,0.143,0.357,0.929,0,0.071,0.143,0.571,0.286,0.5,0.286,0.286,0.161,0.956,-0.33,-0.177,-0.688,-2.497,-2.339,-1.185,-1.99,-1.947,-2.022,-2.662,-1.799,-2.05,-0.155,-2.445,-2.161,-1.363,0.766
"VEN","VENEZUELA",2008,5,0,11262.4514256759,35.1771938058549,101.032890319824,NA,91.5083694458008,94.9213104248047,90.00491,4.15841611570505,NA,NA,25.88,NA,28053696,50.0948680701466,98.6307983398438,38.7983674350826,22.6737847784336,23.9223070628002,62190208.4350586,95.3116995541662,95.4888836722846,95.1449129908139,NA,NA,NA,37,72.578,68.266,77.204,NA,NA,NA,NA,1.79355285179574,"Americas","South America",0.461,-0.064,0.043,-0.017,0.319,1.887,0.064,0.354,-2.059,0,0,0.571,0.143,0.357,0.929,0,0,0.143,0.571,0.286,0.571,0.214,0.214,0.162,0.954,-0.534,-0.199,-0.688,-2.497,-1.998,-1.185,-1.99,-1.947,-2.022,-2.662,-1.799,-2.05,-0.155,-2.445,-2.161,-1.363,0.786
"VEN","VENEZUELA",2009,-3,0,11596.6021921731,2.96694524014027,101.235862731934,NA,91.1340484619141,94.7405700683594,92.01323,5.6621777947414,NA,NA,32.7,NA,28438298,50.1286627676756,98.7103042602539,45.9130653049749,9.95847654408777,10.5416668243022,63836711.8835449,95.5100021362305,95.6800003051758,95.3499984741211,NA,NA,NA,36,72.785,68.546,77.315,NA,NA,NA,NA,1.23107041540807,"Americas","South America",0.461,-0.064,0.043,-0.017,0.319,1.887,0.064,0.354,-2.059,0,0,0.571,0.143,0.357,0.929,0,0,0.143,0.571,0.286,0.571,0.214,0.286,0.158,0.959,-0.534,-0.199,-0.688,-2.497,-2.345,-1.422,-1.99,-1.947,-2.022,-2.662,-1.799,-2.05,-0.155,-2.445,-2.161,-1.363,0.786
"VEN","VENEZUELA",2010,-3,0,13646.3046622664,17.6750261509937,100.685157775879,NA,89.9290084838867,93.2417221069336,92.48108,5.37526516550554,NA,NA,37.37,NA,28813101,50.1573815327965,98.8078460693359,39.031863218742,11.6928975467648,12.380878328857,52484054.5654297,95.3924213233743,95.5197742846812,95.272022099187,NA,NA,NA,34,73.092,69.064,77.362,NA,NA,NA,NA,1.01348862784929,"Americas","South America",0.442,-0.064,-0.313,0.009,0.476,1.887,0.282,0.364,-2.059,0,0,0.571,0.143,0.357,0.929,0,0,0.143,0.571,0.214,0.571,0.214,0.286,0.155,0.958,-0.646,-0.311,-0.818,-2.577,-2.546,-1.455,-1.99,-1.947,-2.022,-2.662,-1.475,-2.05,-0.155,-2.35,-2.161,-1.511,0.799
"VEN","VENEZUELA",2011,-3,0,10843.9229703167,-20.5358282795679,100.664756774902,NA,91.0868377685547,94.8996505737305,92.69816,5.01293006431094,NA,NA,40.22,NA,29185212,50.1861062440152,98.84,38.6366452446061,23.1450195251423,24.4753357613612,50376243.5913086,94.7699966430664,94.5,95.0299987792969,NA,NA,0.94,32,73.09,68.714,77.786,NA,NA,NA,NA,1.13040534078431,"Americas","South America",0.435,-0.064,-0.366,0.009,0.438,1.887,0.282,0.304,-2.059,0,0,0.571,0.143,0.357,0.929,0,0,0.143,0.571,0.214,0.571,0.214,0.286,0.15,0.963,-0.767,-0.365,-0.818,-2.577,-2.546,-1.455,-1.99,-1.947,-2.022,-2.662,-1.475,-2.294,-0.155,-2.35,-2.668,-1.511,0.812
"VEN","VENEZUELA",2012,-3,0,12607.2361246243,16.2608417556483,100.787887573242,NA,93.1488571166992,97.1604690551758,92.49758,NA,NA,NA,49.0501,NA,29553826,50.2165337239246,99.0449676513672,NA,17.9387823718967,18.7812359044725,54650821.685791,95.9871889937429,96.1570896402712,95.8221911957795,NA,NA,NA,32,73.086,68.829,77.632,NA,NA,NA,NA,1.34147173233053,"Americas","South America",0.421,-0.086,-0.424,-0.107,0.438,1.887,0.282,0.304,-2.059,0,0,0.571,0.143,0.357,0.929,0,0,0.143,0.571,0.214,0.571,0.214,0.286,0.146,0.963,-0.767,-0.41,-0.899,-2.577,-2.546,-1.455,-1.99,-1.947,-2.022,-2.662,-1.475,-2.294,-0.155,-2.35,-2.668,-1.511,0.814
"VEN","VENEZUELA",2013,4,0,8656.35669723668,-31.3381885476929,101.162292480469,NA,92.1835632324219,96.2830505371094,91.56032,NA,NA,NA,54.9,NA,29912198,50.244381907341,99.1785507202148,NA,16.7771388276982,17.6253449138361,40166183.4716797,NA,NA,NA,NA,NA,NA,30,73.076,68.94,77.473,NA,NA,NA,NA,1.66955178280415,"Americas","South America",0.417,-0.267,-0.357,-1.083,0.696,1.887,0.535,0.299,-1.005,0,0,0.643,0.143,0.429,0.929,0,0.071,0.143,0.357,0.143,0.286,0.143,0.286,0.109,0.975,-1.387,-1.046,-0.84,-2.639,-2.855,-1.888,-2.291,-1.947,-2.29,-2.662,-1.881,-2.294,-0.851,-2.35,-2.585,-1.118,0.812
"VEN","VENEZUELA",2014,4,0,7096.22047105512,-18.0230122296092,100.276649475098,NA,93.7090377807617,96.5989608764648,91.1096,NA,NA,NA,57,NA,30254079,50.2721451303193,99.3181457519531,NA,11.3021511747501,11.8465082797294,44711277.0080566,NA,NA,NA,NA,NA,0.79,29,72.837,68.618,77.339,NA,NA,NA,NA,1.16181680999136,"Americas","South America",0.393,-0.454,-0.379,-1.083,0.599,1.887,0.593,0.134,-1.005,0,0,0.643,0.071,0.429,0.929,0,0.071,0.143,0.286,0.143,0.286,0.143,0.286,0.101,0.977,-1.387,-1.046,-0.84,-2.639,-2.855,-1.888,-2.291,-1.847,-2.623,-2.662,-1.881,-2.294,-0.851,-2.35,-2.585,-1.118,0.813
"VEN","VENEZUELA",2015,4,0,4103.1384987005,-42.1785369347408,99.8761825561523,NA,93.186882019043,95.4959335327148,90.69857,NA,NA,NA,58,NA,30573972,50.2999757342626,99.4607391357422,NA,NA,NA,43314785.0036621,96.6100006103516,96.6500015258789,96.5599975585938,NA,NA,0.75,31,73.004,68.871,77.395,NA,NA,NA,NA,0.941375968866619,"Americas","South America",0.367,-0.454,-0.457,-1.201,0.599,1.887,0.506,0.134,-1.005,0,0,0.643,0,0.429,0.929,0,0.071,0.071,0.286,0.071,0.286,0.071,0.357,0.104,0.967,-1.646,-1.046,-0.995,-2.639,-2.855,-2.182,-2.291,-1.847,-2.623,-2.568,-1.881,-1.136,-0.851,-0.742,-1.952,-1.37,0.839
"VEN","VENEZUELA",2016,4,0,3670.15737848208,-10.5524373685058,97.506591796875,NA,91.3887176513672,93.3317413330078,88.88692,NA,NA,NA,60,NA,30765720,50.3327843348771,99.6038360595703,NA,NA,NA,51347171.7834473,97.129997253418,97.0400009155273,97.2099990844727,NA,NA,0.88,36,72.002,67.563,76.793,NA,NA,NA,NA,0.454046014282467,"Americas","South America",0.364,-0.454,-0.554,-1.201,0.599,1.887,0.506,0.134,-1.005,0,0,0.643,0,0.429,0.929,0,0.071,0,0.357,0,0.286,0.071,0.357,0.117,0.966,-2.825,-1.39,-0.995,-2.639,-3.096,-2.605,-2.291,-1.847,-2.623,-2.568,-1.881,0.028,-0.756,0.492,-1.695,-1.37,0.892
"VEN","VENEZUELA",2017,-3,0,3791.33160682077,3.30160851000907,95.0507202148438,NA,87.8968124389648,89.5188217163086,87.39174,NA,NA,NA,61.6,NA,30565323,50.3721423130389,NA,NA,NA,NA,99714881.8969727,97.1867494381301,97.2344859529258,97.26942229381,NA,NA,0.91,47,71.903,67.776,76.306,NA,NA,NA,NA,2.23333219917076,"Americas","South America",0.327,-0.599,-0.734,-1.292,0.378,1.887,0.898,0.047,-1.005,0,0,0.643,0,0.398,0.929,0,0.071,0.071,0.286,0,0.286,0.071,0.357,0.082,0.966,-2.901,-1.683,-1.475,-2.639,-3.096,-2.605,-2.083,-1.847,-2.505,-2.48,-1.974,0.028,-1.14,0.601,-1.514,-1.696,0.915
"VEN","VENEZUELA",2018,-3,0,3422.65467014854,-9.7242070835736,NA,NA,NA,NA,NA,NA,NA,NA,NA,NA,29807592,50.4121215297137,NA,NA,NA,NA,162030364.990234,NA,NA,NA,NA,2.41691327,1.09,50,72.641,68.902,76.554,NA,NA,NA,NA,0.150853892569221,"Americas","South America",0.334,-0.554,-0.819,-1.586,0.413,1.632,0.756,0.143,-0.897,0,0,0.643,0,0.286,0.929,0,0.071,0.071,0.214,0,0.286,0.071,0.357,0.064,0.977,-2.96,-1.879,-1.181,-2.639,-3.096,-2.605,-2.577,-1.872,-2.637,-2.48,-2.188,-0.727,-1.14,0.102,-2.376,-1.398,0.903
"VEN","VENEZUELA",2019,NA,0,2523.11275230667,-26.2819946659366,NA,NA,NA,NA,NA,NA,NA,NA,NA,NA,28938098,50.4502230934459,NA,NA,NA,NA,294045379.638672,NA,NA,NA,NA,2.18563724,0.93,48,72.766,69.025,76.677,NA,NA,NA,NA,1.79230375763991,"Americas","South America",0.309,-0.593,-0.85,-1.393,0.471,1.632,0.72,0.143,-0.897,0,0,0.692,0.077,0.308,0.923,0,0.077,0,0.231,0,0.308,0.077,0.308,0.062,0.98,-3.053,-1.879,-1.181,-2.639,-3.096,-3.245,-2.618,-1.819,-2.509,-2.569,-2.188,-1.453,-1.14,0.099,-1.919,-1.398,0.905
"VEN","VENEZUELA",2020,NA,0,1506.0436210041,-40.3100943615282,NA,NA,NA,NA,NA,NA,NA,NA,NA,NA,28444077,50.486301577432,NA,NA,NA,NA,368177276.611328,NA,NA,NA,NA,4.11615133,0.99,47,72.369,68.459,76.501,NA,NA,NA,NA,1.57552271230291,"Americas","South America",0.301,-0.593,-1.061,-1.506,0.382,1.995,0.698,0.239,-1.76,0,0,0.692,0.077,0.308,0.923,0,0.077,0,0.154,0,0.231,0.077,0.308,0.058,0.978,-2.499,-1.517,-1.406,-2.639,-3.48,-3.429,-1.859,-1.839,-2.516,-2.323,-2.188,-1.532,-1.528,-0.275,-1.76,-1.434,0.888
