"countrycode","country","year","polity5","democracy","gdppc","gdppc_growth","enrol_gross","primcomp","primcom_male","primcom_fem","enrol_net","agri","slums","telephone","internet","tax","pop","pop_fem","electricity","service","oil","natural","literacy","lit_male","lit_fem","infant","health_ex","hospital","tuberculosis","life","life_male","life_female","unemploy","urban","attend","prenatal","military","un_continent_name","un_region_name","v2xcs_ccsi","v2cseeorgs","v2csreprss","v2cscnsult","v2csprtcpt","v2csgender","v2csantimv","v2csrlgrep","v2csrlgcon","v2regsupgroups_0","v2regsupgroups_1","v2regsupgroups_2","v2regsupgroups_3","v2regsupgroups_4","v2regsupgroups_5","v2regsupgroups_6","v2regsupgroups_7","v2regsupgroups_8","v2regsupgroups_9","v2regsupgroups_10","v2regsupgroups_11","v2regsupgroups_12","v2regsupgroups_13","v2x_libdem","v2x_neopat","v2dlencmps","v2elembaut","v2elvotbuy","v2exbribe","v2exembez","v2exrescon","v2jucomp","v2jucorrdc","v2juhccomp","v2juhcind","v2juncind","v2lgcrrpt","v2lgfunds","v2lginvstp","v2lgotovst","v2psprlnks","v2xnp_client"
"BHR","BAHRAIN",1971,-10,0,1829.74070543315,NA,97.5456695556641,NA,NA,NA,76.33968,NA,NA,NA,NA,NA,230733,43.6530535294041,NA,NA,NA,NA,NA,NA,NA,NA,NA,NA,NA,65.279,64.037,67.007,NA,NA,NA,NA,NA,"Asia","Western Asia",0.384,-0.045,-0.575,-1.422,-0.337,-0.698,-0.246,0.789,-0.753,0.408,0.2,0,0.208,0.2,0.2,0,0,0,0,0,0,0,1,NA,NA,-0.755,-1.786,NA,-1.079,-1.12,-2.599,NA,NA,NA,NA,-2.019,NA,NA,NA,NA,2.449,0.246
"BHR","BAHRAIN",1972,-10,0,2205.917004377,20.5589949344653,96.5225677490234,NA,NA,NA,79.20479,NA,NA,NA,NA,NA,242113,42.9768041237113,NA,NA,NA,NA,NA,NA,NA,NA,NA,NA,NA,66.095,64.899,67.791,NA,NA,NA,NA,NA,"Asia","Western Asia",0.405,-0.045,-0.27,-1.422,-0.337,-0.565,-0.246,0.789,-0.753,0.8,0.2,0,0.6,0.4,0.6,0,0,0,0,0,0,0,0.4,NA,0.853,-0.755,-1.786,1.033,-1.079,-1.12,-2.599,NA,NA,NA,NA,-2.019,NA,NA,NA,NA,2.449,0.243
"BHR","BAHRAIN",1973,-7,0,2981.09253134976,35.1407385425041,96.5068893432617,NA,NA,NA,80.26908,NA,NA,NA,NA,NA,255320,42.437558994364,NA,NA,NA,NA,NA,NA,NA,NA,NA,NA,NA,66.922,65.759,68.581,NA,NA,NA,NA,NA,"Asia","Western Asia",0.405,-0.045,-0.27,-1.422,-0.337,-0.565,0.122,0.676,-0.753,0.8,0.2,0,0.6,0.4,0.6,0,0,0,0,0,0,0,0.4,NA,0.842,-0.755,-1.786,0.037,-1.079,-1.12,-2.599,NA,NA,NA,NA,-2.019,0.845,-1.792,0.367,-2.391,2.449,0.225
"BHR","BAHRAIN",1974,-7,0,3873.71629107511,29.9428397588583,97.8309936523438,NA,NA,NA,81.86211,NA,NA,NA,NA,NA,269038,41.9680491231722,NA,NA,NA,NA,NA,NA,NA,NA,NA,NA,NA,67.633,66.503,69.254,NA,NA,NA,NA,NA,"Asia","Western Asia",0.217,-1.093,-0.768,-1.422,-0.676,-0.267,0.637,0.548,-1.566,0.8,0,0,0.6,0.4,0.8,0.2,0.2,0,0,0,0,0,0.4,NA,0.874,-0.755,-1.786,0.037,-2.461,-1.12,-2.599,NA,NA,NA,NA,-2.019,0.845,-1.792,0.656,-2.391,2.449,0.301
"BHR","BAHRAIN",1975,-10,0,3880.44047162927,0.173584745213596,102.7099609375,NA,NA,NA,85.28601,NA,NA,NA,NA,NA,283243,41.5616923924249,NA,NA,NA,NA,NA,NA,NA,NA,NA,NA,NA,68.276,67.175,69.861,NA,NA,NA,NA,1.52617985442592,"Asia","Western Asia",0.193,-1.093,-0.98,-1.422,-0.935,-0.267,0.637,0.548,-1.566,0.8,0,0,0.6,0.4,0.8,0.2,0.2,0,0,0,0,0,0.4,NA,0.862,-0.755,-1.786,0.037,-2.461,-1.12,-2.599,NA,NA,NA,NA,-2.019,0.845,-1.792,1.238,-2.391,2.449,0.301
"BHR","BAHRAIN",1976,-10,0,5310.19132615533,36.84506604287,104.615417480469,NA,NA,NA,82.12487,NA,NA,NA,NA,NA,297863,41.2075350077049,NA,NA,NA,NA,NA,NA,NA,NA,NA,NA,NA,68.858,67.783,70.409,NA,NA,NA,NA,1.75228724031609,"Asia","Western Asia",0.114,-1.786,-1.21,-1.992,-0.935,-0.08,0.924,0.548,-1.566,0.8,0,0,0.6,0.4,0.8,0.2,0.2,0,0,0,0,0,0.4,NA,NA,-0.755,-1.786,NA,-2.461,-1.12,-2.599,NA,NA,NA,NA,-2.019,NA,NA,NA,NA,2.449,0.301
"BHR","BAHRAIN",1977,-10,0,6358.42084195442,19.7399575912837,106.381393432617,NA,NA,NA,82.11388,NA,NA,NA,NA,NA,312823,40.8950109167165,NA,NA,NA,NA,NA,NA,NA,NA,NA,NA,NA,69.383,68.332,70.902,NA,NA,NA,NA,2.07792207792208,"Asia","Western Asia",0.114,-1.786,-1.21,-1.992,-0.935,-0.08,0.924,0.548,-1.566,0.8,0,0,0.6,0.4,0.8,0.2,0.2,0,0,0,0,0,0.4,NA,NA,-0.755,-1.786,NA,-2.461,-1.12,-2.599,NA,NA,NA,NA,-2.019,NA,NA,NA,NA,2.449,0.301
"BHR","BAHRAIN",1978,-10,0,6925.98893207436,8.92624291828855,106.67066192627,NA,NA,NA,80.05571,NA,NA,NA,NA,NA,328046,40.6177792138907,NA,NA,NA,NA,NA,NA,NA,NA,NA,NA,NA,69.85,68.791,71.368,NA,NA,NA,NA,4.95813133539004,"Asia","Western Asia",0.114,-1.786,-1.21,-1.992,-0.935,-0.08,0.924,0.548,-1.566,0.8,0,0,0.6,0.4,0.8,0.2,0.2,0,0,0,0,0,0.4,NA,NA,-0.755,-1.786,NA,-2.461,-1.12,-2.599,NA,NA,NA,NA,-2.019,NA,NA,NA,NA,2.449,0.301
"BHR","BAHRAIN",1979,-10,0,7890.82982494874,13.9307310816826,107.168472290039,NA,NA,NA,80.69142,NA,NA,NA,NA,NA,343457,40.3682546337543,NA,NA,NA,NA,NA,NA,NA,NA,NA,NA,NA,70.296,69.251,71.787,NA,NA,NA,NA,5.89275191514437,"Asia","Western Asia",0.114,-1.786,-1.21,-1.992,-0.935,-0.08,0.924,0.411,-1.566,0.8,0,0,0.6,0.4,0.8,0.2,0.2,0,0,0,0,0,0.4,NA,NA,-0.755,-1.786,NA,-2.461,-1.12,-2.599,NA,NA,NA,NA,-2.019,NA,NA,NA,NA,2.449,0.301
"BHR","BAHRAIN",1980,-10,0,9732.72587186027,23.3422350725134,104.30980682373,NA,NA,NA,82.3983,NA,NA,NA,NA,NA,358978,40.1408999994429,NA,NA,68.1362125392305,71.3393304804284,NA,NA,NA,NA,NA,3.31439995765686,NA,70.684,69.659,72.144,NA,NA,NA,NA,5.69889130660035,"Asia","Western Asia",0.114,-1.786,-1.21,-1.992,-0.935,-0.08,0.924,-0.094,-1.566,0.8,0,0,0.6,0.4,0.8,0.2,0.2,0,0,0,0,0,0.4,NA,NA,-0.755,-1.786,NA,-2.461,-1.12,-2.599,NA,NA,NA,NA,-2.019,NA,NA,NA,NA,2.449,0.301
"BHR","BAHRAIN",1981,-10,0,10556.5091718735,8.46405530022163,97.8788299560547,NA,NA,NA,81.99603,NA,NA,NA,NA,NA,373524,40.0164380334329,NA,NA,58.0699222662964,60.6677370225297,70,77,59,NA,NA,NA,NA,71.037,70.033,72.46,NA,NA,NA,NA,6.9025815655055,"Asia","Western Asia",0.114,-1.786,-1.21,-1.992,-0.935,-0.08,1.198,-0.094,-1.566,0.8,0,0,0.6,0.4,0.8,0.2,0.2,0,0,0,0,0,0.4,NA,NA,-0.755,-1.786,NA,-2.461,-1.12,-2.599,NA,NA,NA,NA,-2.019,NA,NA,NA,NA,2.449,0.301
"BHR","BAHRAIN",1982,-10,0,10712.1529364009,1.47438667454667,94.4369888305664,NA,98.8304061889648,79.9831619262695,80.6088,NA,NA,NA,NA,NA,386983,40.0147810492478,NA,NA,33.7423368813276,34.7756748440513,NA,NA,NA,NA,NA,NA,NA,71.354,70.379,72.732,NA,NA,NA,NA,8.53516194922673,"Asia","Western Asia",0.114,-1.786,-1.21,-1.992,-0.935,-0.08,0.693,-0.094,-1.566,0.8,0,0,0.6,0.4,0.8,0.2,0.2,0,0,0,0,0,0.4,NA,NA,-0.755,-1.786,NA,-2.461,-1.12,-2.599,NA,NA,NA,NA,-2.019,NA,NA,NA,NA,2.449,0.301
"BHR","BAHRAIN",1983,-10,0,10598.8427157127,-1.05777261920114,93.0168380737305,NA,85.7390899658203,77.2501983642578,83.25855,NA,NA,NA,NA,NA,400707,40.051459046136,NA,NA,29.0419490949798,32.2435994918753,NA,NA,NA,NA,NA,NA,NA,71.637,70.696,72.963,NA,NA,NA,NA,4.79033601777284,"Asia","Western Asia",0.114,-1.786,-1.21,-1.992,-0.935,-0.08,0.693,-0.094,-1.566,0.8,0,0,0.6,0.4,0.8,0.2,0.2,0,0,0,0,0,0.4,NA,NA,-0.755,-1.786,NA,-2.461,-1.12,-2.599,NA,NA,NA,NA,-2.019,NA,NA,NA,NA,2.449,0.301
"BHR","BAHRAIN",1984,-10,0,10696.9331055208,0.925482077988396,97.3100128173828,NA,82.1612777709961,78.8725509643555,86.6106,NA,NA,NA,NA,NA,415154,40.1031906232386,NA,NA,31.8871060471681,34.6847206034164,NA,NA,NA,NA,NA,NA,NA,71.884,70.98,73.151,NA,NA,NA,NA,4.17930569598921,"Asia","Western Asia",0.114,-1.786,-1.21,-1.992,-0.935,-0.08,0.693,-0.094,-1.566,0.8,0,0,0.6,0.4,0.8,0.2,0.2,0,0,0,0,0,0.4,NA,NA,-0.755,-1.786,NA,-2.461,-1.12,-2.599,NA,NA,NA,NA,-2.019,NA,NA,NA,NA,2.449,0.301
"BHR","BAHRAIN",1985,-10,0,9648.65643032674,-9.79978714322363,99.6892318725586,NA,86.636360168457,79.347053527832,91.05123,NA,NA,NA,NA,NA,430358,40.1695797452354,NA,NA,30.4149282702955,33.9345144741502,NA,NA,NA,NA,NA,NA,NA,72.092,71.23,73.291,NA,NA,NA,NA,4.58815818221543,"Asia","Western Asia",0.114,-1.786,-1.21,-1.992,-0.935,-0.08,0.552,-0.094,-1.566,0.8,0,0,0.6,0.4,0.8,0.2,0.2,0,0,0,0,0,0.4,NA,NA,-0.755,-1.786,NA,-2.461,-1.12,-2.599,NA,NA,NA,NA,-2.019,NA,NA,NA,NA,2.449,0.301
"BHR","BAHRAIN",1986,-10,0,7776.95657736318,-19.398554259644,102.148811340332,NA,83.2844619750977,80.2105331420898,96.14373,NA,NA,NA,NA,NA,446286,40.2475094446162,NA,NA,23.3122958880053,28.2159970267233,NA,NA,NA,NA,NA,NA,NA,72.257,71.443,73.376,NA,NA,NA,NA,5.83776248148471,"Asia","Western Asia",0.114,-1.786,-1.21,-1.992,-0.935,-0.08,0.552,-0.094,-1.566,0.8,0,0,0.6,0.4,0.8,0.2,0.2,0,0,0,0,0,0.4,NA,NA,-0.755,-1.786,NA,-2.461,-1.12,-2.599,NA,NA,NA,NA,-2.019,NA,NA,NA,NA,2.449,0.301
"BHR","BAHRAIN",1987,-10,0,8332.91425406054,7.14878206103937,103.106163024902,NA,82.6300506591797,84.5600204467773,95.51585,NA,NA,NA,NA,NA,462854,40.3316373378272,NA,NA,30.0343307928011,33.7458417423417,NA,NA,NA,NA,NA,NA,NA,72.377,71.611,73.412,NA,NA,NA,NA,5.25325388113533,"Asia","Western Asia",0.114,-1.786,-1.21,-1.992,-0.935,-0.08,0.552,-0.094,-1.566,0.8,0,0,0.6,0.4,0.8,0.2,0.2,0,0,0,0,0,0.4,NA,NA,-0.755,-1.786,NA,-2.461,-1.12,-2.599,NA,NA,NA,NA,-2.019,NA,NA,NA,NA,2.449,0.301
"BHR","BAHRAIN",1988,-10,0,8771.7853534009,5.26671805276889,104.554466247559,NA,89.4094619750977,90.7056427001953,98.27366,NA,NA,NA,NA,NA,479929,40.4157698326211,NA,NA,23.1071212143896,26.7828579624703,NA,NA,NA,NA,NA,NA,NA,72.46,71.743,73.407,NA,NA,NA,NA,5.60304575820703,"Asia","Western Asia",0.114,-1.786,-1.21,-1.992,-0.935,-0.08,0.552,-0.094,-1.566,0.8,0,0,0.6,0.4,0.8,0.2,0.2,0,0,0,0,0,0.4,NA,NA,-0.755,-1.786,NA,-2.461,-1.12,-2.599,NA,NA,NA,NA,-2.019,NA,NA,NA,NA,2.449,0.301
"BHR","BAHRAIN",1989,-10,0,8833.41134256929,0.70254784728058,104.670310974121,NA,94.0750198364258,98.4997787475586,99.0614,NA,NA,NA,NA,NA,497327,40.4979017829316,NA,NA,31.1467417262058,34.7461741237401,NA,NA,NA,NA,NA,3.33949995040894,NA,72.524,71.851,73.391,NA,NA,NA,NA,5.64466166448682,"Asia","Western Asia",0.114,-1.786,-1.21,-1.992,-0.935,-0.08,0.552,-0.094,-1.566,0.8,0,0,0.6,0.4,0.8,0.2,0.2,0,0,0,0,0,0.4,NA,NA,-0.755,-1.786,NA,-2.461,-1.12,-2.599,NA,NA,NA,NA,-2.019,NA,NA,NA,NA,2.449,0.301
"BHR","BAHRAIN",1990,-10,0,9342.53891401688,5.76365745580128,100.56568145752,NA,NA,NA,NA,NA,NA,NA,0,4.56210399299131,514797,40.5768498589733,NA,NA,37.0437374677071,40.8740682384437,NA,NA,NA,NA,NA,NA,NA,72.587,71.943,73.397,NA,NA,NA,NA,5.28479154433353,"Asia","Western Asia",0.114,-1.786,-1.21,-1.992,-0.935,0.196,1.079,-0.094,-1.566,0.8,0,0,0.6,0.4,0.8,0.2,0.2,0,0,0,0,0,0.4,NA,NA,-0.755,-1.786,NA,-2.461,-1.12,-2.599,NA,NA,NA,NA,-2.019,NA,NA,NA,NA,2.449,0.301
"BHR","BAHRAIN",1991,-10,0,10434.1323962786,11.6841202622551,98.3184661865234,NA,95.3777236938477,100.08757019043,99.4111,NA,NA,NA,NA,4.43354361335122,503052,40.6470390265272,NA,NA,20.4853120745387,23.6193077854387,84,89,77,NA,NA,NA,NA,72.668,72.03,73.457,NA,NA,NA,NA,5.70375064815348,"Asia","Western Asia",0.114,-1.786,-1.21,-1.992,-0.935,0.196,1.079,-0.094,-1.566,0.8,0,0,0.6,0.4,0.8,0.2,0.2,0,0,0,0,0,0.4,NA,NA,-0.755,-1.786,NA,-2.461,-1.12,-2.599,NA,NA,NA,NA,-2.019,NA,NA,NA,NA,2.449,0.301
"BHR","BAHRAIN",1992,-10,0,10460.1583222808,0.249430666717278,92.1518783569336,NA,89.9208679199219,93.4484176635742,97.01005,NA,NA,NA,NA,4.74094781737692,516458,40.6893315904394,NA,NA,20.7616769769703,24.1753653686519,NA,NA,NA,NA,NA,NA,NA,72.785,72.123,73.599,NA,NA,NA,NA,5.8780719923865,"Asia","Western Asia",0.114,-1.786,-1.21,-1.992,-0.935,0.196,1.079,-0.094,-1.566,0.8,0,0,0.6,0.4,0.8,0.2,0.2,0,0,0,0,0,0.4,NA,0.927,-0.755,-1.786,NA,-2.461,-1.12,-2.599,NA,NA,NA,NA,-2.019,-0.971,-0.608,-1.523,-2.161,2.449,0.301
"BHR","BAHRAIN",1993,-9,0,11151.871495742,6.61283655705102,90.7759017944336,NA,85.3337936401367,86.9201507568359,98.02282,NA,NA,NA,NA,4.70474275851932,530225,40.7129239226807,NA,NA,17.9580307941121,21.4839214614228,NA,NA,NA,NA,NA,NA,NA,72.939,72.228,73.837,NA,NA,NA,NA,5.36985516733492,"Asia","Western Asia",0.114,-1.786,-1.21,-1.992,-0.935,0.196,1.079,-0.094,-1.566,0.8,0,0,0.6,0.4,0.8,0.2,0.2,0,0,0,0,0,0.4,NA,0.924,-0.755,-1.786,NA,-2.461,-1.12,-2.599,NA,NA,NA,NA,-2.019,-0.971,-0.608,-1.523,-2.161,2.449,0.301
"BHR","BAHRAIN",1994,-9,0,11629.3595219612,4.28168515393595,90.3398971557617,NA,75.7484970092773,80.4548568725586,97.93377,NA,NA,NA,NA,4.54981588369713,544366,40.7399909681237,NA,NA,14.682952911195,18.235083153916,NA,NA,NA,NA,NA,NA,NA,73.134,72.351,74.15,NA,NA,NA,NA,5.11130218782841,"Asia","Western Asia",0.114,-1.786,-1.21,-1.992,-0.935,0.196,1.079,-0.094,-1.566,0.8,0,0,0.6,0.4,0.8,0.2,0.2,0,0,0,0,0,0.4,NA,0.924,-0.755,-1.786,NA,-2.461,-1.12,-2.599,NA,NA,NA,NA,-2.019,-0.971,-0.608,-1.523,-2.161,2.449,0.301
"BHR","BAHRAIN",1995,-9,0,11900.9317778335,2.33522968620461,91.7473220825195,NA,75.6160583496094,81.8630676269531,99.114,NA,NA,NA,0.346,4.21857580880695,558879,40.771008541476,NA,NA,15.2459702602519,18.958919570053,NA,NA,NA,NA,NA,NA,NA,73.361,72.497,74.51,NA,NA,NA,NA,5.18323179048832,"Asia","Western Asia",0.114,-1.786,-1.21,-1.992,-0.935,0.196,1.079,-0.094,-1.566,0.8,0,0,0.6,0.4,0.8,0.2,0.2,0,0,0,0,0,0.4,NA,0.924,-0.755,-1.786,NA,-2.461,-1.12,-2.599,NA,NA,NA,NA,-2.019,-0.971,-0.608,-1.523,-2.161,2.449,0.301
"BHR","BAHRAIN",1996,-9,0,12091.7802188235,1.60364284539023,91.6333999633789,NA,75.5151214599609,81.1667175292969,99.858,NA,NA,NA,0.843,4.43507307923291,573792,40.8044456640152,NA,NA,18.4494024419669,22.4740735880541,NA,NA,NA,NA,NA,NA,NA,73.61,72.666,74.888,NA,NA,NA,NA,5.27393976376237,"Asia","Western Asia",0.114,-1.786,-1.21,-1.992,-0.935,0.196,1.079,-0.094,-1.566,0.8,0,0,0.6,0.4,0.8,0.2,0.2,0,0,0,0,0,0.4,NA,0.924,-0.755,-1.786,NA,-2.461,-1.12,-2.599,NA,NA,NA,NA,-2.019,-0.971,-0.608,-1.523,-2.161,2.449,0.301
"BHR","BAHRAIN",1997,-9,0,12254.6662583128,1.34708071550732,91.7048416137695,NA,NA,NA,99.60053,NA,NA,NA,1.65,4.48333472278643,589115,40.8382945649474,NA,NA,16.418731399958,20.9239457699085,NA,NA,NA,NA,NA,2.9000000954,NA,73.872,72.862,75.253,NA,NA,NA,NA,5.06848741255812,"Asia","Western Asia",0.114,-1.786,-1.21,-1.992,-0.935,0.196,1.079,-0.094,-1.566,0.8,0,0,0.6,0.4,0.8,0.2,0.2,0,0,0,0,0,0.4,NA,0.924,-0.755,-1.786,NA,-2.461,-1.12,-2.599,NA,NA,NA,NA,-2.019,-0.971,-0.608,-1.523,-2.161,2.449,0.301
"BHR","BAHRAIN",1998,-9,0,11625.0343768343,-5.13789497165129,92.4050216674805,NA,77.2059936523438,83.9710998535156,96.968,NA,NA,NA,3.22,4.98151845306491,604842,40.8704383472088,NA,NA,10.6376958646887,15.1566374540832,NA,NA,NA,NA,NA,NA,NA,74.138,73.087,75.585,NA,NA,NA,NA,5.33310395251817,"Asia","Western Asia",0.114,-1.786,-1.21,-1.992,-0.935,0.196,1.079,-0.094,-1.566,0.8,0,0,0.6,0.4,0.8,0.2,0.2,0,0,0,0,0,0.4,NA,0.924,-0.755,-1.786,NA,-2.461,-1.12,-2.599,NA,NA,NA,NA,-2.019,-0.971,-0.608,-1.523,-2.161,2.449,0.301
"BHR","BAHRAIN",1999,-9,0,12123.3534715368,4.28660319229269,93.8466262817383,NA,83.7740936279297,87.2688598632812,96.875,NA,NA,NA,4.72,4.40879662320093,620989,40.899522466675,NA,NA,14.7940799756461,18.9307099565332,NA,NA,NA,NA,NA,NA,NA,74.405,73.332,75.88,NA,NA,NA,NA,5.50362154366541,"Asia","Western Asia",0.198,-1.062,-1.21,-1.992,-0.503,0.196,0.728,-0.094,-0.652,0.8,0,0,0.764,0.4,0.8,0.2,0.2,0,0,0,0,0,0.4,NA,0.902,-0.755,-1.786,NA,-2.461,-1.12,-1.399,NA,NA,NA,NA,-2.019,-0.971,-0.608,-1.523,-2.161,2.449,0.301
"BHR","BAHRAIN",2000,-9,0,14214.4836839343,17.248777059145,93.9407501220703,NA,81.5781784057617,87.459602355957,95.77521,NA,NA,NA,6.15,3.73277772071662,637582,40.9268496669554,NA,NA,18.711078045797,22.6166110930815,NA,NA,NA,NA,3.33542562,2.55,36,74.673,73.591,76.149,NA,NA,NA,NA,3.96167096884853,"Asia","Western Asia",0.337,-0.276,-0.477,-1.992,-0.503,0.196,0.043,0.204,-0.652,0.8,0,0,0.8,0.4,0.8,0.2,0.4,0,0,0,0,0,0.4,NA,0.902,-0.755,-1.786,NA,-2.461,-1.12,-1.399,NA,NA,NA,NA,-2.019,-0.971,-0.608,-1.523,-2.161,2.449,0.301
"BHR","BAHRAIN",2001,-8,0,13573.2339887597,-4.51124155778772,94.2617034912109,NA,80.8447494506836,88.7496032714844,93.01535,NA,NA,NA,15,4.10364290899394,661316,40.7002725885627,100,NA,15.0074471454831,19.6064806102315,87,89,84,NA,3.48573017,2.53,31,74.942,73.86,76.404,NA,NA,NA,NA,4.14808163198998,"Asia","Western Asia",0.533,-0.182,0.346,-0.161,1.578,0.196,-0.021,-0.038,-0.384,0.8,0,0,0.8,0.4,0.8,0.2,0.4,0,0,0,0,0,0.4,NA,0.902,-0.755,-1.786,NA,-2.461,-1.12,-1.399,NA,NA,NA,NA,-2.019,-0.971,-0.608,-1.523,-2.161,2.449,0.301
"BHR","BAHRAIN",2002,-7,0,13501.4708801425,-0.528710465587119,94.6728515625,NA,86.0614318847656,92.4941711425781,93.09968,NA,NA,NA,18.1,3.57899289191497,710553,40.1890728093837,100,NA,14.4906538546743,18.3096740288898,NA,NA,NA,NA,3.67866111,2.57,29,75.209,74.135,76.658,NA,NA,NA,NA,4.61110660635053,"Asia","Western Asia",0.531,0.128,0.079,-0.161,1.427,0.376,-0.021,-0.038,-0.384,0.8,0,0,0.8,0.4,0.8,0.2,0.4,0,0,0,0,0,0.4,0.078,0.883,-0.755,-1.786,-0.312,-1.345,-1.12,-0.292,NA,NA,NA,-2.392,-2.019,-0.971,-0.608,-1.523,-2.161,2.694,0.243
"BHR","BAHRAIN",2003,-7,0,14486.0269029822,7.29221306019146,94.4737396240234,NA,86.4010620117188,92.5391311645508,92.38448,NA,NA,NA,21.6,3.30681318786877,764517,39.6844473205756,100,NA,14.9880274040125,18.2515226696453,NA,NA,NA,NA,3.88658071,2.45,37,75.486,74.417,76.926,NA,NA,NA,NA,4.65883280302628,"Asia","Western Asia",0.531,0.128,0.079,-0.161,1.427,0.376,-0.021,-0.038,-0.384,1,0.2,0,0.8,0.2,0.8,0.2,0.4,0,0,0,0,0,0.4,0.087,0.876,-0.755,-1.786,-0.312,-1.345,-1.12,-0.292,NA,NA,NA,-2.392,-2.019,-0.971,-0.608,-1.523,-2.161,2.694,0.309
"BHR","BAHRAIN",2004,-7,0,15963.9493171617,10.2024000374819,94.7030868530273,NA,87.5427474975586,97.327392578125,91.59966,NA,NA,NA,21.5,4.21684066611925,823741,39.2612474496295,100,NA,16.6530213443367,19.5474993928405,NA,NA,NA,NA,3.49817729,2.29,32,75.787,74.714,77.222,NA,NA,NA,NA,4.04492884796012,"Asia","Western Asia",0.531,0.128,0.079,-0.161,1.427,0.376,-0.021,-0.038,-0.384,1,0.2,0,0.8,0.2,0.8,0.2,0.4,0,0,0,0,0,0.4,0.082,0.876,-0.755,-1.786,-0.312,-1.345,-1.12,-0.292,NA,NA,NA,-2.392,-2.019,-0.971,-0.608,-1.523,-2.161,2.694,0.309
"BHR","BAHRAIN",2005,-7,0,17966.1657837625,12.5421123985176,94.840087890625,NA,90.7514495849609,97.1565399169922,89.10805,NA,NA,NA,21.3,1.16184562908878,888822,38.9049788602439,100,NA,20.0931217396654,23.5501782556664,NA,NA,NA,NA,3.25870824,2.25,35,76.125,75.045,77.551,NA,NA,NA,NA,3.21438109533007,"Asia","Western Asia",0.531,0.128,0.079,-0.161,1.427,0.376,-0.021,-0.038,-0.384,1,0.2,0,0.8,0.2,0.8,0.2,0.4,0,0,0,0,0,0.4,0.086,0.865,-0.755,-1.786,-0.312,-0.621,-1.12,-0.292,-1.319,0.733,-1.291,-2.392,-2.019,-0.971,-0.608,-1.523,-2.161,1.762,0.428
"BHR","BAHRAIN",2006,-7,0,19267.282615072,7.24203954794532,101.590881347656,NA,NA,NA,90.50941,0.268763501054214,NA,NA,28.2,1.16617489174005,960424,38.602999948724,100,53.4635279305642,20.3670614713082,23.9324887044813,NA,NA,NA,NA,3.10821271,2.1,32,76.51,75.425,77.918,NA,NA,NA,NA,3.10294772848129,"Asia","Western Asia",0.523,0.128,-0.029,-0.161,1.427,0.376,-0.021,-0.038,-0.384,1,0.2,0,0.8,0.2,0.8,0.2,0.4,0,0,0,0,0,0.4,0.091,0.853,-0.755,-1.786,-0.2,-0.621,-1.12,-0.292,-1.319,0.733,-1.291,-2.392,-2.019,-0.971,-0.608,-1.106,-1.625,1.762,0.424
"BHR","BAHRAIN",2007,-7,0,20908.4042548073,8.51766007963946,NA,NA,NA,NA,NA,0.29227169028013,NA,NA,32.9,1.14509796242081,1039295,38.3445321329103,100,52.8099940272787,18.9906048191926,22.2759061285424,NA,NA,NA,NA,3.29534078,1.96,32,76.952,75.87,78.326,NA,NA,NA,NA,2.95699023434392,"Asia","Western Asia",0.525,0.128,-0.135,-0.161,1.427,0.376,-0.021,-0.038,-0.384,1,0.2,0,0.8,0.2,0.8,0.2,0.4,0,0,0,0,0,0.4,0.087,0.851,-0.755,-1.786,-0.2,-0.621,-1.12,-0.292,-1.319,0.733,-1.291,-2.392,-2.019,-0.971,-0.608,-1.106,-1.625,1.762,0.385
"BHR","BAHRAIN",2008,-7,0,23299.4992780392,11.4360474098932,NA,NA,NA,NA,NA,0.264810236570707,NA,NA,52,1.23581558449619,1103496,38.1193596225264,100,48.3070764329234,21.6815768768211,24.8161182032708,NA,NA,NA,NA,3.2038722,1.89,31,77.457,76.396,78.772,NA,NA,NA,NA,2.80016136873791,"Asia","Western Asia",0.525,0.128,-0.135,-0.161,1.427,0.376,-0.021,-0.038,-0.384,1,0.2,0,0.8,0.2,0.8,0.2,0.4,0,0,0,0,0,0.4,0.087,0.851,-0.755,-1.786,-0.2,-0.621,-1.12,-0.292,-1.319,0.733,-1.291,-2.392,-2.019,-0.971,-0.608,-1.106,-1.625,1.762,0.385
"BHR","BAHRAIN",2009,-7,0,19465.3140745038,-16.456084132028,NA,NA,NA,NA,NA,0.337284356568349,NA,NA,53,1.3631667858969,1178415,37.9144224635753,100,55.5964970660087,14.4351176966592,18.0762091411409,NA,NA,NA,NA,4.32666922,1.77,32,78.016,76.997,79.25,NA,NA,NA,NA,3.61053524967651,"Asia","Western Asia",0.525,0.128,-0.135,-0.161,1.427,0.376,-0.021,-0.038,-0.384,1,0.2,0,0.8,0.2,0.8,0.2,0.4,0,0,0,0,0,0.4,0.087,0.851,-0.755,-1.786,-0.2,-0.621,-1.12,-0.292,-1.319,0.733,-1.291,-2.392,-2.019,-0.971,-0.608,-1.106,-1.625,1.762,0.385
"BHR","BAHRAIN",2010,-5,0,21819.3291098099,12.0933832677761,NA,NA,NA,NA,NA,0.285542784290186,NA,NA,55,1.12828093917582,1228543,37.8418520924068,100,54.7856196764576,17.3156329535965,20.4621165633706,NA,NA,NA,NA,4.08934975,1.76,23,78.593,77.63,79.733,NA,NA,NA,NA,3.27782374844849,"Asia","Western Asia",0.525,0.128,-0.135,-0.161,1.427,0.376,0.183,-0.038,-0.61,1,0,0,0.8,0.2,0.8,0.2,0.4,0,0,0,0,0,0.4,0.083,0.85,-0.843,-1.786,-0.454,-0.621,-1.12,-0.292,-1.319,0.733,-1.291,-2.392,-2.019,-0.971,-0.608,-1.106,-1.625,1.918,0.406
"BHR","BAHRAIN",2011,-8,0,25032.7867743333,14.727573191417,96.224967956543,NA,92.6539993286133,94.4056930541992,90.22637,0.279873967809159,NA,NA,77,1.07176697647209,1195020,37.6930841084321,100,50.6068677586612,23.3980559518896,26.9949431372074,92.3000030517578,93.0999984741211,90.6999969482422,NA,3.8651762,2.05,21,79.141,78.242,80.196,NA,NA,NA,NA,3.59149722735675,"Asia","Western Asia",0.301,-0.12,-1.454,-0.734,-0.443,0.376,2.028,-1.992,-1.704,0.841,0,0,0.641,0.2,0.8,0.2,0.4,0,0,0,0,0,0.719,0.045,0.876,-1.033,-1.786,-0.454,-0.621,-1.12,-0.292,-1.319,0.733,-1.291,-2.392,-2.655,-0.971,-0.608,-1.558,-2.147,1.918,0.431
"BHR","BAHRAIN",2012,-10,0,26438.6733230428,5.61618073682067,99.5238571166992,NA,98.1797103881836,98.2040786743164,91.19673,0.265180259339138,NA,NA,88,1.13708147249514,1208964,37.3018894140687,100,52.4449503421466,20.0940234657871,23.5822213574272,NA,NA,NA,NA,4.10642147,2,21,79.622,78.78,80.611,NA,NA,NA,NA,3.8444905725653,"Asia","Western Asia",0.193,-0.862,-1.559,-1.496,-0.891,0.376,1.748,-2.144,-1.704,0.8,0,0,0.6,0.2,0.8,0.2,0.4,0,0,0,0,0,0.8,0.043,0.879,-1.109,-1.786,-0.454,-0.722,-1.12,-0.292,-1.319,0.733,-1.291,-2.392,-2.655,-0.971,-0.608,-1.558,-2.147,1.642,0.473
"BHR","BAHRAIN",2013,-10,0,26989.7601148469,2.08439653938232,105.874481201172,NA,104.768898010254,103.3828125,92.26165,0.264280047210277,NA,NA,90,1.02928468252976,1253191,37.495694808237,100,52.1331512230717,20.8660137007827,24.5336335455131,NA,NA,NA,NA,4.30853891,2.01,19,79.998,79.191,80.95,NA,NA,NA,NA,4.14139762975071,"Asia","Western Asia",0.143,-1.084,-1.694,-1.496,-1.372,0.376,1.516,-2.144,-1.704,0.8,0,0,0.6,0.2,0.8,0.2,0.4,0,0,0,0,0,0.8,0.043,0.879,-1.109,-1.786,-0.454,-0.722,-1.12,-0.292,-1.319,0.733,-1.291,-2.392,-2.655,-0.971,-0.608,-1.558,-2.147,1.642,0.473
"BHR","BAHRAIN",2014,-10,0,26451.7965647453,-1.99321352917721,105.241493225098,NA,103.866836547852,103.69815826416,94.30002,0.287965783699072,NA,NA,90.5,0.792383936021881,1314562,38.1658805893752,100,53.7209538895267,18.8709266924557,22.4113282575127,NA,NA,NA,NA,4.41240263,1.96,17,80.214,79.434,81.19,NA,NA,NA,NA,4.41851202803887,"Asia","Western Asia",0.143,-1.084,-1.694,-1.496,-1.372,0.376,1.3,-2.304,-1.704,0.8,0,0,0.6,0.2,0.8,0.2,0.4,0,0,0,0,0,0.8,0.044,0.879,-1.109,-1.786,-0.833,-0.722,-1.12,-0.292,-1.319,0.733,-1.291,-2.392,-2.655,-0.971,-0.608,-1.558,-2.147,1.642,0.477
"BHR","BAHRAIN",2015,-10,0,23734.0551143019,-10.2743170725333,102.214332580566,NA,98.9860076904297,99.778923034668,96.45648,0.301911232209971,NA,NA,93.5,0.990043144194505,1370322,38.1688022487497,100,59.7147216888712,9.82474436918962,12.6346752292951,NA,NA,NA,NA,4.97671938,1.9,15,80.338,79.54,81.344,NA,NA,NA,NA,4.6441113490364,"Asia","Western Asia",0.137,-1.084,-1.885,-1.496,-1.372,0.376,1.3,-2.304,-1.704,0.8,0,0,0.6,0.2,0.8,0.2,0.4,0,0,0,0,0,0.8,0.043,0.882,-1.109,-1.786,-0.833,-0.722,-1.12,-0.292,-1.319,0.733,-1.291,-2.392,-2.655,-0.971,-0.608,-1.558,-2.147,1.642,0.511
"BHR","BAHRAIN",2016,-10,0,23800.001440631,0.277855284364623,102.698867797852,NA,99.5240783691406,101.282348632812,96.26462,0.315996684624948,NA,NA,98,0.808517153690866,1423726,37.4953046405191,100,60.7104509663565,7.62960432748572,9.6486154919148,NA,NA,NA,NA,4.86051178,1.84,12,80.407,79.558,81.432,NA,NA,NA,NA,4.67063531353135,"Asia","Western Asia",0.095,-1.684,-1.885,-1.496,-1.372,0.376,1.018,-2.304,-1.704,0.8,0,0,0.6,0.2,0.8,0.2,0.4,0,0,0,0,0,0.8,0.044,0.882,-1.109,-1.786,-0.833,-0.722,-1.12,-0.292,-1.319,0.733,-1.291,-2.392,-2.655,-0.971,-0.608,-1.558,-2.147,1.642,0.511
"BHR","BAHRAIN",2017,-10,0,24784.7693514607,4.13768004714706,100.925018310547,NA,100.549697875977,99.2511520385742,97.27864,0.27707464645461,NA,NA,95.9,0.936278227051092,1501116,36.9528912040864,NA,58.8266074582833,8.93795259727704,11.1603274625829,NA,NA,NA,NA,4.51235676,1.77,12,80.407,79.543,81.478,NA,NA,NA,NA,4.32073774179037,"Asia","Western Asia",0.095,-1.684,-1.885,-1.496,-1.372,0.376,1.018,-2.304,-1.704,0.8,0,0,0.6,0.2,0.8,0.2,0.4,0,0,0,0,0,0.8,0.042,0.88,-1.028,-1.786,-0.833,-0.722,-1.12,-0.292,-1.319,0.733,-1.291,-2.392,-2.655,-0.971,-0.608,-1.558,-2.147,1.642,0.506
"BHR","BAHRAIN",2018,-10,0,26324.4066549559,6.21202998366599,98.7649765014648,NA,97.2725296020508,100.607452392578,96.71489,0.275112316804637,0,NA,98.6,1.09260242365011,1503091,37.1431433102412,NA,57.2061547726912,11.3900811220261,14.7513564173951,NA,NA,NA,NA,4.12745667,1.8,12,80.412,79.546,81.507,NA,NA,NA,NA,4.04108625299001,"Asia","Western Asia",0.053,-1.979,-2.421,-0.771,-2.128,0.348,-0.058,-2.067,-1.704,0.8,0,0,0.6,0.2,0.8,0.2,0.4,0,0,0,0,0,0.8,0.043,0.881,-1.028,-2.16,-0.529,-0.617,-1.12,-0.292,-1.319,0.733,-1.291,-2.392,-2.655,-0.971,-0.608,-1.558,-1.614,0.946,0.577
"BHR","BAHRAIN",2019,NA,0,27259.7438599327,3.55311790019287,98.0046920776367,NA,99.7980422973633,99.507942199707,NA,0.268674381904261,NA,NA,99.7,2.87818871935823,1483756,37.5173911316839,NA,56.3995265649658,9.8481886760226,13.3637839937888,NA,NA,NA,NA,3.95980334,1.74,14,80.471,79.615,81.54,NA,NA,NA,NA,4.02986101554975,"Asia","Western Asia",0.089,-1.519,-2.206,-0.771,-1.508,0.348,-0.461,-2.067,-1.061,0.8,0,0,0.6,0.2,0.8,0.2,0.4,0,0,0,0,0,0.8,0.05,0.879,-1.028,-2.16,-0.529,-0.617,-1.12,-0.292,-1.319,0.733,-1.291,-2.392,-2.655,-0.971,-0.608,-1.558,-1.614,0.946,0.551
"BHR","BAHRAIN",2020,NA,0,24342.8444554718,-10.7003918285096,NA,NA,NA,NA,NA,0.303155113748103,NA,NA,99.7,2.82317547849899,1472204,37.6894793729523,NA,57.8230716997095,6.69558923237194,10.7041414154858,NA,NA,NA,NA,4.7196188,NA,15,78.683,77.195,80.954,NA,NA,NA,NA,4.04564950980392,"Asia","Western Asia",0.106,-1.519,-1.659,-0.771,-1.508,0.348,-0.461,-2.017,-1.061,0.8,0,0,0.6,0.2,0.8,0.2,0.4,0,0,0,0,0,0.8,0.051,0.879,-1.028,-2.16,-0.529,-0.617,-1.12,-0.292,-1.319,0.733,-1.291,-2.392,-2.655,-0.971,-0.608,-1.558,-1.614,0.946,0.551
"CYP","CYPRUS",1960,8,0,NA,NA,NA,NA,NA,NA,NA,NA,NA,NA,NA,NA,586490,50.961740117888,NA,NA,NA,NA,NA,NA,NA,NA,NA,4.52356004714966,NA,63.32,59.742,67.299,NA,NA,NA,NA,NA,"Asia","Western Asia",0.304,-0.499,-0.71,-0.067,-0.559,-0.53,1.309,0.47,1.621,0,0.125,0.35,0.35,0.275,0.2,0.2,0,0.075,0,0.075,0,0,0.725,0.211,0.371,0.571,0.767,-1.043,0.098,1.261,0.637,0.658,0.275,0.828,0.894,1.194,0.107,0.572,0.168,0.238,-0.094,0.635
"CYP","CYPRUS",1961,8,0,NA,NA,NA,NA,NA,NA,NA,NA,NA,NA,NA,NA,595514,50.9484243863284,NA,NA,NA,NA,NA,NA,NA,NA,NA,NA,NA,64.076,60.596,67.935,NA,NA,NA,NA,NA,"Asia","Western Asia",0.42,-0.031,0.098,0.005,-0.559,-0.266,1.677,0.883,2.839,0,0,0.6,0.6,0.4,0.2,0.201,0,0.2,0,0.2,0,0,0.599,0.338,0.333,0.571,0.887,-1.043,0.33,0.861,0.357,0.865,0.497,0.828,1.014,1.409,0.107,0.572,0.917,1.117,-0.094,0.635
"CYP","CYPRUS",1962,8,0,NA,NA,NA,NA,NA,NA,NA,NA,NA,NA,NA,NA,601466,50.9022137613993,NA,NA,NA,NA,NA,NA,NA,NA,NA,NA,NA,64.72,61.334,68.45,NA,NA,NA,NA,NA,"Asia","Western Asia",0.443,-0.031,0.357,0.005,-0.559,-0.266,1.677,0.883,2.839,0,0,0.6,0.6,0.4,0.2,0.4,0,0.2,0,0.2,0,0,0.4,0.339,0.333,0.571,0.887,-1.043,0.33,0.861,0.357,0.865,0.497,0.828,1.014,1.409,0.107,0.572,0.917,1.117,-0.094,0.635
"CYP","CYPRUS",1963,0,0,NA,NA,NA,NA,NA,NA,NA,NA,NA,NA,NA,NA,607252,50.8566460052828,NA,NA,NA,NA,NA,NA,NA,NA,NA,NA,NA,61.779,57.577,66.445,NA,NA,NA,NA,NA,"Asia","Western Asia",0.443,-0.031,0.357,0.005,-0.559,-0.266,1.677,0.883,2.839,0,0,0.6,0.6,0.4,0.2,0.4,0,0.2,0,0.2,0,0,0.4,0.338,0.333,0.571,0.887,-1.043,0.33,0.861,0.357,0.865,0.497,0.828,1.014,1.409,0.107,0.572,0.917,1.117,-0.094,0.635
"CYP","CYPRUS",1964,0,0,NA,NA,NA,NA,NA,NA,NA,NA,NA,NA,NA,NA,612521,50.8207881852214,NA,NA,NA,NA,NA,NA,NA,NA,NA,NA,NA,62.24,58.075,66.856,NA,NA,NA,NA,NA,"Asia","Western Asia",0.443,-0.031,0.357,0.005,-0.559,-0.266,1.677,0.883,2.839,0,0,0.6,0.6,0.4,0.2,0.4,0,0.2,0,0.2,0,0,0.4,0.337,0.336,0.354,0.887,-1.043,0.33,0.861,0.357,0.865,0.497,0.828,1.014,1.409,0.107,0.572,0.917,1.117,-0.094,0.621
"CYP","CYPRUS",1965,0,0,NA,NA,NA,NA,NA,NA,NA,NA,NA,NA,NA,NA,617736,50.7825349340171,NA,NA,NA,NA,NA,NA,NA,NA,NA,NA,NA,66.124,62.894,69.64,NA,NA,NA,NA,NA,"Asia","Western Asia",0.443,-0.031,0.357,0.005,-0.559,-0.266,1.677,0.883,2.839,0,0,0.6,0.6,0.4,0.2,0.4,0,0.2,0,0.2,0,0,0.4,0.336,0.336,0.354,0.887,-1.043,0.33,0.861,0.357,0.865,0.497,0.828,1.014,1.409,0.107,0.572,0.917,1.117,-0.094,0.621
"CYP","CYPRUS",1966,0,0,NA,NA,NA,NA,NA,NA,NA,NA,NA,NA,NA,NA,623390,50.7284364523011,NA,NA,NA,NA,NA,NA,NA,NA,NA,NA,NA,66.489,63.299,69.957,NA,NA,NA,NA,NA,"Asia","Western Asia",0.443,-0.031,0.357,0.005,-0.559,-0.266,1.677,0.883,2.839,0,0,0.6,0.6,0.4,0.2,0.4,0,0.2,0,0.2,0,0,0.4,0.336,0.336,0.354,0.887,-1.043,0.33,0.861,0.357,0.865,0.497,0.828,1.014,1.409,0.107,0.572,0.917,1.117,-0.094,0.621
"CYP","CYPRUS",1967,0,0,NA,NA,NA,NA,NA,NA,NA,NA,NA,NA,NA,NA,629251,50.6670629049457,NA,NA,NA,NA,NA,NA,NA,NA,NA,NA,NA,66.906,63.728,70.365,NA,NA,NA,NA,NA,"Asia","Western Asia",0.443,-0.031,0.357,0.005,-0.559,-0.266,1.677,0.883,2.839,0,0,0.6,0.6,0.4,0.2,0.4,0,0.2,0,0.2,0,0,0.4,0.336,0.336,0.354,0.887,-1.043,0.33,0.861,0.357,0.865,0.497,0.828,1.014,1.409,0.107,0.572,0.917,1.117,-0.094,0.621
"CYP","CYPRUS",1968,7,0,NA,NA,NA,NA,NA,NA,NA,NA,NA,NA,NA,NA,635157,50.6061503000838,NA,NA,NA,NA,NA,NA,NA,NA,NA,NA,NA,67.251,64.112,70.667,NA,NA,NA,NA,NA,"Asia","Western Asia",0.443,-0.031,0.357,0.005,-0.559,-0.266,1.677,0.883,2.839,0,0,0.6,0.6,0.4,0.2,0.4,0,0.2,0,0.2,0,0,0.4,0.334,0.333,0.354,0.887,-1.045,0.33,0.861,0.357,0.865,0.497,0.828,1.014,1.409,0.107,0.572,0.917,1.117,-0.094,0.63
"CYP","CYPRUS",1969,7,0,NA,NA,NA,NA,NA,NA,NA,NA,NA,NA,NA,NA,641189,50.5450031114071,NA,NA,NA,NA,NA,NA,NA,NA,NA,NA,NA,67.599,64.522,70.94,NA,NA,NA,NA,NA,"Asia","Western Asia",0.443,-0.031,0.357,0.005,-0.559,-0.266,2.999,0.883,2.839,0,0,0.6,0.6,0.4,0.2,0.4,0,0.2,0,0.2,0,0,0.4,0.334,0.332,0.354,0.887,-1.045,0.33,0.861,0.357,0.865,0.497,0.828,1.014,1.409,0.107,0.572,0.917,1.117,-0.094,0.632
"CYP","CYPRUS",1970,7,0,NA,NA,NA,NA,NA,NA,NA,NA,NA,NA,NA,NA,647446,50.4826657358297,NA,NA,NA,NA,NA,NA,NA,NA,NA,5.38210010528564,NA,68.05,65.027,71.329,NA,NA,NA,NA,NA,"Asia","Western Asia",0.443,-0.031,0.357,0.005,-0.559,-0.266,2.999,0.883,2.839,0,0,0.6,0.6,0.4,0,0.4,0,0.2,0,0.2,0,0,0.2,0.353,0.323,0.354,0.887,-0.672,0.33,0.861,0.357,0.865,0.497,0.828,1.014,1.409,0.107,0.572,0.917,1.546,-0.094,0.615
"CYP","CYPRUS",1971,7,0,NA,NA,NA,NA,NA,NA,79.73376,NA,NA,NA,NA,NA,654050,50.4193868970262,NA,NA,NA,NA,NA,NA,NA,NA,NA,NA,NA,68.351,65.328,71.639,NA,NA,NA,NA,NA,"Asia","Western Asia",0.443,-0.031,0.357,0.005,-0.559,-0.266,2.999,0.883,2.839,0,0,0.6,0.6,0.4,0,0.4,0,0.2,0,0.2,0,0,0.2,0.362,0.315,0.354,0.887,-0.672,0.33,0.861,0.357,0.865,0.497,0.828,1.014,1.409,0.107,0.572,1.295,1.546,-0.094,0.598
"CYP","CYPRUS",1972,7,0,NA,NA,NA,NA,NA,NA,78.37997,NA,NA,NA,NA,NA,661063,50.3560175051394,NA,NA,NA,NA,NA,NA,NA,NA,NA,NA,NA,68.629,65.584,71.956,NA,NA,NA,NA,NA,"Asia","Western Asia",0.443,-0.031,0.357,0.005,-0.559,-0.266,2.999,0.883,2.839,0,0,0.6,0.6,0.4,0,0.4,0,0.2,0,0.2,0,0,0.2,0.364,0.315,0.354,0.887,-0.672,0.33,0.861,0.357,0.865,0.497,0.828,1.014,1.409,0.107,0.572,1.295,1.546,-0.094,0.598
"CYP","CYPRUS",1973,7,0,NA,NA,NA,NA,NA,NA,78.27648,NA,NA,NA,NA,NA,665937,50.3469547419651,NA,NA,NA,NA,NA,NA,NA,NA,NA,NA,NA,69.005,65.962,72.338,NA,NA,NA,NA,NA,"Asia","Western Asia",0.443,-0.031,0.357,0.005,-0.559,-0.266,2.999,0.883,2.839,0,0,0.6,0.6,0.4,0,0.4,0,0.2,0,0.2,0,0,0.2,0.367,0.315,0.354,0.887,-0.672,0.33,0.861,0.357,0.865,0.497,0.828,1.014,1.409,0.107,0.572,1.295,1.546,-0.094,0.598
"CYP","CYPRUS",1974,8,0,NA,NA,NA,NA,NA,NA,77.64639,NA,NA,NA,NA,NA,663254,50.5615504189201,NA,NA,NA,NA,NA,NA,NA,NA,NA,NA,NA,54.551,44.174,70.794,NA,NA,NA,NA,NA,"Asia","Western Asia",0.639,0.955,0.357,0.528,0.422,-0.266,2.52,1.234,2.839,0,0.088,0.6,0.512,0.4,0.088,0.4,0,0.112,0.088,0.288,0,0,0.112,0.363,0.305,0.354,0.887,-0.672,0.33,0.861,0.313,0.865,0.497,0.828,1.014,1.409,0.107,0.572,1.295,1.546,0.722,0.493
"CYP","CYPRUS",1975,10,0,976.329895019531,NA,NA,NA,NA,NA,71.21885,15.7198437022472,NA,NA,NA,13.3891041568466,659405,50.7674342778717,NA,NA,0,1.33558242324273,NA,NA,NA,NA,NA,NA,NA,70.336,67.461,73.33,NA,NA,NA,NA,NA,"Asia","Western Asia",0.776,1.718,0.882,0.939,0.62,-0.082,-1.441,1.585,2.839,0,0,0.8,0.8,0.6,0.2,0.2,0.001,0.001,0,0.201,0.001,0,0,0.424,0.231,0.538,1.015,-0.672,0.993,1.237,1.558,0.865,0.611,0.828,1.304,1.409,0.561,0.572,1.295,1.546,0.722,0.489
"CYP","CYPRUS",1976,10,1,1157.41162109375,18.5471864579745,NA,NA,NA,NA,68.99792,15.9029591482589,NA,NA,NA,12.1203957799436,662032,50.6732302970249,NA,NA,0,1.6540805723547,NA,NA,NA,NA,NA,NA,NA,70.805,68.01,73.68,NA,NA,NA,NA,NA,"Asia","Western Asia",0.776,1.718,0.882,0.939,0.62,-0.082,-1.441,1.585,2.839,0,0,0.8,0.8,0.6,0.2,0.2,0.2,0.2,0,0.4,0.2,0,0,0.45,0.224,0.656,1.015,-0.66,0.993,1.237,1.558,0.984,0.611,0.828,1.304,1.409,0.561,0.572,1.361,1.546,1.122,0.443
"CYP","CYPRUS",1977,10,1,1476.24755859375,27.547324710521,NA,NA,NA,NA,68.07847,13.2120032208743,NA,NA,NA,13.2309141254979,667101,50.4629733728476,NA,NA,0,0.730411026613017,NA,NA,NA,NA,NA,NA,NA,71.258,68.545,74.046,NA,NA,NA,NA,NA,"Asia","Western Asia",0.776,1.718,0.882,0.939,0.62,-0.082,-1.441,1.585,2.839,0,0,0.8,0.8,0.6,0.2,0.2,0.2,0.2,0,0.4,0.2,0,0,0.459,0.231,0.656,1.015,-0.66,0.993,1.237,1.558,0.984,0.611,0.949,1.304,1.029,0.561,0.572,1.361,1.546,1.122,0.426
"CYP","CYPRUS",1978,10,1,1929.39929199219,30.6961885058157,NA,NA,NA,NA,68.85246,10.918070188048,NA,NA,NA,13.5794674015489,672249,50.2517668304453,NA,NA,0,0.440335784335549,NA,NA,NA,NA,NA,NA,NA,71.741,69.12,74.436,NA,NA,NA,NA,NA,"Asia","Western Asia",0.776,1.718,0.882,0.939,0.62,-0.082,-1.441,1.585,2.839,0,0,0.8,0.8,0.6,0.2,0.2,0.2,0.2,0,0.4,0.2,0,0,0.46,0.233,0.656,1.015,-0.66,0.946,1.237,1.558,0.984,0.611,0.949,1.304,1.029,0.561,0.572,1.361,1.642,1.122,0.426
"CYP","CYPRUS",1979,10,1,2559.22900390625,32.6438241440284,NA,NA,NA,NA,69.57221,10.2413469962936,NA,NA,NA,14.1997457898254,677549,50.0383736650392,NA,NA,0,0.218306989900052,NA,NA,NA,NA,NA,NA,NA,72.179,69.599,74.844,NA,NA,NA,NA,NA,"Asia","Western Asia",0.776,1.718,0.882,0.939,0.62,0.398,-1.441,1.585,2.839,0,0,0.8,0.8,0.6,0.2,0.2,0.2,0.2,0,0.4,0.2,0,0,0.46,0.233,0.656,1.015,-0.66,0.946,1.237,1.558,0.984,0.611,0.949,1.304,1.029,0.561,0.572,1.361,1.642,1.122,0.426
"CYP","CYPRUS",1980,10,1,4232.02294921875,65.3631989462158,NA,NA,NA,NA,68.73242,9.5883167518533,NA,NA,NA,14.7875835738943,683076,49.8224938696336,NA,NA,0,0.149344974402906,NA,NA,NA,NA,NA,5.65299987792969,NA,72.844,70.429,75.329,NA,NA,NA,NA,NA,"Asia","Western Asia",0.789,1.718,0.882,0.939,0.845,0.975,-1.441,1.585,2.839,0,0,0.8,0.8,0.6,0.2,0.2,0.2,0.2,0,0.4,0.2,0,0,0.481,0.233,0.656,1.015,-0.66,0.946,1.237,1.558,0.984,0.611,0.949,1.304,1.029,0.561,0.572,1.361,1.642,1.122,0.426
"CYP","CYPRUS",1981,10,1,4033.24047851563,-4.69710285337219,NA,NA,NA,NA,71.21244,9.25799218017833,NA,NA,NA,13.7933786511882,688893,49.6046555851199,NA,NA,0,0.0896944705506046,NA,NA,NA,NA,NA,5.72009992599487,NA,73.053,70.585,75.626,NA,NA,NA,NA,NA,"Asia","Western Asia",0.789,1.718,0.882,0.939,0.845,0.975,-1.441,1.585,2.839,0,0,0.8,0.8,0.6,0.2,0.2,0.2,0.2,0,0.4,0.2,0,0,0.509,0.229,0.656,1.015,-0.485,0.946,1.237,1.558,0.984,0.611,0.949,1.304,1.029,0.561,0.572,1.361,1.642,1.122,0.414
"CYP","CYPRUS",1982,10,1,4122.78466796875,2.220154982826,NA,NA,NA,NA,67.93621,9.26919497727659,NA,NA,NA,14.2413895442656,696497,49.4313686921839,NA,NA,0,0.0811781689210763,NA,NA,NA,NA,NA,NA,NA,73.518,71.027,76.143,NA,NA,NA,NA,NA,"Asia","Western Asia",0.789,1.718,0.882,0.939,0.845,0.975,-1.441,1.585,2.839,0,0,0.8,0.8,0.6,0.2,0.2,0.2,0.2,0,0.4,0.2,0,0,0.529,0.226,0.656,1.015,-0.485,0.946,1.237,1.558,0.984,0.611,0.949,1.304,1.029,0.561,0.572,1.361,1.642,1.122,0.407
"CYP","CYPRUS",1983,10,1,4091.04858398438,-0.769773018487672,NA,NA,NA,NA,68.09789,7.9000609267801,NA,NA,NA,15.4059994941628,707225,49.3488625951608,NA,NA,0,0.0852004092049143,NA,NA,NA,NA,NA,NA,NA,73.708,71.178,76.392,NA,NA,NA,NA,NA,"Asia","Western Asia",0.789,1.718,0.882,0.939,0.845,0.975,-1.441,1.585,2.839,0,0,0.8,0.8,0.6,0.2,0.2,0.2,0.2,0,0.4,0.2,0,0,0.555,0.228,0.656,1.015,-0.49,0.946,1.237,1.558,0.984,0.611,0.949,1.304,1.029,0.561,0.572,1.361,1.642,1.122,0.405
"CYP","CYPRUS",1984,10,1,4258.74365234375,4.0990730106668,NA,NA,NA,NA,68.37382,8.94272275453192,NA,NA,NA,16.1320463218441,719334,49.3129756135536,NA,NA,0,0.0723751482220645,NA,NA,NA,NA,NA,NA,NA,74,71.319,76.872,NA,NA,NA,NA,NA,"Asia","Western Asia",0.789,1.718,0.882,0.939,0.845,0.975,-1.441,1.585,2.839,0,0,0.8,0.8,0.6,0.2,0.2,0.2,0.2,0,0.4,0.2,0,0,0.557,0.228,0.656,1.015,-0.49,0.946,1.237,1.558,0.984,0.611,0.949,1.304,1.029,0.561,0.572,1.361,1.642,1.122,0.405
"CYP","CYPRUS",1985,10,1,4488.287109375,5.38993364639178,NA,NA,NA,NA,69.16519,7.48886905420959,NA,NA,NA,16.5564691732432,731277,49.2786581263435,NA,NA,0,0.0693100703438997,NA,NA,NA,NA,NA,NA,NA,74.64,72.096,77.327,NA,NA,NA,NA,1.2702916956171,"Asia","Western Asia",0.789,1.718,0.882,0.939,0.845,0.975,-1.441,1.585,2.839,0,0,0.8,0.8,0.6,0.2,0.2,0.2,0.2,0,0.4,0.2,0,0,0.557,0.228,0.656,1.015,-0.235,0.946,1.237,1.558,0.984,0.611,0.949,1.304,1.029,0.561,0.572,1.361,1.642,1.122,0.405
"CYP","CYPRUS",1986,10,1,5642.63134765625,25.7190373554778,NA,NA,NA,NA,73.80319,7.32712682338318,NA,NA,NA,16.701230847832,743105,49.2437811614778,NA,NA,0,0.046626947783059,NA,NA,NA,NA,NA,NA,NA,74.93,72.248,77.787,NA,NA,NA,NA,1.57715789858516,"Asia","Western Asia",0.789,1.718,0.882,0.939,0.845,0.975,-1.441,1.585,2.839,0,0,0.8,0.8,0.6,0.2,0.2,0.2,0.2,0,0.4,0.2,0,0,0.56,0.224,0.656,1.015,-0.235,0.946,1.237,1.558,0.984,0.611,0.949,1.304,1.029,0.561,0.572,1.361,1.642,1.122,0.398
"CYP","CYPRUS",1987,10,1,6690.578125,18.5719518568058,NA,NA,NA,NA,77.85594,7.43175041511978,NA,NA,NA,16.3313115500614,754785,49.2089800406738,NA,NA,0,0.0379449475755301,NA,NA,NA,NA,NA,NA,NA,75.264,72.638,78.049,NA,NA,NA,NA,5.39147769754872,"Asia","Western Asia",0.789,1.718,0.882,0.939,0.845,0.975,-1.441,1.585,2.839,0,0,0.8,0.8,0.6,0.2,0.2,0.2,0.2,0,0.4,0.2,0,0,0.56,0.224,0.656,1.015,-0.235,0.946,1.237,1.558,0.984,0.611,0.949,1.304,1.029,0.561,0.572,1.361,1.642,1.122,0.398
"CYP","CYPRUS",1988,10,1,7645.6298828125,14.2745774725185,NA,NA,NA,NA,79.33486,7.17470720245926,NA,NA,NA,17.3866421933943,766235,49.1744036417074,NA,NA,0,0.0475562446015073,NA,NA,NA,NA,NA,NA,NA,75.39,72.754,78.189,NA,NA,NA,NA,5.70025602914459,"Asia","Western Asia",0.789,1.718,0.882,0.939,0.845,0.975,-1.441,1.585,2.839,0,0,0.8,0.8,0.6,0.2,0.2,0.2,0.2,0,0.4,0.2,0,0,0.572,0.207,0.656,1.554,0.768,0.946,1.237,1.558,0.984,0.611,0.949,1.304,1.029,0.561,0.572,1.361,1.642,1.122,0.294
"CYP","CYPRUS",1989,10,1,8038.9140625,5.14390816342823,NA,NA,NA,NA,79.45967,6.92986006638551,NA,NA,NA,18.3570374303086,777420,49.1380463584678,NA,NA,0,0.0500361818506939,NA,NA,NA,NA,NA,5.08640003204346,NA,75.841,73.237,78.597,NA,NA,NA,NA,5.36935509753425,"Asia","Western Asia",0.792,1.718,1.004,0.939,0.845,0.975,-1.441,1.585,2.839,0,0,0.8,0.8,0.6,0.2,0.2,0.2,0.2,0,0.4,0.2,0,0,0.581,0.205,0.656,1.554,0.768,0.946,1.237,1.558,1.109,0.611,0.949,1.304,1.029,0.561,0.572,1.361,1.642,1.122,0.28
"CYP","CYPRUS",1990,10,1,9641.5751953125,19.9362889110683,NA,NA,NA,NA,78.82103,6.8591767823588,NA,NA,0,18.029893977896,788351,49.0992579438067,100,NA,0,0.0303952864480007,NA,NA,NA,NA,NA,NA,NA,76.044,73.542,78.674,NA,NA,NA,NA,7.3740356129737,"Asia","Western Asia",0.894,2.272,2.029,1.49,0.997,1.3,-1.441,2.171,2.839,0,0,0.8,0.8,0.6,0.2,0.2,0.2,0.2,0,0.4,0.2,0,0,0.612,0.183,1.032,1.836,0.768,0.946,1.237,1.558,1.109,0.611,1.292,1.304,1.094,0.561,0.572,1.361,1.642,1.526,0.233
"CYP","CYPRUS",1991,10,1,9696.099609375,0.565513548958353,NA,NA,NA,NA,79.15245,6.19134855754697,NA,NA,NA,16.980221989016,798944,49.0571941748181,100,NA,0,0.0187457227477713,NA,NA,NA,NA,NA,NA,NA,76.246,73.788,78.827,NA,NA,NA,NA,7.26477612246644,"Asia","Western Asia",0.897,2.272,2.029,1.49,1.222,1.3,-1.441,2.171,2.839,0,0,0.8,0.8,0.6,0.2,0.2,0.2,0.2,0,0.4,0.2,0,0,0.63,0.171,1.032,1.836,1.098,0.946,1.237,1.558,1.109,0.611,1.292,1.304,1.094,1.238,1.311,1.361,1.642,1.526,0.214
"CYP","CYPRUS",1992,10,1,11310.072265625,16.6455865891629,NA,NA,NA,NA,77.36127,5.72367756161448,NA,NA,0.0501,18.0663250931717,810341,49.0236197151813,100,NA,0,0.0128024574009668,94,98,91,NA,NA,NA,NA,76.291,73.706,79.04,NA,NA,NA,NA,9.12928604418491,"Asia","Western Asia",0.897,2.272,2.029,1.49,1.222,1.3,-1.441,2.171,2.839,0,0,0.8,0.8,0.6,0.2,0.2,0.2,0.2,0,0.4,0.2,0,0,0.636,0.17,1.032,1.836,1.098,0.946,1.237,1.558,1.109,0.611,1.292,1.304,1.094,1.238,1.311,1.361,1.642,1.526,0.202
"CYP","CYPRUS",1993,10,1,10526.1416015625,-6.93126131868424,NA,NA,NA,NA,97.62945,5.61272712074519,NA,NA,0.0564,19.4570496400761,826034,49.0265533864224,100,NA,0,0.0128980238783898,NA,NA,NA,NA,NA,NA,NA,76.294,73.746,79.003,NA,NA,NA,NA,4.07495260499477,"Asia","Western Asia",0.897,2.272,2.029,1.49,1.222,1.3,-1.441,2.171,2.839,0,0,0.8,0.8,0.6,0.2,0.2,0.2,0.2,0,0.4,0.2,0,0,0.635,0.169,1.032,1.836,1.125,0.946,1.237,1.558,1.109,0.611,1.292,1.304,1.094,1.238,1.311,1.361,1.642,1.526,0.201
"CYP","CYPRUS",1994,10,1,11617.6923828125,10.3699040215075,NA,NA,NA,NA,96.91663,5.06752181727584,NA,NA,0.111,20.803407505746,844667,49.0536507286303,100,NA,0,0.00959880836273062,NA,NA,NA,NA,NA,NA,NA,76.383,73.868,79.044,NA,NA,NA,NA,4.02398919595774,"Asia","Western Asia",0.897,2.272,2.029,1.49,1.222,1.3,-1.441,2.171,2.839,0,0,0.8,0.8,0.6,0.2,0.2,0.2,0.2,0,0.4,0.2,0,0,0.637,0.169,1.032,1.836,1.125,0.946,1.237,1.558,1.109,0.611,1.292,1.304,1.094,1.238,1.311,1.361,1.642,1.526,0.201
"CYP","CYPRUS",1995,10,1,15261.4169921875,31.3635831395021,NA,NA,NA,NA,96.213,4.77612601202217,NA,NA,0.41,18.4350342490507,862695,49.0777157628131,100,66.4299003101592,0,0.00774000899775011,NA,NA,NA,NA,NA,NA,NA,76.583,74.052,79.258,NA,NA,NA,NA,3.04103421492608,"Asia","Western Asia",0.897,2.272,2.029,1.49,1.222,1.3,-1.441,2.171,2.839,0,0,0.8,0.8,0.6,0.2,0.2,0.2,0.2,0,0.4,0.2,0,0,0.635,0.169,1.032,1.836,1.125,0.946,1.237,1.558,1.109,0.611,1.292,1.304,1.094,1.238,1.311,1.361,1.642,1.526,0.201
"CYP","CYPRUS",1996,10,1,15139.220703125,-0.800687702361149,NA,NA,NA,NA,96.11728,4.57820894953766,NA,NA,0.673,17.8419789921569,880290,49.0992741028525,100,66.9851454277313,0,0.0147205658958886,NA,NA,NA,NA,NA,NA,NA,76.88,74.35,79.547,NA,NA,NA,NA,4.52471482889734,"Asia","Western Asia",0.897,2.272,2.029,1.49,1.222,1.3,-1.441,2.171,2.839,0,0,0.8,0.8,0.6,0.2,0.2,0.2,0.2,0,0.4,0.2,0,0,0.636,0.166,1.032,1.836,1.713,0.946,1.237,1.558,1.109,0.611,1.292,1.304,1.094,1.238,1.311,1.361,1.642,1.526,0.171
"CYP","CYPRUS",1997,10,1,14234.2412109375,-5.97771516733815,NA,NA,NA,NA,96.28477,3.92033854684487,NA,NA,4.38,17.1172284731415,897568,49.1197324325288,100,68.6650938354451,0,0.0246337691800294,NA,NA,NA,NA,NA,NA,NA,77.119,74.556,79.826,NA,NA,NA,NA,5.573910769889,"Asia","Western Asia",0.897,2.272,2.029,1.49,1.222,1.3,-1.441,2.171,2.839,0,0,0.8,0.8,0.6,0.2,0.2,0.2,0.2,0,0.4,0.2,0,0,0.636,0.164,1.032,1.836,1.713,0.946,1.237,1.558,1.109,0.611,1.292,1.304,1.094,1.238,1.311,1.361,1.642,1.526,0.152
"CYP","CYPRUS",1998,10,1,15092.828125,6.031841819589,NA,NA,NA,NA,NA,4.33453178052136,NA,NA,8.89,18.3161200731276,914548,49.1392469285374,100,69.3005315030312,0,0.0110822711497632,NA,NA,NA,NA,NA,NA,NA,77.164,74.628,79.838,NA,NA,NA,NA,4.67631794591642,"Asia","Western Asia",0.897,2.272,2.029,1.49,1.222,1.3,-1.441,2.171,2.839,0,0,0.8,0.8,0.6,0.2,0.2,0.2,0.2,0,0.4,0.2,0,0,0.632,0.168,1.032,1.836,1.102,0.946,1.237,1.558,1.109,0.611,1.292,1.304,1.094,1.238,1.311,1.361,1.642,1.526,0.194
"CYP","CYPRUS",1999,10,1,15287.91796875,1.29259965153151,NA,NA,NA,NA,95.3991,3.89894323212311,NA,NA,11.3,18.8469269058609,931234,49.1567103434797,100,70.2337960203708,0,0.0141093077274847,NA,NA,NA,NA,NA,NA,NA,77.572,75.082,80.184,NA,NA,NA,NA,2.73385096955161,"Asia","Western Asia",0.897,2.272,2.029,1.49,1.222,1.3,-1.441,2.171,2.839,0,0,0.8,0.8,0.6,0.2,0.2,0.2,0.2,0,0.4,0.2,0,0,0.637,0.166,1.177,1.836,1.102,0.946,1.237,1.558,1.109,0.611,1.292,1.5,1.094,1.238,1.311,1.361,1.642,1.526,0.202
"CYP","CYPRUS",2000,10,1,14388.3525390625,-5.88415918718494,96.7313537597656,NA,98.0264282226562,97.2732315063477,95.31862,3.64726364853406,0.2,NA,15.3,20.7966335767945,947667,49.1724932623941,100,69.7823234088886,0,0.0191984782389763,NA,NA,NA,NA,5.30800056,3.31,4,77.9,75.441,80.475,NA,NA,NA,NA,2.82209015133954,"Asia","Western Asia",0.91,2.272,2.029,2,1.628,1.703,-1.441,2.171,2.839,0,0,0.801,0.801,0.6,0.2,0.2,0.2,0.199,0,0.4,0.199,0,0.001,0.669,0.147,1.036,2.368,1.102,0.946,1.237,1.558,1.109,0.682,1.292,1.585,1.565,1.238,1.311,1.361,1.642,1.727,0.189
"CYP","CYPRUS",2001,10,1,14821.44921875,3.01005051489876,96.6496124267578,NA,97.554931640625,98.5783767700195,94.96985,3.86079645311557,NA,NA,18.8,21.2956362120587,964127,49.1904074878102,100,69.3356940456567,0,0.00987827702334223,97,99,95,NA,5.33940458,4.4,4.8,78.185,75.629,80.885,NA,NA,NA,NA,3.15322215947894,"Asia","Western Asia",0.91,2.272,2.029,2,1.628,1.703,-1.441,2.171,2.839,0,0,1,1,0.6,0.2,0.2,0.2,0,0,0.4,0,0,0.2,0.678,0.143,1.036,2.691,1.713,0.946,1.237,1.558,1.109,0.682,1.292,1.585,1.565,1.238,1.311,1.361,1.642,1.727,0.163
"CYP","CYPRUS",2002,10,1,16093.2158203125,8.58058198488202,97.7734527587891,NA,100.017959594727,100.902763366699,95.94279,3.78826774823824,0.2,NA,28.3,21.4312693114226,981440,49.2141139550049,100,68.4036794358998,0,0.0109470392404487,NA,NA,NA,NA,5.61565971,4.4,2.3,78.758,76.308,81.318,NA,NA,NA,NA,2.1301607353618,"Asia","Western Asia",0.91,2.272,2.029,2,1.628,1.703,-1.441,2.171,2.839,0,0,1,1,0.6,0.2,0.2,0.2,0,0,0.4,0,0,0.2,0.68,0.143,1.036,2.691,1.713,0.946,1.237,1.558,1.109,0.682,1.292,1.585,1.565,1.238,1.311,1.151,1.723,1.727,0.147
"CYP","CYPRUS",2003,10,1,20252.24609375,25.8433759906958,97.3882293701172,NA,98.8937683105469,102.752471923828,96.14328,3.3529015922721,NA,NA,30.1,22.0150698014494,999590,49.2392881081243,100,67.3560787874655,0,0.00789406967300194,NA,NA,NA,NA,5.63568783,4.3,4,78.908,76.444,81.485,NA,NA,NA,NA,1.98516312435716,"Asia","Western Asia",0.91,2.272,2.029,2,1.628,1.703,-1.441,2.171,2.839,0,0,1,1,0.6,0.2,0.2,0.2,0,0,0.4,0,0,0.2,0.666,0.156,1.036,2.691,1.124,0.946,1.237,1.558,1.109,0.682,1.292,1.585,1.565,1.238,1.311,1.151,0.872,1.727,0.176
"CYP","CYPRUS",2004,10,1,23792.619140625,17.4813846843762,97.1988677978516,NA,87.3899765014648,86.3794326782227,96.11749,3.08333142687938,0.2,NA,33.8,21.8288375781342,1017875,49.2612066695747,100,66.8237969620049,0,0.00877046492863859,NA,NA,NA,NA,5.40558147,4.2,3.4,79.007,76.569,81.555,NA,NA,NA,NA,1.9557691617927,"Asia","Western Asia",0.928,2.272,2.781,2,1.628,1.703,-1.441,2.171,2.839,0,0,1,1,0.6,0.2,0.2,0.2,0,0,0.4,0,0,0.2,0.703,0.131,1.036,2.691,1.124,0.946,1.237,1.558,1.677,1.518,1.73,1.876,1.316,1.238,1.311,1.151,0.872,1.727,0.18
"CYP","CYPRUS",2005,10,1,24959.26171875,4.9033802089195,99.8711776733398,NA,99.0012283325195,98.5299530029297,99.34591,2.73852781486715,NA,NA,32.8,23.1684581894033,1036151,49.280751550691,100,66.7369863544184,0.00120177163901405,0.00193200965790521,NA,NA,NA,NA,5.43580961,2.74,3.8,79.198,76.714,81.81,NA,0.695768594741821,NA,NA,2.03746974323698,"Asia","Western Asia",0.928,2.272,2.781,2.68,1.628,1.703,-1.441,2.171,2.839,0,0,1,1,0.6,0.2,0.2,0.2,0,0,0.4,0,0,0.2,0.704,0.131,1.036,2.691,1.124,0.946,1.237,1.558,1.677,1.518,1.73,1.876,1.316,1.238,1.311,1.151,0.872,1.727,0.18
"CYP","CYPRUS",2006,10,1,26729.28125,7.0916341644846,100.887046813965,NA,98.9987487792969,99.5320129394531,99.21867,2.2759759957395,0.25,NA,35.8,24.31188563645,1054418,49.2994239476185,100,66.9928855593874,0.00127433498559614,0.00186320101838702,NA,NA,NA,NA,5.46357489,2.71,3.9,79.456,76.9,82.165,NA,0.705027997493744,NA,NA,1.8999978625024,"Asia","Western Asia",0.928,2.272,2.781,2.68,1.628,1.703,-1.441,2.171,2.839,0,0,1,1,0.6,0.2,0.2,0.2,0,0,0.4,0,0,0.2,0.714,0.131,1.036,2.691,1.503,0.946,1.237,1.558,1.677,1.518,1.73,1.876,1.316,1.181,1.311,1.151,0.872,1.727,0.167
"CYP","CYPRUS",2007,10,1,31244.87890625,16.8938237209427,100.688270568848,NA,97.6883926391602,98.103141784668,99.04305,2.02353280851406,NA,NA,40.8,28.4229518891301,1072714,49.3180847830829,100,66.0995381791403,0.00117988658125929,0.00764839042080836,NA,NA,NA,NA,5.35744858,2.72,4.4,79.798,77.233,82.52,NA,0.701088547706604,NA,NA,1.68459965831751,"Asia","Western Asia",0.928,2.272,2.781,2.68,1.628,1.703,-1.441,2.171,2.839,0,0,1,1,0.6,0.2,0.2,0.2,0,0,0.4,0,0,0.2,0.728,0.126,1.036,2.691,1.503,0.946,1.237,1.558,1.677,1.58,1.73,1.876,1.316,1.181,1.311,1.293,0.872,1.727,0.158
"CYP","CYPRUS",2008,10,1,35397.296875,13.2899153848837,101.213508605957,NA,98.3886108398438,97.719612121582,98.70243,2.09331209487447,0.25,NA,42.3,26.9496263455086,1091026,49.3364508852668,100,66.3692756373905,0.0150445662460913,0.0195934764177584,NA,NA,NA,NA,6.01427698,2.73,5.1,79.906,77.251,82.76,NA,0.715612769126892,NA,NA,1.62970494449745,"Asia","Western Asia",0.928,2.272,2.781,2.68,1.628,1.703,-1.441,2.171,2.839,0,0,1,1,0.6,0.2,0.2,0.2,0,0,0.4,0,0,0.2,0.726,0.127,1.036,2.691,1.301,0.946,1.237,1.558,1.677,1.58,1.73,1.876,1.316,1.251,1.311,1.293,0.872,1.727,0.173
"CYP","CYPRUS",2009,10,1,32236.44921875,-8.92963004325454,102.179481506348,NA,99.5033798217773,99.8577499389648,98.74389,1.98881944002316,NA,NA,49.8,23.2492377292522,1109371,49.3534179698063,100,69.9768267979178,0.00868111599731847,0.0272664916801355,NA,NA,NA,NA,6.46531534,2.74,5.3,80.375,77.878,83.02,NA,0.722167193889618,NA,NA,1.81681950779024,"Asia","Western Asia",0.928,2.272,2.781,2.68,1.628,1.703,-1.441,2.171,2.839,0,0,1,1,0.6,0.2,0.2,0.2,0,0,0.4,0,0,0.2,0.725,0.128,1.036,2.691,1.301,0.946,1.237,1.558,1.677,1.519,1.73,1.876,1.316,1.251,1.311,1.153,0.872,1.727,0.175
"CYP","CYPRUS",2010,10,1,31105.02734375,-3.50975961192996,101.624328613281,NA,97.8795776367188,100.858917236328,98.96982,2.05766089497283,0.25,NA,53,23.0541633071918,1127816,49.3665633401193,100,71.6413288911788,0.00549581724887354,0.0445722498723438,NA,NA,NA,NA,6.50055742,2.62,6.2,80.632,78.173,83.238,NA,NA,NA,NA,1.85292455056688,"Asia","Western Asia",0.928,2.272,2.781,2.68,1.628,1.703,-1.441,2.171,2.839,0,0,1,1,0.6,0.2,0.2,0.2,0,0,0.4,0,0,0.2,0.736,0.128,1.036,2.691,1.301,0.946,1.237,1.558,1.677,1.519,1.73,1.876,1.316,1.251,1.311,1.153,0.872,1.727,0.175
"CYP","CYPRUS",2011,10,1,32485.796875,4.43905583490008,101.200538635254,NA,101.911506652832,101.551567077637,98.719,2.14531871795227,NA,NA,56.9,23.1497766022135,1146493,49.3870437935513,100,73.9856254949183,0.0100066330418738,0.0717517642796192,99,99,98,NA,6.43139076,2.61,5.1,80.855,78.467,83.382,NA,0.706034302711487,NA,NA,1.73783209097559,"Asia","Western Asia",0.934,2.272,2.781,2.68,1.764,1.703,-1.441,2.171,2.839,0,0,1,1,0.6,0.2,0.2,0.2,0,0,0.4,0,0,0.2,0.735,0.128,1.036,2.691,1.285,1.113,1.237,1.558,1.677,1.476,1.73,1.876,1.316,1.328,1.311,1.153,0.872,1.727,0.17
"CYP","CYPRUS",2012,10,1,28991.935546875,-10.7550427085683,100.175346374512,NA,100.413818359375,99.6903305053711,97.9124,2.00128009868188,0.25,NA,60.7,23.3347688877135,1165397,49.4162499270634,100,74.948228738595,0.0105936802654269,0.072728856527206,NA,NA,NA,NA,6.53638792,2.59,6.2,81.128,78.721,83.666,NA,0.732014894485474,NA,NA,1.65475170209627,"Asia","Western Asia",0.934,2.272,2.781,2.68,1.764,1.703,-1.441,2.171,2.839,0,0,1,1,0.6,0.2,0.2,0.2,0,0,0.4,0,0,0.2,0.733,0.127,1.036,2.691,1.285,1.113,1.237,1.558,1.677,1.476,1.73,1.876,1.316,1.328,1.311,1.153,0.872,1.727,0.167
"CYP","CYPRUS",2013,10,1,27797.45703125,-4.12003715203399,99.7619781494141,NA,98.7890396118164,97.8568267822266,97.29695,2.03633566673278,NA,NA,65.5,23.5211674986721,1183895,49.4428982299951,100,76.1139226487119,0.00316216169680669,0.0449091633428491,NA,NA,NA,NA,6.92774534,2.52,4,81.317,78.984,83.746,NA,0.735753774642944,NA,NA,1.60700908951525,"Asia","Western Asia",0.921,2.272,2.295,2.824,1.764,1.81,-1.266,1.895,2.839,0,0,1,1,0.6,0.2,0.2,0.2,0,0,0.4,0,0,0.2,0.733,0.137,1.066,2.691,1.504,0.978,1.237,1.311,1.31,1.476,1.73,1.876,1.316,1.328,1.311,1.153,0.915,1.727,0.158
"CYP","CYPRUS",2014,10,1,27244.3515625,-1.98977002870513,99.152717590332,NA,99.5754165649414,100.097213745117,96.91133,1.84487621232733,0.25,NA,69.3,24.7157220076717,1201801,49.4661761805823,100,75.8273775269052,0.00228489772489687,0.0348718589179378,NA,NA,NA,NA,6.93137264,2.47,3.7,81.337,79.051,83.706,NA,0.721044600009918,NA,NA,1.54260195978916,"Asia","Western Asia",0.921,2.272,2.295,2.824,1.764,1.81,-1.266,1.895,2.839,0,0,1,1,0.6,0.2,0.2,0.2,0,0,0.4,0,0,0.2,0.732,0.138,1.066,2.691,1.504,0.802,1.237,1.311,1.31,1.557,1.73,1.876,1.316,1.292,1.311,1.153,0.998,1.727,0.157
"CYP","CYPRUS",2015,10,1,23487.228515625,-13.7904660283654,99.3001174926758,NA,95.8925399780273,97.7970504760742,97.36852,1.86798451841109,NA,NA,71.7,24.0473874693333,1219502,49.4875777161497,100,75.5176128959667,0,0.0198578971713362,NA,NA,NA,NA,6.79382181,2.44,5.9,81.464,79.153,83.855,NA,0.71410596370697,NA,NA,1.64766762744388,"Asia","Western Asia",0.922,2.272,2.403,2.593,1.764,1.81,-1.266,1.895,2.839,0,0,1,1,0.6,0.2,0.2,0.2,0,0,0.4,0,0,0.2,0.74,0.138,1.066,2.691,1.504,0.802,1.237,1.311,1.31,1.557,1.73,1.876,1.316,1.292,1.311,1.153,0.998,1.727,0.157
"CYP","CYPRUS",2016,10,1,24715.154296875,5.22805736927674,98.5455093383789,NA,98.0171813964844,98.9318237304688,96.72966,2.14376219902412,0.3,NA,75.9,23.5160580075036,1237112,49.508654423646,100,74.5691185819827,0.000276297291237262,0.00147131380581406,NA,NA,NA,NA,6.65254688,2.44,5.3,81.534,79.213,83.934,NA,0.727044999599457,NA,NA,1.40455761221209,"Asia","Western Asia",0.922,2.272,2.403,2.593,1.764,1.81,-1.266,1.895,2.839,0,0,1,1,0.6,0.2,0.2,0.2,0,0,0.4,0,0,0.2,0.739,0.137,1.066,2.691,1.496,0.802,1.237,1.311,1.31,1.616,1.73,1.876,1.316,1.292,1.311,1.153,0.998,1.727,0.158
"CYP","CYPRUS",2017,10,1,26696.990234375,8.01870752532823,99.3066864013672,NA,101.380088806152,101.156867980957,97.49342,1.85263298228741,NA,NA,80.7,23.819883399544,1254275,49.5291702377868,NA,74.1380086156061,0,0.0053914863858221,NA,NA,NA,NA,6.62192535,2.34,4.8,81.543,79.304,83.871,NA,NA,NA,NA,1.56810293907547,"Asia","Western Asia",0.932,2.272,2.694,1.954,1.764,1.961,-1.266,1.895,2.839,0,0,1,1,0.6,0.2,0.2,0.2,0,0,0.4,0,0,0.2,0.733,0.144,0.151,2.691,1.496,0.802,1.237,1.56,1.31,1.559,1.73,1.426,1.528,1.219,1.311,1.153,1.313,1.727,0.202
"CYP","CYPRUS",2018,10,1,29599.986328125,10.8738703062194,99.7954406738281,NA,101.891548156738,101.860679626465,NA,1.71813809861456,0.3,NA,84.4,23.8334479788945,1270737,49.5453425846576,NA,73.4972493548522,0,0.00469231201910547,NA,NA,NA,NA,6.82599831,2.27,4.6,81.556,79.387,83.765,NA,NA,NA,NA,1.76054591686911,"Asia","Western Asia",0.916,2.272,2.332,1.954,1.752,1.818,-1.266,1.895,2.839,0,0,1,1,0.6,0.2,0.2,0.2,0,0,0.4,0,0,0.2,0.723,0.147,0.273,2.691,1.514,0.802,1.237,1.434,1.31,1.559,1.73,1.224,1.528,1.219,1.311,1.153,1.313,1.521,0.199
"CYP","CYPRUS",2019,NA,1,29703.052734375,0.348197479240284,100.477699279785,NA,102.938629150391,102.125198364258,NA,1.74820542874204,NA,NA,86.1,23.0747988940916,1286671,49.55750149028,NA,73.2857142735047,0,0.00361325176711909,NA,NA,NA,NA,7.06576538,2.24,5.9,81.454,79.317,83.633,NA,NA,NA,NA,1.78661901313827,"Asia","Western Asia",0.916,2.272,2.332,1.958,1.752,1.818,-1.444,1.895,2.839,0,0,1,1,0.75,0.25,0,0,0,0,0.25,0,0,0,0.715,0.172,0.333,2.691,1.514,0.572,1.237,1.204,1.31,1.559,1.73,1.224,1.528,1.154,0.784,0.785,0.771,1.804,0.185
"CYP","CYPRUS",2020,NA,1,28649.015625,-3.54858175286197,100.735160827637,NA,101.30786895752,99.4018402099609,NA,1.82533569194245,0.3,NA,90.8,21.9401064770959,1302247,49.575426493264,NA,74.5571998617301,0,0.0079310862289615,NA,NA,NA,NA,8.76033878,NA,3,81.23,78.916,83.652,NA,NA,NA,NA,1.92017174602879,"Asia","Western Asia",0.913,2.274,2.332,2.184,1.471,1.818,-1.244,1.405,2.839,0,0,1,1,0.75,0.25,0,0,0,0,0.25,0,0,0,0.693,0.164,0.529,2.691,1.514,0.63,1.237,1.086,1.31,1.735,1.73,1.159,1.528,0.431,1.313,1.232,1.331,0.994,0.238
"EGY","EGYPT",1960,-7,0,156.387397481519,NA,NA,NA,NA,NA,NA,27.6488257782632,NA,NA,NA,NA,26896479,49.792013676139,NA,41.193336974331,NA,NA,NA,NA,NA,NA,NA,2.14697933197021,NA,44.436,41.772,47.355,NA,NA,NA,NA,NA,"Africa","Northern Africa",0.115,-1.907,-0.718,-0.975,-1.581,-1.251,-1.209,-2.25,-0.971,0,0,0.4,0.1,0.6,1,0,0,0,0.4,0.4,0.4,0.2,0,0.122,0.582,-0.609,-2.19,0.781,0.356,-0.246,1.22,-0.118,-0.561,1.414,0.285,-0.445,-0.367,-0.008,-0.308,-0.937,-0.208,0.508
"EGY","EGYPT",1961,-7,0,162.841644181754,4.12708875790181,NA,NA,NA,NA,NA,27.1530794786609,NA,NA,NA,NA,27600898,49.8091131017145,NA,40.9404548939433,NA,NA,NA,NA,NA,NA,NA,NA,NA,45.146,42.506,48.025,NA,NA,NA,NA,NA,"Africa","Northern Africa",0.115,-1.907,-0.718,-0.975,-1.581,-1.251,-1.209,-2.25,-0.971,0,0,0.4,0.1,0.6,1,0,0,0,0.4,0.4,0.4,0.2,0,0.115,0.593,-0.609,-2.19,0.781,0.356,-0.246,1.22,-0.118,-0.561,1.414,0.285,-0.445,-0.367,-0.008,-0.308,-0.937,-0.208,0.508
"EGY","EGYPT",1962,-7,0,142.409576739705,-12.5472004073135,NA,NA,NA,NA,NA,24.6278257673222,NA,NA,NA,NA,28337013,49.815349274816,NA,40.7094284138945,NA,NA,NA,NA,NA,NA,NA,NA,NA,45.844,43.168,48.76,NA,NA,NA,NA,6.67547918043622,"Africa","Northern Africa",0.115,-1.907,-0.718,-0.975,-1.581,-1.251,-1.209,-2.25,-0.971,0,0,0.4,0.1,0.6,1,0,0,0,0.4,0.4,0.4,0.2,0,0.1,0.575,-0.609,-2.19,NA,0.356,-0.246,1.22,-0.118,-0.561,1.414,0.285,-0.445,NA,NA,NA,NA,-0.208,0.508
"EGY","EGYPT",1963,-7,0,143.928402522656,1.06651941373796,NA,NA,NA,NA,NA,24.4218621257896,NA,NA,NA,NA,29091869,49.8199685967237,NA,40.0769019500137,NA,NA,NA,NA,NA,NA,NA,NA,NA,46.493,43.784,49.442,NA,NA,NA,NA,8.6646884272997,"Africa","Northern Africa",0.115,-1.907,-0.718,-0.975,-1.581,-1.251,-1.209,-2.25,-0.971,0,0,0.4,0.1,0.6,1,0,0,0,0.4,0.4,0.4,0.2,0,0.105,0.575,-0.609,-2.19,NA,0.356,-0.246,1.22,-0.118,-0.561,1.414,0.285,-0.445,NA,NA,NA,NA,-0.208,0.508
"EGY","EGYPT",1964,-7,0,157.716536507206,9.57985619438775,NA,NA,NA,NA,NA,23.1990231990232,NA,NA,NA,NA,29858922,49.8247441694226,NA,39.5311355311355,NA,NA,NA,NA,NA,NA,NA,NA,NA,47.075,44.334,50.056,NA,NA,NA,NA,10.3283898305085,"Africa","Northern Africa",0.115,-1.907,-0.718,-0.975,-1.581,-1.251,-1.209,-2.25,-0.971,0,0,0.4,0.1,0.6,1,0,0,0,0.4,0.4,0.4,0.2,0,0.137,0.55,-0.609,-2.19,0.775,0.356,-0.246,1.22,-0.118,-0.561,1.414,0.285,-0.445,-0.338,0.03,-0.3,1.152,-0.208,0.514
"EGY","EGYPT",1965,-7,0,161.567123566919,2.44146057540204,NA,NA,NA,NA,NA,25.6941072610903,NA,NA,NA,NA,30629174,49.8305504418761,NA,38.397704700949,NA,NA,NA,NA,NA,NA,NA,NA,NA,47.577,44.801,50.591,NA,NA,NA,NA,10.1174345076784,"Africa","Northern Africa",0.115,-1.907,-0.718,-0.975,-1.581,-1.251,-1.209,-2.25,-0.971,0,0,0.4,0.1,0.6,1,0,0,0,0.4,0.4,0.4,0.2,0,0.145,0.533,-0.609,-2.19,1.862,0.356,-0.246,1.22,-0.118,-0.561,1.414,0.285,-0.445,-0.338,0.03,-0.3,1.152,-0.208,0.434
"EGY","EGYPT",1966,-7,0,168.054342944501,4.01518528916254,NA,NA,NA,NA,NA,24.8844722528933,NA,NA,NA,NA,31406541,49.8407831667932,NA,38.9645442277021,NA,NA,NA,NA,NA,NA,NA,NA,NA,47.988,45.176,51.039,NA,NA,NA,NA,8.71826883062838,"Africa","Northern Africa",0.115,-1.907,-0.718,-0.975,-1.581,-1.251,-1.209,-2.25,-0.971,0,0,0.4,0.1,0.6,1,0,0,0,0.4,0.4,0.4,0.2,0,0.145,0.531,-0.609,-2.19,1.862,0.356,-0.246,1.22,-0.118,-0.561,1.414,0.285,-0.445,-0.338,0.03,-0.3,1.152,-0.208,0.414
"EGY","EGYPT",1967,-7,0,174.103044536176,3.59925336393867,NA,NA,NA,NA,NA,24.1557519330914,NA,NA,NA,NA,32196360,49.8564899883092,NA,39.5770869496607,NA,NA,NA,NA,NA,NA,NA,NA,NA,48.13,45.151,51.386,NA,NA,NA,NA,8.90769850866586,"Africa","Northern Africa",0.115,-1.907,-0.718,-0.975,-1.581,-1.251,-1.209,-2.25,-0.971,0,0,0.4,0.1,0.6,1,0,0,0,0.4,0.4,0.4,0.2,0,0.143,0.54,-0.609,-2.19,1.862,0.356,-0.246,0.876,-0.118,-0.561,1.414,0.285,-0.445,-0.338,0.03,-0.3,1.152,-0.208,0.414
"EGY","EGYPT",1968,-7,0,179.774096694265,3.25729637479755,NA,NA,NA,NA,NA,25.3800708940528,NA,NA,NA,NA,32998319,49.8705585578465,NA,38.062229224104,NA,NA,NA,NA,NA,NA,NA,NA,NA,48.602,45.73,51.709,NA,NA,NA,NA,11.1330438215555,"Africa","Northern Africa",0.115,-1.907,-0.718,-0.975,-1.581,-1.251,-1.209,-2.25,-0.971,0,0,0.4,0.1,0.6,1,0,0,0,0.4,0.4,0.4,0.2,0,0.143,0.54,-0.609,-2.19,1.862,0.356,-0.246,0.876,-0.118,-0.561,1.414,0.285,-0.445,-0.338,0.03,-0.3,1.152,-0.208,0.414
"EGY","EGYPT",1969,-7,0,192.964908828257,7.33743758224807,NA,NA,NA,NA,NA,25.5436799524976,NA,NA,NA,NA,33811615,49.8824279728261,NA,37.1520819416611,NA,NA,NA,NA,NA,NA,NA,NA,NA,48.7,45.707,51.955,NA,NA,NA,NA,14.3360534124629,"Africa","Northern Africa",0.115,-1.907,-0.718,-0.975,-1.581,-1.251,-1.209,-2.25,-0.971,0,0,0.4,0.1,0.6,1,0,0,0,0.4,0.4,0.4,0.2,0,0.142,0.547,-0.609,-2.19,0.808,0.356,-0.246,0.876,-0.118,-0.561,1.414,0.285,-0.445,-0.338,0.03,-0.3,1.152,-0.208,0.522
"EGY","EGYPT",1970,-7,0,232.272492342671,20.3703273061936,NA,NA,NA,NA,NA,24.109820089955,NA,NA,NA,NA,34623990,49.8939766876659,NA,42.0570964517741,1.35975091695316,1.717488987232,NA,NA,NA,NA,NA,2.18050003051758,NA,49,46.036,52.214,NA,NA,NA,NA,15.9878828677213,"Africa","Northern Africa",0.184,-1.401,-0.718,-0.975,-0.683,-1.251,-0.887,-1.689,-0.971,0,0,0.4,0.1,0.6,1,0,0,0,0.4,0.4,0.4,0.2,0,0.147,0.571,-0.609,-2.19,2.23,-0.341,-0.677,1.172,-0.118,-0.561,1.414,0.285,-0.445,-0.338,0.03,-0.3,1.152,-0.212,0.492
"EGY","EGYPT",1971,-7,0,242.971070265891,4.60604603468775,68.9327087402344,NA,70.4636688232422,41.4437217712402,65.011,22.9315401250111,NA,NA,NA,NA,35433368,49.901158139977,NA,43.1347572355363,1.51778650321548,1.8233715235268,NA,NA,NA,NA,NA,NA,NA,49.48,46.654,52.515,NA,NA,NA,NA,17.1870121760849,"Africa","Northern Africa",0.184,-1.401,-0.718,-0.975,-0.683,-1.251,-0.887,-0.849,-0.573,0.1,0,0.4,0.2,0.5,1,0,0,0,0.3,0.3,0.3,0.1,0,0.166,0.531,-0.998,-1.608,0.807,-0.705,-0.677,1.421,-0.322,-0.561,1.414,0.746,-0.445,-0.338,0.868,-0.3,1.433,-0.212,0.409
"EGY","EGYPT",1972,-7,0,256.482815640115,5.56105109939124,69.7594833374023,NA,65.653678894043,38.9112281799316,65.41723,23.7496872480609,NA,NA,NA,NA,36258328,49.9037793469131,NA,43.8186316755164,1.41414965534595,1.73987602534551,NA,NA,NA,NA,NA,NA,NA,49.908,47.146,52.86,NA,NA,NA,NA,13.5645302897278,"Africa","Northern Africa",0.184,-1.401,-0.718,-0.975,-0.683,-1.251,-0.887,-0.849,-0.573,0.1,0,0.5,0.2,0.5,1,0,0,0,0.3,0.3,0.3,0.1,0,0.165,0.549,-0.998,-1.608,0.807,-0.888,-0.677,1.421,-0.322,-0.561,1.414,0.746,-0.445,-0.338,0.868,-0.3,1.433,-0.212,0.525
"EGY","EGYPT",1973,-7,0,272.182710085295,6.12122664280533,70.2219467163086,NA,69.2683410644531,41.3039588928223,65.24742,26.5749311983988,NA,NA,NA,NA,37102043,49.9072193948996,NA,41.1483612709532,1.39607975350548,1.7873698784169,NA,NA,NA,NA,NA,NA,NA,50.098,47.18,53.244,NA,NA,NA,NA,13.5135135135135,"Africa","Northern Africa",0.197,-1.401,-0.441,-0.975,-0.683,-1.251,-0.887,-0.849,-0.573,0.1,0,0.5,0.3,0.5,1,0,0,0,0.3,0.3,0.3,0.1,0,0.165,0.549,-0.998,-1.608,0.807,-0.888,-0.677,1.421,-0.322,-0.561,1.414,0.746,-0.445,-0.338,0.868,-0.3,1.433,-0.212,0.525
"EGY","EGYPT",1974,-7,0,243.061473902314,-10.6991499106814,67.7529373168945,NA,70.7647171020508,43.5821914672852,NA,28.8074922893356,NA,NA,NA,NA,37969667,49.9066228288656,NA,42.4615592426664,5.88631020930284,6.58972626618201,NA,NA,NA,NA,NA,NA,NA,51.044,48.453,53.779,NA,NA,NA,NA,17.2742435072671,"Africa","Northern Africa",0.197,-1.401,-0.441,-0.975,-0.683,-1.251,-0.887,-0.849,-0.573,0.1,0,0.5,0.3,0.5,1,0,0,0,0.3,0.3,0.3,0.1,0,0.165,0.549,-0.998,-1.608,0.807,-0.888,-0.677,1.421,-0.322,-0.561,1.414,0.746,-0.445,-0.338,0.868,-0.3,1.433,-0.212,0.525
"EGY","EGYPT",1975,-7,0,299.217518322538,23.103638564618,68.9724502563477,NA,74.0582275390625,45.1844291687012,NA,27.6655485621679,NA,NA,NA,20.5216145931482,38875327,49.8976381600597,NA,42.3039234161233,7.24294064094708,7.95165848581456,NA,NA,NA,NA,NA,2.03660011291504,NA,51.734,49.239,54.35,NA,NA,NA,NA,15.4318460908719,"Africa","Northern Africa",0.197,-1.401,-0.441,-0.975,-0.683,-1.251,-0.551,-0.849,-0.573,0.1,0,0.5,0.3,0.5,1,0,0,0,0.3,0.3,0.3,0.2,0,0.165,0.549,-0.998,-1.608,0.807,-0.888,-0.677,1.421,-0.322,-0.561,1.414,0.746,-0.445,-0.338,0.868,-0.3,1.433,-0.212,0.525
"EGY","EGYPT",1976,-6,0,334.609918474469,11.8283181915105,68.2563323974609,NA,74.9483489990234,46.6047782897949,NA,26.0149747934254,NA,NA,NA,17.3313844226352,39795557,49.8842998981017,NA,42.1501655579751,9.70584745111108,10.1700915974632,38,54,22,NA,NA,NA,NA,52.484,50.088,54.977,NA,NA,NA,NA,13.7268961121734,"Africa","Northern Africa",0.197,-1.401,-0.441,-0.975,-0.683,-1.251,-0.3,-0.849,-0.573,0.1,0,0.5,0.3,0.5,1,0,0.1,0,0.2,0.4,0.2,0.2,0,0.167,0.555,-0.998,-1.608,0.219,-0.888,-0.677,1.421,-0.322,-0.561,1.414,0.746,-0.445,-0.338,0.868,-0.3,1.433,-0.395,0.583
"EGY","EGYPT",1977,-6,0,353.403833676533,5.61666411077949,67.6110763549805,NA,75.6908493041992,47.0181083679199,NA,24.8188163071414,NA,NA,NA,25.5179722042899,40748870,49.8669729982696,NA,40.6131621578826,12.1647429097968,12.9096830272669,NA,NA,NA,NA,NA,NA,NA,53.272,50.977,55.637,NA,NA,NA,NA,13.1120584652862,"Africa","Northern Africa",0.209,-1.401,-0.441,-0.975,-0.174,-1.251,-0.3,-0.849,-0.573,0.1,0,0.5,0.3,0.5,1,0,0.1,0,0.2,0.4,0.2,0.2,0,0.165,0.565,-0.998,-1.608,-0.077,-0.888,-0.677,1.421,-0.322,-0.561,1.414,0.746,-0.445,-0.338,0.868,-0.3,1.433,-0.395,0.654
"EGY","EGYPT",1978,-6,0,354.674246269687,0.359479007326442,67.4246215820312,NA,69.8356704711914,36.7968711853027,66.92664,23.394542365248,NA,NA,NA,23.0710966447624,41761431,49.8470658249235,NA,42.6907408544699,14.1098795600338,14.8651776417439,NA,NA,NA,NA,NA,NA,NA,54.075,51.879,56.317,NA,NA,NA,NA,9.94071348257181,"Africa","Northern Africa",0.209,-1.401,-0.441,-0.975,-0.174,-1.251,-0.3,-0.849,-0.573,0.1,0,0.6,0.3,0.5,1,0,0.1,0.1,0.2,0.4,0.2,0.2,0,0.164,0.565,-0.998,-1.608,-0.077,-0.888,-0.677,1.421,-0.322,-0.561,1.414,0.746,-0.445,-0.338,0.868,-0.3,1.433,-0.395,0.654
"EGY","EGYPT",1979,-6,0,420.85821686233,18.6604951695078,67.4043731689453,NA,47.7117385864258,23.7747592926025,NA,20.0564426369863,NA,NA,NA,21.285197869102,42818628,49.8256646616515,NA,40.8802638254693,29.2321387639113,29.9127584877985,NA,NA,NA,NA,NA,NA,NA,54.876,52.773,57.003,NA,NA,NA,NA,6.4689378757515,"Africa","Northern Africa",0.209,-1.401,-0.441,-0.975,-0.174,-1.251,0.913,-1.672,-0.573,0.1,0,0.6,0.3,0.5,1,0,0.1,0.1,0.2,0.4,0.2,0.2,0,0.162,0.563,-0.998,-1.608,-0.099,-0.888,-0.677,1.421,-0.322,-0.561,1.414,0.746,-0.445,-0.338,0.868,-0.3,1.433,-0.395,0.656
"EGY","EGYPT",1980,-6,0,493.053573271061,17.154317895223,68.5114898681641,NA,55.6721992492676,37.0317497253418,NA,16.5818608532384,NA,NA,NA,NA,43950413,49.8023624942956,NA,40.8115643090134,31.6900821803862,32.5093693392504,NA,NA,NA,NA,NA,2.02629995346069,NA,55.673,53.653,57.698,NA,NA,NA,NA,6.16031027795734,"Africa","Northern Africa",0.209,-1.401,-0.441,-0.975,-0.174,-1.251,0.913,-1.672,-0.573,0.1,0.1,0.7,0.4,0.5,1,0,0,0.2,0.4,0.4,0.2,0.3,0,0.124,0.564,-0.998,-1.608,NA,-0.888,-1.375,1.421,-0.322,-0.561,1.414,0.746,0.371,-0.953,0.868,-0.416,1.433,-0.395,0.657
"EGY","EGYPT",1981,-6,0,490.308796861598,-0.556689284544343,68.8367080688477,NA,65.847770690918,44.3614692687988,NA,21.6205656656919,NA,NA,NA,26.2442996941523,45147224,49.7777559922621,NA,41.6856422497207,27.7019088190168,28.5112386391137,NA,NA,NA,NA,NA,2.07220005989075,NA,56.454,54.504,58.395,NA,NA,NA,NA,7.41690962099125,"Africa","Northern Africa",0.316,-0.616,-0.441,-0.975,-0.174,-1.251,0.913,-0.854,-0.573,0.1,0.1,0.7,0.4,0.5,1,0,0,0.2,0.4,0.4,0.2,0.3,0,0.166,0.57,-0.998,-1.608,0.448,-0.888,-1.375,1.421,-0.322,-0.561,1.414,0.746,0.371,-0.953,0.868,-0.416,1.433,-0.378,0.688
"EGY","EGYPT",1982,-6,0,595.918898169378,21.5395077518038,70.1668701171875,NA,NA,NA,NA,18.0486284289277,NA,NA,NA,21.6957605985037,46407611,49.7523455796938,NA,47.764517278233,20.3145855308392,21.3062057333095,NA,NA,NA,NA,NA,NA,NA,57.219,55.322,59.095,NA,NA,NA,NA,7.18896060538616,"Africa","Northern Africa",0.316,-0.616,-0.441,-0.975,-0.174,-0.649,-0.527,-0.854,-0.573,0.1,0.1,0.7,0.4,0.5,1,0,0,0.2,0.4,0.4,0.2,0.3,0,0.174,0.572,-0.998,-1.608,0.448,-0.888,-1.375,1.421,-0.322,-0.561,1.414,0.908,0.371,-1.81,0.868,-0.416,1.433,-0.378,0.591
"EGY","EGYPT",1983,-6,0,648.013629771434,8.74191635171957,72.4689331054688,NA,NA,NA,NA,19.0451127819549,NA,NA,NA,21.0827067669173,47786402,49.7260005110659,NA,47.9022556390977,19.5698422151813,20.4232098920794,NA,NA,NA,NA,NA,NA,NA,57.967,56.108,59.797,NA,NA,NA,NA,7.95867393278837,"Africa","Northern Africa",0.316,-0.616,-0.441,-0.975,-0.174,-0.649,-0.527,-0.854,-0.573,0.1,0.1,0.7,0.4,0.5,1,0,0,0.2,0.4,0.4,0.2,0.3,0,0.172,0.572,-0.998,-1.608,0.448,-0.888,-1.375,1.421,-0.322,-0.561,1.414,0.908,0.371,-1.81,0.868,-0.416,1.433,-0.378,0.591
"EGY","EGYPT",1984,-6,0,689.807675510205,6.44956275896735,74.7534408569336,NA,NA,NA,NA,18.1075949367089,NA,NA,NA,18.4462025316456,49247334,49.6995746064229,NA,48.3164556962025,19.7968763673517,20.6121950721427,NA,NA,NA,NA,NA,NA,NA,58.697,56.868,60.493,NA,NA,NA,NA,8.26523207017322,"Africa","Northern Africa",0.316,-0.616,-0.441,-0.975,-0.174,-0.254,-0.527,-0.854,-0.573,0.1,0.1,0.7,0.4,0.5,1,0,0,0.2,0.4,0.4,0.2,0.3,0,0.172,0.583,-0.998,-1.608,-0.838,-0.888,-1.375,1.421,-0.322,-0.561,1.414,0.908,0.371,-1.81,0.868,-0.416,1.433,-0.378,0.674
"EGY","EGYPT",1985,-6,0,769.755137148666,11.5898190867953,76.9044418334961,NA,NA,NA,NA,17.1045576407507,NA,NA,NA,17.254691689008,50734968,49.6757009879261,NA,48.8445040214477,18.1234335527381,18.6372570774192,NA,NA,NA,NA,NA,NA,NA,59.405,57.599,61.175,NA,NA,NA,NA,7.85693305919735,"Africa","Northern Africa",0.316,-0.616,-0.441,-0.975,-0.174,-0.254,-0.527,-0.854,-0.573,0.1,0.1,0.7,0.4,0.5,1,0,0,0.2,0.4,0.4,0.2,0.3,0,0.172,0.596,-0.998,-1.608,-0.838,-0.888,-1.375,1.421,-0.322,-0.561,1.414,0.908,0.371,-1.81,0.223,-0.416,1.433,-0.378,0.73
"EGY","EGYPT",1986,-6,0,790.201793698565,2.65625464035715,78.72412109375,NA,81.2694396972656,60.9609985351562,NA,17.390022675737,NA,NA,NA,16.3197278911565,52206295,49.649879380444,NA,48.6757369614512,7.79500738712299,8.60401133977456,44,57,31,NA,NA,2.08570003509521,NA,60.085,58.298,61.833,NA,NA,NA,NA,7.49813056581541,"Africa","Northern Africa",0.316,-0.616,-0.441,-0.975,-0.174,-0.254,-0.527,-0.854,-0.573,0.1,0.1,0.7,0.4,0.5,1,0,0,0.2,0.4,0.4,0.2,0.3,0,0.175,0.596,-0.998,-1.608,-0.838,-0.888,-1.375,1.421,-0.322,-0.561,1.414,0.908,0.371,-1.81,0.223,-0.416,1.433,-0.378,0.73
"EGY","EGYPT",1987,-6,0,753.722263747615,-4.61648280753785,80.9756393432617,NA,NA,NA,NA,19.6330089320388,NA,NA,NA,14.5708737864078,53674435,49.615393250064,NA,50.2213621359223,12.0356801339419,12.859427934188,NA,NA,NA,NA,NA,NA,NA,60.736,58.965,62.465,NA,NA,NA,NA,6.52874277064007,"Africa","Northern Africa",0.316,-0.616,-0.441,-0.975,-0.174,-0.254,-0.527,-0.854,-0.573,0.1,0.1,0.7,0.4,0.5,1,0,0,0.2,0.4,0.4,0.2,0.3,0,0.173,0.594,-0.998,-1.608,-0.567,-0.888,-1.375,1.421,-0.322,-0.561,1.414,0.908,0.371,-1.81,0.223,-0.416,1.433,-0.378,0.706
"EGY","EGYPT",1988,-6,0,633.839369496566,-15.9054468757463,83.4813919067383,NA,NA,NA,NA,18.0454550324675,NA,NA,NA,14.349025974026,55187681,49.5743923435668,NA,49.6834425324675,11.0202881461945,12.0343641392084,NA,NA,NA,NA,NA,2.12470006942749,NA,61.358,59.599,63.073,NA,0.437245637178421,NA,NA,5.06087662337662,"Africa","Northern Africa",0.316,-0.616,-0.441,-0.975,-0.174,-0.254,-0.527,-0.854,-0.573,0.1,0.1,0.7,0.4,0.5,1,0,0,0.2,0.4,0.4,0.2,0.3,0,0.174,0.59,-0.998,-1.608,0.043,-0.888,-1.375,1.421,-0.322,-0.561,1.414,0.908,0.371,-1.81,0.223,-0.416,1.433,-0.378,0.636
"EGY","EGYPT",1989,-6,0,701.037717929191,10.6017946606879,84.4994812011719,NA,NA,NA,NA,18.6948049350649,NA,NA,NA,13.838961038961,56710642,49.5331017412922,NA,49.741561948052,13.8923262424621,14.8471423983394,NA,NA,NA,NA,NA,2.01990008354187,NA,61.949,60.197,63.654,NA,NA,NA,NA,3.96809895833333,"Africa","Northern Africa",0.316,-0.616,-0.441,-0.975,-0.174,-0.254,-0.527,-0.854,-0.573,0.1,0.1,0.7,0.4,0.5,1,0,0,0.2,0.4,0.4,0.2,0.3,0,0.174,0.59,-0.998,-1.608,0.043,-0.888,-1.375,1.421,-0.322,-0.561,1.414,0.908,0.371,-1.81,0.223,-0.416,1.433,-0.378,0.636
"EGY","EGYPT",1990,-6,0,735.982935028025,4.98478415712915,86.7183074951172,NA,NA,NA,NA,18.5125262004175,NA,NA,0,13.2348643006263,58396618,49.4477402783839,93.9564666748047,49.6294366388309,16.9450404713831,17.9211287120304,NA,NA,NA,NA,NA,2.0708999634,NA,62.513,60.763,64.22,NA,NA,NA,NA,3.4676995357893,"Africa","Northern Africa",0.316,-0.616,-0.441,-0.975,-0.174,-0.254,-0.527,-0.854,-0.573,0.1,0.2,0.7,0.6,0.5,1,0,0,0.2,0.4,0.4,0.1,0.2,0,0.165,0.653,-1.138,-1.608,-1.261,-1.604,-2.14,1.421,-0.322,-0.561,1.414,0.908,0.371,-1.787,0.223,-0.416,-0.02,-0.378,0.653
"EGY","EGYPT",1991,-6,0,622.829605007867,-15.3744502263289,89.3989562988281,NA,NA,NA,NA,16.9866672,NA,NA,NA,14.7377777777778,60028997,49.3760548860069,94.3186492919922,48.6675535111111,11.7662441097498,12.9306376458796,NA,NA,NA,NA,NA,2.0241999626,NA,63.059,61.306,64.781,NA,NA,NA,NA,3.61174470420041,"Africa","Northern Africa",0.316,-0.616,-0.441,-0.975,-0.174,-0.254,-0.527,-0.854,-0.573,0.1,0.2,0.7,0.6,0.5,1,0,0,0.2,0.4,0.4,0.1,0.2,0,0.162,0.674,-1.138,-1.608,-1.261,-1.604,-2.14,1.421,-0.322,-0.561,1.414,0.908,0.371,-1.787,0.223,-0.416,-0.02,-0.378,0.763
"EGY","EGYPT",1992,-6,0,680.79923864551,9.3074627749769,81.7497100830078,NA,NA,NA,NA,15.5859094176851,NA,NA,NA,18.4802300503235,61480660,49.3470751721423,93.4,47.2207045291157,11.1221302701088,12.1351588413858,NA,NA,NA,NA,NA,2.0004000664,NA,63.585,61.817,65.325,NA,NA,NA,NA,3.21550063172359,"Africa","Northern Africa",0.316,-0.616,-0.441,-0.975,-0.174,-0.254,-0.527,-0.854,-0.573,0.1,0.2,0.7,0.6,0.5,1,0,0,0.2,0.4,0.4,0.1,0.2,0,0.162,0.674,-1.138,-1.608,-1.261,-1.604,-2.14,1.421,-0.322,-0.561,1.414,0.908,0.371,-1.787,0.223,-0.416,-0.02,-0.378,0.763
"EGY","EGYPT",1993,-6,0,740.334217356418,8.74486564194114,82.6517715454102,NA,NA,NA,NA,15.7390463917526,NA,NA,0.000976,18.764175257732,62915681,49.3192126350697,95.0389404296875,47.2893041237113,9.87234453989827,10.7877785784954,NA,NA,NA,NA,NA,1.9292999506,NA,64.147,62.344,65.929,NA,NA,NA,NA,3.09773699249923,"Africa","Northern Africa",0.316,-0.616,-0.441,-0.975,-0.174,-0.254,-0.527,-0.854,-0.573,0.1,0.2,0.7,0.6,0.5,1,0,0,0.2,0.4,0.4,0.1,0.2,0,0.163,0.67,-1.138,-1.608,-0.356,-1.604,-2.14,1.421,-0.322,-0.561,1.414,0.908,0.371,-1.787,0.223,-0.416,-0.02,-0.378,0.745
"EGY","EGYPT",1994,-6,0,807.303537230487,9.04582258985715,91.8712005615234,NA,NA,NA,87.3875,15.7142857142857,NA,NA,0.00638,19.0474285714286,64285589,49.3071020940634,95.3914413452148,46.9068571428571,7.89742762113067,8.80666206209043,NA,NA,NA,NA,NA,NA,NA,64.663,62.813,66.498,NA,NA,NA,NA,3.15393465100637,"Africa","Northern Africa",0.316,-0.616,-0.441,-0.975,-0.174,-0.254,-0.527,-0.854,-0.573,0.1,0.2,0.7,0.6,0.5,1,0,0,0.2,0.4,0.4,0.1,0.2,0,0.16,0.628,-1.138,-1.608,-0.356,-1.604,-0.898,1.421,-0.322,-0.561,1.414,0.908,0.371,-1.787,0.223,-0.416,-0.02,-0.378,0.69
"EGY","EGYPT",1995,-6,0,916.326617700876,13.5045959100341,85.2725677490234,NA,NA,NA,NA,15.7107843137255,NA,NA,0.0313,17.6230392156863,65652622,49.2984301525688,95.5,47.6764705882353,7.50906073379094,8.46293557504675,NA,NA,NA,62.6030731201172,NA,NA,NA,65.214,63.311,67.109,NA,NA,50.4955172538757,31.4076602458954,3.08203623414837,"Africa","Northern Africa",0.316,-0.616,-0.441,-0.975,-0.174,-0.254,-0.196,-0.854,-0.573,0.1,0.2,0.7,0.6,0.5,1,0,0,0.2,0.4,0.4,0.1,0.2,0,0.161,0.63,-1.138,-1.608,-1.853,-1.604,-0.898,1.421,-0.322,-0.561,1.414,0.908,0.371,-1.787,0.223,-0.416,-0.02,-0.378,0.7
"EGY","EGYPT",1996,-6,0,1008.97637629447,10.1109971929069,94.1863784790039,NA,NA,NA,NA,16.1150828247602,NA,NA,0.0615,17.4629468177855,67028048,49.2934689072252,96.0658493041992,47.7336530078466,8.40318332983217,9.35519973587659,56,67,44,NA,NA,2.0999999046,NA,65.733,63.779,67.685,NA,NA,NA,NA,2.97481186979645,"Africa","Northern Africa",0.316,-0.616,-0.441,-0.975,-0.174,-0.254,-0.196,-0.854,-0.573,0.1,0.2,0.7,0.6,0.5,1,0,0,0.2,0.4,0.4,0.1,0.2,0,0.161,0.646,-1.138,-1.608,-1.853,-1.604,-0.898,1.421,-0.322,-0.591,1.414,0.908,0.371,-1.787,0.223,-0.416,-0.02,-0.378,0.804
"EGY","EGYPT",1997,-6,0,1146.20172117634,13.6004517158111,94.2766036987305,NA,91.0572814941406,80.672737121582,89.25208,15.7510342233923,NA,NA,0.0905,15.9646483640466,68431740,49.2923364320075,96.3816375732422,48.1519368183528,6.09921817559871,6.97273046538769,NA,NA,NA,NA,NA,2.0999999046,NA,66.207,64.186,68.231,NA,NA,NA,NA,2.84148521846447,"Africa","Northern Africa",0.284,-0.859,-0.441,-0.975,-0.174,-0.254,-0.196,-0.854,-0.573,0.1,0.2,0.7,0.6,0.5,1,0,0,0.2,0.4,0.4,0.1,0.2,0,0.16,0.646,-1.138,-1.608,-1.853,-1.604,-0.898,1.421,-0.322,-0.591,1.414,0.908,0.371,-1.787,0.223,-0.416,-0.02,-0.378,0.804
"EGY","EGYPT",1998,-6,0,1212.82259820477,5.81231695936186,NA,NA,NA,NA,NA,15.8844815588031,NA,NA,0.148,NA,69943294,49.2803370112938,96.679069519043,48.287891440501,3.42870521918816,4.33399828725849,NA,NA,NA,NA,NA,NA,NA,66.635,64.543,68.74,NA,0.423019379377365,NA,NA,2.65938329094369,"Africa","Northern Africa",0.332,-0.382,-0.441,-0.975,-0.604,-0.254,-0.196,-0.854,-0.573,0.1,0.2,0.7,0.6,0.5,1,0,0,0.2,0.4,0.4,0.1,0.2,0,0.159,0.646,-1.138,-1.608,-1.853,-1.604,-0.898,1.421,-0.322,-0.591,1.414,0.908,0.371,-1.787,0.223,-0.416,-0.02,-0.378,0.804
"EGY","EGYPT",1999,-6,0,1268.30949160496,4.57502139903413,92.2963409423828,NA,93.7387771606445,87.4282913208008,87.03368,15.9086475942783,NA,NA,0.29,NA,71520954,49.2638479067268,96.9550933837891,47.5558192457737,5.19186775765069,5.93374872989679,NA,NA,NA,NA,NA,NA,NA,67.01,64.848,69.196,NA,NA,NA,NA,2.56976747814276,"Africa","Northern Africa",0.332,-0.382,-0.441,-0.975,-0.604,-0.254,-0.196,-0.854,-0.573,0.1,0.2,0.7,0.6,0.5,1,0,0,0.2,0.4,0.4,0.1,0.2,0,0.159,0.64,-1.138,-1.608,-0.372,-1.604,-0.898,1.421,-0.322,-0.591,1.414,0.908,0.371,-1.787,0.223,-0.416,-0.02,-0.378,0.77
"EGY","EGYPT",2000,-6,0,1366.09274372613,7.70973116328508,90.8942489624023,NA,92.0659332275391,86.7628326416016,86.64983,15.5380770361658,42.22616,NA,0.641,NA,73083284,49.2555260653038,97.7,46.5259923551897,6.47222160611776,7.41974591133175,NA,NA,NA,43.5041732788086,4.92244291,1.96,26,67.332,65.1,69.598,NA,NA,65.8498764038086,43.8213229179382,2.55126513982739,"Africa","Northern Africa",0.303,-0.466,-0.653,-0.988,-0.604,-0.254,-0.196,-0.767,-0.573,0.1,0.2,0.8,0.6,0.5,1,0,0,0.2,0.4,0.4,0.1,0.2,0,0.157,0.63,-1.331,-0.837,-2.417,-1.604,-0.898,0.915,-0.322,-0.591,1.414,0.908,0.371,-1.787,0.223,-0.416,-0.02,-0.378,0.729
"EGY","EGYPT",2001,-6,0,1295.1374184163,-5.19403427298014,89.9948425292969,NA,89.4250869750977,85.3767166137695,87.37485,15.3512684694731,NA,NA,0.839,NA,74652029,49.2524603718407,97.4428253173828,46.457987175913,5.17066273278314,6.46938580220137,NA,NA,NA,NA,5.40030336,1.96,25,67.612,65.319,69.948,NA,NA,NA,NA,2.98556856033807,"Africa","Northern Africa",0.303,-0.466,-0.653,-0.988,-0.604,-0.254,-0.196,-0.767,-0.573,0.1,0.2,0.8,0.6,0.5,1,0,0,0.2,0.4,0.4,0.1,0.2,0,0.154,0.637,-0.055,-0.837,-2.417,-1.604,-0.898,0.915,-0.322,-0.591,1.414,0.908,0.371,-1.787,0.223,-0.416,-0.02,-0.378,0.802
"EGY","EGYPT",2002,-6,0,1116.82884626213,-13.7675407735657,89.9305725097656,NA,85.7634735107422,86.0245132446289,88.29474,15.4048561625759,36.71599,NA,2.72,13.4077593032462,76239137,49.2560441758411,97.6651306152344,45.5887833201372,5.90580704386046,7.30037527584326,NA,NA,NA,NA,5.5107379,1.94,24,67.846,65.501,70.242,NA,NA,NA,NA,3.27845479650374,"Africa","Northern Africa",0.31,-0.466,-0.653,-0.988,-0.418,-0.254,0.102,-0.767,-0.573,0.1,0.2,0.8,0.6,0.5,1,0,0,0.2,0.4,0.4,0.1,0.2,0,0.154,0.637,-0.055,-0.837,-2.417,-1.604,-0.898,0.915,-0.322,-0.591,1.414,0.908,0.371,-1.787,0.223,-0.416,-0.02,-0.378,0.802
"EGY","EGYPT",2003,-6,0,1031.27556291284,-7.66037550298102,89.916862487793,NA,84.6114807128906,82.7391967773438,89.50439,15.2867065868263,NA,NA,4.04,13.3499401197605,77853548,49.2636270184677,98.8,44.9042395209581,7.50637371077042,9.13743176464721,NA,NA,NA,38.0235862731934,5.2242527,1.95,23,68.045,65.666,70.484,NA,NA,73.2289135456085,62.2477173805237,3.17728527009726,"Africa","Northern Africa",0.31,-0.466,-0.653,-0.988,-0.418,-0.254,0.102,-0.767,-0.573,0.1,0.2,0.8,0.6,0.5,1,0,0,0.2,0.4,0.4,0.1,0.2,0,0.154,0.637,-0.055,-0.837,-2.417,-1.604,-0.898,0.915,-0.322,-0.591,1.414,0.908,0.371,-1.787,0.223,-0.416,-0.02,-0.378,0.802
"EGY","EGYPT",2004,-6,0,991.255689145253,-3.88061883814554,90.4439468383789,NA,85.3723220825195,84.1423034667969,90.66548,14.2699361219864,31.20583,NA,11.9,13.8359777457243,79477443,49.2732868963426,98.1013488769531,45.0910776839069,9.49448631419397,11.3771125904479,NA,NA,NA,NA,4.85732365,1.97,22,68.211,65.811,70.675,NA,NA,NA,NA,2.87753123653597,"Africa","Northern Africa",0.328,-0.518,-0.388,-0.988,-0.418,-0.254,0.028,-0.767,-0.573,0.1,0.2,0.8,0.6,0.6,1,0,0,0.2,0.3,0.3,0,0.1,0,0.154,0.637,-0.055,-0.837,-2.417,-1.604,-0.898,0.915,-0.322,-0.591,1.414,0.908,0.371,-1.787,0.223,-0.416,-0.02,-0.378,0.802
"EGY","EGYPT",2005,-3,0,1105.53920713903,11.5291664144013,90.4735794067383,NA,88.9254913330078,83.5653533935547,89.13222,13.9816898792943,NA,NA,12.8,14.068635097493,81101004,49.2859249929878,99.4,45.9292479108635,11.8509312061057,14.464485213491,67,78,56,33.2383193969727,4.92229176,1.92,21,68.355,65.947,70.832,NA,0.422620058059692,77.1023511886597,63.3521378040314,2.71422040657605,"Africa","Northern Africa",0.328,-0.518,-0.388,-0.988,-0.418,-0.254,0.028,-0.767,-0.573,0.083,0.167,0.833,0.667,0.583,1,0,0,0.25,0.333,0.25,0,0.083,0.083,0.155,0.639,-0.055,-0.837,-3.007,-1.604,-0.898,0.915,-0.322,-0.591,1.414,0.908,0.371,-1.787,0.223,-0.416,-0.02,-0.378,0.816
"EGY","EGYPT",2006,-3,0,1298.97900203124,17.4973256165924,92.061149597168,NA,82.9509582519531,81.605583190918,88.2461,13.2372025254978,25.69566,NA,13.7,15.8295127084345,82700403,49.3071236907999,99.04,44.6899951432734,11.7296934107586,14.8463875493972,66,75,58,NA,4.84190083,2.14,21,68.493,66.085,70.97,NA,NA,NA,NA,2.60621860261331,"Africa","Northern Africa",0.328,-0.518,-0.388,-0.988,-0.418,-0.254,0.437,-0.767,-0.573,0.083,0.167,0.833,0.667,0.583,1,0,0,0.25,0.333,0.25,0,0.083,0.083,0.155,0.655,-0.055,-1.147,-3.007,-1.604,-0.898,0.915,-0.322,-0.591,1.414,0.908,0.371,-1.787,0.223,-0.416,-0.02,-0.378,0.848
"EGY","EGYPT",2007,-3,0,1547.74170735909,19.1506333003732,93.072509765625,NA,87.790168762207,85.1869201660156,92.40917,13.4201262083781,NA,NA,16,15.3498523093448,84276225,49.337451932618,98.8195953369141,46.8939983888292,10.7818588338143,13.5101746020733,NA,NA,NA,NA,4.44493246,1.86,20,68.627,66.224,71.1,NA,0.426460802555084,NA,NA,2.37963467509709,"Africa","Northern Africa",0.324,-0.518,-0.388,-0.988,-0.439,-0.209,0.519,-0.767,-0.573,0.083,0.167,0.833,0.667,0.583,1,0,0,0.25,0.333,0.25,0,0.083,0.083,0.156,0.655,-0.055,-1.147,-3.007,-1.604,-0.898,0.915,-0.322,-0.591,1.414,0.908,0.371,-1.787,0.223,-0.416,-0.02,-0.378,0.848
"EGY","EGYPT",2008,-3,0,1896.21594269779,22.5150122712207,NA,NA,NA,NA,NA,12.6302400893356,20.1855,NA,18,15.3205248464545,85864789,49.3713220517979,99.8,46.6682970407594,12.4545677729971,15.5824855619458,NA,NA,NA,24.5031566619873,4.46634817,1.63,19,68.761,66.365,71.229,NA,0.431048631668091,82.0662319660187,70.5361843109131,2.18078548537016,"Africa","Northern Africa",0.324,-0.518,-0.388,-0.988,-0.439,-0.209,0.52,-0.767,-0.573,0.083,0.167,0.833,0.667,0.583,1,0,0,0.25,0.333,0.25,0,0.083,0.083,0.157,0.655,-0.055,-1.147,-3.007,-1.604,-0.898,0.915,-0.322,-0.591,1.414,0.908,0.371,-1.787,0.223,-0.416,-0.02,-0.378,0.848
"EGY","EGYPT",2009,-3,0,2161.63964573927,13.9975462216532,94.6571273803711,NA,90.1364822387695,88.1973114013672,93.55801,12.9979466513145,NA,NA,20,15.6613605833813,87501636,49.4026854537897,99.3794631958008,46.5660621761658,6.24755741424533,9.1307819389596,NA,NA,NA,NA,4.37870932,1.51,19,68.915,66.523,71.377,NA,0.431728214025497,NA,NA,2.03264504307225,"Africa","Northern Africa",0.3,-0.646,-0.442,-1.111,-0.484,-0.287,0.806,-0.767,-0.573,0.083,0.167,0.833,0.667,0.583,1,0,0,0.25,0.333,0.25,0,0.083,0.083,0.157,0.655,-0.055,-1.147,-3.007,-1.604,-0.898,0.915,-0.322,-0.591,1.414,0.908,0.371,-1.787,0.223,-0.416,-0.02,-0.378,0.848
"EGY","EGYPT",2010,-3,0,2455.08194645282,13.5749869915619,94.5771713256836,NA,91.1881790161133,89.6016387939453,95.94726,13.3407591579645,14.67533,NA,21.6,14.1300762473065,89196072,49.4327468878591,99.6496963500977,46.2327200397812,7.41778712942652,9.45061556541184,72,80,64,NA,4.15319157,1.43,18,69.078,66.692,71.534,NA,0.430105537176132,NA,NA,1.95296705174529,"Africa","Northern Africa",0.3,-0.646,-0.442,-1.111,-0.484,-0.287,1.371,-1.077,-0.573,0.167,0.25,0.75,0.667,0.583,1,0,0,0.25,0.25,0.25,0,0.083,0.083,0.155,0.651,-0.055,-1.147,-2.19,-1.604,-0.898,0.915,-0.322,-0.591,1.414,0.908,0.322,-1.787,0.223,-0.393,-0.02,-0.378,0.843
"EGY","EGYPT",2011,-2,0,2590.64384891965,5.52168544364452,91.0242385864258,NA,NA,NA,93.51389,13.8691050980964,NA,NA,25.6,14.0086354022318,91093059,49.448899284412,99.8531723022461,45.7160236306615,9.74186285549743,12.3388401952225,NA,NA,NA,NA,4.35707569,1.43,17,69.232,66.844,71.69,NA,0.429850667715073,NA,NA,1.83702551137618,"Africa","Northern Africa",0.357,-0.217,-0.619,-0.49,-0.338,-0.424,1.958,-0.649,0.317,0.167,0.176,0.455,0.519,0.51,0.926,0,0.295,0.103,0.176,0.25,0.074,0.083,0.157,0.124,0.538,0.144,-0.043,-0.515,-0.152,-0.189,1.005,-0.322,-0.591,1.414,1.107,0.322,0.225,-1.074,-0.561,-0.763,0.961,0.618
"EGY","EGYPT",2012,-3,0,2996.0677072015,15.6495404974682,95.6657562255859,NA,NA,NA,98.53698,11.2727652713919,9.16517,NA,26.4,12.3849047590613,93161001,49.4499404375234,99.7,51.771621185884,8.38345897037217,10.7454978351353,74,82,66,NA,4.45891809,1.41,17,69.464,67.097,71.898,NA,0.429139137268066,NA,NA,1.64817579267929,"Africa","Northern Africa",0.353,-0.246,-0.608,-0.628,-0.323,-0.424,2.098,-0.396,0.565,0.08,0.122,0.372,0.413,0.37,0.742,0.001,0.464,0.082,0.209,0.252,0.259,0.215,0.167,0.16,0.517,0.12,-0.027,-0.515,-0.564,-0.249,1.031,-0.322,-0.591,0.993,1.187,0.322,NA,NA,-0.261,-0.795,1.165,0.459
"EGY","EGYPT",2013,-4,0,3025.52563552448,0.983219713365404,95.5598602294922,NA,91.9427719116211,92.1044769287109,NA,11.2743496022361,NA,NA,29.4,13.4980649322726,95333553,49.4516888508288,99.9950942993164,52.3007390883681,7.82863019779494,9.78188256424924,72,82,63,NA,4.6710043,1.4,16,69.632,67.263,72.068,NA,0.428507417440414,NA,NA,1.61005697699419,"Africa","Northern Africa",0.206,-0.896,-1.182,-1.19,-0.852,-0.819,1.627,-1.74,-0.682,0,0.038,0.231,0.384,0.307,0.652,0.077,0.463,0.076,0.154,0.308,0.348,0.233,0.192,0.097,0.558,0.6,-0.005,-0.515,-0.564,-0.249,0.758,-0.954,-0.862,1.099,0.89,0.294,NA,NA,-0.261,-0.795,0.562,0.487
"EGY","EGYPT",2014,-4,0,3133.39102265541,3.56517842269848,94.0423736572266,NA,NA,NA,98.0269,11.3377089201878,3.655,NA,33.9,12.2201408450704,97528654,49.4605487886724,99.8,52.320985915493,6.82340013626772,8.43222797439408,NA,NA,NA,22.2435474395752,4.77415323,1.37,15,69.911,67.574,72.31,NA,0.427895158529282,93.0766761302948,83.9127004146576,1.68969483568075,"Africa","Northern Africa",0.193,-0.992,-1.131,-1.525,-1.169,-0.661,0.361,-2.733,-1.568,0,0.077,0.304,0.535,0.381,0.996,0.077,0.081,0.227,0.081,0.154,0.081,0,0.158,0.085,0.583,0.723,-0.547,-0.536,-0.73,-0.176,0.697,-0.954,-0.862,1.099,0.89,0.294,NA,NA,-0.261,-0.795,0.403,0.501
"EGY","EGYPT",2015,-4,0,3306.98159414141,5.54002262184596,NA,NA,NA,NA,NA,11.3940627685257,NA,NA,37.8,12.5192110970171,99597342,49.4830032713122,100,53.1705429845738,3.05526433674059,4.12906894708286,NA,NA,NA,NA,5.06153202,1.27,15,70.135,67.809,72.518,NA,0.427472114562988,NA,NA,1.72314742829085,"Africa","Northern Africa",0.187,-0.992,-1.209,-1.998,-1.222,-0.689,-0.075,-2.916,-1.374,0,0.077,0.308,0.538,0.385,1,0.077,0.077,0.231,0.077,0.154,0.077,0,0.154,0.095,0.547,0.514,-0.816,-1.299,-0.73,-0.176,0.745,-0.51,-0.982,1.019,1.066,0.431,NA,NA,NA,NA,0.383,0.54
"EGY","EGYPT",2016,-4,0,3270.6287768197,-1.09927486098236,95.4257583618164,NA,88.197151184082,87.8639221191406,97.45606,11.769316084742,0.89992,NA,41.2,NA,101644589,49.5031614521064,100,54.4832841219458,2.35006516963224,3.20908060820144,NA,NA,NA,NA,5.07462406,1.27,14,70.437,68.164,72.756,NA,0.427702784538269,NA,NA,1.66660515243227,"Africa","Northern Africa",0.187,-0.992,-1.209,-1.998,-1.222,-0.756,-0.192,-2.916,-1.374,0,0.077,0.308,0.538,0.385,1,0.077,0.077,0.231,0.077,0.154,0.077,0,0.154,0.123,0.589,0.656,-0.816,-1.299,-0.73,-0.176,0.745,-0.51,-0.982,1.019,1.066,0.431,-0.826,-0.173,-0.859,-0.835,0.383,0.595
"EGY","EGYPT",2017,-4,0,2395.10333299491,-26.7693310237469,95.7913284301758,NA,87.7691879272461,87.0484924316406,97.02531,10.9863806449848,NA,NA,45,NA,103696057,49.5080309562783,NA,53.1699504909872,4.12683269397819,5.69886428656261,71,76,66,NA,5.34661913,1.3,13,70.709,68.475,72.982,NA,0.424235910177231,NA,NA,1.42203170028818,"Africa","Northern Africa",0.166,-1.221,-1.148,-1.25,-1.203,-0.786,-0.894,-2.475,-0.934,0,0.077,0.308,0.538,0.385,1,0.077,0.077,0.231,0.077,0.154,0.077,0,0.154,0.116,0.602,0.822,-0.698,-1.299,-0.73,-0.176,0.745,-0.697,-0.982,1.206,1.066,0.431,-0.737,-0.173,-0.859,-0.786,0.383,0.585
"EGY","EGYPT",2018,-4,0,2484.70315630508,3.74095856641524,96.5830383300781,NA,90.4312591552734,90.8248825073242,97.03257,10.8302490249025,0.89992,NA,46.9,NA,105682094,49.5078163383099,NA,51.6422459388796,5.47658822874947,7.59656355901849,NA,NA,NA,NA,4.74892998,1.26,12,70.974,68.773,73.209,NA,0.416206657886505,NA,NA,1.24996619642133,"Africa","Northern Africa",0.167,-1.221,-1.148,-1.004,-1.312,-0.813,-0.697,-2.208,-0.981,0,0.077,0.308,0.538,0.385,1,0.077,0.077,0.231,0.077,0.154,0.077,0,0.154,0.113,0.608,0.749,-0.9,-0.791,-0.73,-0.176,0.745,-0.697,-0.982,1.206,0.624,0.431,-0.655,-0.247,-0.859,-0.786,0.383,0.547
"EGY","EGYPT",2019,NA,0,2962.98892023003,19.2492114283862,97.8171081542969,NA,92.6637725830078,93.0458374023438,NA,10.6971354538956,NA,NA,57.3,NA,107553158,49.5084249363317,NA,50.7617519656898,3.8819618632175,5.72496131230483,NA,NA,NA,NA,4.5994668,1.22,12,71.213,69.041,73.415,NA,0.424994915723801,NA,NA,1.18097179684711,"Africa","Northern Africa",0.182,-1.221,-1.148,-1.004,-0.739,-0.782,-0.697,-2.103,-0.981,0,0.091,0.364,0.545,0.455,1,0.091,0.091,0.273,0.091,0.182,0.091,0,0.182,0.121,0.593,0.749,-0.9,-0.791,-0.73,-0.283,0.745,-0.697,-0.982,1.206,1.063,0.431,-0.655,-0.247,-0.71,-0.709,0.383,0.535
"EGY","EGYPT",2020,NA,0,3511.11381026379,18.4990529762496,98.8963928222656,NA,96.2362289428711,96.92626953125,NA,11.1668239443487,0.89992,NA,71.9,NA,109315124,49.5096826675145,NA,52.0271088645451,1.85770095140202,3.25774327235436,NA,NA,NA,NA,4.15384626,1.13,11,69.79,67.691,71.958,NA,NA,NA,NA,1.12247550332399,"Africa","Northern Africa",0.135,-1.505,-1.379,-1.004,-1.023,-0.647,-1.125,-2.314,-0.981,0,0.091,0.364,0.545,0.455,1,0.091,0.091,0.273,0.091,0.182,0.091,0,0.182,0.121,0.603,0.749,-0.873,-1.361,-0.73,-0.283,0.745,-0.697,-0.982,1.206,0.934,0.431,-0.655,-0.247,-0.86,-0.683,0.447,0.533
"IRN","IRAN",1960,-10,0,195.577527212584,NA,NA,NA,NA,NA,NA,25.9006015324091,NA,NA,NA,NA,21470434,48.7861912805302,NA,43.5113011730159,NA,NA,NA,NA,NA,NA,NA,0.92567503452301,NA,43.297,43.938,42.614,NA,NA,NA,NA,2.29490883301967,"Asia","Southern Asia",0.089,-1.857,-1.945,-0.804,-1.151,-0.447,0.211,-0.715,-0.056,0.833,0.5,0.333,0.333,0.5,1,0,0,0,0,0.167,0,0,0.833,0.066,0.785,-0.355,-1.578,NA,-0.36,-0.538,-1.322,-1.27,0.245,-1.28,-1.49,0.177,0.03,-0.477,-0.88,-0.421,0.773,0.462
"IRN","IRAN",1961,-10,0,200.081529294826,2.30292413777497,NA,NA,NA,NA,NA,24.9025684268599,NA,NA,NA,NA,22125726,48.7572339999148,NA,42.9205058375011,NA,NA,NA,NA,NA,NA,NA,NA,NA,43.9,44.512,43.247,NA,NA,NA,NA,2.34664218166081,"Asia","Southern Asia",0.089,-1.857,-1.945,-0.804,-1.151,-0.447,0.211,-0.715,-0.056,0.833,0.5,0.333,0.333,0.5,1,0,0,0,0,0.167,0,0,0.833,0.068,0.779,-0.247,-1.578,NA,-0.36,-0.538,-1.322,-1.27,0.245,-1.28,-1.49,0.177,0.03,-0.477,-0.88,-0.421,0.773,0.461
"IRN","IRAN",1962,-10,0,205.786809657214,2.85147778632835,NA,NA,NA,NA,NA,23.8274964085167,NA,NA,NA,NA,22807907,48.7279126488897,NA,42.5146436596206,NA,NA,NA,NA,NA,NA,NA,NA,NA,43.769,44.411,43.084,NA,NA,NA,NA,2.30741087712102,"Asia","Southern Asia",0.079,-1.857,-2.255,-0.804,-1.151,-0.447,0.692,-0.715,-0.056,0.833,0.5,0.333,0.333,0.5,1,0,0,0,0,0.167,0,0,0.833,0.072,0.777,-0.247,-1.578,NA,-0.36,-0.538,-1.322,-1.27,0.468,-1.28,-1.49,0.177,0.03,-0.477,-0.88,-0.421,0.773,0.461
"IRN","IRAN",1963,-10,0,209.559376274185,1.83324024666843,NA,NA,NA,NA,NA,22.2572181404878,NA,NA,NA,NA,23519005,48.6991839706151,NA,42.666863035831,NA,NA,NA,NA,NA,NA,NA,NA,NA,45.105,45.642,44.527,NA,NA,NA,NA,2.59035696447359,"Asia","Southern Asia",0.047,-2.25,-2.479,-0.804,-1.919,-0.447,0.9,-0.98,-0.056,0.833,0.5,0.333,0.333,0.5,1,0,0,0,0,0.167,0,0,0.833,0.074,0.779,-0.296,-1.578,-1.295,-0.36,-0.538,-1.322,-1.057,0.468,-1.533,-1.289,0.177,0.03,-0.477,-0.88,-0.421,0.018,0.613
"IRN","IRAN",1964,-10,0,221.731727810658,5.80854541223048,NA,NA,NA,NA,NA,20.7660664996449,NA,NA,NA,NA,24262859,48.6719557658065,NA,44.0341754190766,NA,NA,NA,NA,NA,NA,NA,NA,NA,45.735,46.224,45.206,NA,NA,NA,NA,2.88182674775756,"Asia","Southern Asia",0.047,-2.539,-2.342,0.595,-0.873,-0.183,1.786,-1.479,-0.534,0.833,0.5,0.333,0.333,0.5,1,0,0,0,0,0.167,0,0,0.833,0.082,0.782,-0.296,-1.578,-1.295,-0.36,-0.538,-1.322,-1.057,0.468,-1.407,-1.289,0.177,0.03,-0.477,-0.88,-0.421,0.018,0.685
"IRN","IRAN",1965,-10,0,247.526675505443,11.6334040010782,NA,NA,NA,NA,NA,18.595616610624,NA,NA,NA,NA,25036978,48.6446367448979,NA,44.5895226563678,NA,NA,NA,NA,NA,NA,NA,NA,NA,46.372,46.805,45.902,NA,NA,NA,NA,3.24952490444466,"Asia","Southern Asia",0.068,-2.024,-2.342,0.595,-0.873,-0.183,1.786,-1.479,-0.534,0.833,0.5,0.333,0.333,0.5,1,0,0,0,0,0.167,0,0,0.833,0.082,0.782,-0.296,-1.578,-1.295,-0.36,-0.538,-1.322,-1.057,0.468,-1.407,-1.289,0.177,0.03,-0.477,-0.88,-0.421,0.018,0.685
"IRN","IRAN",1966,-10,0,262.877683796297,6.20175916777763,NA,NA,NA,NA,NA,17.441818775767,NA,NA,NA,NA,25829270,48.6187665628477,NA,44.2725903681106,NA,NA,NA,NA,NA,NA,NA,NA,NA,47.072,47.437,46.672,NA,NA,NA,NA,3.8189953679917,"Asia","Southern Asia",0.068,-2.024,-2.342,0.595,-0.873,-0.183,1.786,-1.479,-0.534,0.833,0.5,0.333,0.333,0.5,1,0,0,0,0,0.167,0,0,0.833,0.082,0.784,-0.426,-1.578,-1.295,-0.36,-0.538,-1.322,-1.057,0.468,-1.407,-1.289,0.177,0.03,-0.477,-0.88,-0.421,0.018,0.692
"IRN","IRAN",1967,-10,0,283.733705768519,7.9337362042429,NA,NA,NA,NA,NA,16.5158861435182,NA,NA,NA,NA,26628432,48.5970954430552,NA,43.8695132934756,NA,NA,NA,NA,NA,NA,NA,NA,NA,47.803,48.099,47.475,NA,NA,NA,NA,4.45799176138232,"Asia","Southern Asia",0.068,-2.024,-2.342,0.595,-0.873,-0.183,1.786,-1.479,-0.534,0.833,0.5,0.333,0.333,0.5,1,0,0,0,0,0.167,0,0,0.833,0.082,0.784,-0.426,-1.578,-1.294,-0.36,-0.538,-1.322,-1.057,0.468,-1.407,-1.289,0.177,0.03,-0.477,-0.88,-0.421,0.018,0.7
"IRN","IRAN",1968,-10,0,314.285456656371,10.7677552108586,NA,NA,NA,NA,NA,15.8536143665367,NA,NA,NA,NA,27437391,48.5817292176213,NA,43.4657309828933,NA,NA,NA,NA,NA,NA,NA,NA,NA,47.946,48.227,47.634,NA,NA,NA,NA,5.17636359090398,"Asia","Southern Asia",0.079,-2.024,-2.026,0.595,-0.873,-0.183,1.786,-1.479,-0.534,0.833,0.5,0.333,0.333,0.5,1,0,0,0,0,0.167,0,0,0.833,0.084,0.784,-0.426,-1.578,-1.294,-0.36,-0.538,-1.322,-1.057,0.468,-1.407,-1.289,0.177,0.03,-0.477,-0.88,-0.421,0.018,0.712
"IRN","IRAN",1969,-10,0,344.601687457468,9.64608134389232,NA,NA,NA,NA,NA,14.4973996185326,NA,NA,NA,NA,28273482,48.5747917430191,NA,42.7906110199924,NA,NA,NA,NA,NA,NA,NA,NA,NA,49.382,49.515,49.226,NA,NA,NA,NA,5.9690541955316,"Asia","Southern Asia",0.079,-2.024,-2.026,0.595,-0.873,-0.183,1.786,-1.479,-0.534,0.833,0.5,0.333,0.333,0.5,1,0,0,0,0,0.167,0,0,0.833,0.084,0.784,-0.426,-1.578,-1.294,-0.36,-0.538,-1.322,-1.057,0.468,-1.407,-1.289,0.177,0.03,-0.477,-0.88,-0.421,0.018,0.712
"IRN","IRAN",1970,-10,0,376.606879152384,9.28758995089546,NA,NA,NA,NA,NA,12.9909105502345,NA,NA,NA,NA,29145100,48.5726657311178,NA,42.5999153914124,11.7339839421763,12.7573166532525,NA,NA,NA,NA,NA,1.37960004806519,NA,50.222,50.26,50.171,NA,NA,NA,NA,5.85690329096248,"Asia","Southern Asia",0.105,-1.625,-2.026,0.595,-0.873,-0.183,1.786,-1.479,-0.534,0.5,0.167,0.167,0.333,0.5,1,0,0.167,0,0,0.5,0,0,0.5,0.086,0.784,-0.426,-1.578,-1.294,-0.36,-0.538,-1.322,-1.057,0.468,-1.407,-1.289,0.177,0.03,-0.477,-0.88,-0.421,0.018,0.712
"IRN","IRAN",1971,-10,0,457.28363801324,21.4220088179038,71.9638671875,NA,62.098819732666,35.3620414733887,59.36177,12.7127025169628,NA,NA,NA,NA,30029071,48.5701588494083,NA,40.760093717129,14.8261594078895,16.4584896353081,NA,NA,NA,NA,NA,NA,NA,51.12,51.053,51.183,NA,NA,NA,NA,3.04701247800352,"Asia","Southern Asia",0.105,-1.625,-2.026,0.595,-0.873,-0.183,1.786,-1.479,-0.534,0.5,0.167,0.167,0.333,0.5,1,0,0.167,0,0,0.5,0,0,0.5,0.085,0.783,-0.426,-1.578,-1.288,-0.36,-0.538,-1.322,-1.057,0.468,-1.407,-1.289,0.177,0.03,-0.477,-0.88,-0.421,0.018,0.699
"IRN","IRAN",1972,-10,0,554.748034125811,21.3137728994688,79.0920791625977,NA,NA,NA,NA,11.9544005362913,NA,NA,NA,8.26551326942823,30921179,48.5675578077912,NA,42.0452353940772,16.7252736694196,17.5730871259509,NA,NA,NA,NA,NA,NA,NA,51.729,51.583,51.879,NA,NA,NA,NA,2.27537027764767,"Asia","Southern Asia",0.105,-1.625,-2.026,0.595,-0.873,-0.183,1.786,-1.479,-0.534,0.5,0.167,0.167,0.333,0.5,1,0,0.167,0,0,0.5,0,0,0.5,0.085,0.781,-0.426,-1.578,-1.288,-0.36,-0.538,-1.322,-1.057,0.468,-1.407,-1.289,0.177,0.03,-0.477,-0.88,-0.421,0.018,0.686
"IRN","IRAN",1973,-10,0,850.560177143918,53.3236937890653,82.2030563354492,NA,NA,NA,NA,9.86877569511803,NA,NA,NA,7.54781091069934,31839838,48.5657778786437,NA,35.3482363219514,18.568940368485,19.2995018193691,NA,NA,NA,NA,NA,NA,NA,52.944,52.647,53.259,NA,NA,NA,NA,1.86470541876358,"Asia","Southern Asia",0.105,-1.625,-2.026,0.595,-0.873,-0.183,1.786,-1.479,-0.534,0.5,0.167,0.167,0.333,0.5,1,0,0.167,0,0,0.5,0,0,0.5,0.085,0.781,-0.426,-1.578,-1.288,-0.36,-0.538,-1.322,-1.057,0.468,-1.407,-1.289,0.177,0.03,-0.477,-0.88,-0.421,0.018,0.686
"IRN","IRAN",1974,-10,0,1408.96571902077,65.6515031954485,84.586311340332,NA,NA,NA,NA,6.93282485577742,NA,NA,NA,5.41779096390687,32796463,48.565078496422,NA,32.6427000904747,47.360140628302,47.811397583467,NA,NA,NA,NA,NA,NA,NA,53.862,53.431,54.325,NA,NA,NA,NA,8.75035024750824,"Asia","Southern Asia",0.105,-1.625,-2.026,0.595,-0.873,-0.183,1.786,-1.479,-0.534,0.5,0.167,0.167,0.333,0.5,1,0,0.167,0,0,0.5,0,0,0.5,0.085,0.781,-0.426,-1.578,-1.288,-0.36,-0.538,-1.322,-1.057,0.468,-1.407,-1.289,0.177,0.03,-0.477,-0.88,-0.421,0.018,0.686
"IRN","IRAN",1975,-10,0,1531.70617122586,8.71138669650491,92.7861404418945,NA,NA,NA,NA,6.67228101587303,NA,NA,NA,8.19407845339376,33802973,48.5424876681705,NA,38.2447378477468,37.2662498162087,38.1449645758838,NA,NA,NA,NA,NA,NA,NA,54.819,54.274,55.408,NA,NA,NA,NA,12.0691929092555,"Asia","Southern Asia",0.105,-1.625,-2.026,0.595,-0.873,-0.183,1.786,-1.479,-0.534,0.5,0.167,0.167,0.333,0.5,1,0,0.167,0,0,0.5,0,0,0.5,0.082,0.782,-0.426,-1.578,-1.291,-0.36,-0.538,-1.322,-1.057,0.468,-1.407,-1.289,0.177,0.03,-0.477,-0.88,-0.421,0.018,0.687
"IRN","IRAN",1976,-10,0,1953.5196967855,27.5388017286666,97.5751266479492,NA,NA,NA,NA,6.48704874449046,NA,NA,NA,7.56205850414773,34837271,48.5207208107662,NA,37.4256251075984,33.2729575358116,33.8879214109636,37,48,24,NA,NA,NA,NA,55.771,55.099,56.502,NA,NA,NA,NA,11.2479723346227,"Asia","Southern Asia",0.092,-1.625,-2.367,0.595,-0.873,-0.183,3.078,-2.154,-0.534,0.5,0.167,0.167,0.333,0.5,1,0,0.167,0,0,0.5,0,0,0.5,0.082,0.782,-0.426,-1.578,-1.291,-0.36,-0.538,-1.322,-1.057,0.468,-1.407,-1.289,0.177,0.03,-0.477,-0.88,-0.421,0.018,0.687
"IRN","IRAN",1977,-10,0,2243.05559538314,14.821242860979,101.204536437988,NA,NA,NA,NA,5.66536824448199,NA,NA,NA,8.21632300829319,35933181,48.5152845221246,NA,41.4281355366296,29.6619105232745,30.3247382295186,NA,NA,NA,NA,NA,NA,NA,56.66,55.872,57.521,NA,NA,NA,NA,10.1898301489818,"Asia","Southern Asia",0.092,-1.625,-2.367,0.595,-0.873,-0.183,3.735,-2.154,-0.534,0.5,0.167,0.167,0.333,0.5,1,0,0.167,0,0,0.5,0,0,0.5,0.082,0.776,-0.426,-1.578,-1.291,-0.36,-0.538,-1.322,-1.057,0.71,-1.407,-1.289,0.177,0.03,-0.477,-0.88,-0.421,0.018,0.687
"IRN","IRAN",1978,-10,0,2100.77015324707,-6.34337563584847,103.781379699707,NA,NA,NA,NA,7.46228323212093,NA,NA,NA,8.87085856943341,37126535,48.5094838101504,NA,48.3339684935713,31.7653421755558,32.4359606220402,NA,NA,NA,NA,NA,NA,NA,56.042,55.199,56.968,NA,NA,NA,NA,11.1132050910914,"Asia","Southern Asia",0.092,-1.625,-2.367,0.595,-0.873,-0.183,3.735,-2.154,-0.534,0.5,0.167,0.167,0.333,0.5,1,0,0.167,0,0,0.5,0,0,0.5,0.083,0.776,-0.426,-1.578,-1.291,-0.36,-0.538,-1.322,-1.057,0.71,-1.407,-1.289,0.177,0.03,-0.477,-0.88,-0.421,0.018,0.687
"IRN","IRAN",1979,-6,0,2352.4265515265,11.9792447493818,88.9831390380859,NA,NA,NA,NA,8.5719182749731,NA,NA,NA,5.99337474220936,38424952,48.5166318876174,NA,48.6303176839263,36.2712245910874,36.9624941521813,NA,NA,NA,NA,NA,NA,NA,58.453,57.291,59.744,NA,NA,NA,NA,5.79724702809783,"Asia","Southern Asia",0.207,-0.743,-1.936,-0.466,-0.397,-0.893,2.361,-1.666,2.247,0.341,0.167,0.167,0.174,0.34,0.84,0,0.486,0.159,0.319,0.5,0.319,0.16,0.5,0.076,0.698,1.847,-0.606,-1.143,-0.813,-0.674,-0.751,-1.057,0.006,-1.407,-0.493,0.254,NA,-1.746,0.064,0.993,0.688,0.47
"IRN","IRAN",1980,-6,0,2368.39285730473,0.678716441449335,97.7049865722656,NA,NA,NA,NA,11.0604635849143,NA,NA,NA,5.17028487619847,39842324,48.5449945138742,NA,55.1295471468142,34.0602967673368,34.4935696763401,NA,NA,NA,NA,NA,1.4805999994278,NA,58.369,56.316,60.73,NA,NA,NA,NA,5.34315018542368,"Asia","Southern Asia",0.138,-1.104,-2.122,-1.556,-1.297,-1.411,0.989,-1.846,2.247,0.143,0,0.286,0,0.286,0.714,0,1,0.286,0.571,0.429,0.571,0.429,0,0.087,0.717,1.847,-0.606,-0.064,-0.813,-0.617,-0.751,-0.718,-1.312,-1.221,-0.711,-0.589,-0.362,-0.296,0.064,0.993,1.016,0.318
"IRN","IRAN",1981,-6,0,2393.44985576144,1.05797475192631,92.9580535888672,NA,NA,NA,NA,13.6941482462059,NA,NA,NA,6.97903559997781,41989312,48.3892591524243,NA,52.5601387251888,26.9572602616531,27.2671984227087,NA,NA,NA,NA,NA,1.51559996604919,NA,56.625,52.837,61.299,NA,NA,NA,NA,8.19038082342705,"Asia","Southern Asia",0.071,-1.726,-2.451,-1.556,-2.034,-1.411,0.989,-2.022,2.247,0.143,0,0.286,0,0.286,0.714,0,1,0.286,0.571,0.429,0.571,0.429,0,0.093,0.712,1.847,-1.046,-0.636,-0.813,-0.617,-0.751,-0.718,-1.312,-1.221,-0.711,-0.589,-0.362,-0.296,0.064,0.993,1.016,0.334
"IRN","IRAN",1982,-6,0,2844.87611384054,18.8609031015394,99.1244506835938,NA,NA,NA,NA,12.7741774073049,NA,NA,NA,5.92293172685558,44272141,48.2694534305322,NA,46.4594314757871,19.7882685941967,20.0016361862627,NA,NA,NA,NA,NA,NA,NA,57.633,53.807,62.474,NA,NA,NA,NA,7.90689063839738,"Asia","Southern Asia",0.047,-2.166,-2.451,-1.556,-2.034,-1.411,0.706,-2.022,2.247,0.143,0,0.286,0,0.286,0.714,0,1,0.286,0.571,0.429,0.571,0.429,0,0.09,0.718,1.847,-1.046,-0.636,-0.813,-0.617,-0.751,-0.718,-1.312,-1.221,-0.711,-0.589,-0.362,-0.296,0.064,0.993,1.016,0.363
"IRN","IRAN",1983,-6,0,3397.06140021275,19.4098183638221,100.952301025391,NA,NA,NA,NA,11.0571291764396,NA,NA,NA,6.03398096950243,46029535,48.358507206297,NA,48.6602507379298,15.9331788351053,16.239466364086,NA,NA,NA,NA,NA,NA,NA,58.518,54.662,63.375,NA,NA,NA,NA,7.09708065005957,"Asia","Southern Asia",0.059,-2.166,-1.847,-1.556,-2.034,-1.411,0.706,-2.022,2.247,0.143,0,0.286,0,0.286,0.714,0,1,0.286,0.571,0.429,0.571,0.429,0,0.084,0.754,1.847,-1.046,-0.636,-0.813,-0.617,-0.751,-0.718,-1.312,-1.221,-2.005,-0.897,-0.362,-0.296,0.064,0.993,1.016,0.363
"IRN","IRAN",1984,-6,0,3395.33697556582,-0.0507622454755145,103.25505065918,NA,NA,NA,83.18713,12.3078856376381,NA,NA,NA,6.43709659562234,47793998,48.4471543895533,NA,50.6955130027908,14.834775869565,15.1689761650579,NA,NA,NA,NA,NA,NA,NA,60.875,57.968,64.368,NA,NA,NA,NA,6.354853844404,"Asia","Southern Asia",0.098,-1.921,-1.306,-0.952,-1.388,-1.125,0.182,-2.212,2.247,0.143,0,0.286,0,0.286,0.714,0,1,0.286,0.571,0.429,0.571,0.429,0,0.088,0.741,1.847,-1.046,-0.629,-0.813,-0.617,-0.751,-0.718,-0.541,-1.547,-1.694,-0.993,-0.362,-0.296,0.064,0.993,1.016,0.369
"IRN","IRAN",1985,-6,0,3634.03209560743,7.0300863142408,103.581481933594,NA,NA,NA,83.3176,12.7705211481183,NA,NA,NA,7.3298096379008,49582289,48.5218602957197,NA,53.860038888848,13.0111600545153,13.3620164339938,NA,NA,NA,NA,NA,NA,NA,61.537,58.545,65.128,NA,NA,NA,NA,6.51241844033205,"Asia","Southern Asia",0.098,-1.921,-1.306,-0.952,-1.388,-1.125,0.182,-2.212,2.247,0.143,0,0.286,0,0.286,0.714,0,1,0.286,0.571,0.429,0.571,0.429,0,0.089,0.742,1.847,-1.046,-0.645,-0.813,-0.617,-0.751,-0.718,-0.541,-1.547,-1.694,-0.993,-0.362,-0.296,0.064,0.993,1.016,0.372
"IRN","IRAN",1986,-6,0,4064.34667297518,11.8412431714041,104.425338745117,NA,NA,NA,84.19432,15.2280294509586,NA,NA,NA,6.78425089061527,51446045,48.6086296547894,NA,57.0135547083151,5.3261828496059,5.62097656764036,52,63,41,NA,NA,NA,NA,62.136,59.069,65.818,NA,NA,NA,NA,6.07933597523708,"Asia","Southern Asia",0.098,-1.921,-1.306,-0.952,-1.388,-1.125,0.182,-2.212,2.247,0.143,0,0.286,0,0.286,0.714,0,1,0.286,0.571,0.429,0.571,0.429,0,0.089,0.744,1.847,-1.179,-0.645,-0.813,-0.617,-0.751,-0.718,-0.541,-1.547,-1.694,-0.993,-0.362,-0.296,0.064,0.993,1.016,0.375
"IRN","IRAN",1987,-6,0,2513.1511156474,-38.1659263379783,104.805397033691,NA,93.2199172973633,74.140022277832,84.43713,16.3027843168383,NA,NA,NA,6.00533842477042,53323493,48.7143002562548,NA,56.0601225473907,11.7165752598757,12.1574796528458,NA,NA,NA,NA,NA,1.51049995422363,NA,62.685,59.546,66.439,NA,NA,NA,NA,5.88910778863281,"Asia","Southern Asia",0.098,-1.921,-1.306,-0.952,-1.388,-1.125,0.182,-2.212,2.247,0.143,0,0.286,0,0.286,0.714,0,1,0.286,0.571,0.429,0.571,0.429,0,0.102,0.75,1.847,-1.179,-0.645,-0.813,-0.617,-0.751,-0.718,-0.678,-1.547,-1.694,-0.993,-0.362,-0.296,0.064,0.993,1.028,0.363
"IRN","IRAN",1988,-6,0,2234.46235141339,-11.0892163427355,106.559440612793,NA,93.0466079711914,76.8656387329102,85.16197,15.3850143787082,NA,NA,NA,5.43455242310344,55072694,48.8087799009796,NA,58.0130428613027,11.0534011695511,11.6910176676536,NA,NA,NA,NA,NA,1.48370003700256,NA,63.255,60.053,67.07,NA,NA,NA,NA,6.269777621033,"Asia","Southern Asia",0.111,-1.729,-1.306,-0.952,-1.388,-1.125,0.182,-2.212,2.247,0,0.143,0.286,0.143,0.286,0.714,0,1,0.143,0.429,0.429,0.571,0.429,0,0.103,0.745,1.847,-1.179,-0.622,-0.813,-0.617,-0.751,-0.718,-0.678,-1.547,-1.694,-0.993,-0.362,-0.296,0.064,0.993,1.028,0.371
"IRN","IRAN",1989,-6,0,2124.97214820342,-4.9000692779949,107.15193939209,NA,93.1952896118164,78.0823974609375,85.4723,15.576819225893,NA,NA,NA,5.36975044366856,56704914,48.8783379316709,NA,56.0906593136274,17.7018963845968,18.3952171882248,NA,NA,NA,NA,NA,NA,NA,65.314,63.176,67.737,NA,NA,NA,NA,4.55798049268961,"Asia","Southern Asia",0.149,-1.649,-0.875,-0.548,-0.738,-0.599,-0.548,-1.303,2.247,0,0.143,0.286,0.286,0.429,0.714,0,1,0.143,0.286,0.429,0.429,0.286,0,0.106,0.749,1.393,-1.179,-0.635,-0.813,-0.617,-0.751,-0.718,-0.678,-1.547,-1.694,-0.993,-0.478,-0.296,0.064,0.993,1.444,0.353
"IRN","IRAN",1990,-6,0,2137.94222739878,0.610364667900486,108.697570800781,NA,94.4804077148438,80.8608474731445,91.44414,12.4908605575982,NA,NA,0,5.57223654550186,58380092,48.9276738378555,95.5795059204102,53.1981355271235,23.2912360336472,23.9854435223543,NA,NA,NA,NA,NA,1.4330999851,NA,64.066,62.122,66.257,NA,NA,NA,NA,2.94265012534759,"Asia","Southern Asia",0.243,-0.978,-0.622,-0.548,-0.488,-0.599,-0.548,-1.303,2.247,0.143,0.143,0.429,0.286,0.429,0.714,0,1,0.143,0.143,0.429,0.286,0.143,0,0.108,0.76,1.393,-1.681,-0.635,-0.813,-0.617,-0.751,-0.718,-0.678,-1.547,-1.694,-0.993,-0.478,-0.296,0.064,0.993,1.444,0.342
"IRN","IRAN",1991,-6,0,2194.43906802841,2.64258032352771,110.505432128906,NA,98.7398834228516,84.286376953125,NA,12.0142415524679,NA,NA,NA,6.16189081195031,59986931,48.9726061993838,95.8321151733398,53.2610836636529,NA,NA,66,74,56,NA,NA,NA,NA,66.233,63.985,68.773,NA,NA,NA,NA,2.16970796657052,"Asia","Southern Asia",0.243,-0.978,-0.622,-0.548,-0.488,-0.599,-0.548,-1.303,2.247,0.143,0.143,0.429,0.286,0.429,0.714,0,1,0.143,0.143,0.429,0.286,0.143,0,0.109,0.76,1.393,-1.681,-0.635,-0.813,-0.617,-0.751,-0.718,-0.678,-1.547,-1.694,-0.993,-0.478,-0.296,0.064,0.993,1.444,0.342
"IRN","IRAN",1992,-6,0,1957.48507794252,-10.7979298007477,111.577987670898,NA,102.307891845703,88.1600875854492,95.09933,12.0543300718568,NA,NA,NA,6.88118064602608,61184983,49.0106976085946,96.0842132568359,52.6609305620348,NA,NA,NA,NA,NA,NA,NA,NA,NA,66.653,64.366,69.233,NA,NA,NA,NA,1.78930544437356,"Asia","Southern Asia",0.243,-0.978,-0.622,-0.548,-0.488,-0.599,-0.548,-1.303,2.247,0.143,0.143,0.429,0.286,0.429,0.714,0,1,0.143,0.143,0.429,0.286,0.143,0,0.108,0.756,1.393,-1.681,-0.63,-0.813,-0.617,-0.751,-0.718,-0.678,-1.547,-1.694,-0.993,-0.478,-0.296,0.064,0.993,1.444,0.352
"IRN","IRAN",1993,-6,0,1038.10985680796,-46.9671637089004,110.515289306641,NA,104.113288879395,90.9516525268555,NA,10.3983707069825,NA,NA,NA,3.86024599156306,61403543,49.0333391831586,96.3332595825195,48.6934181164886,29.3853282211644,30.8421065078492,NA,NA,NA,NA,NA,NA,NA,67.037,64.722,69.641,NA,NA,NA,NA,1.70036120174971,"Asia","Southern Asia",0.243,-0.978,-0.622,-0.548,-0.488,-0.599,-0.548,-1.303,2.247,0.143,0.143,0.429,0.286,0.429,0.714,0,1,0.143,0.143,0.429,0.286,0.143,0,0.113,0.746,1.393,-1.681,-0.354,-0.813,-0.617,-0.751,-0.718,-0.678,-1.547,-1.694,-0.993,-0.478,-0.296,0.492,0.993,1.444,0.337
"IRN","IRAN",1994,-6,0,1167.7627251321,12.4893206122524,109.218978881836,NA,101.47534942627,90.6412200927734,NA,10.5515623448484,NA,NA,0.000408,4.37123611620784,61520598,49.0553416100516,96.5761795043945,48.205149464744,24.2190216392295,25.8095921553796,NA,NA,NA,NA,NA,NA,NA,67.49,65.158,70.101,NA,NA,NA,NA,2.07301000512615,"Asia","Southern Asia",0.29,-0.607,-0.622,-0.548,-0.488,-0.599,-0.548,-1.303,2.247,0.143,0.143,0.429,0.286,0.429,0.714,0,1,0.143,0.143,0.429,0.286,0.143,0,0.115,0.743,1.393,-1.681,-0.354,-0.813,-0.617,-0.751,-0.718,-0.678,-1.547,-1.694,-0.993,-0.478,-0.296,0.492,0.993,1.444,0.323
"IRN","IRAN",1995,-6,0,1550.0095955237,32.7332652571488,108.151512145996,NA,104.533256530762,94.7074432373047,NA,12.6102361430429,NA,NA,0.00418,6.22079867839147,62205567,49.0860440191792,96.809928894043,49.9041053360352,19.3040585759505,20.7724689741647,NA,NA,NA,NA,NA,NA,NA,67.904,65.559,70.52,NA,NA,NA,NA,2.15416588498039,"Asia","Southern Asia",0.29,-0.607,-0.622,-0.548,-0.488,-0.599,-0.548,-1.303,2.247,0.143,0.143,0.429,0.286,0.429,0.714,0,1,0.143,0.143,0.429,0.286,0.143,0,0.116,0.743,1.393,-1.681,-0.354,-0.813,-0.617,-0.751,-0.718,-0.678,-1.547,-1.694,-0.993,-0.478,-0.296,0.492,0.993,1.444,0.323
"IRN","IRAN",1996,-6,0,1914.78121290985,23.533507046639,107.62281036377,NA,NA,NA,NA,10.3464772314166,NA,NA,0.0158,7.94631513984084,62881300,49.1168367879932,97.0314331054688,48.8097255653662,19.6685614584308,20.9894625885333,73,80,66,NA,NA,1.6000000238,NA,68.328,65.976,70.944,NA,NA,NA,NA,2.24486451064281,"Asia","Southern Asia",0.29,-0.607,-0.622,-0.548,-0.488,-0.599,-0.548,-1.303,2.247,0.143,0.143,0.429,0.286,0.429,0.714,0,1,0.143,0.143,0.429,0.286,0.143,0,0.118,0.749,1.393,-1.681,-0.708,-0.813,-0.617,-0.751,-0.718,-0.678,-1.547,-1.694,-0.993,-0.478,-0.296,0.492,0.993,1.444,0.356
"IRN","IRAN",1997,3,0,1790.06617576107,-6.51327871340732,105.32071685791,NA,102.268379211426,93.9185028076172,91.55973,9.81269950021503,NA,NA,0.0468,10.1579620986255,63639638,49.1496502675007,97.2376480102539,52.4764737589279,18.0436980240134,19.7567159419881,NA,NA,NA,NA,NA,NA,NA,68.649,66.315,71.236,NA,NA,NA,NA,2.49887472505777,"Asia","Southern Asia",0.435,-0.193,0.201,-0.374,0.058,-0.599,-0.548,-1.303,2.247,0.143,0.143,0.429,0.286,0.429,0.714,0,1,0.143,0.143,0.429,0.286,0.143,0,0.147,0.699,1.551,-1.491,-0.079,-0.106,-0.235,-0.638,-1.202,-0.524,-1.547,-1.694,-0.993,0.039,-0.296,1.328,1.115,1.444,0.324
"IRN","IRAN",1998,3,0,1709.19334095949,-4.51786843953945,105.111541748047,NA,NA,NA,NA,11.5550578926179,NA,NA,0.0998,8.64437605391793,64519859,49.1843108336613,97.4255142211914,57.1684307665738,11.6492107603037,13.3950142635049,NA,NA,NA,NA,NA,NA,NA,69.214,66.866,71.807,NA,NA,NA,NA,2.62907924769004,"Asia","Southern Asia",0.431,-0.193,0.595,-0.029,-0.631,-0.563,-0.548,-0.983,2.247,0.143,0.286,0.429,0.286,0.286,0.857,0,1,0,0.143,0.571,0.286,0.286,0,0.157,0.671,1.551,-0.893,-0.079,-0.106,-0.235,-0.638,-1.202,-0.524,-1.078,-1.586,-0.993,0.039,-0.296,1.328,1.115,1.444,0.297
"IRN","IRAN",1999,3,0,1739.59462001971,1.77869163959846,102.91845703125,NA,NA,NA,85.42788,9.91498621544411,NA,NA,0.379,8.32782333658207,65445391,49.2185584161305,97.5919570922852,53.4409524072474,16.7896155043784,18.626607792413,NA,NA,NA,NA,NA,NA,NA,69.686,67.345,72.261,NA,NA,NA,NA,2.40455173780106,"Asia","Southern Asia",0.431,-0.193,0.595,-0.029,-0.631,-0.563,-0.548,-0.983,2.247,0.143,0.286,0.429,0.286,0.286,0.857,0,1,0,0.143,0.571,0.286,0.286,0,0.158,0.671,1.551,-0.893,-0.079,-0.106,-0.235,-0.638,-1.202,-0.524,-1.078,-1.586,-0.993,0.039,-0.296,1.328,1.115,1.444,0.297
"IRN","IRAN",2000,3,0,1650.01385832603,-5.14951935713994,101.769493103027,NA,98.6866073608398,92.3347702026367,86.13483,9.06841932716681,57.60128,NA,0.934,5.86128209638759,66418659,49.2518676114795,97.9,51.4166442623236,30.6637746707723,33.082196505073,NA,NA,NA,NA,4.72250843,1.59,23,70.166,67.839,72.716,NA,NA,NA,NA,2.29504222152572,"Asia","Southern Asia",0.474,0.091,0.595,-0.962,-0.631,-0.563,-0.548,-0.983,2.247,0.143,0.286,0.429,0.286,0.286,0.857,0,1,0,0,0.571,0.286,0.286,0,0.161,0.673,1.551,-0.893,-0.086,-0.106,-0.235,-0.638,-1.202,-0.524,-1.078,-1.586,-0.993,0.039,-0.296,1.328,1.115,1.444,0.279
"IRN","IRAN",2001,3,0,1881.02266634748,14.0004162301893,103.052101135254,NA,100.59725189209,94.624382019043,NA,8.31084200243545,NA,NA,1.48,5.74690355849208,67452005,49.2844237914055,97.8605346679688,52.3210997521586,21.4882168458321,24.0565282820387,NA,NA,NA,NA,5.16087341,1.64,22,70.619,68.309,73.138,NA,NA,NA,NA,2.41817929679324,"Asia","Southern Asia",0.474,0.091,0.595,-0.962,-0.631,-0.563,-0.548,-0.983,2.247,0.143,0.286,0.429,0.286,0.286,0.857,0,1,0,0,0.571,0.286,0.286,0,0.145,0.702,1.551,-0.893,0.061,-0.106,-0.235,-0.638,-1.202,-0.524,-1.078,-1.586,-0.993,0.039,-0.296,-0.391,1.115,1.444,0.271
"IRN","IRAN",2002,3,0,1891.25756092031,0.544113303679843,103.720642089844,NA,97.3131866455078,91.6623306274414,97.12907,7.82554689746741,56.79227,NA,4.63,4.99437771164826,68011317,49.3077313984711,97.973274230957,47.6983837464602,20.4437414632993,22.901560055169,77,84,70,NA,4.65182209,1.65,21,71.112,68.835,73.584,NA,NA,NA,NA,2.17457636612743,"Asia","Southern Asia",0.474,0.091,0.595,-0.962,-0.631,-0.563,-0.548,-0.983,2.247,0.143,0.286,0.429,0.286,0.286,0.857,0,1,0,0,0.571,0.286,0.286,0,0.145,0.71,1.551,-1.492,0.061,-0.106,-0.235,-0.638,-1.202,-0.524,-1.078,-1.586,-0.993,0.039,-0.296,-0.391,1.115,1.444,0.268
"IRN","IRAN",2003,3,0,2208.99636553529,16.8003983793918,105.510719299316,NA,95.6533889770508,86.8864822387695,96.04654,7.45109456118,NA,NA,6.93,5.20132534960526,68769340,49.2332069674248,98.0795593261719,48.770495624293,22.0449174416527,24.1803070892105,NA,NA,NA,NA,4.95589161,1.64,20,70.464,68.392,72.698,NA,NA,NA,NA,2.4050402653569,"Asia","Southern Asia",0.474,0.091,0.595,-0.962,-0.631,-0.563,-0.548,-0.983,2.247,0.143,0.286,0.429,0.286,0.286,0.857,0,1,0,0,0.571,0.286,0.286,0,0.145,0.714,1.551,-1.492,0.061,-0.106,-0.235,-0.638,-1.202,-0.524,-1.078,-1.586,-0.993,-0.132,-0.296,-0.391,1.115,1.444,0.268
"IRN","IRAN",2004,-7,0,2672.42266512669,20.9790430994712,108.460357666016,NA,100.884437561035,103.806282043457,97.76144,6.88957846937749,55.97413,NA,7.49,5.19532335188804,70256316,49.0700081683759,98.1903381347656,47.9180928345564,25.1990020398231,27.2443648124195,NA,NA,NA,NA,5.12801409,1.63,18,72.04,69.841,74.412,NA,NA,NA,NA,2.83455780463948,"Asia","Southern Asia",0.474,0.091,0.595,-0.962,-0.631,-0.563,-0.548,-0.983,1.699,0.143,0.286,0.429,0.286,0.286,0.857,0,1,0,0,0.571,0.286,0.286,0,0.136,0.719,1.551,-1.492,-0.513,-0.106,-0.235,-0.638,-1.202,-0.524,-1.078,-1.586,-0.993,-0.132,-0.296,-0.391,1.115,1.444,0.317
"IRN","IRAN",2005,-6,0,3132.05081925856,17.1989318953812,109.030731201172,NA,107.310668945312,115.477478027344,95.32962,6.50138220905541,NA,NA,8.1,6.65759371533812,71828455,48.9051393351006,98.3069381713867,47.9812176022871,31.6076762648214,34.4823160181386,82,88,77,NA,5.29996157,1.61,17,72.446,70.299,74.758,NA,NA,NA,NA,3.03665449804817,"Asia","Southern Asia",0.185,-1.145,-1.238,-1.115,-0.631,-0.592,-1.059,-0.983,1.699,0.125,0.25,0.5,0.25,0.375,0.875,0,1,0,0,0.5,0.25,0.25,0,0.12,0.771,1.157,-1.734,-0.957,-0.794,-0.809,-0.54,-1.202,-0.524,-1.078,-1.586,-0.993,-1.226,-0.296,-0.391,1.115,1.444,0.376
"IRN","IRAN",2006,-6,0,3618.9160136791,15.5446134981869,110.641700744629,NA,107.556060791016,103.437278747559,95.87482,7.11821124096454,55.27324,NA,8.76,6.21768140946726,73392747,48.7568669421789,98.4,49.1253327020801,31.5582038058527,34.7791285091133,82,87,77,NA,5.15990877,1.63,17,72.895,70.796,75.151,NA,NA,NA,NA,3.31519380033441,"Asia","Southern Asia",0.147,-1.419,-1.399,-1.71,-0.773,-0.65,-1.059,-0.983,1.699,0.125,0.25,0.5,0.25,0.375,0.875,0,1,0,0.125,0.375,0.375,0.125,0,0.118,0.772,1.084,-1.734,-0.957,-0.794,-0.809,-0.54,-1.202,-0.524,-1.078,-1.586,-0.993,-1.226,-0.296,-0.407,0.94,1.444,0.392
"IRN","IRAN",2007,-6,0,4687.99166265915,29.541322455096,110.374961853027,NA,105.122169494629,102.265403747559,95.12881,7.1855682314446,NA,NA,9.47,5.93768768949975,74602648,48.7296650479439,98.5798568725586,47.6077676806661,26.1252401169156,29.1825071901049,NA,NA,NA,NA,4.91188192,1.66,16,73.299,71.252,75.496,NA,NA,NA,NA,2.65398282115891,"Asia","Southern Asia",0.147,-1.419,-1.399,-1.71,-0.773,-0.65,-1.059,-0.983,1.699,0.125,0.25,0.5,0.25,0.375,0.875,0,1,0,0.125,0.375,0.375,0.125,0,0.117,0.772,1.084,-1.734,-0.957,-0.794,-0.809,-0.54,-1.202,-0.524,-1.078,-1.586,-0.993,-1.226,-0.296,-0.407,0.94,1.444,0.392
"IRN","IRAN",2008,-6,0,5377.41150725587,14.7060808594882,109.575981140137,NA,107.967559814453,105.562309265137,NA,6.12277259123879,54.47522,NA,12,6.19780928808194,75514204,48.8011818279909,98.7438735961914,48.6423388029256,30.5659738980313,33.5227511829978,83,88,78,NA,5.03990459,1.64,16,73.683,71.682,75.821,NA,NA,NA,NA,2.68334192055637,"Asia","Southern Asia",0.147,-1.419,-1.399,-1.71,-0.773,-0.65,-1.033,-0.983,1.699,0.125,0.25,0.5,0.25,0.375,0.875,0,1,0,0.125,0.375,0.375,0.125,0,0.116,0.771,1.084,-1.734,-0.698,-0.794,-0.809,-0.54,-1.202,-0.524,-1.078,-1.586,-0.993,-1.226,-0.296,-0.407,0.94,1.444,0.383
"IRN","IRAN",2009,-7,0,5415.52280554144,0.708729436721474,108.988128662109,NA,109.426078796387,107.22908782959,97.70461,6.92448961487588,NA,NA,13.8,7.35847804148683,76457825,48.8647335817457,98.9274291992187,51.4807181913201,17.5512587993854,20.3362743181973,NA,NA,NA,NA,6.11493444,1.54,17,74.041,72.074,76.134,NA,NA,NA,NA,3.04770554917662,"Asia","Southern Asia",0.123,-1.557,-1.624,-1.184,-0.773,-0.65,-0.785,-0.983,1.699,0.125,0.25,0.5,0.25,0.375,0.875,0,1,0,0.125,0.375,0.375,0.125,0,0.113,0.783,1.084,-1.734,-1.028,-0.794,-0.809,-0.54,-1.294,-0.657,-1.078,-1.75,-1.106,-1.226,-0.296,-0.35,0.94,1.444,0.389
"IRN","IRAN",2010,-7,0,6291.19443652344,16.1696601127036,107.240280151367,NA,108.417427062988,106.146430969238,96.5537,6.49939072560216,53.69789,NA,15.9,NA,77420842,48.9225608147925,99.1287078857422,51.1373145247114,20.2248363529261,23.0680430493324,NA,NA,NA,NA,6.29153061,1.68,18,74.39,72.462,76.433,NA,NA,99.797248840332,96.8565225601196,2.7865480606164,"Asia","Southern Asia",0.081,-1.881,-2.047,-1.496,-1.099,-0.621,-0.86,-1.176,1.629,0.125,0.25,0.5,0.25,0.375,0.875,0,1,0,0.125,0.375,0.375,0.125,0,0.108,0.78,1.084,-1.567,-1.028,-0.794,-0.809,-0.411,-1.294,-0.657,-1.078,-1.75,-1.106,-1.161,-0.296,-0.35,0.94,1.045,0.437
"IRN","IRAN",2011,-7,0,8025.68743364356,27.5701699354664,107.185096740723,NA,106.815711975098,104.619087219238,96.70394,4.64211620456629,NA,NA,19,NA,78383598,48.9757027994556,99.3441925048828,48.7236875755503,22.3514589221281,25.3461464486072,NA,NA,NA,NA,6.09787989,1.35,18,74.721,72.826,76.723,NA,NA,NA,NA,2.38163454250427,"Asia","Southern Asia",0.091,-1.881,-1.716,-1.496,-1.099,-0.621,-1.02,-1.092,1.629,0.125,0.25,0.5,0.25,0.375,0.875,0,1,0,0.125,0.375,0.375,0.125,0,0.108,0.78,1.084,-1.567,-1.028,-0.794,-0.809,-0.411,-1.294,-0.657,-1.078,-1.75,-1.106,-1.161,-0.296,-0.35,0.94,1.045,0.437
"IRN","IRAN",2012,-7,0,8114.08099831877,1.10138309529306,107.180732727051,NA,103.648933410645,101.875770568848,97.93445,6.79693716710654,52.94421,NA,22.7,NA,79370580,49.0070464396254,99.5637664794922,50.4291162835523,18.4120723402826,21.1187189284557,84,89,78,NA,6.12235117,1.7,18,75.039,73.184,76.993,NA,NA,NA,NA,2.68660846849974,"Asia","Southern Asia",0.091,-1.881,-1.716,-1.041,-1.099,-0.525,-1.02,-1.092,1.629,0.125,0.25,0.5,0.25,0.375,0.875,0,1,0,0.125,0.375,0.375,0.125,0,0.111,0.776,1.084,-1.567,-0.653,-0.794,-0.809,-0.411,-1.294,-0.657,-1.078,-1.75,-1.106,-1.161,-0.296,-0.35,0.94,1.045,0.414
"IRN","IRAN",2013,-7,0,6222.74194840326,-23.3093439701599,120.710372924805,NA,NA,NA,98.63946,8.77490977276026,NA,NA,30,NA,80414686,49.0184435840295,99.7617797851563,47.6419116595481,21.2565665523955,24.9467390294435,85,90,80,NA,5.54722023,1.77,18,75.349,73.509,77.285,NA,NA,NA,NA,2.18077190909837,"Asia","Southern Asia",0.126,-1.443,-1.432,-0.907,-1.416,-0.45,-1.185,-1.092,1.629,0.125,0.25,0.5,0.25,0.375,0.875,0,1,0,0.125,0.375,0.375,0.125,0,0.12,0.742,1.084,-1.117,-0.364,-0.78,-0.809,-0.375,-1.294,-0.657,-0.828,-1.467,-1.106,-1.161,-0.296,-0.338,1.31,1.582,0.329
"IRN","IRAN",2014,-7,0,5672.06372896319,-8.84944649812085,111.849983215332,NA,NA,NA,99.52212,9.37842415684426,52.19329,NA,39.4,NA,81502045,49.026429950316,100,49.3556902392447,21.2353758265799,24.8607811408678,85,90,80,NA,6.35239553,1.81,16,75.635,73.802,77.565,NA,NA,NA,NA,2.11655706144949,"Asia","Southern Asia",0.126,-1.443,-1.432,-0.907,-1.416,-0.45,-1.23,-1.092,1.629,0.125,0.25,0.5,0.25,0.5,0.875,0,1,0,0,0.5,0.25,0.125,0,0.122,0.739,1.084,-1.117,-0.364,-0.754,-0.809,-0.375,-1.294,-0.657,-0.828,-1.467,-1.106,-1.161,-0.296,-0.338,1.31,1.608,0.315
"IRN","IRAN",2015,-7,0,4952.73355532178,-12.6819832782961,109.025131225586,NA,101.256568908691,98.8369903564453,99.69128,10.0916014141126,NA,NA,45.3,NA,82619362,49.0321469681647,99.9750518798828,55.1819574554845,12.2663527393474,15.2302994765894,NA,NA,NA,NA,7.53311825,1.81,16,75.907,74.072,77.84,NA,NA,NA,NA,2.55709080686915,"Asia","Southern Asia",0.173,-1.196,-1.177,-0.787,-1.111,-0.45,-1.23,-0.884,1.67,0.125,0.25,0.5,0.25,0.5,0.875,0,1,0,0,0.5,0.25,0.125,0,0.126,0.739,1.084,-1.117,-0.364,-0.754,-0.809,-0.375,-1.294,-0.657,-0.828,-1.467,-1.106,-1.161,-0.296,-0.338,1.31,1.608,0.315
"IRN","IRAN",2016,-7,0,5477.03712389913,10.5861452614179,107.907333374023,NA,98.609992980957,98.0736770629883,99.70946,9.78442038070612,51.44004,NA,53.2,NA,83812228,49.0414012141522,100,52.5223787113108,10.8895031509112,13.1358103039789,86,90,81,NA,7.99202633,1.89,15,76.155,74.302,78.109,NA,0.729722917079926,NA,NA,2.79643556281004,"Asia","Southern Asia",0.17,-1.132,-1.203,-0.787,-1.222,-0.45,-1.673,-0.884,1.67,0.125,0.25,0.5,0.25,0.5,0.875,0,1,0,0,0.5,0.25,0.125,0,0.128,0.744,0.245,-1.117,-0.327,-0.754,-0.79,-0.427,-1.294,-0.657,-0.828,-1.467,-1.106,-1.137,-0.296,-0.361,1.549,1.608,0.377
"IRN","IRAN",2017,-7,0,5753.11544659399,5.0406509294996,107.295822143555,NA,97.4859008789062,95.7746734619141,99.70291,9.82705877594884,NA,NA,64,NA,85026754,49.054534058774,NA,50.6626622977994,14.6204399688795,17.4677964309489,NA,NA,NA,NA,7.83454609,1.91,14,76.396,74.546,78.349,NA,NA,NA,NA,2.8443384495596,"Asia","Southern Asia",0.144,-1.305,-1.415,-0.837,-1.06,-0.547,-1.39,-1.002,1.601,0.125,0.25,0.5,0.25,0.5,0.875,0,1,0,0,0.5,0.25,0.125,0,0.126,0.772,0.027,-1.117,-0.324,-0.754,-0.859,-0.496,-1.294,-1.072,-0.828,-1.467,-1.34,-1.198,-0.296,-0.361,0.935,1.608,0.374
"IRN","IRAN",2018,-7,0,4631.78709016514,-19.4908022764033,NA,NA,NA,NA,NA,11.1333886860067,50.66515,NA,70.2,NA,86117998,49.067795328916,NA,48.2711094617136,27.6646471563106,34.2395948033408,NA,NA,NA,NA,7.73915195,1.95,14,76.621,74.738,78.612,NA,NA,NA,NA,2.24343449628841,"Asia","Southern Asia",0.136,-1.456,-1.404,-0.902,-1.188,-0.547,-1.638,-1.007,1.82,0.125,0.25,0.5,0.25,0.5,0.875,0,1,0,0,0.5,0.25,0.125,0,0.124,0.777,0.052,-1.117,-0.324,-0.911,-0.859,-0.432,-1.294,-1.072,-0.828,-1.467,-1.34,-1.147,-0.296,-0.484,1.238,1.608,0.371
"IRN","IRAN",2019,NA,0,3831.27894763337,-17.2829218387763,106.081970214844,NA,101.557647705078,92.4114074707031,NA,13.3248691743433,NA,NA,72.5,NA,87051648,49.081904802078,NA,50.1233752604292,20.0780490508657,27.8006661533715,NA,NA,NA,NA,6.27398872,1.86,13,76.855,74.987,78.832,NA,0.75210040807724,NA,NA,2.11068906242797,"Asia","Southern Asia",0.128,-1.456,-1.501,-1.184,-1.222,-0.547,-1.433,-1.031,1.82,0.125,0.25,0.5,0.25,0.5,0.875,0,1,0,0,0.5,0.25,0.125,0,0.119,0.78,0.449,-1.117,-0.324,-0.911,-0.913,-0.636,-1.294,-1.072,-0.828,-1.467,-1.34,-1.212,-0.296,-0.484,0.919,1.608,0.352
"IRN","IRAN",2020,NA,0,2988.78122414716,-21.9899865032441,104.484008789062,NA,98.6473770141602,97.4245681762695,NA,12.212998105241,50.42596,NA,75.6,NA,87723443,49.0985608031823,NA,49.19528089213,13.2733495355914,23.2391718001181,NA,NA,NA,NA,5.40149546,NA,12,74.141,72.217,76.238,NA,NA,NA,NA,2.16792005411303,"Asia","Southern Asia",0.081,-1.78,-1.942,-1.049,-1.605,-0.611,-1.221,-1.24,1.681,0.125,0.375,0.625,0.375,0.5,0.875,0,0.875,0,0.125,0.375,0.125,0.125,0,0.113,0.798,0.227,-1.928,-0.708,-0.748,-0.913,-0.557,-1.294,-1.072,-0.828,-1.467,-1.34,-1.492,-0.296,-0.484,0.919,1.382,0.427
"IRQ","IRAQ",1960,-5,0,218.917802531101,NA,NA,NA,NA,NA,NA,NA,NA,NA,NA,NA,7022052,50.6742046342009,NA,NA,NA,NA,NA,NA,NA,NA,NA,1.85803997516632,NA,51.462,48.331,54.761,NA,NA,NA,NA,7.05063185899568,"Asia","Western Asia",0.366,0.095,-0.502,-1.489,-1.246,-0.694,1.074,-0.178,-0.364,0,0,0.625,0,0.25,1,0.25,0,0.125,0.25,0.375,0.375,0,0,0.079,0.709,1.852,-2.176,NA,-1.577,-0.897,-1.448,0.763,0.741,-1.011,-0.818,0.833,NA,NA,NA,NA,-0.706,0.518
"IRQ","IRAQ",1961,-5,0,232.392612190864,6.15519135674162,NA,NA,NA,NA,NA,NA,NA,NA,NA,NA,7194553,50.6844970076668,NA,NA,NA,NA,NA,NA,NA,NA,NA,NA,NA,52.339,48.983,55.896,NA,NA,NA,NA,6.85139886867451,"Asia","Western Asia",0.366,0.095,-0.502,-1.489,-1.246,-0.694,1.074,-0.178,-0.364,0,0.125,0.5,0,0.25,0.875,0.25,0,0.125,0.375,0.375,0.375,0.125,0,0.076,0.709,1.852,-2.176,NA,-1.577,-0.897,-1.448,0.763,0.741,-1.011,-0.818,0.833,NA,NA,NA,NA,-0.706,0.518
"IRQ","IRAQ",1962,-5,0,240.653442461626,3.5546871274795,NA,NA,NA,NA,NA,NA,NA,NA,NA,NA,7413875,50.6848173188785,NA,NA,NA,NA,NA,NA,NA,NA,NA,NA,NA,53.482,50.105,57.047,NA,NA,NA,NA,6.91081661891118,"Asia","Western Asia",0.366,0.095,-0.502,-1.489,-1.246,-0.694,1.074,-0.178,-0.364,0,0.125,0.5,0,0.25,1,0.25,0,0.125,0.375,0.375,0.375,0.125,0,0.076,0.709,1.852,-2.176,NA,-1.577,-0.897,-1.448,0.763,0.741,-1.011,-0.818,0.833,NA,NA,NA,NA,-0.706,0.518
"IRQ","IRAQ",1963,-5,0,235.513623763733,-2.13577609583233,NA,NA,NA,NA,NA,NA,NA,NA,NA,NA,7667928,50.6773276953044,NA,NA,NA,NA,NA,NA,NA,NA,NA,NA,NA,54.36,50.872,58.044,NA,NA,NA,NA,8.25088464260439,"Asia","Western Asia",0.251,-0.501,-0.651,-2.198,-1.959,-0.962,1.489,-1.244,-1.454,0.149,0.167,0.629,0,0.314,0.851,0.167,0,0.167,0.165,0.48,0.036,0.018,0,0.056,0.811,0.237,-2.176,NA,-1.65,-1.674,-1.615,0.44,0.376,-1.802,-1.17,1.177,NA,NA,NA,NA,-1.713,0.779
"IRQ","IRAQ",1964,-5,0,269.423092996101,14.3980924289908,NA,NA,NA,NA,NA,NA,NA,NA,NA,NA,7929566,50.6669343568109,NA,NA,NA,NA,NA,NA,NA,NA,NA,NA,NA,55.245,51.891,58.753,NA,NA,NA,NA,7.95651389390112,"Asia","Western Asia",0.243,-0.457,-0.651,-2.198,-1.959,-0.962,1.489,-1.244,-1.454,0.125,0.125,0.625,0,0.375,1,0.125,0,0,0.125,0.125,0,0,0,0.066,0.776,0.237,-2.176,NA,-1.65,-1.674,-1.615,0.767,0.766,-1.265,-0.796,0.943,NA,NA,NA,NA,-1.713,0.779
"IRQ","IRAQ",1965,-5,0,284.77757098584,5.69902075541876,NA,NA,NA,NA,NA,NA,NA,NA,NA,NA,8202140,50.6528478357053,NA,NA,NA,NA,NA,NA,NA,NA,NA,NA,NA,56.387,52.961,59.967,NA,NA,NA,NA,8.87326656394453,"Asia","Western Asia",0.243,-0.457,-0.651,-2.198,-1.959,-0.962,1.489,-1.244,-1.454,0.125,0.125,0.625,0,0.5,1,0.25,0,0,0.125,0.125,0,0,0,0.069,0.778,0.237,-2.176,NA,-1.65,-1.674,-1.615,0.767,0.766,-1.265,-0.796,0.943,NA,NA,NA,NA,-1.329,0.733
"IRQ","IRAQ",1966,-5,0,298.205666763491,4.71529261632712,NA,NA,NA,NA,NA,NA,NA,NA,NA,NA,8485104,50.6367747525546,NA,NA,NA,NA,NA,NA,NA,NA,NA,NA,NA,57.321,53.929,60.852,NA,NA,NA,NA,8.52055837563452,"Asia","Western Asia",0.279,-0.356,-0.438,-2.198,-1.959,-0.962,1.489,-1.048,-1.454,0.125,0.125,0.625,0,0.375,1,0.125,0,0,0.125,0.25,0,0,0,0.069,0.778,0.237,-2.176,NA,-1.65,-1.674,-1.615,0.767,0.766,-1.265,-0.796,0.943,NA,NA,NA,NA,-1.329,0.733
"IRQ","IRAQ",1967,-5,0,290.643664484678,-2.53583453355716,NA,NA,NA,NA,NA,NA,NA,NA,NA,NA,8778869,50.6151874461277,NA,NA,NA,NA,NA,NA,NA,NA,NA,NA,NA,58.422,55.278,61.641,NA,NA,NA,NA,8.42706237424547,"Asia","Western Asia",0.288,-0.316,-0.438,-2.198,-1.959,-0.962,0.624,-1.048,-1.454,0.125,0.125,0.5,0,0.5,0.875,0.125,0,0,0.125,0.125,0,0,0,0.07,0.778,0.237,-2.176,NA,-1.65,-1.674,-1.615,0.767,0.766,-1.265,-0.796,0.943,NA,NA,NA,NA,-1.329,0.733
"IRQ","IRAQ",1968,-7,0,318.832552563525,9.69877947583234,NA,NA,NA,NA,NA,16.2300628322861,NA,NA,NA,NA,9085016,50.588551522639,NA,37.0903818269695,NA,NA,NA,NA,NA,NA,NA,NA,NA,58.969,55.864,62.135,NA,NA,NA,NA,9.2208540042523,"Asia","Western Asia",0.099,-0.804,-2.858,-1.167,-2.462,-1.442,1.519,-2.279,-2.309,0.167,0.167,0.576,0,0.439,0.909,0.076,0,0.076,0.091,0.167,0,0,0,0.071,0.758,-0.333,-2.176,NA,-1.023,-2.092,-1.874,1.119,0.766,-0.892,-0.565,0.943,NA,NA,NA,NA,-1.329,0.773
"IRQ","IRAQ",1969,-7,0,319.860143218706,0.322297910586244,NA,NA,NA,NA,NA,15.0251349841743,NA,NA,NA,NA,9403356,50.5602680574893,NA,38.8382051759449,NA,NA,NA,NA,NA,NA,NA,NA,NA,59.64,56.517,62.821,NA,NA,NA,NA,11.3800847457627,"Asia","Western Asia",0.08,-0.981,-2.858,-1.167,-2.903,-1.057,0.447,-2.279,-2.309,0.125,0.125,0.875,0,0.375,1,0.25,0,0,0.25,0.375,0,0.125,0,0.065,0.768,-0.333,-2.176,NA,-1.023,-2.092,-2.334,1.119,0.766,-0.892,-0.565,0.943,NA,NA,NA,NA,-1.329,0.773
"IRQ","IRAQ",1970,-7,0,337.042912609442,5.37196326426553,NA,NA,NA,NA,NA,16.6055124157351,NA,NA,NA,NA,9735611,50.5278251696607,NA,39.6535540575134,15.8858496718005,16.034068400461,NA,NA,NA,NA,NA,1.95099997520447,NA,60.532,57.697,63.376,NA,NA,NA,NA,11.1682261208577,"Asia","Western Asia",0.08,-0.981,-2.858,-1.167,-2.903,-1.057,1.065,-2.279,-2.309,0.111,0.111,0.889,0,0.556,0.778,0.222,0,0,0.222,0.444,0,0.222,0,0.062,0.777,-0.333,-2.176,NA,-0.929,-2.092,-2.334,1.119,0.766,-0.892,-0.565,0.824,NA,NA,NA,NA,-1.746,0.812
"IRQ","IRAQ",1971,-7,0,383.550287036941,13.7986507615399,70.00830078125,NA,65.885627746582,23.0323390960693,57.12095,15.7933255269321,NA,NA,NA,NA,10077809,50.4900122635783,NA,36.1460772833724,19.6222511460367,19.7920580765485,NA,NA,NA,NA,NA,NA,NA,61.333,58.651,64.002,NA,NA,NA,NA,10.516111033617,"Asia","Western Asia",0.08,-0.981,-2.858,-1.167,-2.903,-1.057,1.065,-2.581,-2.309,0.111,0.111,0.889,0,0.556,0.778,0.222,0,0,0.222,0.444,0,0.222,0,0.062,0.777,-0.333,-2.176,NA,-0.929,-2.092,-2.334,1.119,0.766,-0.892,-0.565,0.824,NA,NA,NA,NA,-1.746,0.812
"IRQ","IRAQ",1972,-7,0,394.41834302923,2.83354135288192,70.5350723266602,NA,65.0178604125977,23.7931804656982,59.67378,18.9923329682366,NA,NA,NA,NA,10430164,50.4502470383253,NA,38.8901058780577,20.4871383827218,20.6686045819373,NA,NA,NA,NA,NA,NA,NA,61.816,59.169,64.444,NA,NA,NA,NA,10.6410923728225,"Asia","Western Asia",0.08,-0.981,-2.858,-1.167,-2.903,-1.057,1.065,-2.581,-2.309,0.111,0.111,0.889,0,0.556,0.778,0.222,0,0,0.222,0.333,0,0.222,0,0.062,0.777,-0.333,-2.176,NA,-0.929,-2.092,-2.334,1.119,0.766,-0.892,-0.565,0.824,NA,NA,NA,NA,-1.746,0.812
"IRQ","IRAQ",1973,-7,0,475.586335675674,20.5791627293634,71.0749816894531,NA,64.7177276611328,24.0796794891357,62.28035,13.5416666666667,NA,NA,NA,NA,10795869,50.4112221453615,NA,37.4549897119342,28.9614336880603,29.1509742146843,NA,NA,NA,NA,NA,NA,NA,62.344,59.656,65.019,NA,NA,NA,NA,12.2583620265617,"Asia","Western Asia",0.08,-0.981,-2.858,-1.167,-2.903,-1.057,1.065,-2.581,-2.309,0.111,0.111,0.889,0,0.556,0.778,0.222,0,0,0.222,0.333,0,0.222,0,0.062,0.777,-0.333,-2.176,NA,-0.929,-2.092,-2.334,1.119,0.766,-0.892,-0.565,0.824,NA,NA,NA,NA,-1.746,0.812
"IRQ","IRAQ",1974,-7,0,1031.25081332691,116.837771813144,72.5513076782227,NA,56.0995597839355,20.9387493133545,64.72418,8.1860683936605,NA,NA,NA,NA,11167761,50.3869352493249,NA,25.0198476873769,62.4231050158309,62.5127923677336,NA,NA,NA,NA,NA,NA,NA,60.995,57.119,65.089,NA,NA,NA,NA,12.494819419775,"Asia","Western Asia",0.08,-0.981,-2.858,-1.167,-2.903,-1.057,1.065,-2.581,-2.309,0.111,0.111,0.889,0,0.444,0.778,0.222,0,0,0.222,0.333,0,0.333,0,0.062,0.777,-0.333,-2.176,NA,-0.929,-2.092,-2.334,1.119,0.766,-0.892,-0.565,0.824,NA,NA,NA,NA,-1.746,0.812
"IRQ","IRAQ",1975,-7,0,1165.88163945653,13.0551001162645,75.555419921875,NA,67.5477294921875,24.8629093170166,64.5203,7.8403744055557,NA,NA,NA,NA,11543639,50.3754188453555,NA,27.3784062602219,59.3693162416573,59.5720027452484,NA,NA,NA,NA,NA,NA,NA,61.434,57.57,65.508,NA,NA,NA,NA,11.6746221161496,"Asia","Western Asia",0.08,-0.981,-2.858,-1.167,-2.903,-1.057,1.065,-2.581,-2.309,0.111,0.111,0.889,0,0.444,0.778,0.222,0,0,0.222,0.444,0,0.222,0,0.062,0.777,-0.333,-2.176,NA,-0.929,-2.092,-2.334,1.119,0.766,-0.892,-0.565,0.824,NA,NA,NA,NA,-1.746,0.812
"IRQ","IRAQ",1976,-7,0,1488.54335200482,27.6753404143749,84.720100402832,NA,68.8613433837891,26.5720996856689,72.53122,8.18233835590311,NA,NA,NA,NA,11927651,50.3507186788078,NA,23.6810986076674,53.2158596377084,53.4083907083666,NA,NA,NA,NA,NA,NA,NA,63.569,60.818,66.311,NA,NA,NA,NA,11.1631001695606,"Asia","Western Asia",0.08,-0.981,-2.858,-1.167,-2.903,-1.057,0.472,-2.581,-2.309,0.111,0.111,0.889,0,0.444,0.778,0.333,0,0,0.222,0.444,0,0.222,0,0.062,0.777,-0.333,-2.176,NA,-0.929,-2.092,-2.334,1.119,0.766,-0.892,-0.565,0.824,NA,NA,NA,NA,-1.746,0.812
"IRQ","IRAQ",1977,-7,0,1608.79545129648,8.07850837059602,89.6258926391602,NA,88.2584915161133,35.6234703063965,73.82683,8.50773275067427,NA,NA,NA,NA,12331046,50.3149205671603,NA,24.9786623877642,49.9166090990382,50.0797660399872,NA,NA,NA,NA,NA,NA,NA,63.896,61.1,66.689,NA,NA,NA,NA,9.81281342579567,"Asia","Western Asia",0.08,-0.981,-2.858,-1.167,-2.903,-0.883,0.087,-2.581,-2.309,0.111,0.111,0.889,0.111,0.444,0.778,0.222,0,0,0.222,0.333,0,0.222,0,0.062,0.796,-0.333,-2.176,NA,-1.764,-2.092,-2.334,1.119,0.766,-0.892,-0.565,0.824,NA,NA,NA,NA,-1.746,0.812
"IRQ","IRAQ",1978,-7,0,1863.21761229727,15.8144505440862,90.6787796020508,NA,88.7251434326172,40.8043899536133,75.4489,7.84523300555793,NA,NA,NA,NA,12753355,50.2811613101023,NA,26.1778537836682,46.5546857332379,46.7208993690198,NA,NA,NA,NA,NA,NA,NA,64.175,61.332,67.024,NA,NA,NA,NA,8.11775941535523,"Asia","Western Asia",0.08,-0.981,-2.858,-1.167,-2.903,-0.883,0.087,-2.581,-2.309,0.111,0.111,0.778,0.111,0.556,0.778,0.222,0,0,0.222,0.333,0,0.333,0,0.062,0.796,-0.333,-2.176,NA,-1.764,-2.092,-2.334,1.119,0.766,-0.892,-0.565,0.824,NA,NA,NA,NA,-1.746,0.812
"IRQ","IRAQ",1979,-9,0,2871.32952195974,54.105967172536,105.061981201172,NA,NA,NA,89.96211,5.47854430833154,NA,NA,NA,NA,13170365,50.2493628499011,NA,23.5591732932158,NA,NA,NA,NA,NA,NA,NA,NA,NA,64.417,61.518,67.332,NA,NA,NA,NA,6.14876787611163,"Asia","Western Asia",0.037,-1.929,-2.858,-1.167,-2.903,-0.883,-0.446,-2.581,-2.309,0.111,0.111,0.829,0.06,0.504,0.778,0.273,0,0,0.171,0.333,0,0.282,0,0.058,0.807,-0.333,-2.176,NA,-1.454,-2.573,-2.494,1.119,0.766,-0.892,-0.565,0.824,NA,NA,NA,NA,-1.746,0.812
"IRQ","IRAQ",1980,-9,0,3867.64500744262,34.6987511486621,107.950149536133,NA,94.6139907836914,53.6676483154297,93.51063,4.70429340485838,NA,NA,NA,NA,13591992,50.24958813984,NA,22.263437894323,55.1993982523256,55.2823470502766,NA,NA,NA,NA,NA,1.94640004634857,NA,60.916,55.389,67.202,NA,NA,NA,NA,5.51152466705124,"Asia","Western Asia",0.038,-1.845,-2.858,-2.177,-2.903,-0.883,-0.446,-2.581,-2.309,0.111,0.111,0.889,0,0.333,0.778,0.444,0,0.111,0,0.333,0,0.111,0,0.056,0.834,-0.333,-2.176,0.821,-1.454,-2.573,-2.494,1.328,-0.211,-1.262,-0.722,0.824,-1.849,-2.331,-1.676,-0.403,-1.746,0.723
"IRQ","IRAQ",1981,-9,0,2700.41204790874,-30.1794233257639,104.817779541016,NA,NA,NA,92.72885,8.42080215741744,NA,NA,NA,NA,14006381,50.3011912712362,NA,40.2638606139122,27.1091551096744,27.1614112280031,NA,NA,NA,NA,NA,1.89310002326965,NA,58.652,51.669,67.159,NA,NA,NA,NA,10.8295344412937,"Asia","Western Asia",0.038,-1.845,-2.858,-2.177,-2.903,-0.715,-0.446,-2.581,-2.309,0.111,0.111,0.889,0,0.333,0.778,0.333,0,0.111,0,0.222,0,0.111,0,0.066,0.84,-0.333,-2.176,0.821,-1.454,-2.573,-2.494,1.328,-0.211,-1.262,-0.722,0.824,-1.849,-2.331,-1.676,-0.403,-1.746,0.644
"IRQ","IRAQ",1982,-9,0,2941.9748125381,8.94540389924685,102.983451843262,NA,NA,NA,NA,10.299889104737,NA,NA,NA,NA,14406083,50.3707392474928,NA,42.0340236104666,20.0233110307364,20.0453263873823,NA,NA,NA,NA,NA,NA,NA,58.977,51.999,67.397,NA,NA,NA,NA,NA,"Asia","Western Asia",0.038,-1.845,-2.858,-2.177,-2.903,-0.715,-0.446,-2.581,-2.309,0.111,0.111,0.889,0,0.444,0.889,0.333,0,0.111,0,0.222,0,0.111,0,0.066,0.84,-0.333,-2.176,0.821,-1.454,-2.573,-2.494,1.328,-0.211,-1.262,-0.722,0.824,-1.849,-2.331,-1.676,-0.403,-1.746,0.644
"IRQ","IRAQ",1983,-9,0,2743.35449218755,-6.75125835558043,99.9408874511719,NA,63.7847213745117,47.4669189453125,88.39691,11.2003803185168,NA,NA,NA,NA,14840555,50.435239816519,NA,44.891846921797,20.5796519555524,20.6249877907476,NA,NA,NA,NA,NA,NA,NA,59.287,52.32,67.617,NA,NA,NA,NA,NA,"Asia","Western Asia",0.038,-1.845,-2.858,-2.177,-2.903,-0.715,-0.446,-2.581,-2.309,0.111,0.111,0.889,0,0.333,0.889,0.333,0,0.111,0,0.222,0,0.111,0,0.066,0.84,-0.333,-2.176,0.821,-1.454,-2.573,-2.494,1.328,-0.211,-1.262,-0.722,0.824,-1.849,-2.331,-1.676,-0.403,-1.746,0.644
"IRQ","IRAQ",1984,-9,0,3065.7178266236,11.7506992025299,100.355491638184,NA,NA,NA,NA,13.3455662536338,NA,NA,NA,NA,15310733,50.495064507693,NA,46.7194469070642,21.0730748199989,21.1114762213136,NA,NA,NA,NA,NA,NA,NA,59.544,52.585,67.794,NA,NA,NA,NA,NA,"Asia","Western Asia",0.038,-1.845,-2.858,-2.177,-2.903,-0.715,-0.446,-2.581,-2.309,0.111,0.111,0.889,0,0.333,0.889,0.333,0,0.111,0,0.222,0,0.111,0,0.066,0.84,-0.333,-2.176,0.976,-1.454,-2.573,-2.494,1.328,-0.211,-1.262,-0.722,0.824,-1.849,-2.331,-1.676,-0.403,-1.746,0.64
"IRQ","IRAQ",1985,-9,0,3087.66394151806,0.715855670207908,100.020622253418,NA,69.7767715454102,56.4412307739258,87.40411,14.3906793322586,NA,NA,NA,NA,15683430,50.5510465504038,NA,45.5928003304067,23.6158838462632,23.6666331147495,NA,NA,NA,NA,NA,NA,NA,59.8,52.863,67.956,NA,NA,NA,NA,NA,"Asia","Western Asia",0.038,-1.845,-2.858,-2.177,-2.903,-0.715,-0.446,-2.581,-2.309,0.111,0.111,0.889,0,0.333,0.889,0.333,0,0.111,0,0.222,0,0.111,0,0.066,0.84,-0.333,-2.176,0.976,-1.454,-2.573,-2.494,1.328,-0.211,-1.262,-0.722,0.824,-1.849,-2.331,-1.676,-0.403,-1.746,0.621
"IRQ","IRAQ",1986,-9,0,2940.40623181091,-4.76922723768799,101.291389465332,NA,69.6184387207031,55.5643882751465,88.10204,14.8355173355173,NA,NA,NA,NA,16074145,50.6036651158531,NA,52.6501501501502,14.1460394762865,14.2487427068512,NA,NA,NA,NA,NA,NA,NA,60.031,53.119,68.095,NA,NA,NA,NA,NA,"Asia","Western Asia",0.038,-1.845,-2.858,-2.177,-2.903,-0.715,-0.446,-2.581,-2.309,0.111,0.111,0.889,0,0.333,0.889,0.333,0,0.111,0,0.222,0,0.111,0,0.066,0.84,-0.333,-2.176,0.976,-1.454,-2.573,-2.494,1.328,-0.211,-1.262,-0.722,0.824,-1.849,-2.331,-1.676,-0.403,-1.746,0.621
"IRQ","IRAQ",1987,-9,0,3436.4763126353,16.8708008933471,102.563957214355,NA,61.8894386291504,52.1316719055176,89.86442,14.3107954545455,NA,NA,NA,NA,16521049,50.6521528990078,NA,49.2579545454545,19.900227861851,20.0784872301704,NA,NA,NA,NA,NA,NA,NA,60.259,53.386,68.211,NA,NA,NA,NA,NA,"Asia","Western Asia",0.038,-1.845,-2.858,-2.177,-2.903,-0.715,-0.446,-2.581,-2.309,0.111,0.111,0.889,0,0.333,0.889,0.333,0,0.111,0,0.222,0,0.111,0,0.066,0.84,-0.333,-2.176,0.976,-1.454,-2.573,-2.494,1.328,-0.211,-1.262,-0.722,0.824,-1.849,-2.331,-1.676,-0.403,-1.746,0.621
"IRQ","IRAQ",1988,-9,0,3707.20841763297,7.87818917890506,103.563758850098,NA,63.4821090698242,57.3110504150391,90.97534,14.5855847510833,NA,NA,NA,NA,16908819,50.7120663313071,NA,49.3392410535091,19.472485013566,19.7168569306038,NA,NA,NA,NA,NA,NA,NA,56.692,49.426,65.419,NA,NA,NA,NA,NA,"Asia","Western Asia",0.038,-1.845,-2.858,-2.177,-2.903,-0.715,-0.446,-2.581,-2.309,0.111,0.111,0.889,0,0.333,0.889,0.333,0,0.111,0,0.222,0,0.111,0,0.066,0.84,-0.333,-2.176,0.976,-1.454,-2.573,-2.494,1.328,-0.211,-1.262,-0.722,0.824,-1.849,-2.331,-1.676,-0.403,-1.746,0.621
"IRQ","IRAQ",1989,-9,0,3791.17027583399,2.26482702730346,102.608787536621,NA,65.0360107421875,53.4711494445801,89.92145,16.3961015097095,NA,NA,NA,NA,17364542,50.7535902326943,NA,49.9737846618221,28.1033198518327,28.3657684421406,NA,NA,NA,NA,NA,1.71389997005463,NA,57.501,52.237,63.26,NA,NA,NA,NA,NA,"Asia","Western Asia",0.038,-1.845,-2.858,-2.177,-2.903,-0.715,-0.446,-2.581,-2.309,0.111,0.111,0.889,0,0.333,0.889,0.333,0,0.111,0,0.222,0,0.111,0,0.066,0.842,-0.333,-2.176,0.602,-1.454,-2.573,-2.494,1.328,-0.211,-1.262,-0.722,0.824,-1.849,-2.331,-1.676,-0.403,-1.746,0.663
"IRQ","IRAQ",1990,-9,0,10261.4157706888,170.666180205569,NA,NA,NA,NA,NA,8.24886234611499,NA,NA,0,NA,17581206,50.7652717339186,93.4802093505859,22.2711952294529,9.43308520348142,9.49934858319275,NA,NA,NA,NA,NA,1.6596000195,NA,57.587,52.294,63.373,NA,NA,NA,NA,NA,"Asia","Western Asia",0.038,-1.845,-2.858,-2.177,-2.903,-0.715,-0.446,-2.581,-2.309,0.111,0.111,0.889,0,0.333,0.778,0.444,0.111,0.111,0,0.222,0,0.111,0,0.062,0.857,-0.333,-2.176,0.602,-1.454,-2.573,-2.494,0.578,-0.565,-1.262,-0.578,0.824,-1.849,-2.331,-1.676,-0.403,-1.746,0.677
"IRQ","IRAQ",1991,-9,0,22.9521327615352,-99.7763258669715,111.210830688477,NA,NA,NA,NA,15.6156658406279,NA,NA,NA,NA,17767253,50.764983196896,93.8056793212891,37.7441604085594,NA,NA,NA,NA,NA,NA,NA,NA,NA,61.338,56.627,66.267,NA,NA,NA,NA,NA,"Asia","Western Asia",0.038,-1.845,-2.858,-2.177,-2.903,-0.949,1.41,-2.397,-1.419,0.111,0.111,0.889,0,0.333,0.778,0.444,0.111,0.222,0,0.111,0,0,0,0.059,0.87,-0.547,-2.176,0.602,-1.559,-2.682,-2.494,0.578,-1.236,-1.262,-0.578,0.824,-2.061,-2.331,-1.676,-0.403,-1.746,0.679
"IRQ","IRAQ",1992,-9,0,30.2539012636825,31.8130283490871,92.5337600708008,NA,NA,NA,NA,19.8705741718241,NA,NA,NA,NA,18300845,50.7374932687534,94.1306381225586,30.3255018747546,NA,NA,NA,NA,NA,NA,NA,NA,NA,65.344,61.73,68.902,NA,NA,NA,NA,NA,"Asia","Western Asia",0.038,-1.845,-2.858,-2.177,-2.903,-0.949,-0.739,-2.397,-1.419,0.111,0.111,0.889,0,0.333,0.778,0.556,0.222,0.222,0,0.111,0,0,0,0.059,0.87,-0.547,-2.176,0.602,-1.559,-2.682,-2.494,0.578,-1.236,-1.262,-0.578,0.824,-2.061,-2.331,-1.676,-0.403,-1.746,0.679
"IRQ","IRAQ",1993,-9,0,53.7437842348819,77.6424923399787,91.1717910766602,NA,66.9285507202148,55.3473014831543,78.60533,15.5027143118743,NA,NA,NA,NA,19201195,50.6961155282262,94.4525375366211,28.1011568897446,NA,NA,NA,NA,NA,NA,NA,NA,NA,65.31,61.792,68.765,NA,NA,NA,NA,NA,"Asia","Western Asia",0.088,-0.892,-2.858,-2.177,-2.903,-0.949,-0.739,-2.397,-1.419,0.111,0.111,0.889,0,0.333,0.778,0.556,0.222,0.222,0,0.111,0,0,0,0.059,0.87,-0.547,-2.176,0.602,-1.559,-2.682,-2.494,0.578,-1.236,-1.262,-0.578,0.824,-2.061,-2.331,-1.676,-0.403,-1.746,0.679
"IRQ","IRAQ",1994,-9,0,198.182101881974,268.753530670335,NA,NA,NA,NA,NA,20.1121034238266,NA,NA,NA,NA,20139807,50.6555326302547,94.7683258056641,24.6982529006061,65.0494756773985,67.443000755851,NA,NA,NA,NA,NA,NA,NA,65.027,61.63,68.356,NA,NA,NA,NA,NA,"Asia","Western Asia",0.088,-0.892,-2.858,-2.177,-2.903,-0.949,-0.739,-2.397,-1.419,0.111,0.111,0.889,0,0.444,0.778,0.556,0.222,0.222,0,0.111,0,0,0,0.06,0.87,-0.547,-2.176,0.602,-1.559,-2.682,-2.494,0.578,-1.236,-1.262,-0.578,0.824,-2.061,-2.331,-1.676,-0.403,-1.746,0.679
"IRQ","IRAQ",1995,-9,0,619.135530927038,212.407389490581,NA,NA,NA,NA,NA,20.5851365851446,NA,NA,NA,NA,20825860,50.6138017535025,95.0749282836914,15.05131765776,22.2780163741492,23.0812208617925,NA,NA,NA,NA,NA,NA,NA,64.761,61.538,67.905,NA,NA,NA,NA,NA,"Asia","Western Asia",0.088,-0.892,-2.858,-2.177,-2.903,-0.949,-0.739,-2.397,-1.419,0.111,0.111,0.889,0,0.444,0.778,0.556,0.222,0.222,0,0.111,0,0,0,0.062,0.87,-0.547,-2.176,1.158,-1.559,-2.682,-2.494,0.578,-1.236,-1.262,-0.578,0.824,-2.061,-2.331,-1.676,-0.403,-1.746,0.666
"IRQ","IRAQ",1996,-9,0,485.258492784825,-21.6232200309611,82.7292709350586,NA,NA,NA,76.13983,18.5970823288736,NA,NA,NA,NA,21501321,50.5703858846626,95.3692932128906,23.9510192134823,35.3690100952815,36.4781663325503,NA,NA,NA,NA,NA,NA,NA,64.618,61.618,67.522,NA,NA,NA,NA,NA,"Asia","Western Asia",0.088,-0.892,-2.858,-2.177,-2.903,-0.949,-0.739,-2.397,-1.419,0.111,0.111,0.889,0,0.444,0.778,0.556,0.222,0.222,0,0.111,0,0,0,0.07,0.87,-0.547,-2.176,1.158,-1.559,-2.682,-2.494,0.578,-1.236,-1.262,-0.578,0.824,-2.061,-2.331,-1.676,-0.403,-1.746,0.621
"IRQ","IRAQ",1997,-9,0,936.341170908421,92.9571939142993,NA,NA,NA,NA,NA,8.4566018849353,NA,NA,NA,NA,22176593,50.524931826772,95.6483688354492,17.0309479588878,31.5815439751539,32.1441683410111,NA,NA,NA,NA,NA,NA,NA,64.241,61.427,66.954,NA,NA,NA,NA,NA,"Asia","Western Asia",0.088,-0.892,-2.858,-2.177,-2.903,-0.949,-0.739,-2.397,-1.419,0.111,0.111,0.889,0,0.444,0.778,0.556,0.222,0.222,0,0.111,0,0,0,0.07,0.87,-0.547,-2.176,1.158,-1.559,-2.682,-2.494,0.578,-1.236,-1.262,-0.578,0.824,-2.061,-2.331,-1.676,-0.403,-1.746,0.621
"IRQ","IRAQ",1998,-9,0,900.937142559106,-3.78110345345241,NA,NA,NA,NA,NA,10.9097070962474,NA,NA,NA,NA,22884399,50.4777490342766,95.9090881347656,19.3984145894094,36.6105813767315,37.1258114796528,NA,NA,NA,NA,NA,1.4500000477,NA,64.405,61.807,66.886,NA,NA,NA,NA,NA,"Asia","Western Asia",0.082,-0.946,-2.858,-2.177,-2.903,-0.949,-0.739,-2.397,-1.419,0.111,0.111,0.889,0,0.444,0.778,0.444,0.222,0.222,0,0.111,0,0,0,0.07,0.87,-0.547,-2.176,1.158,-1.559,-2.682,-2.494,0.578,-1.236,-1.262,-0.578,0.824,-2.061,-2.331,-1.676,-0.403,-1.746,0.621
"IRQ","IRAQ",1999,-9,0,1560.36466710272,73.1935107781787,92.7501068115234,NA,62.0991287231445,50.0989608764648,90.0423,7.20350392397431,NA,NA,NA,NA,23636527,50.4302979875174,96.1483917236328,13.5681519568618,36.719435347494,37.017920402799,NA,NA,NA,NA,NA,NA,NA,64.532,61.962,66.986,NA,NA,NA,NA,NA,"Asia","Western Asia",0.09,-0.946,-2.858,-2.177,-2.463,-0.949,-0.739,-2.397,-1.419,0.111,0.111,0.889,0,0.333,0.778,0.556,0.222,0.222,0,0.111,0,0,0,0.07,0.87,-0.547,-2.176,1.158,-1.559,-2.682,-2.494,0.578,-1.236,-1.262,-0.578,0.824,-2.061,-2.331,-1.676,-0.403,-1.746,0.621
"IRQ","IRAQ",2000,-9,0,1980.18916038782,26.9055370283812,90.0989379882812,NA,60.0405006408691,48.7077407836914,88.89713,4.63474550697269,33.89419,NA,NA,NA,24424056,50.3846330846932,96.36474609375,10.8591155618071,48.5807178166885,48.8587830406916,74,84,64,NA,NA,1.2,50,64.86,62.275,67.334,NA,NA,72.6624548435211,NA,NA,"Asia","Western Asia",0.09,-0.946,-2.858,-2.177,-2.463,-0.949,-0.739,-2.397,-1.419,0.111,0.111,0.889,0,0.444,0.889,0.444,0.222,0.222,0,0.111,0,0,0,0.069,0.866,-0.547,-2.176,0.917,-1.559,-2.682,-2.494,0.578,-1.236,-1.262,-0.578,0.824,-1.845,-2.331,-1.676,-0.403,-1.746,0.637
"IRQ","IRAQ",2001,-9,0,1435.695683789,-27.4970435901276,NA,NA,NA,NA,NA,6.9309570545315,NA,NA,0.1,NA,25197840,50.3415689598791,96.5626907348633,16.0846586114048,49.1960317224957,49.5653017649245,NA,NA,NA,NA,NA,1.3,50,65.292,62.664,67.811,NA,NA,NA,NA,NA,"Asia","Western Asia",0.13,-0.946,-1.75,-2.177,-2.463,-0.949,-0.739,-2.397,-1.419,0.111,0.111,0.889,0,0.333,0.889,0.556,0.222,0.222,0,0.111,0,0,0,0.069,0.867,-0.547,-2.176,0.917,-1.559,-2.682,-2.494,0.578,-1.236,-1.262,-0.578,0.824,-1.845,-2.331,-1.676,-0.403,-1.746,0.642
"IRQ","IRAQ",2002,-9,0,1266.15961275094,-11.8086355592176,NA,NA,NA,NA,NA,8.5626717122094,35.43867,NA,0.5,NA,26006559,50.3006087694797,96.7482833862305,17.8151159929167,46.6719927539111,46.9721057272114,NA,NA,NA,NA,NA,1.27,49,65.724,63.114,68.224,NA,NA,NA,NA,NA,"Asia","Western Asia",0.13,-0.946,-1.75,-1.355,-2.463,-0.949,-0.739,-2.008,-1.419,0.111,0.111,0.889,0,0.333,0.778,0.556,0.222,0.222,0,0.111,0,0,0,0.096,0.822,-0.547,-2.176,0.835,-1.559,-2.682,-2.494,0.578,-0.784,-1.262,-0.578,0.824,-1.845,-1.404,0.09,0.378,-1.746,0.644
"IRQ","IRAQ",2003,NA,0,817.887862499622,-35.4040474626555,96.0836791992188,NA,NA,NA,94.37695,8.40560829262466,NA,NA,0.6,NA,26802659,50.272004729083,96.9275970458984,21.7995223558111,53.0047978158982,53.2980916080186,NA,NA,NA,NA,2.99693584,1.31,49,64.834,61.266,68.445,NA,NA,NA,NA,NA,"Asia","Western Asia",0.417,0.001,0.383,0.061,-1.435,0.211,0.238,-0.987,-0.027,0.111,0.111,0.646,0,0.252,0.616,0.313,0.222,0.222,0,0.111,0,0,0.405,0.12,0.638,0.196,0.135,0.835,-0.372,-1.142,-1.287,0.268,-1.225,-1.026,0.156,1.067,NA,NA,0.09,0.378,-0.952,0.531
"IRQ","IRAQ",2004,NA,0,1328.37157628292,62.4148782723297,95.075439453125,NA,82.3421936035156,60.9578018188477,92.99956,6.93856130624701,36.98314,NA,0.9,NA,27577878,50.2597534785036,97.106689453125,31.7220633285599,64.6550924823725,64.7757532260062,NA,NA,NA,NA,3.90128636,1.32,49,64.634,60.666,68.729,NA,NA,NA,NA,1.67558936789706,"Asia","Western Asia",0.699,0.974,1.105,0.636,0.43,0.695,1.2,0.766,1.697,0.168,0.111,0.499,0.056,0.166,0.219,0.222,0.335,0.166,0,0.055,0,0,0.723,0.119,0.575,-0.887,1.061,NA,-0.241,-1.233,-0.121,1.037,-0.756,-0.36,0.43,1.158,NA,NA,NA,NA,-1.187,0.797
"IRQ","IRAQ",2005,NA,0,1762.39360423421,32.6732396040708,NA,NA,NA,NA,NA,6.88686273542446,NA,NA,0.9,NA,28407448,50.2534053745342,97.291618347168,30.0180595268732,65.1575951980304,65.3184967985808,NA,NA,NA,NA,3.01704645,1.28,48,64.899,60.919,69.005,NA,NA,NA,NA,2.24258030532454,"Asia","Western Asia",0.699,0.974,1.105,0.636,0.43,0.695,1.2,0.766,1.697,0.171,0.067,0.447,0.067,0.104,0.076,0.247,0.418,0.142,0,0,0,0.038,0.514,0.122,0.577,-0.887,1.066,-0.887,-1.59,-1.233,0.124,1.037,-0.756,-0.36,0.582,0.4,NA,NA,0.987,0.966,-1.187,0.789
"IRQ","IRAQ",2006,NA,0,2276.55435744086,29.1740024459554,NA,NA,NA,NA,NA,5.82603290514173,38.52762,NA,0.952,NA,28616515,50.2579384756648,97.6221115649303,33.2310996364157,63.5551402676835,63.7269526475673,NA,NA,NA,NA,2.49370432,1.31,48,64.029,59.259,69.133,NA,1,88.5474681854248,54.1483640670776,1.89757172208062,"Asia","Western Asia",0.699,0.974,1.105,0.636,0.43,0.855,1.491,0.766,1.697,0.2,0.067,0.6,0.067,0.133,0.133,0.467,0.6,0.2,0,0,0,0.067,0.6,0.253,0.573,-0.887,1.082,-0.887,-1.59,-1.233,-0.115,1.037,-0.756,-0.36,0.582,0.4,-1.799,-0.337,1.369,0.966,-1.187,0.788
"IRQ","IRAQ",2007,NA,0,3128.99010329066,37.4441200168859,103.738700866699,NA,72.7031021118164,53.2722396850586,92.79598,4.92949827595085,NA,NA,0.93,NA,28391607,50.2709057645099,98.1,35.4162594088609,52.9273802567399,53.2166911072318,NA,NA,NA,NA,3.2148056,1.13,47,64.428,59.77,69.377,NA,NA,NA,NA,2.23992802514508,"Asia","Western Asia",0.699,0.974,1.105,0.636,0.43,0.855,1.491,0.766,1.58,0.2,0.067,0.6,0.067,0.133,0.133,0.467,0.6,0.2,0,0,0,0.067,0.6,0.281,0.604,-0.887,1.082,-0.887,-1.59,-1.233,-0.115,1.037,-0.756,-0.36,0.582,0.4,-1.799,-0.337,1.369,0.966,-1.187,0.788
"IRQ","IRAQ",2008,NA,0,4542.96609046032,45.1895321011922,NA,NA,NA,NA,NA,3.84778019548826,40.07209,NA,1,NA,28971036,50.265487580958,97.9405975341797,34.2660921070952,55.3793146361864,55.6857288439596,NA,NA,NA,NA,3.06604242,1.26,47,66.465,63.147,69.767,NA,NA,NA,NA,2.36775982414374,"Asia","Western Asia",0.703,0.974,1.022,0.63,0.782,0.855,1.491,0.766,1.58,0.2,0.067,0.6,0.067,0.133,0.2,0.467,0.6,0.267,0,0,0,0.067,0.6,0.282,0.602,-0.887,1.082,-0.887,-1.525,-1.233,-0.115,1.202,-0.756,-0.36,0.582,0.4,-1.799,-0.546,1.369,0.966,-1.124,0.777
"IRQ","IRAQ",2009,NA,0,3714.71205987194,-18.2315697299087,NA,NA,NA,NA,NA,5.22993319137947,NA,NA,1.06,NA,30058206,50.2338912120667,98.2124557495117,43.5373054440268,39.1145928006965,39.5126626033864,NA,NA,NA,NA,3.77203989,1.1,46,67.834,65.477,70.051,NA,NA,NA,NA,2.89914007639814,"Asia","Western Asia",0.703,0.974,1.022,0.63,0.782,0.855,1.364,0.766,1.58,0.2,0.067,0.6,0.067,0.133,0.2,0.467,0.6,0.267,0,0,0,0,0.6,0.282,0.604,-0.887,1.082,-0.887,-1.525,-1.233,-0.183,1.202,-0.756,-0.36,0.483,0.4,-1.799,-0.546,1.369,0.966,-1.099,0.782
"IRQ","IRAQ",2010,3,0,4461.75196161555,20.1103043709224,NA,NA,NA,NA,NA,5.16228354680036,41.61657,NA,2.5,NA,31045366,50.1923153362083,98.4866027832031,39.6860480275684,43.2562312170542,43.5682899383508,NA,NA,NA,NA,3.23955345,1.1,45,68.092,65.796,70.248,NA,NA,NA,NA,2.70935227972459,"Asia","Western Asia",0.714,0.989,1.128,0.566,0.762,0.756,1.542,0.85,1.558,0.143,0.071,0.571,0.071,0.071,0.286,0.429,0.571,0.214,0,0,0,0.071,0.571,0.276,0.618,-0.834,0.964,-1.446,-1.525,-1.309,-0.183,1.089,-0.756,-0.36,0.311,0.4,-1.799,-0.546,1.401,0.966,-0.971,0.804
"IRQ","IRAQ",2011,3,0,5775.54229080293,29.445615544968,NA,NA,NA,NA,NA,4.56377343749618,NA,NA,5,NA,32161424,50.1504364405766,98,33.4821077639761,50.9263659501053,51.1945404105542,NA,NA,NA,NA,2.80316377,1.3,44,68.435,66.182,70.547,NA,NA,90.885066986084,50.8687615394592,2.30344021962536,"Asia","Western Asia",0.706,0.989,1.154,0.566,0.762,0.756,1.542,0.85,1.558,0.143,0.071,0.571,0.075,0.075,0.283,0.432,0.578,0.211,0,0,0,0.071,0.568,0.271,0.626,-0.834,0.964,-1.446,-1.525,-1.309,-0.183,1.089,-0.756,-0.36,0.311,0.4,-1.799,-0.546,1.401,0.882,-0.971,0.812
"IRQ","IRAQ",2012,3,0,6477.59618450955,12.1556359274623,NA,NA,NA,NA,NA,4.12427143758484,43.16104,NA,7.1,NA,33654842,50.1095889857394,99.3,35.8893880581268,49.6110993818029,49.8510176490635,77,86,69,NA,2.69365859,1.29,43,68.827,66.591,70.92,NA,0.682718455791473,NA,NA,1.89956836613945,"Asia","Western Asia",0.72,0.989,1.154,0.566,0.941,0.756,1.542,0.85,1.558,0.143,0.071,0.571,0.143,0.143,0.357,0.5,0.714,0.143,0,0,0,0.071,0.429,0.27,0.626,-0.834,0.964,-1.446,-1.525,-1.309,-0.183,1.089,-0.756,-0.36,0.311,0.4,-1.799,-0.546,1.401,0.882,-0.971,0.812
"IRQ","IRAQ",2013,3,0,6650.35282247395,2.66698684270453,NA,NA,NA,NA,NA,4.76843971585529,NA,NA,9.2,NA,35281989,50.072086355449,99.3796005249023,37.9634247963375,45.3313602184612,45.579366576846,NA,NA,NA,NA,2.80868459,1.27,41,69.047,66.726,71.234,NA,NA,NA,NA,3.31583096149399,"Asia","Western Asia",0.686,0.811,0.869,0.566,0.901,1.066,1.266,0.916,1.558,0.143,0.071,0.643,0.143,0.143,0.357,0.5,0.714,0.143,0,0,0,0.071,0.429,0.258,0.679,-1.203,0.695,-1.446,-1.568,-1.82,-0.59,1.084,-0.935,-0.36,0.391,0.4,-1.799,-0.546,0.882,0.451,-1.075,0.836
"IRQ","IRAQ",2014,6,0,6249.39226978969,-6.02916211195998,NA,NA,NA,NA,NA,4.92940777204755,44.70552,NA,11.6,0.91477329322806,36550059,50.0367482306937,99.6554107666016,40.1122330492623,46.6038527995508,46.8543961454295,82,90,75,NA,2.78786659,1.1,39,69.679,67.439,71.776,NA,NA,NA,NA,2.9506139914123,"Asia","Western Asia",0.677,0.811,0.869,0.566,0.65,0.807,1.496,0.798,1.558,0.143,0.071,0.643,0.143,0.143,0.357,0.5,0.714,0.143,0,0,0,0.071,0.429,0.256,0.665,-1.203,0.695,-1.525,-1.568,-1.82,-0.59,1.084,-0.935,-0.36,0.391,0.4,-1.738,-0.722,1.341,0.796,-1.075,0.838
"IRQ","IRAQ",2015,6,0,4440.14189252367,-28.9508211224338,NA,NA,NA,NA,NA,4.19186817517212,NA,NA,15.2,1.32119614893692,37560535,50.0030976662074,99.8621826171875,51.2496561823717,37.2575416723352,37.5037172137922,NA,NA,NA,NA,3.15587044,1.38,37,69.977,67.771,72.04,NA,NA,NA,NA,5.41292532011925,"Asia","Western Asia",0.677,0.811,0.869,0.06,0.65,0.807,1.414,0.798,1.558,NA,NA,NA,NA,NA,NA,NA,NA,NA,NA,NA,NA,NA,NA,0.255,0.66,-1.203,0.695,-1.525,-1.568,-1.82,-0.496,1.084,-0.935,-0.36,0.496,0.4,-1.738,-0.722,1.4,0.973,-1.075,0.839
"IRQ","IRAQ",2016,6,0,4334.42096404188,-2.38102590054168,NA,NA,NA,NA,NA,3.97718981146129,46.24999,NA,19.9,2.07780523585979,38469627,49.98539757092,100,50.7798718007565,32.9650560560142,33.2189217237902,83,90,77,NA,4.58949184,1.3,35,68.683,65.264,72.145,NA,NA,NA,NA,3.56330581414497,"Asia","Western Asia",0.71,1.051,0.869,-0.053,0.761,0.807,1.414,0.798,1.646,NA,NA,NA,NA,NA,NA,NA,NA,NA,NA,NA,NA,NA,NA,0.264,0.659,-1.281,0.675,-1.525,-1.743,-1.82,-0.496,1.084,-0.935,-0.36,0.496,0.4,-1.779,-0.722,1.4,0.973,-1.239,0.853
"IRQ","IRAQ",2017,6,0,4759.2846435467,9.80208620781104,NA,NA,NA,NA,NA,2.97672780101335,NA,NA,49.4,2.68703020692064,39337353,49.975782559645,NA,47.0337230035122,38.9203120843433,39.2005542312932,86,91,80,NA,4.04064989,1.05,33,69.788,67.037,72.475,NA,NA,NA,NA,3.86234425591071,"Asia","Western Asia",0.669,0.961,0.651,-0.173,0.676,0.807,1.433,0.627,1.864,0.25,0.083,0.667,0.25,0.5,0.417,0.417,0.667,0.25,0,0,0,0.083,0.333,0.249,0.663,-1.34,0.675,-1.525,-1.574,-1.663,-0.554,1.084,-0.935,-0.36,0.496,0.4,-2.009,-0.722,1.123,1.207,-1.239,0.861
"IRQ","IRAQ",2018,6,0,5646.68932074742,18.6457575804798,NA,NA,NA,NA,NA,2.81581764320492,47.79447,NA,33.9,1.98400716286706,40265624,49.9524482720049,NA,44.1911800508283,45.7658631354446,46.1477869076682,NA,NA,76.2786636352539,NA,4.12989378,1.05,31,71.116,69.229,72.842,NA,NA,NA,NA,2.78810430800447,"Asia","Western Asia",0.718,1.016,0.974,0.055,1.058,0.807,0.579,0.632,1.864,0.2,0.067,0.733,0.267,0.333,0.333,0.467,0.6,0.2,0,0,0,0.067,0.333,0.256,0.675,-1.255,0.685,-1.713,-1.543,-1.419,-0.19,1.084,-0.935,-0.36,0.496,-0.07,-2.009,-0.86,0.97,0.672,-1.239,0.867
"IRQ","IRAQ",2019,NA,0,5671.8568632942,0.445704396278844,NA,NA,NA,NA,NA,3.77000825306199,NA,NA,44.3,1.34459361810327,41192171,49.9225374647042,NA,44.4241091757329,40.2312783051026,40.609902398822,NA,NA,NA,NA,4.28182745,1.2,28,71.245,69.328,73.01,NA,NA,NA,NA,3.29459128827441,"Asia","Western Asia",0.722,0.942,0.974,0.341,1.298,0.807,0.73,0.97,1.864,0.25,0.083,0.667,0.333,0.417,0.417,0.5,0.667,0.25,0,0,0,0.083,0.333,0.246,0.695,-1.498,0.685,-1.713,-1.908,-1.595,-0.613,1.084,-1.02,-0.36,0.496,0.216,-2.121,-0.919,0.924,0.598,-1.033,0.859
"IRQ","IRAQ",2020,NA,0,4295.18945121228,-24.271899754578,NA,NA,NA,NA,NA,6.08867414692412,49.33894,NA,53.7,NA,42116605,49.9019958969151,NA,54.8196487805,27.035001916172,27.4170131896725,NA,NA,NA,NA,5.76473284,1.2,26,69.651,66.974,72.294,NA,NA,NA,NA,3.1323217364269,"Asia","Western Asia",0.603,0.86,-0.023,0.002,0.529,0.807,0.685,0.78,1.864,0.214,0.071,0.714,0.357,0.429,0.429,0.643,0.714,0.429,0.071,0.143,0,0.071,0.429,0.233,0.708,-0.685,0.696,-1.713,-2.18,-1.656,-0.613,0.86,-1.176,-0.36,0.415,-0.047,-1.431,-0.919,1.046,0.503,-1.187,0.84
"ISR","ISRAEL",1960,10,1,1452.48664030437,NA,NA,NA,NA,NA,NA,NA,NA,NA,NA,NA,2114020,49.6979547394599,NA,NA,NA,NA,NA,NA,NA,NA,NA,6.73793745040894,NA,NA,NA,NA,NA,NA,NA,NA,7.46024831191462,"Asia","Western Asia",0.676,0.169,1.866,0.256,1.471,2.056,-0.665,1.085,2.01,0.2,0.2,0.8,0.4,0.6,0.8,0.6,0.6,0.2,0.8,0.8,0.6,0.4,0.2,0.533,0.148,0.595,1.238,0.851,1.893,0.281,2.935,1.063,1.568,1.578,0.788,1.752,0.98,2.256,1.719,1,1.373,0.275
"ISR","ISRAEL",1961,10,1,1697.29357961733,16.8543332874759,NA,NA,NA,NA,NA,NA,NA,NA,NA,NA,2185000,49.7720101079011,NA,NA,NA,NA,NA,NA,NA,NA,NA,NA,NA,72.0065853658537,70.47,73.62,NA,NA,NA,NA,7.86501626310083,"Asia","Western Asia",0.676,0.169,1.866,0.256,1.471,2.056,-0.665,1.085,2.01,0.2,0.2,0.8,0.4,0.6,0.8,0.6,0.6,0.2,0.8,0.8,0.6,0.4,0.2,0.538,0.142,0.595,1.903,0.84,1.893,0.281,2.935,1.063,1.568,1.578,0.788,1.752,0.98,2.256,1.719,1,1.373,0.268
"ISR","ISRAEL",1962,10,1,1293.56913708296,-23.7863647976205,NA,NA,NA,NA,NA,NA,NA,NA,NA,NA,2293000,49.8168754816971,NA,NA,NA,NA,NA,NA,NA,NA,NA,NA,NA,72.1121951219512,70.6,73.7,NA,NA,NA,NA,9.16079196040198,"Asia","Western Asia",0.676,0.169,1.866,0.256,1.471,2.056,-0.665,1.085,2.01,0.2,0.2,0.8,0.4,0.6,0.8,0.6,0.6,0.2,0.8,0.8,0.6,0.4,0.2,0.54,0.141,0.595,1.903,0.84,1.893,0.281,2.935,1.063,1.568,1.578,0.788,1.752,0.98,2.256,1.719,1,1.373,0.257
"ISR","ISRAEL",1963,10,1,1486.31739760801,14.9004993238864,NA,NA,NA,NA,NA,NA,NA,NA,NA,NA,2379000,49.8420873416482,NA,NA,NA,NA,NA,NA,NA,NA,NA,NA,NA,NA,NA,NA,NA,NA,NA,NA,9.7535741158766,"Asia","Western Asia",0.676,0.169,1.866,0.256,1.471,2.056,-0.665,1.085,2.01,0.2,0.2,0.8,0.4,0.6,0.8,0.6,0.6,0.2,0.8,0.8,0.6,0.4,0.2,0.54,0.141,0.595,1.903,0.84,1.893,0.281,2.935,1.063,1.568,1.578,0.788,1.752,0.98,2.256,1.719,1,1.373,0.257
"ISR","ISRAEL",1964,10,1,1625.9979202214,9.39775870471431,NA,NA,NA,NA,NA,NA,NA,NA,NA,NA,2475000,49.8646193413103,NA,NA,NA,NA,NA,NA,NA,NA,NA,NA,NA,NA,NA,NA,NA,NA,NA,NA,8.98462696194367,"Asia","Western Asia",0.676,0.169,1.866,0.256,1.471,2.056,-0.665,1.085,2.01,0.2,0.2,0.8,0.4,0.6,0.8,0.6,0.6,0.2,0.8,0.8,0.6,0.4,0.2,0.545,0.134,0.595,1.903,0.84,1.893,0.281,2.935,1.063,1.568,1.578,0.788,1.752,0.98,2.256,1.719,1.511,1.373,0.257
"ISR","ISRAEL",1965,10,1,1689.06922693166,3.8789291133701,NA,NA,NA,NA,NA,NA,NA,NA,NA,NA,2563000,49.8922773843413,NA,NA,NA,NA,NA,NA,NA,NA,NA,NA,NA,NA,NA,NA,NA,NA,NA,NA,8.56915377616015,"Asia","Western Asia",0.676,0.169,1.866,0.256,1.471,2.056,-0.665,1.085,2.01,0.2,0.2,0.8,0.4,0.6,0.8,0.6,0.6,0.2,0.8,0.8,0.6,0.4,0.2,0.535,0.134,0.595,1.903,0.834,1.893,0.281,2.935,1.063,1.568,1.578,0.788,1.752,0.98,2.256,1.719,1.511,1.373,0.256
"ISR","ISRAEL",1966,10,1,1789.00726438581,5.91675201114735,NA,NA,NA,NA,NA,NA,NA,NA,NA,NA,2629000,49.925138690642,NA,NA,NA,NA,NA,NA,NA,NA,NA,NA,NA,72.2856097560976,70.91,73.73,NA,NA,NA,NA,9.43467336683417,"Asia","Western Asia",0.676,0.169,1.866,0.256,1.471,2.056,-0.665,1.085,2.01,0.2,0.2,0.8,0.4,0.6,0.8,0.6,0.6,0.2,0.8,0.8,0.6,0.4,0.2,0.555,0.133,0.595,1.903,0.834,1.893,0.281,2.935,1.063,1.568,1.578,0.788,1.752,0.98,2.256,1.719,1.511,1.373,0.252
"ISR","ISRAEL",1967,9,1,1734.93143268466,-3.02267256135011,NA,NA,NA,NA,NA,NA,NA,NA,NA,NA,2745000,49.9588955892821,NA,NA,NA,NA,NA,NA,NA,NA,NA,NA,NA,71.509756097561,69.9,73.2,NA,NA,NA,NA,15.4425144747725,"Asia","Western Asia",0.676,0.169,1.866,0.256,1.471,2.056,-0.665,1.085,2.01,0.2,0.2,0.8,0.4,0.6,0.8,0.6,0.6,0.2,0.8,0.8,0.6,0.4,0.2,0.578,0.124,0.595,1.903,0.834,1.893,0.281,2.935,1.327,1.98,1.578,0.862,1.752,0.98,2.256,1.719,1.511,1.373,0.252
"ISR","ISRAEL",1968,9,1,1947.35209699825,12.2437498284809,NA,NA,NA,NA,NA,NA,NA,NA,NA,NA,2803000,49.992402106242,NA,NA,NA,NA,NA,NA,NA,NA,NA,NA,NA,71.0565853658537,69.32,72.88,NA,NA,NA,NA,17.4280147218013,"Asia","Western Asia",0.75,0.701,1.866,0.256,1.471,2.056,-0.665,1.085,1.263,0.2,0.2,0.8,0.4,0.6,0.8,0.6,0.6,0.2,0.8,0.8,0.6,0.4,0.2,0.582,0.124,0.595,1.903,0.834,1.893,0.281,2.935,1.327,1.98,1.578,0.862,1.752,0.98,2.256,1.719,1.511,1.373,0.252
"ISR","ISRAEL",1969,9,1,2189.03467540307,12.4108310344782,NA,NA,NA,NA,NA,NA,NA,NA,NA,NA,2877000,50.0282663624478,NA,NA,NA,NA,NA,NA,NA,NA,NA,NA,NA,70.9704878048781,69.19,72.84,NA,NA,NA,NA,19.0893169877408,"Asia","Western Asia",0.75,0.701,1.866,0.256,1.471,2.056,-0.665,1.085,1.263,0.2,0.2,0.6,0.4,0.6,0.8,0.6,0.6,0.2,0.8,0.8,0.6,0.4,0.4,0.585,0.121,0.595,2.446,0.836,1.893,0.281,2.935,1.327,1.98,1.578,0.862,1.752,0.98,2.256,1.719,1.511,1.373,0.255
"ISR","ISRAEL",1970,9,1,2490.48852601991,13.7710861323534,NA,NA,NA,NA,NA,NA,NA,NA,NA,NA,2974000,50.0653802842663,NA,NA,NA,NA,NA,NA,NA,NA,NA,NA,NA,71.2134146341463,69.55,72.96,NA,NA,NA,NA,23.4470563207999,"Asia","Western Asia",0.789,1.034,1.909,1.086,1.471,2.056,-0.665,1.085,1.263,0.2,0.2,0.8,0.6,0.6,0.8,0.6,0.6,0.2,0.6,0.8,0.6,0.4,0.4,0.598,0.118,0.595,2.446,0.836,1.893,0.281,2.935,1.327,1.98,1.578,0.862,1.752,0.98,2.256,1.719,1.511,1.373,0.267
"ISR","ISRAEL",1971,9,1,2297.99413492783,-7.72918200911,NA,NA,NA,NA,NA,NA,NA,NA,NA,NA,3069000,50.1018372350788,NA,NA,NA,NA,NA,NA,NA,NA,NA,NA,NA,71.7190243902439,70.08,73.44,NA,NA,NA,NA,22.7998034775922,"Asia","Western Asia",0.789,1.034,1.909,1.086,1.471,2.056,-0.665,1.085,1.263,0.2,0.2,0.8,0.6,0.6,0.8,0.6,0.6,0.2,0.6,0.8,0.6,0.4,0.4,0.598,0.118,0.595,2.446,0.836,1.893,0.281,2.935,1.327,1.98,1.578,0.862,1.752,0.98,2.256,1.719,1.511,1.373,0.267
"ISR","ISRAEL",1972,9,1,2929.65614313336,27.4875378750855,NA,NA,NA,NA,NA,NA,NA,NA,NA,24.3967033069387,3148000,50.1260797148536,NA,NA,NA,NA,NA,NA,NA,NA,NA,NA,NA,71.0780487804878,70.2,72,NA,NA,NA,NA,20.3710188427547,"Asia","Western Asia",0.789,1.034,1.909,1.086,1.471,2.056,-0.665,1.085,1.263,0.2,0.2,0.8,0.6,0.6,0.8,0.6,0.6,0.2,0.6,0.8,0.6,0.4,0.4,0.616,0.104,0.595,2.446,0.836,1.893,0.281,2.935,1.629,1.98,1.829,1.536,1.752,0.98,2.256,1.719,1.511,1.373,0.267
"ISR","ISRAEL",1973,9,1,3631.04766898453,23.9410869939504,100.623359680176,NA,NA,NA,NA,NA,NA,NA,NA,23.1042456881669,3278000,50.1329415588275,NA,NA,NA,NA,NA,NA,NA,NA,NA,NA,NA,71.6934146341464,70.23,73.23,NA,NA,NA,NA,27.856092653735,"Asia","Western Asia",0.789,1.034,1.909,1.086,1.471,2.056,-0.665,1.085,1.263,0.2,0.2,0.8,0.6,0.6,0.8,0.6,0.6,0.2,0.6,0.8,0.6,0.4,0.4,0.621,0.094,0.595,2.446,0.837,1.893,0.281,2.935,1.629,1.98,1.829,1.536,1.752,0.98,2.256,2.345,1.841,1.373,0.267
"ISR","ISRAEL",1974,9,1,5085.16646080013,40.0468108484586,100.301010131836,NA,NA,NA,NA,NA,NA,NA,NA,29.1161380434793,3377000,50.1334730049343,NA,NA,NA,NA,NA,NA,NA,NA,NA,NA,NA,71.6617073170732,70.13,73.27,NA,NA,NA,NA,27.6552864420413,"Asia","Western Asia",0.789,1.034,1.909,1.086,1.471,2.056,-0.665,1.085,1.263,0.2,0.2,0.8,0.6,0.6,0.8,0.6,0.6,0.2,0.6,0.8,0.6,0.4,0.4,0.673,0.094,0.595,2.446,0.837,1.893,0.281,2.935,1.629,1.98,1.829,1.536,1.752,0.98,2.256,2.345,1.841,1.373,0.259
"ISR","ISRAEL",1975,9,1,4672.00213414932,-8.12489285917693,99.8253173828125,NA,NA,NA,NA,NA,NA,NA,NA,28.9105062580199,3455000,50.1353640604577,NA,NA,NA,NA,NA,NA,NA,NA,NA,8.07929992675781,NA,72.0451219512195,70.25,73.93,NA,NA,NA,NA,30.4638027862708,"Asia","Western Asia",0.789,1.034,1.909,1.086,1.471,2.056,-0.665,1.085,1.263,0.2,0.2,0.8,0.6,0.6,0.8,0.6,0.6,0.2,0.6,0.8,0.6,0.4,0.4,0.673,0.099,0.863,2.446,0.837,1.893,0.281,2.935,1.629,1.98,1.829,1.536,1.752,0.062,2.256,2.345,1.841,1.373,0.243
"ISR","ISRAEL",1976,9,1,4516.37405887818,-3.33107885661265,99.4283294677734,NA,NA,NA,NA,NA,NA,NA,NA,32.1188752097416,3533000,50.1390267451027,NA,NA,NA,NA,NA,NA,NA,NA,NA,NA,NA,72.9560975609756,71.2,74.8,NA,NA,NA,NA,29.2455930986357,"Asia","Western Asia",0.789,1.034,1.909,1.086,1.471,2.056,-0.665,1.085,1.263,0.2,0.2,0.8,0.6,0.6,0.8,0.6,0.6,0.2,0.6,0.8,0.6,0.4,0.4,0.676,0.099,0.863,2.446,0.837,1.893,0.281,2.935,1.629,1.98,1.829,1.536,1.752,0.062,2.256,2.345,1.841,1.373,0.243
"ISR","ISRAEL",1977,9,1,5053.17295993573,11.8856165158048,98.8644714355469,NA,NA,NA,NA,NA,NA,NA,NA,33.4116335801615,3613000,50.1404751900927,NA,NA,NA,NA,NA,NA,NA,NA,NA,NA,NA,72.9585365853659,71.3,74.7,NA,NA,NA,NA,23.087213342599,"Asia","Western Asia",0.789,1.034,1.909,1.086,1.471,2.056,-0.665,1.085,1.263,0.2,0.2,0.8,0.6,0.6,0.8,0.6,0.6,0.2,0.6,0.8,0.6,0.4,0.4,0.679,0.087,0.863,2.446,1.145,1.893,0.281,2.935,1.629,1.98,1.829,1.536,1.752,0.811,2.256,2.345,1.841,2.459,0.149
"ISR","ISRAEL",1978,9,1,4797.09672278828,-5.06763253856063,98.2699127197266,NA,NA,NA,NA,NA,NA,NA,NA,31.5696554914307,3690000,50.1413325933407,NA,NA,NA,NA,NA,NA,NA,NA,NA,NA,NA,73.2073170731707,71.5,75,NA,NA,NA,NA,22.8911349757844,"Asia","Western Asia",0.789,1.034,1.909,1.086,1.471,2.056,-0.665,1.085,2.103,0.2,0.2,0.8,0.6,0.6,0.8,0.6,0.6,0.2,0.6,0.8,0.6,0.4,0.4,0.69,0.076,1.719,2.446,1.145,1.485,1.277,2.935,1.629,1.98,1.829,1.536,1.752,0.811,2.256,2.345,1.987,2.459,0.109
"ISR","ISRAEL",1979,9,1,5971.93371892207,24.4905838682136,98.4503326416016,NA,NA,NA,NA,NA,NA,NA,NA,35.9137239940502,3786000,50.1414770189795,NA,NA,NA,NA,NA,NA,NA,NA,NA,NA,NA,73.5073170731707,71.8,75.3,NA,NA,NA,NA,19.3846931894808,"Asia","Western Asia",0.789,1.034,1.909,1.086,1.471,2.056,-0.665,1.085,2.103,0.2,0.2,0.8,0.6,0.6,0.8,0.6,0.6,0.2,0.6,0.8,0.6,0.4,0.4,0.69,0.076,1.719,2.446,1.145,1.485,1.277,2.935,1.629,1.98,1.829,1.536,1.752,0.811,2.256,2.345,1.987,2.459,0.109
"ISR","ISRAEL",1980,9,1,6548.54473377969,9.65534853527642,99.4787292480469,NA,NA,NA,NA,NA,NA,NA,NA,34.1271082428797,3878000,50.1402732379191,NA,NA,NA,NA,NA,NA,NA,NA,NA,6.79739999771118,NA,73.8756097560976,72.1,75.74,NA,NA,NA,NA,18.9193366304698,"Asia","Western Asia",0.789,1.034,1.909,1.086,1.471,2.056,-0.665,1.085,2.103,0.2,0.2,0.8,0.6,0.6,0.8,0.6,0.6,0.2,0.6,0.8,0.6,0.4,0.4,0.69,0.076,1.719,2.446,1.145,1.485,1.277,2.935,1.629,1.98,1.829,1.536,1.752,0.811,2.256,2.345,1.987,2.459,0.109
"ISR","ISRAEL",1981,6,1,6795.25020711467,3.76733279475646,98.8224716186523,NA,NA,NA,NA,NA,NA,NA,NA,32.6964901184032,3956000,50.1354334303727,NA,NA,NA,NA,NA,NA,NA,NA,NA,6.72940015792847,NA,74.2609756097561,72.7,75.9,NA,NA,NA,NA,20.2622686197897,"Asia","Western Asia",0.789,1.034,1.909,1.086,1.471,2.056,-0.665,1.085,2.103,0.2,0.2,0.8,0.6,0.6,0.8,0.6,0.6,0.2,0.6,0.8,0.6,0.4,0.4,0.689,0.075,1.719,2.446,1.145,1.485,1.277,2.935,1.629,1.98,1.829,1.536,1.752,0.811,2.256,2.345,1.987,2.459,0.105
"ISR","ISRAEL",1982,6,1,7257.57514298241,6.80364845703081,98.5473403930664,NA,NA,NA,NA,NA,NA,NA,NA,37.0795788750341,4031000,50.1287969611951,NA,NA,NA,NA,NA,NA,NA,NA,NA,6.76660013198853,NA,74.109756097561,72.5,75.8,NA,NA,NA,NA,18.3882100800596,"Asia","Western Asia",0.789,1.034,1.909,1.086,1.471,2.056,-0.665,1.085,2.103,0.2,0.2,0.8,0.6,0.6,0.8,0.6,0.6,0.2,0.6,0.8,0.6,0.4,0.4,0.689,0.074,1.719,2.446,1.145,1.485,1.277,2.935,1.629,1.98,1.829,1.536,1.752,0.811,2.256,2.345,1.987,2.459,0.102
"ISR","ISRAEL",1983,6,1,7959.98915032557,9.67835666189894,99.344970703125,NA,NA,NA,NA,NA,NA,NA,NA,37.0620973055973,4105000,50.1194682633146,NA,NA,NA,NA,92,95,89,NA,NA,6.54349994659424,NA,74.4585365853658,72.8,76.2,NA,NA,NA,NA,15.5468886770799,"Asia","Western Asia",0.789,1.034,1.909,1.086,1.471,2.056,-0.665,1.085,2.103,0.2,0.2,0.8,0.6,0.6,0.8,0.6,0.6,0.2,0.6,0.8,0.6,0.4,0.4,0.689,0.074,1.719,2.446,1.145,1.485,1.277,2.935,1.629,1.98,1.829,1.536,1.752,0.811,2.256,2.345,1.987,2.459,0.102
"ISR","ISRAEL",1984,6,1,7368.50379730819,-7.43073064356109,100.59407043457,NA,NA,NA,NA,NA,NA,NA,NA,35.6004009579406,4159000,50.1101832420821,NA,NA,NA,NA,NA,NA,NA,NA,NA,6.49660015106201,NA,74.8073170731707,73.1,76.6,NA,NA,NA,NA,16.1822289156626,"Asia","Western Asia",0.789,1.034,1.909,1.086,1.471,2.056,-0.665,1.085,2.103,0.2,0.2,0.8,0.6,0.6,0.8,0.6,0.6,0.2,0.6,0.8,0.6,0.4,0.4,0.684,0.074,1.842,2.446,1.126,1.485,1.277,2.935,1.629,1.98,1.829,1.536,1.752,0.811,2.256,2.345,1.987,2.459,0.106
"ISR","ISRAEL",1985,6,1,6828.66439090667,-7.32630967223944,99.8379135131836,NA,NA,NA,NA,NA,NA,NA,NA,33.443111666243,4233000,50.1174684114105,NA,NA,NA,NA,NA,NA,NA,NA,NA,6.50950002670288,NA,75.2073170731707,73.5,77,NA,NA,NA,NA,16.6006435277983,"Asia","Western Asia",0.789,1.034,1.909,1.086,1.471,2.056,-0.665,1.085,2.103,0.2,0.2,0.8,0.6,0.6,0.8,0.6,0.6,0.2,0.6,0.8,0.6,0.4,0.4,0.677,0.074,1.842,2.446,1.126,1.485,1.277,2.935,1.629,1.98,1.409,1.536,1.752,0.811,2.256,2.345,2.465,2.459,0.107
"ISR","ISRAEL",1986,6,1,8335.46286893748,22.0657861006806,99.2146606445312,NA,NA,NA,NA,NA,NA,NA,NA,32.5223804455938,4299000,50.1354051480342,NA,NA,NA,NA,NA,NA,NA,NA,NA,6.38019990921021,NA,74.9560975609756,73.2,76.8,NA,NA,NA,NA,14.7677128827137,"Asia","Western Asia",0.789,1.034,1.909,1.086,1.471,2.056,-0.665,1.085,2.103,0.2,0.2,0.8,0.6,0.6,0.8,0.6,0.6,0.2,0.6,0.8,0.6,0.4,0.4,0.684,0.074,1.842,2.446,1.126,1.485,1.277,2.935,1.629,1.98,1.409,1.536,1.752,0.811,2.256,2.345,2.465,2.459,0.107
"ISR","ISRAEL",1987,6,1,9853.40893452981,18.2106991472427,97.6843338012695,NA,NA,NA,NA,NA,NA,NA,NA,29.9367185613175,4369000,50.1526598644754,NA,NA,NA,NA,NA,NA,NA,NA,NA,6.2898998260498,NA,75.2585365853659,73.6,77,NA,NA,NA,NA,16.9001449480308,"Asia","Western Asia",0.789,1.034,1.909,0.786,1.471,2.056,-0.665,1.085,2.103,0.2,0.2,0.8,0.6,0.6,0.8,0.6,0.6,0.2,0.6,0.8,0.6,0.4,0.4,0.69,0.074,1.842,2.446,1.126,1.485,1.277,2.935,1.629,1.98,1.409,1.536,1.752,0.811,2.256,2.345,2.465,2.459,0.107
"ISR","ISRAEL",1988,6,1,11852.9826452892,20.2932175457793,97.4354705810547,NA,NA,NA,NA,NA,NA,NA,NA,28.268450594268,4442000,50.1650098355845,NA,NA,NA,NA,NA,NA,NA,NA,NA,6.31689977645874,NA,74.4365853658537,73.9,75,NA,NA,NA,NA,15.9470945572914,"Asia","Western Asia",0.801,1.034,1.909,0.786,1.603,2.056,-0.665,1.085,2.103,0.2,0.2,0.8,0.6,0.6,0.8,0.6,0.6,0.2,0.6,0.8,0.6,0.4,0.4,0.682,0.074,1.842,2.446,1.143,1.485,1.277,2.935,1.629,1.98,1.409,1.536,1.752,0.811,2.256,2.345,2.465,2.459,0.107
"ISR","ISRAEL",1989,6,1,11607.6758419907,-2.069578692887,96.1906585693359,NA,NA,NA,NA,NA,NA,NA,NA,26.5109337708267,4518000,50.1782946974901,NA,NA,NA,NA,NA,NA,NA,NA,NA,6.28369998931885,NA,76.3073170731707,74.6,78.1,NA,NA,NA,NA,12.4457326547219,"Asia","Western Asia",0.824,1.034,1.909,0.786,2.507,2.056,-0.665,1.085,2.103,0.2,0.2,0.8,0.6,0.6,0.8,0.6,0.6,0.2,0.6,0.8,0.6,0.4,0.4,0.687,0.071,1.842,2.446,1.143,1.485,1.277,2.935,1.629,1.98,1.409,1.536,1.752,0.811,2.256,2.345,2.465,2.459,0.102
"ISR","ISRAEL",1990,6,1,13308.311060238,14.6509537429988,92.3543167114258,NA,NA,NA,NA,NA,NA,NA,0.111,25.5402891697639,4660000,50.2519582512559,100,NA,NA,NA,NA,NA,NA,NA,NA,6.2431998253,NA,76.6073170731707,74.9,78.4,NA,NA,NA,NA,12.362686187267,"Asia","Western Asia",0.806,1.034,1.909,0.922,1.952,2.056,-0.665,1.085,2.103,0.2,0.2,0.8,0.6,0.6,0.8,0.6,0.6,0.2,0.6,0.8,0.6,0.4,0.4,0.687,0.071,1.842,2.446,1.143,1.485,1.277,2.935,1.629,1.98,1.409,1.536,1.752,0.811,2.256,2.345,2.465,2.459,0.102
"ISR","ISRAEL",1991,6,1,14346.0810278646,7.79790886258441,93.5005111694336,NA,NA,NA,NA,NA,NA,NA,0.215,19.1399638784649,4949000,50.368973003348,100,NA,NA,NA,NA,NA,NA,NA,NA,5.9699997902,NA,76.7585365853659,75.1,78.5,NA,NA,NA,NA,15.5869829136602,"Asia","Western Asia",0.806,1.034,1.909,0.922,1.952,2.056,-0.665,1.085,2.103,0.2,0.2,0.8,0.6,0.6,0.8,0.6,0.6,0.2,0.6,0.8,0.6,0.4,0.4,0.688,0.071,1.842,2.446,1.143,1.485,1.277,2.935,1.629,1.98,1.409,1.536,1.752,0.811,2.256,2.345,2.465,2.459,0.102
"ISR","ISRAEL",1992,6,1,15509.9913638817,8.11308909908162,95.2474899291992,NA,NA,NA,NA,NA,NA,NA,0.311,25.3599904892229,5123000,50.4455101812743,100,NA,NA,NA,NA,NA,NA,NA,NA,5.9895000458,NA,76.5048780487805,74.7,78.4,NA,NA,NA,NA,10.925077527679,"Asia","Western Asia",0.806,1.034,1.909,0.922,1.952,2.056,-0.665,1.085,2.103,0.2,0.2,0.8,0.6,0.6,0.8,0.6,0.6,0.2,0.6,0.8,0.6,0.4,0.4,0.689,0.073,1.842,2.446,1.144,1.485,1.277,2.935,1.629,1.98,1.409,1.536,1.752,0.811,2.256,2.345,2.465,2.459,0.105
"ISR","ISRAEL",1993,6,1,15178.8399875391,-2.13508420845259,95.8278579711914,NA,NA,NA,NA,NA,NA,NA,0.399,25.6999865824019,5261000,50.4898109414704,100,NA,NA,NA,NA,NA,NA,NA,NA,6.0778999329,NA,77.1536585365854,75.3,79.1,NA,NA,NA,NA,11.5232439907469,"Asia","Western Asia",0.806,1.034,1.909,0.922,1.952,2.056,-0.665,1.085,2.103,0.2,0.2,0.8,0.6,0.6,0.8,0.6,0.6,0.2,0.6,0.8,0.6,0.4,0.4,0.693,0.075,1.842,2.446,1.144,1.485,1.277,2.935,1.629,1.98,1.409,1.536,1.752,0.811,2.256,2.345,2.465,2.459,0.108
"ISR","ISRAEL",1994,6,1,16806.8353081322,10.7254264616373,96.6254730224609,NA,NA,NA,NA,NA,NA,NA,0.577,26.1532946109755,5399000,50.5362585542584,100,NA,NA,NA,NA,NA,NA,NA,NA,6.1012001038,NA,77.4024390243903,75.5,79.4,NA,NA,NA,NA,10.1199658353758,"Asia","Western Asia",0.857,1.432,1.909,0.922,1.952,2.056,-0.665,1.085,2.103,0.2,0.2,0.8,0.6,0.6,0.8,0.6,0.6,0.2,0.6,0.8,0.6,0.4,0.4,0.698,0.075,1.842,2.446,1.144,1.485,1.277,2.935,1.629,1.98,1.409,1.536,1.752,0.811,2.256,2.345,2.465,2.459,0.108
"ISR","ISRAEL",1995,6,1,19025.6840502517,13.2020615507899,98.4623565673828,NA,NA,NA,NA,2.04324402168032,NA,NA,0.93,25.7264777343865,5545000,50.5987407787272,100,63.0268281214649,0.000661661198917778,0.00368605155731831,NA,NA,NA,NA,NA,5.9800000191,NA,77.4512195121951,75.5,79.5,NA,NA,NA,NA,7.91874390646774,"Asia","Western Asia",0.857,1.432,1.909,1.517,1.952,2.056,-0.665,1.085,2.103,0.2,0.2,0.8,0.6,0.6,0.8,0.6,0.6,0.2,0.6,0.8,0.6,0.4,0.4,0.698,0.075,1.842,2.446,1.144,1.485,1.277,2.935,1.629,1.98,1.409,1.536,1.752,0.811,2.256,2.345,2.465,2.459,0.108
"ISR","ISRAEL",1996,6,1,20224.2789080629,6.2998778632369,99.5036773681641,NA,NA,NA,NA,1.90237029393782,NA,NA,2.17,25.1648234699065,5692000,50.6337788968992,100,62.8249730351813,0.000433694580558032,0.00324588481253552,NA,NA,NA,NA,NA,6.0300002098,NA,78.1048780487805,76.3,80,NA,NA,NA,NA,7.72965418733875,"Asia","Western Asia",0.857,1.432,1.909,1.517,1.952,2.056,-0.665,1.085,2.103,0.2,0.2,0.8,0.6,0.6,0.8,0.6,0.6,0.2,0.6,0.8,0.6,0.4,0.4,0.699,0.074,1.842,2.446,1.149,1.485,1.277,2.935,1.629,1.98,1.409,1.536,1.752,0.811,2.256,2.345,2.465,2.459,0.106
"ISR","ISRAEL",1997,6,1,20469.4699017497,1.21235963369279,NA,NA,NA,NA,NA,1.80827951239942,NA,NA,4.4,25.5649158029725,5836000,50.6289147225179,100,62.7781038524955,0.00125681503040013,0.0040731421263798,NA,NA,NA,NA,NA,6.0500001907,NA,78,76,80.1,NA,NA,NA,NA,7.47926785987447,"Asia","Western Asia",0.857,1.432,1.909,1.517,1.952,2.056,-0.665,1.085,2.103,0.2,0.2,0.8,0.6,0.6,0.8,0.6,0.6,0.2,0.6,0.8,0.6,0.4,0.4,0.7,0.074,1.842,2.446,1.149,1.485,1.277,2.935,1.629,1.98,1.409,1.536,1.752,0.811,2.256,2.345,2.465,2.459,0.105
"ISR","ISRAEL",1998,6,1,20188.8141481667,-1.37109439047569,NA,NA,NA,NA,NA,2.0011137059065,NA,NA,10.3,24.7122735398622,5971000,50.6247862745979,100,63.6584204302448,0.000293178918507522,0.00256430298613512,NA,NA,NA,NA,NA,6.0999999046,NA,78.1487804878049,76.1,80.3,NA,NA,NA,NA,6.98021666560999,"Asia","Western Asia",0.857,1.432,1.909,1.517,1.952,2.056,-0.665,1.085,2.103,0.2,0.2,0.8,0.6,0.6,0.8,0.6,0.6,0.2,0.6,0.8,0.6,0.4,0.4,0.7,0.074,1.842,2.446,1.149,1.485,1.277,2.935,1.629,1.98,1.409,1.536,1.752,0.811,2.256,2.345,2.465,2.459,0.105
"ISR","ISRAEL",1999,6,1,19823.2138876277,-1.81090507771206,101.027770996094,NA,NA,NA,97.50427,1.73586803103505,NA,NA,13.4,24.6614452362533,6125000,50.6268163226865,100,64.649095533498,0.000358538390621737,0.00336607176527144,NA,NA,NA,NA,NA,6.1199998856,NA,78.6585365853659,77,80.4,NA,NA,NA,NA,6.53012330164809,"Asia","Western Asia",0.857,1.432,1.909,1.517,1.952,2.056,-0.665,1.085,2.103,0.2,0.2,0.8,0.6,0.6,0.8,0.6,0.6,0.2,0.6,0.8,0.6,0.4,0.4,0.698,0.074,1.842,2.446,1.155,1.485,1.277,2.935,1.629,1.98,1.409,1.536,1.752,0.811,2.256,2.345,2.465,2.459,0.104
"ISR","ISRAEL",2000,6,1,21706.5194056329,9.50050546133002,98.2204437255859,NA,NA,NA,97.77894,1.53366608252474,NA,NA,20.9,26.2937081408298,6289000,50.6298690386211,100,65.243729993354,0.000538029851641422,0.00201911700378443,NA,NA,NA,NA,6.61731339,3.9,10,78.9536585365854,77.1,80.9,NA,NA,NA,NA,6.29716498346273,"Asia","Western Asia",0.836,1.432,1.909,1.517,1.289,2.056,-0.665,1.085,2.103,0.2,0.2,0.8,0.6,0.6,0.8,0.6,0.6,0.2,0.6,0.8,0.6,0.4,0.4,0.699,0.074,1.842,2.446,1.155,1.23,1.277,2.935,1.629,1.98,1.409,1.536,1.752,0.811,2.256,2.345,2.465,2.459,0.104
"ISR","ISRAEL",2001,6,1,20966.3052667971,-3.41010055552118,97.6406097412109,NA,NA,NA,98.24154,1.75948568412323,NA,NA,17.4,25.8332781210338,6439000,50.6298740156122,100,66.5589068410633,0.00044300918148921,0.0011401524186069,NA,NA,NA,NA,7.01818132,3.93,9.4,79.4073170731707,77.7,81.2,NA,NA,NA,NA,6.50806312310061,"Asia","Western Asia",0.75,1.077,1.152,1.517,1.289,2.056,-0.665,1.085,2.103,0.2,0.2,0.8,0.6,0.6,0.8,0.6,0.6,0.2,0.6,0.8,0.6,0.4,0.4,0.689,0.076,1.842,2.446,1.136,1.23,1.277,2.935,1.629,1.98,1.409,1.536,1.752,0.811,2.256,2.345,2.465,2.459,0.106
"ISR","ISRAEL",2002,6,1,19076.4584298321,-9.01373328737048,97.0616989135742,NA,96.2887725830078,96.6890106201172,97.89682,1.81568687756539,NA,NA,17.8,24.8500452649404,6570000,50.6265382055785,100,66.1444996919347,0.000607272154816841,0.00121323080572722,NA,NA,NA,NA,6.92267561,3.88,8.4,79.4512195121951,77.5,81.5,NA,NA,NA,NA,6.59401334001594,"Asia","Western Asia",0.757,1.077,1.152,0.731,1.475,2.056,-0.665,1.085,2.103,0.2,0.2,0.8,0.6,0.6,0.8,0.6,0.6,0.2,0.6,0.8,0.6,0.4,0.4,0.69,0.077,1.842,2.446,1.136,1.23,1.277,2.935,1.629,1.98,1.409,1.536,1.752,0.811,2.256,2.345,2.465,2.459,0.106
"ISR","ISRAEL",2003,6,1,19643.4690380742,2.97230542203473,96.5818710327148,NA,96.4279098510742,96.9427490234375,98.01712,1.7081758360836,NA,NA,19.6,24.118580255124,6689700,50.6174705743047,100,66.5224001525716,0.000405868612191096,0.00094938677372319,NA,NA,NA,NA,6.85543919,3.99,8.3,79.6487804878049,77.6,81.8,NA,NA,NA,NA,6.48640597347599,"Asia","Western Asia",0.757,1.077,1.152,0.731,1.475,2.056,-0.665,1.085,2.103,0.2,0.2,0.8,0.6,0.6,0.8,0.6,0.6,0.2,0.6,0.8,0.6,0.4,0.4,0.688,0.074,1.842,2.446,1.122,1.23,1.277,2.935,1.629,1.98,1.409,1.536,1.752,0.811,2.256,2.345,2.465,2.459,0.106
"ISR","ISRAEL",2004,6,1,20568.0694088834,4.70690980812544,96.4518280029297,NA,97.7458419799805,98.179069519043,97.5958,1.61692444844401,NA,NA,22.8,24.0297198251478,6809000,50.6057592288658,100,67.3435928085763,0.00033623760064506,0.0355017759427314,NA,NA,NA,NA,6.80059671,3.92,7.9,80.1463414634146,78,82.4,NA,NA,NA,NA,6.35803511317661,"Asia","Western Asia",0.757,1.077,1.152,0.731,1.475,2.056,-0.665,1.085,2.103,0.2,0.2,0.8,0.6,0.6,0.8,0.6,0.6,0.2,0.6,0.8,0.6,0.4,0.4,0.688,0.074,1.842,2.446,1.122,1.23,1.277,2.935,1.629,1.98,1.409,1.536,1.752,0.811,2.256,2.345,2.465,2.459,0.106
"ISR","ISRAEL",2005,6,1,21286.8388636595,3.49458882351721,95.5045318603516,NA,94.2358627319336,94.7952880859375,97.47827,1.87834313014638,NA,NA,25.2,24.4930273423177,6930100,50.594853962557,100,66.4381457928712,0.000472182859671348,0.0596259989806162,NA,NA,NA,NA,6.90324974,3.85,6.3,80.1512195121951,78.2,82.2,NA,NA,NA,NA,6.26491269041474,"Asia","Western Asia",0.757,1.077,1.152,0.731,1.475,2.056,-0.665,1.085,2.103,0.143,0.143,0.571,0.429,0.429,0.571,0.571,0.429,0.143,0.571,0.715,0.429,0.286,0.286,0.688,0.074,1.842,2.446,1.122,1.23,1.277,2.935,1.629,1.98,1.409,1.536,1.752,0.811,2.256,2.345,2.465,2.459,0.106
"ISR","ISRAEL",2006,6,1,22527.2619795719,5.82718328379902,95.3834075927734,NA,94.3289108276367,94.8661422729492,97.00818,1.81906318672985,NA,NA,27.9,25.2776912500206,7053700,50.5842390252177,100,66.4997468232451,0.00183148014420474,0.105792513747818,NA,NA,NA,NA,6.70972347,3.52,5.7,80.5536585365854,78.7,82.5,NA,NA,NA,NA,6.04956445483926,"Asia","Western Asia",0.757,1.077,1.152,0.731,1.475,2.056,-0.665,1.085,2.103,0.143,0.143,0.571,0.429,0.429,0.571,0.571,0.429,0.143,0.571,0.857,0.429,0.286,0.286,0.691,0.075,2.083,2.446,1.367,1.106,1.277,2.935,1.629,1.98,1.409,1.536,1.752,0.811,2.256,2.345,2.465,2.459,0.09
"ISR","ISRAEL",2007,6,1,25721.2594077311,14.1783650008402,95.8412399291992,NA,94.6032409667969,96.6086120605469,97.24211,1.74717094647667,NA,NA,48.1,25.2144493895456,7180100,50.5739857564609,100,66.169199829256,0.000982659663842538,0.128587398678532,NA,NA,NA,NA,6.69537067,3.46,6.5,80.5048780487805,78.7,82.4,NA,NA,NA,NA,6.367865558416,"Asia","Western Asia",0.757,1.077,1.152,0.731,1.475,2.056,-0.665,1.085,2.103,0.143,0.143,0.571,0.429,0.429,0.571,0.571,0.429,0.143,0.571,0.857,0.429,0.286,0.286,0.688,0.075,2.083,2.446,1.367,1.106,1.277,2.935,1.629,1.98,1.409,1.536,1.752,0.811,2.256,2.345,2.465,2.459,0.087
"ISR","ISRAEL",2008,6,1,30269.217773489,17.6817094904416,95.4030075073242,NA,92.7942581176758,93.7795028686523,97.2073,1.80943795765309,NA,NA,59.4,23.2083038042074,7308800,50.5627930677076,100,66.6168416014614,0.00167170995232637,0.386322234932509,NA,NA,NA,NA,6.82830238,3.4,5.2,80.9512195121951,79,83,NA,NA,NA,NA,6.39180109737032,"Asia","Western Asia",0.757,1.077,1.152,0.731,1.475,2.056,-0.665,1.085,2.103,0.143,0.143,0.571,0.429,0.429,0.571,0.571,0.429,0.143,0.571,0.857,0.429,0.286,0.286,0.688,0.074,2.083,2.446,1.367,1.106,1.277,2.935,1.629,1.98,1.409,1.536,1.752,1.138,2.256,2.345,2.465,2.459,0.087
"ISR","ISRAEL",2009,6,1,28508.4938886475,-5.81687937236228,97.3412704467773,NA,98.1287536621094,99.745719909668,96.90787,2.14139661336725,NA,NA,63.1,21.2463629188986,7485600,50.5452605682744,100,67.1933730455872,0.00103859148443182,0.309661455072217,NA,NA,NA,NA,6.91636944,3.32,5.5,81.4048780487805,79.6,83.3,NA,NA,NA,NA,6.14811192852559,"Asia","Western Asia",0.757,1.077,1.152,0.731,1.475,2.056,-0.665,1.085,2.103,0.143,0.143,0.571,0.429,0.429,0.571,0.571,0.429,0.143,0.571,0.857,0.429,0.286,0.286,0.684,0.076,1.852,2.446,1.381,1.106,1.277,2.571,1.629,1.98,1.409,1.536,1.752,1.138,2.256,2.345,2.465,2.459,0.09
"ISR","ISRAEL",2010,6,1,31439.0887027614,10.2797251428316,97.6586303710938,NA,95.6269912719727,96.2973937988281,97.04351,1.82975876400948,NA,NA,67.5,21.9636729118369,7623600,50.527462147672,100,66.8073454381095,0.000829577584663044,0.173972024779987,NA,NA,NA,NA,6.88817596,3.29,5.3,81.6024390243903,79.7,83.6,NA,NA,NA,NA,5.93634502858407,"Asia","Western Asia",0.715,0.824,1.152,0.731,1.475,2.056,-0.665,1.085,2.103,0.25,0.125,0.625,0.5,0.375,0.5,0.625,0.5,0.125,0.5,0.75,0.5,0.25,0.25,0.672,0.078,1.852,2.446,1.381,1.106,1.072,2.571,1.629,1.98,1.409,1.503,1.752,1.138,2.256,2.345,2.465,2.581,0.082
"ISR","ISRAEL",2011,6,1,34522.5215979073,9.80764081394976,97.6346130371094,NA,95.5336074829102,96.057746887207,96.69502,1.85000171535157,NA,NA,68.9,22.1945785401603,7765800,50.5114561300984,100,67.5742463422278,0.00535645069325495,0.280630419352341,NA,NA,NA,NA,6.83919144,3.27,6.3,81.6560975609756,79.9,83.5,NA,NA,NA,NA,5.76961982715994,"Asia","Western Asia",0.715,0.824,1.152,0.731,1.475,2.056,-0.665,1.085,2.103,0.25,0.125,0.625,0.5,0.375,0.5,0.625,0.5,0.125,0.5,0.75,0.5,0.25,0.25,0.672,0.078,1.852,2.446,1.381,1.106,1.072,2.571,1.629,1.98,1.409,1.503,1.752,1.138,2.256,2.345,2.465,2.581,0.082
"ISR","ISRAEL",2012,6,1,33321.4300881602,-3.47915347475632,98.5221862792969,NA,97.5925903320312,99.3790130615234,97.30131,1.4926299498497,NA,NA,70.8,21.6046030122696,7910500,50.4943492056816,100,67.9642024448898,0.00329138463969431,0.270058995740021,NA,NA,NA,NA,6.97648525,3.23,7.6,81.7048780487805,79.9,83.6,NA,NA,NA,NA,5.64197274014679,"Asia","Western Asia",0.715,0.824,1.152,0.731,1.475,2.056,-0.665,1.085,2.103,0.25,0.125,0.625,0.5,0.375,0.5,0.625,0.5,0.125,0.5,0.75,0.5,0.25,0.25,0.678,0.078,1.852,2.446,1.381,1.106,1.072,2.571,1.629,1.98,1.409,1.503,1.752,1.138,2.256,2.345,2.465,2.581,0.082
"ISR","ISRAEL",2013,6,1,37034.3161080785,11.142637065981,97.6897811889648,NA,95.4037322998047,95.9060897827148,96.88277,1.52142807731562,NA,NA,70.3,22.5019265373829,8059500,50.4767350360248,100,67.6558406489673,0.0118850270586983,0.262662457508262,NA,NA,NA,NA,6.95815229,3.23,4.6,82.0560975609756,80.3,83.9,NA,NA,NA,NA,5.45896905535838,"Asia","Western Asia",0.713,0.824,1.152,0.731,1.222,2.056,-0.665,1.085,2.103,0.25,0.125,0.625,0.5,0.375,0.5,0.625,0.5,0.125,0.5,0.75,0.5,0.25,0.25,0.663,0.079,2.415,2.446,1.364,1.106,1.072,2.571,1.629,1.98,1.409,1.503,1.564,1.138,2.256,2.345,2.238,2.581,0.07
"ISR","ISRAEL",2014,6,1,38343.3046626235,3.53452876171639,97.2882995605469,NA,95.2920074462891,95.2189483642578,96.71318,1.3878333514616,NA,NA,75,22.8049632844654,8215700,50.458530882804,100,68.1297878667769,0.0117966062119145,0.240636647906702,NA,NA,NA,NA,7.04530668,3.21,5.3,82.1536585365854,80.3,84.1,NA,NA,NA,NA,5.64719680120022,"Asia","Western Asia",0.713,0.824,1.152,0.731,1.222,2.056,-0.665,1.085,2.103,0.25,0.125,0.625,0.5,0.375,0.5,0.625,0.5,0.125,0.5,0.75,0.5,0.25,0.25,0.663,0.079,2.415,2.446,1.364,1.106,1.072,2.571,1.629,1.98,1.409,1.503,1.564,1.138,2.256,2.345,2.238,2.581,0.07
"ISR","ISRAEL",2015,6,1,36213.1041481958,-5.55559968857924,97.7587738037109,NA,98.05419921875,99.5506134033203,97.20197,1.4205563555958,NA,NA,77.4,23.0629083317954,8380100,50.4417223639309,100,68.2995655495163,0.00644720440273846,0.225690565978892,NA,NA,NA,NA,7.02217817,3.17,4,82.0512195121951,80.1,84.1,NA,NA,NA,NA,5.43633594730614,"Asia","Western Asia",0.713,0.824,1.152,0.731,1.222,2.056,-0.665,1.085,2.103,0.25,0.125,0.625,0.5,0.375,0.5,0.625,0.5,0.125,0.5,0.75,0.5,0.25,0.25,0.656,0.08,2.072,2.446,1.367,1.106,1.072,2.571,1.629,1.98,1.409,1.746,1.564,1.138,2.256,2.302,2.187,2.581,0.082
"ISR","ISRAEL",2016,6,1,37671.5389138798,4.0273674405696,97.1344833374023,NA,94.8722686767578,94.9467163085938,96.73324,1.45144669238151,NA,NA,79.7,23.0538456631546,8546000,50.4207061480832,100,69.1522281136475,0.00738204032323747,0.184759592739644,NA,NA,NA,NA,7.09562969,3.13,3.5,82.4073170731707,80.7,84.2,NA,NA,NA,NA,5.4340599812034,"Asia","Western Asia",0.713,0.824,1.152,0.731,1.222,2.056,-0.665,1.085,2.103,0.25,0.125,0.625,0.5,0.375,0.5,0.625,0.5,0.125,0.5,0.75,0.5,0.25,0.25,0.649,0.089,1.707,2.446,1.367,0.779,1.072,2.203,1.629,2.531,1.156,1.746,1.564,1.138,2.256,2.302,2.187,2.581,0.095
"ISR","ISRAEL",2017,6,1,41138.470964272,9.20305395093598,96.9318695068359,NA,98.1573486328125,99.7233581542969,97.01884,1.43332361550204,NA,NA,81.6,24.2277625153748,8713300,50.3925352878736,NA,70.3290660609826,0.00582932455005827,0.175795530138224,NA,NA,NA,NA,7.17605686,3.16,3.2,82.5512195121951,80.6,84.6,NA,NA,NA,NA,5.44552357229208,"Asia","Western Asia",0.692,0.715,1.012,0.731,1.222,2.056,-0.665,1.085,2.103,0.25,0.125,0.625,0.5,0.375,0.5,0.625,0.5,0.125,0.5,0.75,0.5,0.25,0.25,0.637,0.09,1.707,2.446,1.367,0.869,0.953,2.03,1.629,2.531,1.156,1.746,1.564,1.138,2.256,2.425,2.253,2.581,0.095
"ISR","ISRAEL",2018,6,1,42362.6652754196,2.97578952851891,96.4932327270508,NA,94.8363265991211,95.2465209960938,NA,1.38933071555976,NA,NA,83.7,22.7192742360322,8882800,50.3618244133683,NA,70.2311874351943,0.00878768893694255,0.243287805206997,NA,NA,NA,NA,7.22799444,3.12,3.9,82.8024390243903,80.9,84.8,NA,NA,NA,NA,5.30452582541345,"Asia","Western Asia",0.688,0.69,0.957,0.731,1.222,2.056,-0.714,1.085,2.103,0.25,0.125,0.625,0.5,0.375,0.5,0.625,0.5,0.125,0.5,0.75,0.5,0.25,0.25,0.632,0.089,1.707,2.105,1.367,0.869,0.953,2.03,1.629,2.041,1.699,1.568,1.564,1.138,2.256,2.425,2.253,2.581,0.095
"ISR","ISRAEL",2019,NA,1,44250.6313628073,4.45667446822136,96.2709274291992,NA,94.4468231201172,94.4649810791016,NA,1.34643940764737,NA,NA,86.8,22.2161560008058,9054000,50.3305871515656,NA,70.5181067774691,0.00826237494176303,0.189655855195189,NA,NA,NA,NA,7.17438793,3.12,2.9,82.8048780487805,81,84.7,NA,NA,NA,NA,5.0884742677873,"Asia","Western Asia",0.688,0.69,0.957,0.731,1.222,2.056,-0.714,1.085,2.103,0.286,0.143,0.714,0.571,0.429,0.571,0.714,0.571,0.143,0.571,0.714,0.571,0.286,0.286,0.625,0.107,1.707,2.199,1.363,0.737,0.714,2.316,1.446,2.041,0.928,1.568,1.564,1.138,2.256,2.357,1.995,2.581,0.09
"ISR","ISRAEL",2020,NA,1,44575.5719045492,0.73431843057276,96.3747634887695,NA,97.7418212890625,99.2558517456055,NA,1.36656606491536,NA,NA,90.1,22.0388122147212,9215100,50.3029075121336,NA,70.3061114030538,0.00760868223036897,0.272440677318125,NA,NA,NA,NA,7.70120192,3.07,2.1,82.6487804878049,80.6,84.8,NA,NA,NA,NA,5.29504518980891,"Asia","Western Asia",0.688,0.69,0.957,0.576,1.222,2.056,-0.637,1.085,2.103,0.286,0.143,0.714,0.571,0.429,0.571,0.714,0.571,0.143,0.571,0.714,0.571,0.286,0.286,0.641,0.098,1.707,2.199,1.172,0.737,0.714,2.988,1.446,2.041,0.928,1.568,1.564,1.138,2.256,2.357,1.995,2.581,0.098
"JOR","JORDAN",1960,-9,0,NA,NA,NA,NA,NA,NA,NA,NA,NA,NA,NA,NA,853471,48.8145467157056,NA,NA,NA,NA,NA,NA,NA,NA,NA,3.60545015335083,NA,52.678,52.362,53.078,NA,NA,NA,NA,20.3967446592065,"Asia","Western Asia",0.304,-0.886,-0.56,-1.049,0.379,-1.092,1.402,-0.86,0.557,0.545,0.273,0.091,0.273,0.455,0.909,0.364,0.182,0.636,0.091,0.182,0.273,0.091,0.182,0.159,0.546,0.362,-0.61,-1.604,0.482,0.268,0.777,0.882,0.563,0.799,-0.949,-0.468,-0.902,-1.92,0.933,0.207,0.077,0.662
"JOR","JORDAN",1961,-9,0,NA,NA,NA,NA,NA,NA,NA,NA,NA,NA,NA,NA,897591,48.8254102652659,NA,NA,NA,NA,NA,NA,NA,NA,NA,NA,NA,53.68,53.306,54.143,NA,NA,NA,NA,16.5070774354704,"Asia","Western Asia",0.304,-0.886,-0.56,-1.049,0.379,-1.092,1.402,-0.86,0.557,0.545,0.273,0.091,0.273,0.455,1,0.364,0.182,0.636,0.091,0.182,0.273,0.091,0.182,0.159,0.546,0.362,-0.61,-1.578,0.482,0.268,0.777,0.882,0.563,0.799,-0.949,-0.468,-0.902,-1.92,0.933,0.207,0.077,0.663
"JOR","JORDAN",1962,-9,0,NA,NA,NA,NA,NA,NA,NA,NA,NA,NA,NA,NA,940554,48.8356862019618,NA,NA,NA,NA,NA,NA,NA,NA,NA,NA,NA,54.633,54.188,55.168,NA,NA,NA,NA,18.1455004205214,"Asia","Western Asia",0.304,-0.886,-0.56,-1.049,0.379,-1.092,1.402,-0.86,0.557,0.545,0.273,0.091,0.273,0.455,1,0.364,0.182,0.636,0.091,0.182,0.273,0.091,0.182,0.162,0.543,0.362,-0.61,-1.61,0.482,0.268,0.777,0.882,0.563,0.799,-0.949,-0.468,-0.902,-1.92,0.933,0.207,0.077,0.666
"JOR","JORDAN",1963,-9,0,NA,NA,NA,NA,NA,NA,NA,NA,NA,NA,NA,NA,984714,48.8449438110964,NA,NA,NA,NA,NA,NA,NA,NA,NA,NA,NA,55.489,54.966,56.108,NA,NA,NA,NA,17.1185127807901,"Asia","Western Asia",0.304,-0.886,-0.56,-1.049,0.379,-1.092,1.402,-0.86,0.557,0.545,0.273,0.091,0.273,0.455,1,0.364,0.182,0.636,0.091,0.182,0.273,0.091,0.182,0.162,0.544,0.362,-0.61,-1.61,0.482,0.268,0.777,0.882,0.563,0.799,-0.949,-0.468,-0.902,-1.92,0.933,0.207,0.077,0.675
"JOR","JORDAN",1964,-9,0,NA,NA,NA,NA,NA,NA,NA,NA,NA,NA,NA,NA,1035640,48.8521601597465,NA,NA,NA,NA,NA,NA,NA,NA,NA,NA,NA,56.456,55.899,57.109,NA,NA,NA,NA,14.8421759570181,"Asia","Western Asia",0.304,-0.886,-0.56,-1.049,0.379,-1.092,1.402,-0.86,0.557,0.545,0.273,0.091,0.273,0.455,1,0.364,0.182,0.636,0.091,0.182,0.273,0.091,0.182,0.16,0.544,0.362,-0.61,-1.61,0.482,0.268,0.777,0.882,0.563,0.799,-0.949,-0.468,-0.902,-1.92,0.933,0.207,0.077,0.675
"JOR","JORDAN",1965,-9,0,545.513861689675,NA,NA,NA,NA,NA,NA,14.1456582633053,NA,NA,NA,NA,1099440,48.8569191070735,NA,59.8039215686275,NA,NA,NA,NA,NA,NA,NA,NA,NA,57.317,56.714,58.015,NA,NA,NA,NA,13.4099045346062,"Asia","Western Asia",0.304,-0.886,-0.56,-1.049,0.379,-1.092,1.402,-0.86,0.557,0.545,0.273,0.091,0.273,0.455,1,0.364,0.182,0.636,0.091,0.182,0.273,0.091,0.182,0.162,0.544,0.362,-0.61,-1.61,0.482,0.268,0.777,0.882,0.563,0.799,-0.949,-0.468,-0.902,-1.92,0.933,0.207,0.077,0.675
"JOR","JORDAN",1966,-9,0,558.402981092455,2.36274828339966,NA,NA,NA,NA,NA,10.0425531914894,NA,NA,NA,NA,1178360,48.8598560711497,NA,62.6808510638298,NA,NA,NA,NA,NA,NA,NA,NA,NA,57.762,57.075,58.549,NA,NA,NA,NA,19.4942611190818,"Asia","Western Asia",0.304,-0.886,-0.56,-1.049,0.379,-1.092,1.402,-0.86,0.557,0.545,0.273,0.091,0.273,0.455,1,0.364,0.182,0.636,0.091,0.182,0.273,0.091,0.182,0.162,0.544,0.362,-0.61,-1.61,0.482,0.268,0.777,0.882,0.563,0.799,-0.949,-0.468,-0.902,-1.92,0.933,0.207,0.077,0.675
"JOR","JORDAN",1967,-9,0,496.922746235673,-11.0100119337656,NA,NA,NA,NA,NA,15.7358156028369,NA,NA,NA,NA,1271183,48.8604709156746,NA,61.968085106383,NA,NA,NA,NA,NA,NA,NA,NA,NA,58.97,58.264,59.771,NA,NA,NA,NA,23.4924623115578,"Asia","Western Asia",0.304,-0.886,-0.56,-1.049,0.379,-1.092,0.659,-0.86,0.802,0.545,0.273,0.091,0.273,0.455,1,0.364,0.182,0.636,0.091,0.182,0.273,0.091,0.182,0.159,0.542,0.362,-0.61,-1.591,0.482,0.268,0.777,0.882,0.563,0.799,-0.949,-0.468,-0.902,-1.92,0.933,0.207,0.077,0.669
"JOR","JORDAN",1968,-9,0,408.842352820548,-17.7251683651751,NA,NA,NA,NA,NA,9.68063872255489,NA,NA,NA,NA,1372460,48.8583273829474,NA,60.3293413173653,NA,NA,NA,NA,NA,NA,NA,NA,NA,59.767,59.006,60.624,NA,NA,NA,NA,24.0638185654008,"Asia","Western Asia",0.304,-0.886,-0.56,-1.049,0.379,-1.092,1.381,-0.86,0.802,0.545,0.273,0.091,0.273,0.455,1,0.364,0.182,0.636,0.091,0.182,0.273,0.091,0.182,0.158,0.541,0.362,-0.61,-1.591,0.482,0.268,0.777,0.882,0.563,0.799,-0.949,-0.468,-0.902,-1.92,0.933,0.207,0.077,0.667
"JOR","JORDAN",1969,-9,0,474.427887073594,16.0417661723597,NA,NA,NA,NA,NA,12.5,NA,NA,NA,NA,1473100,48.8539813997692,NA,60.5769230769231,NA,NA,NA,NA,NA,NA,NA,NA,NA,60.504,59.672,61.433,NA,NA,NA,NA,NA,"Asia","Western Asia",0.304,-0.886,-0.56,-1.049,0.379,-1.092,2.047,-0.86,0.802,0.545,0.273,0.091,0.273,0.455,1,0.364,0.182,0.545,0.091,0.182,0.273,0.091,0.182,0.158,0.541,0.362,-0.61,-1.591,0.482,0.268,0.777,0.882,0.563,0.799,-0.949,-0.468,-0.902,-1.92,0.933,0.207,0.077,0.667
"JOR","JORDAN",1970,-9,0,408.596257509347,-13.8760033627692,NA,NA,NA,NA,NA,10.7705779334501,NA,NA,NA,NA,1565163,48.8530587549028,NA,64.1856392294221,NA,0.0288340973169945,NA,NA,NA,NA,NA,1.12800002098083,NA,59.833,58.434,61.4,NA,NA,NA,NA,18.5080264400378,"Asia","Western Asia",0.307,-0.886,-0.667,-1.049,0.758,-1.092,0.271,-0.86,0.802,0.545,0.273,0.091,0.273,0.455,1,0.455,0.182,0.545,0.091,0.182,0.273,0.091,0.182,0.157,0.545,0.362,-0.61,-1.591,0.482,0.268,0.777,0.882,0.563,0.799,-0.949,-0.468,-0.902,-1.92,0.598,0.207,0.077,0.667
"JOR","JORDAN",1971,-9,0,412.218818849468,0.88658700943635,93.2768630981445,NA,NA,NA,NA,12.3864574731627,NA,NA,NA,NA,1645145,48.8502526222629,NA,64.0792733278282,0,0.0371354615047224,NA,NA,NA,NA,NA,NA,NA,61.772,60.725,62.931,NA,NA,NA,NA,17.1529619805482,"Asia","Western Asia",0.302,-0.886,-0.667,-1.049,0.357,-1.092,-0.237,-0.86,0.802,0.545,0.273,0.091,0.273,0.455,1,0.455,0.182,0.545,0.091,0.182,0.273,0.091,0.182,0.16,0.555,0.457,-0.61,-1.591,0.482,0.268,0.777,0.882,0.563,0.799,-0.949,-0.468,-0.902,-1.92,0.598,0.207,0.077,0.653
"JOR","JORDAN",1972,-9,0,459.874244108895,11.5607107391256,94.9892501831055,NA,74.6235580444336,54.1786117553711,86.81429,12.3224431818182,NA,NA,NA,NA,1714555,48.8394947960258,NA,61.8963068181818,0,0.0310520639403256,NA,NA,NA,NA,NA,NA,NA,62.477,61.486,63.562,NA,NA,NA,NA,18.3551847437426,"Asia","Western Asia",0.302,-0.886,-0.667,-1.049,0.357,-1.092,-0.237,-0.86,0.802,0.545,0.273,0.091,0.273,0.455,1,0.455,0.182,0.545,0.091,0.182,0.273,0.091,0.182,0.155,0.555,0.457,-0.61,-1.591,0.482,0.268,0.777,0.882,0.563,0.799,-0.949,-0.468,-0.902,-1.92,0.598,0.207,0.077,0.653
"JOR","JORDAN",1973,-9,0,530.783996638002,15.4193789796839,99.0712890625,NA,79.9468383789062,59.5818710327148,92.31774,8.06191551112544,NA,NA,NA,NA,1778094,48.8268062167657,NA,61.5285391809094,0,0.0348562593903057,NA,NA,NA,NA,NA,NA,NA,63.065,62.044,64.174,NA,NA,NA,NA,18.6651583710407,"Asia","Western Asia",0.302,-0.886,-0.667,-1.049,0.357,-1.092,0.681,-0.86,0.802,0.545,0.273,0.091,0.364,0.455,1,0.455,0.182,0.545,0.091,0.182,0.273,0.091,0.091,0.155,0.555,0.457,-0.61,-1.591,0.482,0.268,0.777,0.882,0.563,0.799,-0.949,-0.468,-0.902,-1.92,0.598,0.207,0.077,0.653
"JOR","JORDAN",1974,-10,0,651.095948462669,22.6668385985119,103.034088134766,NA,91.7117919921875,70.0364532470703,94.64391,14.8301788955146,NA,NA,NA,NA,1839182,48.8148535598978,NA,59.009592947887,0,4.40414727325972,NA,NA,NA,NA,NA,NA,NA,63.611,62.546,64.761,NA,NA,NA,NA,17.5099866844208,"Asia","Western Asia",0.302,-0.886,-0.667,-1.049,0.357,-1.092,-1.611,-0.86,0.802,0.545,0.273,0.091,0.364,0.455,1,0.455,0.182,0.545,0.091,0.182,0.273,0.091,0.091,0.155,0.555,0.457,-0.61,-1.591,0.482,0.268,0.777,0.882,0.563,0.799,-0.949,-0.468,-0.902,-1.92,0.598,0.207,0.077,0.653
"JOR","JORDAN",1975,-10,0,717.7640972871,10.2393739328042,104.874740600586,NA,99.6870880126953,80.2969131469727,95.026,6.92819454003212,NA,NA,NA,NA,1899055,48.804063073476,NA,59.9908235833907,0,4.30961931143511,NA,NA,NA,NA,NA,1.02600002288818,NA,64.148,63.07,65.303,NA,NA,NA,NA,15.2466367713004,"Asia","Western Asia",0.302,-0.886,-0.667,-1.049,0.357,-1.092,-1.611,-0.86,0.802,0.545,0.273,0.091,0.364,0.455,1,0.455,0.182,0.545,0.091,0.182,0.273,0.091,0.091,0.111,0.487,0.457,-0.61,NA,0.482,0.268,0.777,0.882,0.563,0.799,-0.949,-0.468,NA,NA,0.598,0.207,0.077,0.653
"JOR","JORDAN",1976,-10,0,872.506019353732,21.558883016231,105.788299560547,NA,99.2271728515625,85.0355911254883,95.67765,7.475317348378,NA,NA,NA,NA,1958177,48.7944143966557,NA,64.1748942172073,0,1.17264536605013,NA,NA,NA,NA,NA,NA,NA,64.654,63.581,65.795,NA,NA,NA,NA,17.2410145755326,"Asia","Western Asia",0.302,-0.886,-0.667,-1.049,0.357,-1.092,-1.611,-0.86,0.802,0.545,0.273,0.091,0.364,0.455,1,0.455,0.182,0.545,0.091,0.182,0.273,0.091,0.091,0.111,0.487,0.457,-0.61,NA,0.482,0.268,0.777,0.882,0.563,0.799,-0.949,-0.468,NA,NA,0.598,0.207,0.077,0.653
"JOR","JORDAN",1977,-10,0,1038.52230070493,19.0275227526988,107.378227233887,NA,100.487739562988,86.9910507202148,96.54132,7.6332560834299,NA,NA,NA,NA,2019002,48.786455493132,NA,61.8626882966396,0,3.03952238024009,NA,NA,NA,NA,NA,NA,NA,65.127,64.079,66.232,NA,NA,NA,NA,12.5292953756037,"Asia","Western Asia",0.302,-0.886,-0.667,-1.049,0.357,-1.092,-1.611,-0.86,0.802,0.545,0.273,0.091,0.364,0.455,1,0.455,0.182,0.545,0.091,0.182,0.273,0.091,0.091,0.111,0.487,0.457,-0.61,NA,0.482,0.268,0.777,0.882,0.563,0.799,-0.949,-0.468,NA,NA,0.598,0.207,0.077,0.653
"JOR","JORDAN",1978,-10,0,1248.90326044987,20.2577219191285,107.651351928711,NA,102.940299987793,92.3316879272461,97.41195,9.68188105117566,NA,NA,NA,NA,2083595,48.781025103247,NA,61.2599019238023,0,0.0822377060667953,NA,NA,NA,NA,NA,NA,NA,65.602,64.547,66.708,NA,NA,NA,NA,11.7174927582877,"Asia","Western Asia",0.302,-0.886,-0.667,-1.049,0.357,-1.092,-1.611,-0.86,0.802,0.545,0.273,0.091,0.364,0.455,1,0.455,0.182,0.545,0.091,0.182,0.273,0.091,0.091,0.111,0.487,0.457,-0.61,NA,0.482,0.268,0.777,0.882,0.563,0.799,-0.949,-0.468,NA,NA,0.598,0.207,0.077,0.653
"JOR","JORDAN",1979,-10,0,1518.82451343828,21.6126630089172,108.902526855469,NA,104.250877380371,92.7168121337891,96.9744,6.26972010178117,NA,NA,NA,NA,2153882,48.777834626038,NA,64.8651399491094,0,0.133059369924776,67,80,52,NA,NA,NA,NA,66.049,65.032,67.105,NA,NA,NA,NA,12.2138026147716,"Asia","Western Asia",0.302,-0.886,-0.667,-1.049,0.357,-1.092,-1.611,-0.86,0.802,0.545,0.273,0.091,0.364,0.455,1,0.455,0.182,0.545,0.091,0.182,0.273,0.091,0.091,0.111,0.487,0.457,-0.61,NA,0.482,0.268,0.777,0.882,0.563,0.799,-0.949,-0.468,NA,NA,0.598,0.207,0.077,0.653
"JOR","JORDAN",1980,-10,0,1750.09801076564,15.2271375185938,109.918937683105,NA,105.520881652832,95.6530303955078,91.70795,7.14224396943944,NA,NA,NA,NA,2234186,48.7750577726932,NA,62.7693364237274,0,0.788553523522306,NA,NA,NA,NA,NA,1.25769996643066,NA,66.493,65.519,67.492,NA,NA,NA,NA,10.6458785854718,"Asia","Western Asia",0.302,-0.886,-0.667,-1.049,0.357,0.117,-1.611,-0.86,0.802,0.545,0.273,0.091,0.364,0.455,1,0.455,0.273,0.545,0.091,0.182,0.273,0.091,0.091,0.118,0.487,0.457,-0.61,NA,0.482,0.268,0.777,0.882,0.563,0.799,-0.949,-0.468,NA,NA,0.598,0.207,0.077,0.653
"JOR","JORDAN",1981,-10,0,1885.14842198943,7.7167341710598,107.671508789062,NA,104.77645111084,96.2207565307617,89.5602,5.50876708546182,NA,NA,NA,NA,2325517,48.7724014799296,NA,61.3074692806848,0,1.11443256106891,NA,NA,NA,NA,NA,1.2063000202179,NA,66.92,65.991,67.865,NA,NA,NA,NA,10.0089735625043,"Asia","Western Asia",0.302,-0.886,-0.667,-1.049,0.357,0.117,-1.611,-0.86,0.802,0.545,0.273,0.091,0.364,0.455,1,0.455,0.273,0.545,0.091,0.182,0.273,0.091,0.091,0.118,0.487,0.457,-0.61,NA,0.482,0.268,0.777,0.882,0.563,0.799,-0.949,-0.468,NA,NA,0.598,0.207,0.077,0.653
"JOR","JORDAN",1982,-10,0,1928.87589643338,2.31957727751768,106.584747314453,NA,103.904930114746,97.2139511108398,89.26891,5.62996182049573,NA,NA,NA,NA,2426927,48.7701525427011,NA,61.2871947154718,0,0.649768134248387,NA,NA,NA,NA,NA,NA,NA,67.36,66.424,68.307,NA,NA,NA,NA,9.93969514227704,"Asia","Western Asia",0.302,-0.886,-0.667,-1.049,0.357,0.117,-1.611,-0.86,0.802,0.545,0.273,0.091,0.364,0.455,1,0.455,0.273,0.545,0.091,0.091,0.273,0.091,0.091,0.118,0.487,0.457,-0.61,NA,0.482,0.268,0.777,0.882,0.563,0.799,-0.949,-0.468,NA,NA,0.598,0.207,0.077,0.653
"JOR","JORDAN",1983,-10,0,1939.33654498872,0.542318382156292,103.476432800293,NA,98.714111328125,94.8625183105469,86.61166,6.15134893093026,NA,NA,NA,NA,2537307,48.7688718787281,NA,61.1832531064592,0,0.438094863985587,NA,NA,NA,NA,NA,NA,NA,67.778,66.804,68.762,NA,NA,NA,NA,9.85083816080374,"Asia","Western Asia",0.302,-0.886,-0.667,-1.049,0.357,0.117,-1.611,-0.86,0.802,0.545,0.273,0.091,0.364,0.455,1,0.455,0.273,0.545,0.091,0.182,0.273,0.091,0.091,0.118,0.487,0.457,-0.61,NA,0.482,0.268,0.777,0.882,0.563,0.799,-0.949,-0.468,NA,NA,0.598,0.207,0.077,0.653
"JOR","JORDAN",1984,-9,0,1871.09074979987,-3.51902795650391,102.407112121582,NA,101.624313354492,99.1366271972656,86.37609,5.11598680421009,NA,NA,NA,NA,2654688,48.7687634973438,NA,62.3082159501492,0.000496426494481332,0.0287825739217936,NA,NA,NA,NA,NA,NA,NA,68.206,67.202,69.22,NA,NA,NA,NA,9.21630028382016,"Asia","Western Asia",0.302,-0.886,-0.667,-1.049,0.357,0.117,-1.611,-1.303,0.802,0.545,0.273,0.091,0.364,0.455,1,0.455,0.273,0.545,0.091,0.182,0.273,0,0.091,0.163,0.534,0.457,-0.61,NA,0.482,0.268,0.777,0.882,0.563,0.799,-0.949,-0.468,-1.32,-1.939,0.598,0.207,0.077,0.653
"JOR","JORDAN",1985,-9,0,1797.02877146361,-3.95822481321025,101.725326538086,NA,101.479560852051,100.297019958496,87.18402,4.91728407591596,NA,NA,NA,NA,2778810,48.7673860393478,NA,64.5590175581041,0.0716634793005074,0.27744043322565,NA,NA,NA,NA,NA,1.20550000667572,NA,68.587,67.531,69.655,NA,NA,NA,NA,10.0481091285549,"Asia","Western Asia",0.302,-0.886,-0.667,-1.049,0.357,0.117,-1.611,-1.303,0.802,0.545,0.273,0.091,0.364,0.455,1,0.455,0.273,0.545,0.091,0.182,0.273,0.091,0.091,0.17,0.52,0.457,-0.61,NA,0.482,0.268,0.777,0.882,0.563,0.799,-0.949,-0.468,-1.32,-1.939,0.598,0.705,0.077,0.653
"JOR","JORDAN",1986,-9,0,2200.10278230881,22.4300254534552,102.903923034668,NA,NA,NA,NA,5.10153983485829,NA,NA,NA,NA,2909887,48.7672025639492,NA,60.098192367775,0.027717129766529,0.0513618019800394,NA,NA,NA,NA,NA,NA,NA,68.962,67.82,70.12,NA,NA,NA,NA,9.7745602563702,"Asia","Western Asia",0.302,-0.886,-0.667,-1.049,0.357,0.117,-1.611,-1.303,0.802,0.545,0.273,0.091,0.364,0.455,1,0.455,0.273,0.545,0.091,0.182,0.273,0.091,0.091,0.17,0.52,0.457,-0.61,NA,0.482,0.268,0.777,0.882,0.563,0.799,-0.949,-0.468,-1.32,-1.939,0.598,0.705,0.077,0.653
"JOR","JORDAN",1987,-9,0,2216.87045179385,0.76213118859127,101.015327453613,NA,88.2021408081055,87.6551208496094,NA,5.89058468535444,NA,NA,NA,NA,3047634,48.7712107162474,NA,60.3402282765557,0.0360830137355487,0.0588866174235615,NA,NA,NA,NA,NA,NA,NA,69.297,68.066,70.553,NA,NA,NA,NA,9.57758058943667,"Asia","Western Asia",0.302,-0.886,-0.667,-1.049,0.357,0.117,-1.611,-1.303,0.802,0.545,0.273,0.091,0.364,0.455,1,0.455,0.273,0.545,0.091,0.182,0.273,0.091,0.091,0.17,0.52,0.457,-0.61,NA,0.482,0.268,0.777,0.882,0.563,0.799,-0.949,-0.468,-1.32,-1.939,0.598,0.705,0.077,0.653
"JOR","JORDAN",1988,-9,0,1965.98031813995,-11.3173114581813,102.209671020508,NA,89.5646514892578,87.313720703125,NA,5.85631596867552,NA,NA,NA,NA,3193039,48.7775752190938,NA,63.0320054477358,0.0324807277661423,0.0577464099237752,NA,NA,NA,NA,NA,NA,NA,69.605,68.284,70.96,NA,NA,NA,NA,9.36361469576765,"Asia","Western Asia",0.283,-0.886,-0.667,-1.049,0.155,1.026,-1.611,-1.303,0.802,0.545,0.273,0.091,0.364,0.455,1,0.455,0.273,0.545,0.091,0.182,0.273,0.091,0.091,0.171,0.52,0.457,-0.61,NA,0.482,0.268,0.777,0.882,0.563,0.799,-0.949,-0.468,-1.32,-1.939,0.598,0.705,0.077,0.653
"JOR","JORDAN",1989,-4,0,1260.2518650001,-35.8970253480235,99.0986709594727,NA,89.0816421508789,86.9869689941406,NA,5.47103689960833,NA,NA,NA,NA,3349627,48.7866559470652,NA,64.6093588950732,0.0344011556409836,0.115317217325067,NA,NA,NA,NA,NA,NA,NA,69.865,68.462,71.308,NA,NA,NA,NA,9.07078095300923,"Asia","Western Asia",0.359,-0.534,-0.259,-0.095,0.155,1.026,-1.611,-0.661,1.417,0.545,0.273,0.091,0.455,0.455,1,0.455,0.273,0.545,0.091,0.182,0.273,0.091,0.091,0.176,0.521,0.457,-0.487,-0.827,0.482,0.268,0.777,0.882,0.563,0.799,-0.949,-0.468,-1.32,-1.939,0.598,0.705,0.077,0.643
"JOR","JORDAN",1990,-4,0,1148.59005469899,-8.86027733044468,97.5638580322266,NA,90.5999526977539,89.8780517578125,NA,6.88131541776828,NA,NA,0,18.0065915758212,3621908,48.2706628660916,96.8,60.385353663395,0.0698817164768138,0.202404188553642,NA,NA,NA,33.8106956481934,NA,1.7977999449,NA,70.094,68.627,71.608,NA,NA,90.0671422481537,70.6559896469116,7.75106758278973,"Asia","Western Asia",0.49,0.021,0.335,-0.092,0.155,1.026,-1.483,-0.661,1.94,0.545,0.273,0.091,0.455,0.455,1,0.455,0.273,0.545,0.091,0.182,0.273,0,0.091,0.197,0.544,0.663,-0.487,-0.827,0.482,0.268,0.777,0.77,0.563,0.799,-1.277,-0.557,-1.32,-1.939,0.598,0.705,0.077,0.562
"JOR","JORDAN",1991,-4,0,1109.65564611997,-3.38975672127192,99.4081573486328,NA,94.0866088867188,93.9301223754883,NA,7.2447599729547,NA,NA,NA,17.9499661933739,3915149,47.6956949286745,97.4160690307617,61.8593644354293,0.0165074302206483,0.140327109062995,NA,NA,NA,NA,NA,NA,NA,70.24,68.748,71.868,NA,NA,NA,NA,9.97308956172497,"Asia","Western Asia",0.49,0.021,0.335,-0.092,0.155,1.026,-1.483,-0.661,1.94,0.545,0.273,0.091,0.455,0.455,1,0.455,0.273,0.545,0.091,0.182,0.273,0.091,0.091,0.198,0.544,0.663,-0.487,-0.827,0.482,0.268,0.777,0.77,0.563,0.799,-1.277,-0.557,-1.32,-1.939,0.598,0.705,0.077,0.562
"JOR","JORDAN",1992,-2,0,1286.6347360596,15.9490099976922,101.963287353516,NA,96.914192199707,95.8501434326172,NA,6.84134721914469,NA,NA,NA,22.9722468424551,4127693,47.4872283379602,97.608268737793,57.9160203855528,0.00599677319327304,0.105092741184946,NA,NA,NA,NA,NA,NA,NA,70.4,68.856,72.112,NA,NA,NA,NA,6.92424871901399,"Asia","Western Asia",0.481,0.021,0.022,-0.092,0.155,1.026,-1.483,-0.661,1.94,0.545,0.273,0.091,0.455,0.455,1,0.455,0.273,0.545,0.091,0.182,0.273,0.091,0.091,0.199,0.544,0.663,-0.487,-0.827,0.482,0.268,0.777,0.77,0.563,0.799,-1.277,-0.557,-1.32,-1.939,0.598,0.705,0.077,0.562
"JOR","JORDAN",1993,-2,0,1289.4145431007,0.216052541035328,101.938140869141,NA,97.0982437133789,97.8165130615234,NA,5.12820512820513,NA,NA,NA,20.9162290186387,4348020,47.2958374836908,97.7974166870117,59.4840902069818,0.00269167787626671,0.105493099473635,NA,NA,NA,NA,NA,NA,NA,70.568,68.994,72.34,NA,NA,NA,NA,6.97710941703805,"Asia","Western Asia",0.481,0.021,0.022,-0.092,0.155,1.026,-1.483,-1.078,1.94,0.455,0.273,0.091,0.455,0.455,1,0.455,0.273,0.545,0.091,0.182,0.273,0.091,0.091,0.202,0.533,0.663,0.149,-1.415,0.482,0.268,0.777,0.77,0.563,0.799,-1.277,-0.557,-1.32,-1.939,0.598,0.705,0.077,0.573
"JOR","JORDAN",1994,-2,0,1367.18721776691,6.03162691799545,100.094711303711,NA,102.911918640137,101.832801818848,NA,4.42705345053129,NA,NA,NA,19.990820003213,4561406,47.1626511650136,97.9804382324219,57.9785647075024,0.00219146843951796,0.148673914235745,NA,NA,NA,NA,NA,1.6302000284,NA,70.738,69.105,72.605,NA,NA,NA,NA,6.53945701855829,"Asia","Western Asia",0.481,0.021,0.022,-0.092,0.155,1.026,-1.483,-0.671,1.94,0.545,0.273,0.091,0.455,0.455,1,0.455,0.273,0.545,0.091,0.182,0.273,0.091,0.091,0.199,0.537,0.663,0.149,-1.415,0.482,0.268,0.777,0.77,0.563,0.799,-1.277,-0.557,-1.32,-1.939,0.598,0.705,0.077,0.637
"JOR","JORDAN",1995,-2,0,1415.71151592128,3.54920654053707,97.9494018554688,NA,NA,NA,NA,3.68634271533714,NA,NA,0.0232,20.7086346957389,4752096,47.1178612553282,98.1451110839844,59.2784270473201,0.00199966150502877,0.162141365161121,NA,NA,NA,NA,NA,NA,NA,70.915,69.242,72.848,NA,NA,NA,NA,4.45424850464514,"Asia","Western Asia",0.481,0.021,0.022,-0.092,0.155,1.026,-1.483,-0.671,1.94,0.545,0.273,0.091,0.545,0.455,1,0.455,0.273,0.545,0.091,0.182,0.182,0.091,0.091,0.199,0.537,0.663,0.149,-1.415,0.482,0.268,0.777,0.77,0.563,0.799,-1.277,-0.557,-1.32,-1.939,0.598,0.705,0.077,0.637
"JOR","JORDAN",1996,-2,0,1410.17424189419,-0.391130111242092,96.462890625,NA,96.8255920410156,98.1959533691406,NA,3.22909031680104,NA,NA,0.0449,21.6896734261748,4912516,47.1613120445816,98.3044281005859,61.3221760729701,0.00316985261542321,0.168204730106275,NA,NA,NA,NA,NA,NA,NA,71.105,69.391,73.097,NA,NA,NA,NA,6.02691751674709,"Asia","Western Asia",0.481,0.021,0.022,-0.092,0.155,1.026,-1.483,-0.671,0.732,0.545,0.273,0.091,0.545,0.455,1,0.455,0.273,0.545,0.091,0.182,0.182,0.091,0.091,0.199,0.537,0.663,0.149,-1.415,0.482,0.268,0.777,0.77,0.563,0.799,-1.277,-0.557,-1.32,-1.939,0.598,0.705,0.077,0.637
"JOR","JORDAN",1997,-2,0,1435.87593846863,1.82259013183483,NA,NA,NA,NA,NA,2.88673038366457,NA,NA,0.599,19.0557296634419,5046285,47.2665535141198,98.9,63.615128569482,0.00274324747429505,0.171269414531608,NA,NA,NA,28.5453681945801,NA,1.7999999523,NA,71.324,69.561,73.378,NA,NA,97.2432971000671,86.9970321655273,6.13150620936661,"Asia","Western Asia",0.481,0.021,0.022,-0.092,0.155,1.026,-1.483,-1.055,0.732,0.545,0.273,0.091,0.545,0.455,1,0.455,0.273,0.545,0.091,0.182,0.182,0.091,0.091,0.199,0.537,0.663,0.149,-1.433,0.482,0.268,0.777,0.77,0.563,0.799,-1.277,-0.557,-1.32,-1.939,0.598,0.705,0.077,0.636
"JOR","JORDAN",1998,-2,0,1532.11380395602,6.70238026204606,93.6469421386719,NA,NA,NA,NA,2.57941459588577,NA,NA,1.31,18.1234625120325,5164284,47.3958931391277,98.5744476318359,61.9291240329424,0.0016900846715067,0.171082220315789,NA,NA,NA,NA,NA,NA,NA,71.521,69.746,73.586,NA,NA,NA,NA,6.27462165100982,"Asia","Western Asia",0.481,0.021,0.022,-0.092,0.155,1.026,-1.483,-0.637,0.732,0.545,0.182,0,0.545,0.364,1,0.455,0.182,0.545,0,0.091,0.091,0,0.182,0.197,0.535,0.663,0.149,-1.433,0.482,0.268,0.777,0.77,0.563,0.799,-1.277,-0.557,-1.32,-1.939,0.598,0.705,0.077,0.628
"JOR","JORDAN",1999,-2,0,1544.58750592979,0.814149832836309,93.1974411010742,NA,92.6347122192383,92.9776306152344,87.10463,2.00578024678539,NA,NA,2.53,18.1087863212364,5276444,47.5245359328108,98.6805114746094,62.5824204350761,0.00234588325602697,0.133271801510985,NA,NA,NA,NA,NA,NA,NA,71.737,69.936,73.829,NA,NA,NA,NA,6.28223322141843,"Asia","Western Asia",0.443,-0.107,0.022,-0.092,0.155,1.026,-1.483,-0.637,0.732,0.545,0.273,0,0.545,0.364,1,0.455,0.182,0.545,0,0.091,0.091,0.091,0.182,0.199,0.533,0.663,0.149,-1.433,0.482,0.363,0.777,0.77,0.563,0.799,-1.277,-0.557,-1.32,-1.939,0.598,0.705,0.077,0.628
"JOR","JORDAN",2000,-2,0,1570.61002940477,1.68475553344033,89.9952697753906,NA,87.0530395507812,89.0031890869141,87.77451,2.01543667794689,NA,NA,2.62,18.9981162585227,5386945,47.6469687364545,98.766845703125,64.3189357694167,0.00382518728310133,0.154211840900311,NA,NA,NA,NA,9.34367943,1.7,7.5,71.926,70.064,74.09,NA,NA,NA,NA,6.25655642564826,"Asia","Western Asia",0.443,-0.107,0.022,-0.092,0.155,1.026,-1.483,-0.637,0.732,0.545,0.273,0,0.636,0.455,1,0.364,0.182,0.545,0,0.091,0.091,0.091,0.182,0.133,0.471,0.524,0.149,NA,0.482,0.363,0.777,0.77,0.563,0.799,-1.277,-0.557,NA,NA,0.598,0.705,0.077,0.503
"JOR","JORDAN",2001,-2,0,1632.29454010563,3.9274237109155,NA,NA,NA,NA,NA,1.9532661816239,NA,NA,4.71,18.6804846237252,5498894,47.7593676110141,98.8362655639648,64.4734981221616,0.00270497731455219,0.158418274554894,NA,NA,NA,NA,9.57236385,1.7,8.2,72.141,70.284,74.292,NA,NA,NA,NA,5.89307853514787,"Asia","Western Asia",0.443,-0.107,0.022,-0.092,0.155,1.026,-1.483,-0.637,0.732,0.545,0.273,0.091,0.636,0.455,1,0.455,0.182,0.455,0,0.091,0.182,0.091,0.182,0.133,0.471,0.524,0.149,NA,0.482,0.363,0.777,0.77,0.563,0.799,-1.277,-0.557,NA,NA,0.598,0.705,0.077,0.503
"JOR","JORDAN",2002,-2,0,1706.26744384401,4.53183551870442,93.9076538085938,NA,85.7518692016602,85.5434875488281,89.65828,2.19163968207242,NA,NA,6.03,17.4816014130115,5616066,47.8590800287817,99.5,64.0638798940241,0.00236581016892771,0.123626823797328,NA,NA,NA,22.1127109527588,9.2786417,1.7,7.3,72.359,70.501,74.506,NA,0.778582334518433,98.6784517765045,90.9619808197021,5.44601446661176,"Asia","Western Asia",0.443,-0.107,0.022,-0.092,0.155,1.026,-1.483,-1.075,0.732,0.545,0.273,0.091,0.636,0.455,1,0.455,0.182,0.545,0.091,0.091,0.182,0.091,0.182,0.133,0.471,0.524,0.149,NA,0.482,0.363,0.777,0.77,0.563,0.799,-1.277,-0.557,NA,NA,0.598,0.705,0.077,0.503
"JOR","JORDAN",2003,-2,0,1775.67625581432,4.0678741319673,95.4888534545898,NA,88.6282424926758,88.8279113769531,90.93573,2.46655691894808,NA,NA,8.47,18.2179368351156,5741828,47.9433121397381,98.9447326660156,64.5067577849406,0.00236399852541283,0.134054666661212,90,95,85,NA,8.78901005,1.81,7.4,72.585,70.712,74.749,NA,NA,NA,NA,6.00105948173936,"Asia","Western Asia",0.443,-0.107,0.022,-0.092,0.155,1.026,-1.483,-0.455,0.732,0.545,0.273,0.091,0.636,0.455,1,0.455,0.182,0.545,0.091,0.182,0.182,0.091,0.182,0.155,0.485,0.524,0.149,-1.43,0.482,0.363,0.777,0.77,0.563,0.799,-1.277,-0.557,-1.375,-1.328,0.508,0.705,0.077,0.575
"JOR","JORDAN",2004,-2,0,1940.08641342805,9.25901650570486,96.6252517700195,NA,90.3439483642578,89.9772491455078,91.02632,2.49786797513256,NA,NA,11.7,20.9955023421375,5882061,48.0043814574517,99.173436820348,64.3513082598969,0.00252507093423412,0.127634442261952,NA,NA,NA,NA,8.74670506,1.77,7.3,72.788,70.92,74.942,NA,NA,NA,NA,5.14172128874042,"Asia","Western Asia",0.443,-0.107,0.022,-0.092,0.155,1.026,-1.483,-0.455,0.732,0.545,0.273,0.091,0.636,0.455,1,0.455,0.182,0.545,0.091,0.182,0.182,0.091,0.182,0.205,0.533,0.524,0.149,-1.43,0.482,0.363,0.777,0.77,0.563,0.799,-1.277,-0.557,-1.375,-1.328,0.508,0.705,0.077,0.636
"JOR","JORDAN",2005,-2,0,2087.87079273635,7.6174122083135,96.5220336914062,NA,93.8769302368164,94.8951416015625,89.88528,2.75835798153626,NA,NA,12.9,24.4151653670341,6029587,48.0508286801685,99.0523071289063,65.0443667652595,0.00299417370715913,0.122013748794983,91,95,87,NA,8.49441624,1.79,8,72.977,71.082,75.169,NA,NA,NA,NA,4.79532278988433,"Asia","Western Asia",0.443,-0.107,0.022,-0.092,0.155,1.026,-1.483,-0.455,0.732,0.5,0.25,0.083,0.584,0.417,0.917,0.417,0.167,0.5,0.083,0.167,0.167,0.083,0.167,0.206,0.523,0.524,0.149,-1.43,0.482,0.363,0.777,0.77,0.563,0.799,-0.766,-0.557,-1.375,-1.328,0.508,0.705,0.077,0.636
"JOR","JORDAN",2006,-2,0,2342.63459574933,12.2020866377027,95.7085113525391,NA,92.1014633178711,94.4484710693359,87.97299,2.58350975139105,NA,NA,13.9,24.5548644547277,6427371,48.095667731021,99.1206359863281,63.7999512898814,0.00336695469227265,0.465565080137658,NA,NA,NA,NA,7.67925692,1.81,7.8,73.225,71.321,75.431,NA,0.823358356952667,NA,NA,4.65932400854871,"Asia","Western Asia",0.501,0.213,0.176,0.193,0.34,1.026,-1.483,-0.455,0.732,0.5,0.25,0.083,0.667,0.5,1,0.417,0.167,0.583,0.083,0.25,0.25,0.083,0.25,0.207,0.523,0.524,0.149,-1.43,0.482,0.363,0.777,0.77,0.563,0.799,-0.766,-0.557,-1.375,-1.328,0.508,0.705,0.077,0.636
"JOR","JORDAN",2007,-3,0,2506.20599484139,6.98236931140936,93.8907775878906,NA,96.4868011474609,97.1392288208008,85.20743,2.53146818560253,NA,NA,20,24.6898518707805,6827227,48.1382487885274,98.8,63.1399767543462,0.0032269913821269,0.765508276851273,92,95,89,19.3060646057129,7.90982628,1.7,6.7,73.407,71.499,75.622,NA,0.837514340877533,99.2366135120392,94.3956017494202,5.85128256624216,"Asia","Western Asia",0.501,0.213,0.176,0.193,0.34,1.026,-1.483,-0.455,0.732,0.5,0.25,0.083,0.667,0.5,1,0.417,0.167,0.583,0.083,0.25,0.25,0.083,0.25,0.207,0.522,0.524,0.149,-1.074,0.482,0.363,0.777,0.77,0.563,0.799,-0.766,-0.557,-1.375,-1.328,0.508,0.705,0.077,0.633
"JOR","JORDAN",2008,-3,0,3241.6524135556,29.3450107544234,91.7442932128906,NA,94.9646301269531,94.9107666015625,82.77949,2.87730028271515,NA,NA,23,17.152210648873,6989866,48.1823828954661,99.3095474243164,58.7905592630613,0.0047965442664046,5.65269978809189,NA,NA,NA,NA,8.48880577,1.69,6.8,73.563,71.668,75.764,NA,0.816990971565247,NA,NA,5.99497156149729,"Asia","Western Asia",0.501,0.213,0.176,0.193,0.34,1.026,-1.483,-0.455,0.732,0.5,0.25,0.083,0.667,0.5,1,0.417,0.167,0.583,0.083,0.25,0.25,0.083,0.25,0.207,0.516,0.524,0.149,-1.074,0.482,0.363,0.777,0.77,0.563,0.799,-0.766,-0.557,-1.375,-1.328,0.508,0.705,0.077,0.608
"JOR","JORDAN",2009,-3,0,3435.8337590698,5.99019637954375,NA,NA,NA,NA,NA,3.23670988202659,NA,NA,26,16.5303515829394,7141753,48.2248545980238,99.4,59.7286781481598,0.00223180513092879,3.86553108888157,NA,NA,NA,23.1109123229981,9.22396946,1.67,6.7,73.707,71.792,75.938,NA,0.828868865966797,NA,NA,6.39138388037152,"Asia","Western Asia",0.501,0.213,0.176,0.193,0.34,1.026,-1.483,-0.398,0.732,0.5,0.25,0.083,0.667,0.5,1,0.417,0.167,0.583,0.083,0.25,0.25,0.083,0.25,0.207,0.515,0.477,0.149,-1.074,0.482,0.363,0.777,0.77,0.563,0.799,-0.766,-0.557,-1.375,-1.328,0.508,0.705,0.077,0.618
"JOR","JORDAN",2010,-3,0,3718.46571622945,8.22600792059766,89.6905288696289,NA,NA,NA,80.7257,3.57519109394284,NA,NA,27.2,15.4990908124012,7297043,48.2651468183555,99.5734558105469,59.1152821637538,0.00222485703710613,1.66596420639584,93,96,89,NA,8.17025661,1.7,5.8,73.797,71.891,76.02,NA,0.816678404808044,NA,NA,5.74149982771799,"Asia","Western Asia",0.501,0.213,0.176,0.193,0.34,1.026,-1.4,-0.398,0.867,0.5,0.25,0.083,0.667,0.5,1,0.417,0.167,0.583,0.083,0.25,0.25,0.083,0.25,0.211,0.516,0.477,0.29,-1.084,0.482,0.363,0.777,0.628,0.563,0.799,-0.766,-0.463,-1.375,-1.328,0.508,0.705,0.077,0.616
"JOR","JORDAN",2011,-3,0,3946.85503855525,6.14203114281737,90.3731994628906,NA,85.33740234375,85.2825164794922,78.26942,3.50500327354367,NA,NA,34.9,14.6082372225069,7480424,48.3030641043877,99.7201690673828,58.905338980586,0.00229864970418629,3.31767245058233,96,98,94,NA,8.14807701,1.69,5.4,73.929,72.001,76.183,NA,0.83185350894928,NA,NA,5.40164163067694,"Asia","Western Asia",0.501,0.213,0.176,0.292,0.34,1.026,-1.117,-0.398,0.867,0.5,0.25,0.083,0.667,0.5,1,0.417,0.167,0.583,0.083,0.25,0.25,0.083,0.25,0.217,0.495,0.477,0.719,-1.084,0.482,0.462,0.777,0.628,0.563,0.799,-0.766,-0.463,-1.375,-1.328,0.508,0.972,0.077,0.608
"JOR","JORDAN",2012,-3,0,4169.50470054618,5.64119177968166,90.9311828613281,NA,NA,NA,75.45445,3.30511928769937,NA,NA,37,14.9212805170996,7587127,48.3397143161418,99.5,60.2740705401065,0.00247522898810274,2.90847924194887,98,98,97,17.2140197753906,7.81799555,1.68,5.1,74.087,72.149,76.359,NA,0.835534393787384,99.3963360786438,94.3353295326233,4.65572090662121,"Asia","Western Asia",0.542,0.213,0.169,0.488,0.895,1.026,-1.117,-0.398,0.867,0.5,0.25,0.083,0.667,0.5,1,0.417,0.167,0.583,0.083,0.25,0.25,0.083,0.25,0.217,0.494,0.477,0.852,-1.084,0.482,0.462,0.777,0.628,0.563,0.888,-0.766,-0.463,-1.375,-1.328,0.508,1.232,0.077,0.608
"JOR","JORDAN",2013,-3,0,4311.21916713038,3.39883215782527,93.7163696289062,NA,89.2903671264648,89.203971862793,74.83179,3.58301864444177,NA,NA,41.4,14.9305149962785,7991809,48.2842745616168,99.9419403076172,60.4143618522153,0.00191267840155804,1.27909933438596,NA,NA,NA,NA,7.16592407,1.57,5.1,74.282,72.333,76.569,NA,0.827205955982208,NA,NA,4.19373981956594,"Asia","Western Asia",0.555,0.269,0.394,0.592,0.736,0.875,-1.233,-0.272,0.251,0.5,0.25,0.083,0.667,0.5,1,0.417,0.167,0.583,0.083,0.25,0.25,0.083,0.25,0.222,0.474,0.839,1.211,-0.562,0.482,0.213,0.777,0.628,0.45,0.888,-0.766,-0.512,-1.349,-0.824,0.508,1.232,0.295,0.515
"JOR","JORDAN",2014,-3,0,4191.18050084986,-2.78433226488968,97.6110076904297,NA,94.2901992797852,94.4671478271484,NA,3.96844457372356,12.9,NA,46.2,15.4316440340028,8791710,48.1564168794902,99.9855880737305,60.0883163094394,0.00161998790264992,1.19542288638141,NA,NA,NA,NA,7.20892906,1.43,5.4,74.606,72.662,76.873,NA,0.821155667304993,NA,NA,4.20345261907888,"Asia","Western Asia",0.56,0.235,0.44,0.592,0.773,0.918,-1.004,-0.324,0.251,0.5,0.25,0.083,0.667,0.5,1,0.417,0.167,0.583,0.083,0.25,0.25,0.083,0.25,0.222,0.471,0.839,1.211,-0.562,0.482,0.272,0.777,0.628,0.45,0.888,-0.766,-0.512,-1.349,-0.824,0.508,1.242,0.295,0.512
"JOR","JORDAN",2015,-3,0,4042.75678097555,-3.54133447233337,NA,NA,NA,NA,NA,4.39226865861151,NA,NA,54.2,14.9510256180555,9544729,48.1186003290402,99.9983215332031,60.1407620756871,0.000429911043278417,1.39974257822882,NA,NA,NA,NA,7.4609561,1.38,5.7,75.06,73.125,77.295,NA,NA,NA,NA,4.1851629472753,"Asia","Western Asia",0.574,0.235,0.44,0.592,1.104,0.918,-1.004,-0.324,0.251,0.5,0.25,0.083,0.667,0.5,1,0.417,0.167,0.583,0.083,0.25,0.25,0.083,0.25,0.223,0.471,0.839,1.211,-0.562,0.482,0.272,0.777,0.628,0.45,0.888,-0.766,-0.512,-1.349,-0.824,0.508,1.242,0.295,0.512
"JOR","JORDAN",2016,-3,0,3986.71677010853,-1.3861830899829,98.4272994995117,NA,93.7528762817383,94.8538284301758,76.75783,4.50634129998352,23.4,NA,56.2,15.0206304355319,10006367,48.152931028814,100,60.6938974836959,0.000250812593463262,1.12573697471708,NA,NA,NA,NA,6.97644138,1.38,5.4,75.55,73.586,77.814,NA,0.876190662384033,NA,NA,4.43550630070496,"Asia","Western Asia",0.574,0.235,0.44,0.592,1.104,0.918,-1.215,-0.356,-0.039,0.5,0.25,0.083,0.667,0.5,1,0.417,0.25,0.583,0.083,0.25,0.25,0.083,0.25,0.195,0.443,0.658,1.258,-0.585,0.482,0.272,0.777,0.628,0.389,0.888,0.327,-0.512,-1.349,-0.824,0.508,1.242,0.295,0.517
"JOR","JORDAN",2017,-3,0,4065.61628749384,1.97906001190955,98.558952331543,NA,94.7467803955078,94.0446701049805,80.09353,4.44200042789941,NA,NA,64.5,14.7021242425125,10234226,48.1877234108644,NA,60.3679183488979,0.000211794657558038,0.869000683008148,NA,NA,NA,NA,7.10953665,1.45,6.7,76.071,74.068,78.378,NA,NA,99.7904717922211,90.7865285873413,4.6843537414966,"Asia","Western Asia",0.574,0.235,0.44,0.592,1.104,0.918,-1.176,-0.356,0.321,0.5,0.25,0.083,0.667,0.5,1,0.417,0.25,0.583,0.083,0.25,0.25,0.083,0.25,0.237,0.421,0.681,1.258,-0.585,0.603,0.344,1.079,0.628,0.389,0.888,0.327,-0.078,-1.195,-0.824,0.481,1.023,0.295,0.513
"JOR","JORDAN",2018,-3,0,4145.43989673265,1.96338275907526,98.8939208984375,NA,96.343391418457,95.0934295654297,80.8644,4.38084392944674,NA,NA,65.2,14.7288480451847,10462306,48.2217782580628,NA,60.4766455270866,0.000980515945675632,0.719072817629181,95.4314498901367,96.7476425170898,94.1569595336914,NA,6.98295021,1.41,5,76.491,74.456,78.834,NA,NA,NA,NA,4.56009087117148,"Asia","Western Asia",0.556,0.235,0.422,0.592,0.953,0.918,-1.212,-0.295,0.321,0.5,0.25,0.083,0.667,0.5,1,0.417,0.25,0.583,0.083,0.25,0.25,0.083,0.25,0.242,0.388,0.701,1.258,-0.585,0.603,0.696,1.016,0.628,0.519,0.888,0.327,0.222,-1.195,-0.824,0.573,1.377,0.295,0.521
"JOR","JORDAN",2019,NA,0,4170.1144003465,0.595220392250722,98.8603286743164,NA,97.2035522460938,96.3266983032227,NA,4.37193790468563,NA,NA,70.1,14.8140015671358,10671891,48.2551499073594,NA,61.2229700766062,0.000787731412940435,0.0428576620025569,NA,NA,NA,NA,7.07244635,1.36,5.5,76.865,74.806,79.231,NA,NA,NA,NA,4.56623750321627,"Asia","Western Asia",0.555,0.235,0.301,0.592,0.953,0.918,-1.212,-0.104,0.321,0.5,0.2,0.1,0.6,0.4,1,0.5,0.2,0.5,0.1,0.2,0.2,0.1,0.2,0.239,0.409,0.701,1.099,-0.585,0.603,0.372,1.016,0.628,0.519,0.888,0.327,0.222,-1.195,-0.824,0.573,1.377,0.295,0.521
"JOR","JORDAN",2020,NA,0,4022.0401356135,-3.55084418596996,98.9605331420898,NA,98.246337890625,97.0451812744141,NA,4.64657447164546,NA,NA,78.4,15.9811020446786,10865228,48.2910757409854,NA,61.7764845713797,0.000467720334463903,0.0516759121146319,NA,NA,NA,NA,7.11578226,1.37,4.6,75.583,73.371,78.252,NA,NA,NA,NA,4.7175756760932,"Asia","Western Asia",0.547,0.235,0.255,0.592,0.846,1.278,-1.212,-0.104,0.321,0.5,0.2,0.1,0.6,0.4,1,0.6,0.1,0.5,0,0.1,0.1,0,0.2,0.241,0.396,0.701,1.099,-1.007,0.603,0.372,0.916,1.499,0.519,0.888,0.327,-0.274,-1.195,-0.824,0.573,1.377,0.295,0.525
"KWT","KUWAIT",1961,NA,0,NA,NA,NA,NA,NA,NA,NA,NA,NA,NA,NA,NA,345945,39.9527091089887,NA,NA,NA,NA,NA,NA,NA,NA,NA,NA,NA,60.235,58.375,62.188,NA,NA,NA,NA,NA,"Asia","Western Asia",0.461,-0.317,0.872,1.028,0.088,-1.401,-1.396,0.065,0.275,0.756,0,0,0.589,0.089,0.167,0.256,0.167,0.667,0,0,0,0,0.578,0.177,0.458,1.291,0.113,-0.141,-0.606,-0.349,-1.001,0.87,0.766,1.215,1.309,1.551,-0.762,0.475,0.583,-0.71,-1.369,0.619
"KWT","KUWAIT",1962,NA,0,4748.39284354226,NA,NA,NA,NA,NA,NA,NA,NA,NA,NA,NA,384995,39.7254509798829,NA,NA,NA,NA,NA,NA,NA,NA,NA,NA,NA,61.259512195122,59.42,63.191,NA,NA,NA,NA,NA,"Asia","Western Asia",0.479,-0.317,0.872,1.028,0.565,-0.407,-1.396,0.065,0.275,0.833,0,0.167,0.667,0.333,0.333,0.333,0.167,0.667,0,0.167,0,0,0.5,0.216,0.417,1.291,0.738,-0.141,-0.606,-0.349,-0.094,0.87,0.766,1.215,1.309,1.551,-0.762,0.475,0.861,-0.469,-0.852,0.553
"KWT","KUWAIT",1963,-8,0,4444.5230858112,-6.39942329422719,NA,NA,NA,NA,NA,NA,NA,NA,NA,NA,427694,39.6325410223197,NA,NA,NA,NA,NA,NA,NA,NA,NA,NA,NA,62.2694146341463,60.446,64.184,NA,NA,NA,NA,NA,"Asia","Western Asia",0.479,-0.317,0.872,1.028,0.565,-0.407,-1.396,0.065,0.275,0.833,0,0.167,0.667,0.333,0.333,0.333,0.167,0.667,0,0.167,0,0,0.5,0.254,0.372,1.291,0.671,-0.575,-0.622,-0.349,0.143,0.87,0.766,1.215,1.309,1.551,-0.916,1.159,1.343,0.839,-0.852,0.6
"KWT","KUWAIT",1964,-8,0,4378.78429775998,-1.47909655956307,NA,NA,NA,NA,NA,NA,NA,NA,NA,NA,473115,39.5760016063748,NA,NA,NA,NA,NA,NA,NA,NA,NA,NA,NA,63.2567073170732,61.445,65.159,NA,NA,NA,NA,NA,"Asia","Western Asia",0.479,-0.317,0.872,1.028,0.565,-0.407,-1.396,0.065,0.275,0.833,0,0.167,0.667,0.333,0.333,0.333,0.167,0.667,0,0.167,0,0,0.5,0.254,0.372,1.291,0.671,-0.575,-0.622,-0.349,0.143,0.87,0.766,1.215,1.309,1.551,-0.916,1.159,1.343,0.839,-0.852,0.603
"KWT","KUWAIT",1965,-9,0,4023.99037772478,-8.10256673791169,NA,NA,NA,NA,NA,NA,NA,NA,NA,NA,521174,39.5531251499017,NA,NA,NA,NA,NA,NA,NA,NA,NA,NA,NA,64.217487804878,62.417,66.108,NA,NA,NA,NA,NA,"Asia","Western Asia",0.479,-0.317,0.872,1.028,0.565,-0.407,-1.396,0.065,0.275,0.833,0,0.167,0.667,0.333,0.333,0.333,0.167,0.667,0,0.167,0,0,0.5,0.257,0.372,1.291,0.671,-0.575,-0.622,-0.349,0.143,0.87,0.766,1.215,1.309,1.551,-0.916,1.159,1.343,0.839,-0.852,0.603
"KWT","KUWAIT",1966,-9,0,4176.11038180964,3.78032723256338,NA,NA,NA,NA,NA,NA,NA,NA,NA,NA,572590,39.949597355171,NA,NA,NA,NA,NA,NA,NA,NA,NA,NA,NA,65.1482682926829,63.359,67.027,NA,NA,NA,NA,NA,"Asia","Western Asia",0.479,-0.317,0.872,1.028,0.565,-0.407,-1.396,0.065,0.275,0.833,0,0.167,0.667,0.333,0.333,0.333,0.167,0.667,0,0.167,0,0,0.5,0.284,0.372,1.291,0.671,-0.575,-0.622,-0.349,0.143,0.87,0.766,1.215,1.309,1.551,-0.916,1.159,1.343,0.839,-0.852,0.603
"KWT","KUWAIT",1967,-9,0,3887.34562038245,-6.91468220488126,NA,NA,NA,NA,NA,NA,NA,NA,NA,NA,628089,40.6754456772846,NA,NA,NA,NA,NA,NA,NA,NA,NA,NA,NA,66.031,64.251,67.9,NA,NA,NA,NA,NA,"Asia","Western Asia",0.479,-0.317,0.872,1.028,0.565,-0.407,-1.392,0.065,0.275,0.833,0,0.167,0.667,0.333,0.333,0.333,0.167,0.667,0,0.167,0,0,0.5,0.268,0.398,1.291,-0.132,-1.393,-0.622,-0.349,0.143,0.87,0.766,1.215,1.309,1.551,-0.916,1.159,1.343,0.839,-0.852,0.686
"KWT","KUWAIT",1968,-9,0,3871.94559219275,-0.396157936380882,NA,NA,NA,NA,NA,NA,NA,NA,NA,NA,687716,41.3274394189454,NA,NA,NA,NA,NA,NA,NA,NA,NA,NA,NA,66.8460487804878,65.068,68.713,NA,NA,NA,NA,NA,"Asia","Western Asia",0.479,-0.317,0.872,1.028,0.565,-0.407,-1.392,0.065,0.275,0.833,0,0.167,0.667,0.333,0.333,0.333,0.167,0.667,0,0.167,0,0,0.5,0.268,0.39,1.291,0.09,-1.393,-0.622,-0.349,0.143,0.87,0.766,1.215,1.309,1.551,-0.916,1.159,1.343,0.839,-0.852,0.692
"KWT","KUWAIT",1969,-9,0,3694.96497750415,-4.57084456572576,NA,NA,NA,NA,NA,NA,NA,NA,NA,NA,749452,41.8991476438785,NA,NA,NA,NA,NA,NA,NA,NA,NA,NA,NA,67.5747804878049,65.786,69.453,NA,NA,NA,NA,NA,"Asia","Western Asia",0.479,-0.317,0.872,1.028,0.565,-0.407,-1.392,0.065,0.275,0.833,0,0.167,0.667,0.333,0.333,0.333,0.167,0.667,0,0.167,0,0,0.5,0.268,0.39,1.291,0.09,-1.393,-0.622,-0.349,0.143,0.87,0.766,1.215,1.309,1.551,-0.916,1.159,1.343,0.839,-0.852,0.692
"KWT","KUWAIT",1970,-9,0,3551.58710706336,-3.88035803623876,NA,NA,NA,NA,NA,NA,NA,NA,NA,NA,809114,42.3812960843589,NA,NA,34.8911039745328,34.8918112884012,NA,NA,NA,NA,NA,4.83470010757446,NA,68.2020487804878,66.384,70.111,NA,NA,NA,NA,2.39278752436647,"Asia","Western Asia",0.479,-0.317,0.872,1.028,0.565,-0.407,-1.392,0.065,0.374,0.833,0,0.167,0.667,0.333,0.333,0.333,0.167,0.667,0,0.167,0,0,0.5,0.269,0.388,1.291,0.52,-1.393,-0.622,-0.349,0.143,0.87,0.766,1.215,1.309,1.551,-0.916,1.159,1.343,0.839,-0.852,0.692
"KWT","KUWAIT",1971,-8,0,4485.60842678202,26.2987022861156,76.3227767944336,NA,55.7939186096191,47.228630065918,61.4527,NA,NA,NA,NA,NA,865076,42.8012105294795,NA,NA,36.7302750498032,37.5826096988273,NA,NA,NA,NA,NA,NA,NA,68.7147317073171,66.844,70.679,NA,NA,NA,NA,1.89218523878437,"Asia","Western Asia",0.479,-0.317,0.872,1.028,0.565,-0.407,-1.392,0.065,0.374,0.833,0,0.167,0.667,0.333,0.333,0.333,0.167,0.667,0,0.167,0,0,0.5,0.28,0.374,1.291,0.52,-0.572,-0.622,-0.349,0.143,0.87,0.766,1.215,1.309,1.551,-0.916,1.159,1.343,0.839,-0.852,0.61
"KWT","KUWAIT",1972,-8,0,4835.69104574325,7.80457377578942,77.5897827148438,NA,52.3324394226074,44.6374816894531,64.17983,NA,NA,NA,NA,37.431693989071,920352,43.1858680157157,NA,NA,41.9853561576658,42.9460171083606,NA,NA,NA,NA,NA,NA,NA,69.1198048780488,67.172,71.165,NA,NA,NA,NA,2.03893442622951,"Asia","Western Asia",0.479,-0.317,0.872,1.028,0.565,-0.407,-1.392,0.065,0.374,0.833,0,0.167,0.667,0.333,0.333,0.333,0.167,0.667,0,0.167,0,0,0.5,0.28,0.373,1.291,0.52,-0.572,-0.622,-0.349,0.143,0.87,0.766,1.215,1.309,1.551,-0.916,1.159,1.343,0.839,-0.852,0.604
"KWT","KUWAIT",1973,-8,0,5532.43234039128,14.4083087206607,79.245231628418,NA,52.4736709594727,40.4444808959961,67.56446,NA,NA,NA,NA,37.2171311015523,977654,43.5391698281497,NA,NA,47.6711751051206,48.5285382564292,NA,NA,NA,NA,NA,NA,NA,69.4439756097561,67.403,71.587,NA,NA,NA,NA,2.52493765586035,"Asia","Western Asia",0.479,-0.317,0.872,1.028,0.565,-0.407,-1.392,0.065,0.374,0.833,0,0.167,0.667,0.333,0.333,0.333,0.167,0.667,0,0.167,0,0,0.5,0.276,0.393,1.291,0.52,-0.572,-0.622,-0.349,0.143,0.87,0.766,1.839,0.566,0.91,-0.916,1.159,1.343,0.839,-0.852,0.604
"KWT","KUWAIT",1974,-8,0,12526.6031710726,126.421262843436,79.8226013183594,NA,48.9191093444824,39.3132705688477,68.77779,NA,NA,NA,NA,32.677682472533,1038346,43.8704439560609,NA,NA,70.8100381605946,71.1707715004379,NA,NA,NA,NA,NA,NA,NA,69.7139512195122,67.572,71.963,NA,NA,NA,NA,3.2791185729276,"Asia","Western Asia",0.479,-0.317,0.872,1.028,0.565,-0.407,-1.392,0.065,0.374,0.833,0,0.167,0.667,0.333,0.333,0.333,0.167,0.667,0,0.167,0,0,0.5,0.276,0.393,1.291,0.52,-0.572,-0.622,-0.349,0.143,0.87,0.766,1.839,0.566,0.91,-0.916,1.159,1.343,0.839,-0.852,0.604
"KWT","KUWAIT",1975,-8,0,10881.7216440289,-13.1311058918366,81.666748046875,NA,56.2939910888672,47.3958702087402,70.01025,NA,NA,NA,NA,NA,1104863,44.1890080489617,NA,NA,62.0863342265801,62.762224371285,60,68,48,NA,NA,NA,NA,69.9550243902439,67.716,72.306,NA,NA,NA,NA,NA,"Asia","Western Asia",0.479,-0.317,0.872,1.028,0.565,-0.407,-1.392,0.065,0.374,0.833,0,0.167,0.667,0.333,0.333,0.333,0.167,0.667,0,0.167,0,0,0.5,0.277,0.398,1.291,0.52,-0.568,-0.622,-0.349,0.143,0.87,0.766,1.839,0.566,0.91,-0.916,1.159,1.343,0.839,-0.852,0.603
"KWT","KUWAIT",1976,-10,0,11141.1981409668,2.38451694893595,84.3994598388672,NA,76.9846878051758,67.8993911743164,71.41738,NA,NA,NA,NA,NA,1178711,44.0500308811652,NA,NA,63.7748698739161,64.4501563984895,NA,NA,NA,NA,NA,NA,NA,70.2014390243903,67.879,72.64,NA,NA,NA,NA,NA,"Asia","Western Asia",0.479,-0.317,0.872,1.028,0.565,-0.407,-1.379,0.065,0.374,0.833,0,0.167,0.667,0.333,0.333,0.333,0.167,0.667,0,0.167,0,0,0.5,0.132,0.399,1.291,-0.168,NA,-0.622,-0.349,0.143,0.87,0.766,1.839,0.566,0.91,NA,NA,1.059,0.839,-0.852,0.603
"KWT","KUWAIT",1977,-10,0,11237.7967179507,0.867039395239733,89.2566680908203,NA,63.8255882263184,57.3589286804199,76.11513,NA,NA,NA,NA,4.61580222111909,1258023,43.5052459295259,NA,NA,58.735191956127,59.5564875362651,NA,NA,NA,NA,NA,NA,NA,70.4684146341463,68.085,72.971,NA,NA,NA,NA,5.29368213228036,"Asia","Western Asia",0.479,-0.317,0.872,1.028,0.565,-0.407,-1.389,0.065,0.374,1,0,0.167,0.833,0.333,0.333,0.333,0.167,0.667,0,0.167,0,0,0.333,0.129,0.422,1.291,-0.168,NA,-0.622,-0.349,-0.572,0.87,0.766,1.839,0.566,0.91,NA,NA,1.059,0.715,-0.852,0.603
"KWT","KUWAIT",1978,-10,0,11567.0653748784,2.93001079474719,91.2138366699219,NA,69.0595474243164,62.7780494689941,85.02354,NA,NA,NA,NA,7.59796449593134,1340319,43.0063290903136,NA,NA,59.2538620326741,60.161589972781,NA,NA,NA,NA,NA,NA,NA,70.7654146341463,68.342,73.31,NA,NA,NA,NA,4.76078799249531,"Asia","Western Asia",0.479,-0.317,0.872,1.028,0.565,-0.407,-1.389,0.065,0.374,1,0,0.167,0.833,0.333,0.333,0.333,0.167,0.667,0,0.167,0,0,0.333,0.129,0.429,0.787,-0.168,NA,-0.622,-0.349,-0.572,0.87,0.766,1.839,0.566,0.91,NA,NA,1.059,0.715,-0.852,0.637
"KWT","KUWAIT",1979,-10,0,17385.8942886966,50.305144176462,88.7058868408203,NA,72.157096862793,60.9672203063965,83.31411,NA,NA,NA,NA,2.17842633347251,1423514,42.5808649715669,NA,NA,NA,NA,NA,NA,NA,NA,NA,NA,NA,71.0943170731707,68.647,73.664,NA,NA,NA,NA,3.54852812591081,"Asia","Western Asia",0.466,-0.407,0.872,1.028,0.565,-0.407,-1.389,0.065,0.374,1,0,0.167,0.833,0.333,0.333,0.333,0.167,0.667,0,0.167,0,0,0.333,0.129,0.429,0.787,-0.168,NA,-0.622,-0.349,-0.572,0.87,0.766,1.839,0.566,0.91,NA,NA,1.059,0.715,-0.852,0.637
"KWT","KUWAIT",1980,-10,0,19031.9051902,9.46750782082892,87.7656326293945,NA,75.3553466796875,68.4358291625977,81.73304,NA,NA,NA,NA,2.69990950265057,1504782,42.2628659832454,NA,NA,67.0485655420012,67.8444166208658,68,73,59,NA,NA,4.144700050354,NA,71.4554878048781,68.995,74.039,NA,NA,NA,NA,3.31399097356544,"Asia","Western Asia",0.444,-0.407,0.494,0.617,0.485,-0.407,-1.966,0.065,1.124,0.857,0,0.143,0.714,0.286,0.286,0.286,0.286,0.571,0,0.143,0,0,0.286,0.129,0.416,0.787,0.521,NA,-0.511,-0.349,-0.719,0.87,0.766,1.839,0.566,0.91,NA,NA,1.059,0.715,-0.852,0.637
"KWT","KUWAIT",1981,-8,0,15825.191918191,-16.8491448436818,85.373161315918,NA,84.7982025146484,77.5780410766602,82.62142,NA,NA,NA,NA,3.73615036971713,1583426,42.1745001029414,NA,NA,46.2341064084909,46.8387367585549,NA,NA,NA,NA,NA,NA,NA,71.8493170731707,69.382,74.44,NA,NA,NA,NA,4.12700667708481,"Asia","Western Asia",0.444,-0.407,0.494,0.617,0.485,-0.407,-1.966,0.065,1.124,0.857,0,0.143,0.714,0.286,0.286,0.286,0.286,0.571,0,0.143,0,0,0.286,0.265,0.407,0.787,0.521,-0.767,-0.511,-0.349,0.002,0.87,0.766,1.839,0.566,0.91,-1.037,1.166,1.33,1.006,-0.852,0.645
"KWT","KUWAIT",1982,-8,0,12978.8949980867,-17.9858603599776,86.1874618530273,NA,85.5346221923828,78.4934234619141,83.57238,NA,NA,NA,NA,3.44477901726507,1662480,42.2457158908884,NA,NA,32.4824454817627,32.6927578327917,NA,NA,NA,NA,NA,NA,NA,72.2716829268293,69.799,74.868,NA,NA,NA,NA,5.95429674927583,"Asia","Western Asia",0.444,-0.407,0.494,0.617,0.485,-0.407,-1.966,0.065,1.124,0.857,0,0.143,0.714,0.286,0.286,0.286,0.286,0.571,0,0.143,0,0,0.286,0.272,0.409,0.787,0.521,-0.767,-0.511,-0.349,0.002,0.87,0.766,1.839,0.566,0.91,-1.037,1.166,1.33,1.006,-0.852,0.647
"KWT","KUWAIT",1983,-8,0,11965.3390511088,-7.8092622455711,85.4728012084961,NA,86.1149368286133,83.4079818725586,86.09256,NA,NA,NA,NA,3.23829933001231,1744295,42.3115113489912,NA,NA,42.1070948445943,42.8672889681055,NA,NA,NA,NA,NA,NA,NA,72.7137073170732,70.242,75.309,NA,NA,NA,NA,6.83051126089101,"Asia","Western Asia",0.444,-0.407,0.494,0.617,0.485,-0.407,-1.966,0.065,1.124,0.857,0,0.143,0.714,0.286,0.286,0.286,0.286,0.571,0,0.143,0,0,0.286,0.272,0.409,0.787,0.521,-0.767,-0.511,-0.349,0.002,0.87,0.766,1.839,0.566,0.91,-1.037,1.166,1.33,1.006,-0.852,0.647
"KWT","KUWAIT",1984,-8,0,11918.6168925905,-0.390479185911327,84.0307312011719,NA,83.4512176513672,84.246208190918,87.42429,NA,NA,NA,NA,3.12861410380172,1820688,42.4123737839762,NA,NA,43.8536051297251,44.5599824112324,NA,NA,NA,NA,NA,NA,NA,73.1655609756098,70.708,75.746,NA,NA,NA,NA,6.75486381322957,"Asia","Western Asia",0.444,-0.407,0.494,0.617,0.485,-0.407,-1.966,0.065,1.124,0.857,0,0.143,0.714,0.286,0.286,0.286,0.286,0.571,0,0.143,0,0,0.286,0.272,0.409,0.787,0.521,-0.767,-0.511,-0.349,0.002,0.87,0.766,1.839,0.566,0.91,-1.037,1.166,1.33,1.006,-0.852,0.647
"KWT","KUWAIT",1985,-8,0,11321.663553949,-5.00857896533793,81.3390579223633,NA,79.4273834228516,79.13671875,88.99564,NA,NA,NA,NA,1.93800252405449,1894242,42.5215244295478,NA,NA,34.8846039767679,35.5576528279116,74,78,69,NA,NA,NA,NA,73.6203902439024,71.196,76.166,NA,NA,NA,NA,6.43410852713178,"Asia","Western Asia",0.444,-0.407,0.494,0.617,0.485,-0.407,-1.966,0.065,1.124,0.857,0,0.143,0.714,0.286,0.286,0.286,0.286,0.571,0,0.143,0,0,0.286,0.27,0.403,0.787,0.521,-0.754,-0.511,-0.349,0.002,0.87,0.766,1.839,0.566,0.91,-1.037,1.166,1.33,1.006,-0.852,0.655
"KWT","KUWAIT",1986,-10,0,9076.70885221848,-19.8288413273638,78.7987213134766,NA,76.6837921142578,76.1432723999023,88.7421,NA,NA,NA,NA,2.09502176890991,1972520,42.6709488370207,NA,NA,25.9575961918451,26.9342507027254,NA,NA,NA,NA,NA,NA,NA,74.0703414634146,71.704,76.555,NA,NA,NA,NA,7.23620987891601,"Asia","Western Asia",0.421,-0.482,0.494,0.617,0.485,-0.407,-1.966,0.065,1.124,0.857,0,0.143,0.714,0.286,0.286,0.286,0.286,0.571,0,0.143,0,0,0.286,0.13,0.399,0.787,-0.17,NA,-0.511,-0.349,-0.154,0.87,0.766,1.839,0.566,0.91,NA,NA,1.33,1.006,-0.852,0.656
"KWT","KUWAIT",1987,-10,0,10895.6500280404,20.0396554019395,74.9900131225586,NA,72.7272720336914,70.8832702636719,83.47732,NA,NA,NA,NA,1.26738031622326,2052994,42.876870133634,NA,NA,23.618710661554,24.1924736082011,NA,NA,NA,NA,NA,NA,NA,74.5105365853659,72.232,76.903,NA,NA,NA,NA,5.97625541472806,"Asia","Western Asia",0.405,-0.482,0.231,0.059,0.485,-0.407,-1.966,0.065,1.124,0.857,0,0.143,0.714,0.286,0.286,0.286,0.286,0.571,0,0.143,0,0,0.286,0.129,0.431,0.787,-0.17,NA,-0.511,-0.349,-0.708,0.87,0.766,1.839,0.566,0.91,NA,NA,1.069,0.693,-0.852,0.656
"KWT","KUWAIT",1988,-10,0,9692.34754600725,-11.043879703702,73.9460220336914,NA,NA,NA,81.90468,NA,NA,NA,NA,1.22982057143041,2134707,43.0645985608329,NA,NA,26.1468844836338,27.0522969103326,NA,NA,NA,NA,NA,NA,NA,74.9282682926829,72.759,77.206,NA,NA,NA,NA,8.23661874242162,"Asia","Western Asia",0.405,-0.482,0.231,0.059,0.485,-0.407,-1.809,0.065,1.124,0.857,0,0.143,0.714,0.286,0.286,0.286,0.286,0.571,0,0.143,0,0,0.286,0.127,0.431,0.787,-0.17,NA,-0.511,-0.349,-0.708,0.87,0.766,1.839,0.566,0.91,NA,NA,1.069,0.693,-0.852,0.656
"KWT","KUWAIT",1989,-10,0,10964.6929080372,13.1273188047625,73.5588836669922,NA,NA,NA,NA,NA,NA,NA,NA,1.17599291111473,2217468,43.2361143430255,NA,NA,33.5687910279753,34.4675020932869,NA,NA,NA,NA,NA,2.98539996147156,NA,75.3036341463415,73.249,77.461,NA,NA,NA,NA,8.53982920341593,"Asia","Western Asia",0.382,-0.595,0.231,0.059,0.485,-0.407,-1.685,0.065,1.124,0.857,0,0.143,0.714,0.286,0.286,0.286,0.286,0.571,0,0.143,0,0,0.286,0.126,0.431,0.787,-0.17,NA,-0.511,-0.349,-0.708,0.87,0.766,1.839,0.566,0.91,NA,NA,1.069,0.693,-0.852,0.656
"KWT","KUWAIT",1990,NA,0,10937.5415268808,-0.247625550338011,73.9809875488281,NA,NA,NA,NA,NA,NA,NA,0,1.54507084715104,1684819,43.4361791978842,100,NA,38.8702984792295,39.5229351611011,NA,NA,NA,NA,NA,NA,NA,73.4171463414634,70.123,76.876,NA,NA,NA,NA,48.5172672672673,"Asia","Western Asia",0.186,-1.151,-0.865,-0.81,-1.067,-0.227,-1.91,-0.207,0.052,0.68,0,0.084,0.537,0.168,0.227,0.227,0.227,0.453,0,0.084,0,0,0.404,0.115,0.451,0.787,-0.457,-0.838,-0.511,-0.349,-0.708,0.87,0.766,1.839,0.566,0.91,NA,NA,1.069,0.558,-0.852,0.661
"KWT","KUWAIT",1991,-9,0,8147.10807329839,-25.5124375685748,107.348907470703,NA,NA,NA,NA,NA,NA,NA,NA,0.255607395220378,1351399,43.7491074064729,100,NA,13.2175755622103,13.4362619603887,NA,NA,NA,NA,NA,NA,NA,73.907243902439,70.377,77.614,NA,NA,NA,NA,117.34982320869,"Asia","Western Asia",0.207,-0.926,-0.865,-0.81,-1.067,-0.227,-1.91,-0.207,0.052,0.429,0,0,0.286,0,0.143,0.143,0.143,0.286,0,0,0,0,0.571,0.119,0.432,0.787,-0.282,NA,-0.511,-0.349,-0.647,0.87,0.766,1.839,0.566,0.91,NA,NA,1.069,0.558,-0.852,0.665
"KWT","KUWAIT",1992,-7,0,12146.19505586,49.0859694824517,70.791389465332,NA,64.9492797851562,62.5970916748047,46.99573,NA,NA,NA,NA,0.0858148101636521,1634961,43.8636494303843,100,NA,28.1344138531383,28.8098194997122,NA,NA,NA,NA,NA,NA,NA,76.0023902439025,74.178,77.918,NA,NA,NA,NA,31.7860244470914,"Asia","Western Asia",0.382,-0.536,0.171,0.576,0.322,-0.098,-2.449,0.003,1.099,0.668,0,0.12,0.525,0.24,0.263,0.263,0.143,0.406,0,0.12,0,0.12,0.452,0.243,0.397,0.787,0.164,-0.721,-0.511,-0.349,0.049,0.87,0.766,1.839,0.566,0.91,-0.858,0.628,1.363,1.289,-0.852,0.661
"KWT","KUWAIT",1993,-7,0,14317.7209419057,17.878239860787,75.7312469482422,NA,NA,NA,NA,NA,NA,NA,0.0911,1.09262406559551,1672151,43.605964051115,100,NA,39.371407198475,40.4087024511996,NA,NA,NA,NA,NA,NA,NA,76.0514878048781,74.231,77.963,NA,NA,NA,NA,12.4402191802041,"Asia","Western Asia",0.382,-0.536,0.171,0.576,0.322,-0.098,-2.449,0.003,1.099,0.857,0,0.143,0.714,0.286,0.286,0.286,0.286,0.571,0,0.143,0,0.143,0.429,0.276,0.408,0.787,0.164,-0.721,-0.511,-0.349,0.049,0.87,0.766,1.839,0.566,0.91,-0.858,0.628,1.363,1.289,-0.852,0.65
"KWT","KUWAIT",1994,-7,0,14929.7441110335,4.27458512155036,86.3036270141602,NA,83.432731628418,82.7826385498047,67.96727,NA,NA,NA,0.147,1.42276428547822,1664361,42.9704252863411,100,NA,36.6059380592587,37.727441286933,NA,NA,NA,NA,NA,NA,NA,76.0328292682927,74.186,77.972,NA,NA,NA,NA,13.259238782833,"Asia","Western Asia",0.382,-0.536,0.171,0.576,0.322,-0.098,-2.449,0.003,1.099,0.857,0,0.143,0.714,0.286,0.286,0.286,0.286,0.571,0,0.143,0,0.143,0.429,0.276,0.408,0.787,0.164,-0.721,-0.511,-0.349,0.049,0.87,0.766,1.839,0.566,0.91,-0.858,0.628,1.363,1.289,-0.852,0.65
"KWT","KUWAIT",1995,-7,0,16168.165602374,8.29499475764806,86.2886428833008,NA,65.6935119628906,78.9440536499023,NA,0.419034003376921,NA,NA,0.203,1.14618124453099,1681513,42.4902453920963,100,NA,36.227064016639,37.3308003874904,78,81,74,NA,NA,NA,NA,75.979756097561,74.09,77.964,NA,NA,NA,NA,13.5815813052368,"Asia","Western Asia",0.382,-0.536,0.171,0.576,0.322,-0.098,-2.449,0.003,1.099,0.857,0,0.143,0.714,0.286,0.286,0.286,0.286,0.571,0,0.143,0,0.143,0.429,0.276,0.408,0.787,0.164,-0.721,-0.511,-0.349,0.049,0.87,0.766,1.839,0.566,0.91,-0.858,0.628,1.363,1.289,-0.852,0.65
"KWT","KUWAIT",1996,-7,0,18201.0958607918,12.5736605401871,90.6320724487305,NA,89.1670227050781,90.2312088012695,89.25154,0.394523337328059,NA,NA,0.856,0.965097411205735,1730246,42.2302955764672,100,NA,40.1364091145126,41.179195330857,NA,NA,NA,NA,NA,NA,NA,75.9250487804878,73.987,77.96,NA,NA,NA,NA,10.2926484718519,"Asia","Western Asia",0.382,-0.536,0.171,0.576,0.322,-0.098,-2.449,0.003,1.099,0.857,0,0.143,0.714,0.286,0.286,0.286,0.286,0.571,0,0.143,0,0.143,0.429,0.275,0.407,0.787,0.164,-0.718,-0.511,-0.349,0.049,0.87,0.766,1.839,0.566,0.91,-0.858,0.628,1.363,1.289,-0.852,0.648
"KWT","KUWAIT",1997,-7,0,16977.3895620399,-6.72325616056979,92.0612716674805,NA,83.6206893920898,85.7822875976562,88.84661,0.395364245603745,NA,NA,2.17,1.17305875069243,1787683,42.0417378248828,100,NA,38.3929185854833,39.540480496468,NA,NA,NA,NA,NA,2.7599999905,NA,75.9071463414634,73.933,77.98,NA,NA,NA,NA,8.0864758714549,"Asia","Western Asia",0.377,-0.536,0.073,0.576,0.322,-0.098,-2.449,0.003,1.099,0.857,0,0.143,0.714,0.286,0.286,0.286,0.286,0.571,0,0.143,0,0.143,0.429,0.276,0.405,0.787,0.164,-0.718,-0.511,-0.349,0.049,0.87,0.766,1.839,0.566,0.91,-0.858,0.628,1.363,1.289,-0.852,0.64
"KWT","KUWAIT",1998,-7,0,14066.9509572183,-17.1430277557459,93.4049224853516,NA,NA,NA,88.52773,0.446468095870486,NA,NA,3.05,1.49244292670587,1844302,41.8613654379814,100,NA,27.927039066817,29.2043847044503,NA,NA,NA,NA,NA,NA,NA,75.9642926829269,73.976,78.052,NA,NA,NA,NA,8.79655979257573,"Asia","Western Asia",0.412,-0.384,0.126,0.576,0.322,-0.098,-2.449,0.003,1.099,0.857,0,0.143,0.714,0.286,0.286,0.286,0.286,0.571,0,0.143,0,0.143,0.429,0.277,0.405,0.787,0.164,-0.718,-0.511,-0.349,0.049,0.87,0.766,1.839,0.566,0.91,-0.858,0.628,1.363,1.289,-0.852,0.64
"KWT","KUWAIT",1999,-7,0,15853.6264423466,12.7012277967137,94.3826217651367,NA,91.1028137207031,89.3310012817383,88.2934,0.427494901687078,NA,NA,4.76,NA,1900030,41.6876795038392,100,NA,33.8805324667688,34.8365735674978,NA,NA,NA,NA,NA,NA,NA,76.0779512195122,74.096,78.159,NA,NA,NA,NA,7.59022387888794,"Asia","Western Asia",0.412,-0.384,0.126,0.576,0.322,-0.098,-2.425,0.003,1.099,0.857,0,0.143,0.714,0.286,0.286,0.286,0.286,0.571,0,0.143,0,0.143,0.429,0.276,0.407,0.787,0.164,-0.713,-0.511,-0.349,0.049,0.87,0.766,1.839,0.566,0.91,-0.858,0.628,1.363,1.289,-0.852,0.636
"KWT","KUWAIT",2000,-7,0,19296.3471698729,21.7156670118734,97.1785507202148,NA,93.2874374389648,95.1898727416992,85.39184,0.355219830082193,0,NA,6.73,NA,1954709,41.5191724190148,100,NA,50.2892381187247,51.3644113589282,NA,NA,NA,NA,2.20362997,2.36,30,76.2258780487805,74.261,78.289,NA,NA,NA,NA,7.15014865654555,"Asia","Western Asia",0.412,-0.384,0.126,0.576,0.322,-0.098,-2.425,0.003,1.099,0.857,0,0,0.714,0.286,0.286,0.286,0.286,0.571,0,0.143,0,0.143,0.429,0.275,0.409,0.787,0.164,-0.713,-0.511,-0.349,0.049,0.87,0.766,1.839,0.566,0.91,-0.858,0.628,1.363,1.289,-0.852,0.633
"KWT","KUWAIT",2001,-7,0,17374.2318664227,-9.9610319327752,99.1064834594727,NA,85.6100082397461,87.8868713378906,84.93984,0.446728971962617,NA,NA,8.55,NA,2008121,41.3539615620963,100,NA,42.7980143074398,44.0885830746429,NA,NA,NA,NA,3.18719625,2.36,28,76.3843414634146,74.438,78.428,NA,NA,NA,NA,7.70062608489699,"Asia","Western Asia",0.412,-0.384,0.126,0.576,0.322,-0.098,-2.425,0.003,1.099,0.857,0,0,0.714,0.286,0.286,0.286,0.286,0.571,0,0.143,0,0.143,0.429,0.268,0.409,0.787,0.164,-0.713,-0.511,-0.349,0.049,0.87,0.766,1.839,0.566,0.91,-0.858,0.628,1.363,1.289,-0.852,0.633
"KWT","KUWAIT",2002,-7,0,18512.7523035862,6.55292530867967,103.885429382324,NA,95.6524200439453,95.707160949707,88.94481,0.516824849007765,0,NA,10.2,NA,2059974,41.1899373487238,100,NA,37.2003716194143,38.1288168486834,NA,NA,NA,NA,3.12441754,2.3,33,76.5316341463415,74.597,78.563,NA,NA,NA,NA,7.39919407029019,"Asia","Western Asia",0.412,-0.384,0.126,0.576,0.322,-0.098,-2.425,0.003,1.099,0.857,0,0,0.714,0.286,0.286,0.286,0.286,0.571,0,0.143,0,0.143,0.429,0.272,0.409,0.787,0.164,-0.713,-0.511,-0.349,0.049,0.87,0.766,1.839,0.566,0.91,-0.858,0.628,1.363,1.289,-0.852,0.633
"KWT","KUWAIT",2003,-7,0,22690.655175144,22.5677025384738,106.225738525391,NA,100.305366516113,103.734191894531,87.44694,0.454889536839744,NA,NA,22.4,NA,2109881,41.0249677588452,100,NA,39.816851302288,40.6360885106068,NA,NA,NA,NA,2.76042604,2.24,31,76.6445609756098,74.707,78.679,NA,NA,NA,NA,6.54392425039453,"Asia","Western Asia",0.412,-0.384,0.126,0.576,0.322,-0.098,-2.425,0.003,1.099,0.857,0,0,0.714,0.286,0.286,0.286,0.286,0.571,0,0.143,0,0.143,0.429,0.274,0.409,0.787,0.164,-0.804,-0.511,-0.349,0.049,0.87,0.766,1.839,0.566,0.91,-0.858,0.628,1.363,1.289,-0.852,0.641
"KWT","KUWAIT",2004,-7,0,27552.2827399787,21.4256817500813,107.467758178711,NA,102.308113098145,105.039596557617,88.25737,0.404756603698185,0,NA,22.9,NA,2157320,40.8571282888028,100,NA,46.1128336408051,46.8824794495593,NA,NA,NA,NA,2.35702467,2.2,30,76.7276829268293,74.775,78.778,NA,NA,NA,NA,5.80446088589746,"Asia","Western Asia",0.412,-0.384,0.126,0.576,0.322,-0.098,-2.425,0.003,1.099,0.857,0,0,0.714,0.286,0.286,0.286,0.286,0.571,0,0.143,0,0.143,0.429,0.274,0.409,0.787,0.164,-0.804,-0.511,-0.349,0.049,0.87,0.766,1.839,0.566,0.91,-0.858,0.628,1.363,1.289,-0.852,0.65
"KWT","KUWAIT",2005,-7,0,36122.6142741227,31.1057040718748,110.183616638184,NA,116.37230682373,111.934448242188,92.70689,0.301358018412085,NA,NA,25.9,NA,2236788,40.9562099956679,100,NA,53.3164834648164,54.13842958264,93,94,91,NA,2.013309,2.47,27,76.8007804878049,74.832,78.868,NA,NA,NA,NA,4.34302594160701,"Asia","Western Asia",0.412,-0.384,0.126,0.576,0.322,-0.098,-1.944,0.003,1.099,0.778,0,0,0.667,0.223,0.223,0.222,0.222,0.445,0,0.111,0,0.111,0.334,0.295,0.409,0.787,0.164,-0.804,-0.511,-0.349,0.049,0.87,0.766,1.839,0.566,0.91,-0.858,0.628,1.363,1.289,-0.852,0.65
"KWT","KUWAIT",2006,-7,0,42946.6374104066,18.8912770390831,107.860626220703,NA,NA,NA,NA,0.236515719642342,0,NA,28.8,NA,2364733,41.4011470211872,100,NA,51.0394540758358,51.7820031567292,93,95,91,NA,1.8213098,2.45,31,76.8876829268293,74.915,78.959,NA,NA,NA,NA,3.54264578632145,"Asia","Western Asia",0.412,-0.384,0.126,0.576,0.322,-0.098,-1.944,0.003,1.099,0.778,0,0,0.778,0.333,0.333,0.222,0.222,0.556,0,0.111,0,0.111,0.444,0.294,0.407,0.896,0.164,-0.822,-0.511,-0.349,0.049,0.87,0.766,1.839,0.566,0.91,-0.858,0.628,1.363,1.289,-0.852,0.65
"KWT","KUWAIT",2007,-7,0,45709.4132876371,6.43304352522147,109.486450195312,NA,105.708740234375,109.52433013916,91.54554,0.213317127370276,NA,NA,34.8,NA,2507887,41.8964817380056,100,NA,48.1550015709463,48.7737107555426,94,95,92,NA,1.92673647,2.43,30,77.0101707317073,75.057,79.061,NA,NA,NA,NA,3.59032675886877,"Asia","Western Asia",0.412,-0.384,0.126,0.576,0.322,-0.092,-2.063,0.003,1.099,0.778,0,0,0.778,0.333,0.333,0.222,0.222,0.556,0,0.111,0,0.111,0.444,0.292,0.408,0.896,0.164,-0.822,-0.511,-0.349,0.049,0.87,0.766,1.839,0.566,0.91,-0.858,0.628,1.363,1.289,-0.852,0.652
"KWT","KUWAIT",2008,-7,0,55585.1889344442,21.6055620418085,105.853157043457,NA,NA,NA,92.41341,0.160020999601209,0,NA,42,NA,2651421,42.3374484851708,100,NA,52.8912935555667,53.4605112170385,94,95,92,NA,1.92400301,2.45,38,77.1890487804878,75.291,79.182,NA,NA,NA,NA,3.00607272121515,"Asia","Western Asia",0.412,-0.384,0.126,0.576,0.322,-0.092,-2.063,0.003,1.099,0.778,0,0,0.778,0.333,0.333,0.222,0.222,0.556,0,0.111,0,0.111,0.444,0.293,0.407,0.896,0.164,-0.83,-0.511,-0.349,0.049,0.87,0.766,1.839,0.566,0.91,-0.858,0.628,1.363,1.289,-0.852,0.664
"KWT","KUWAIT",2009,-7,0,37907.1001320042,-31.803595780324,104.783432006836,NA,NA,NA,NA,0.262327765426512,NA,NA,50.8,NA,2795484,42.7289156367913,100,NA,38.854853146546,39.5907640471852,NA,NA,NA,NA,2.70638776,2.52,38,77.4333658536585,75.628,79.329,NA,NA,NA,NA,3.97180632341079,"Asia","Western Asia",0.412,-0.384,0.126,0.576,0.322,-0.092,-2.063,0.003,1.099,0.778,0,0,0.778,0.333,0.333,0.222,0.222,0.556,0,0.111,0,0.111,0.444,0.293,0.407,0.896,0.164,-0.83,-0.511,-0.349,0.049,0.87,0.766,1.839,0.566,0.91,-0.858,0.628,1.363,1.289,-0.852,0.67
"KWT","KUWAIT",2010,-7,0,39212.2522190461,3.44302804091308,103.456069946289,NA,100.480422973633,101.903877258301,92.3455,0.451728931072872,0,NA,61.4,NA,2943372,43.0664897267488,100,47.0401906495319,48.1906069290048,48.8263605663801,94,96,93,NA,2.67879915,2.5,37,77.7262195121951,76.035,79.502,NA,NA,NA,NA,3.7561481418781,"Asia","Western Asia",0.417,-0.384,0.087,0.576,0.322,-0.092,-1.989,0.003,1.099,0.778,0,0,0.778,0.333,0.333,0.222,0.222,0.556,0,0.111,0,0.111,0.444,0.291,0.407,0.896,0.164,-0.83,-0.511,-0.349,0.049,0.87,0.766,1.839,0.566,0.91,-0.858,0.628,1.363,1.289,-0.852,0.67
"KWT","KUWAIT",2011,-7,0,49169.6063983139,25.3934768236325,104.047218322754,NA,99.2183380126953,101.613151550293,92.74123,0.438835785183309,NA,NA,65.8,NA,3132814,43.0134559493618,100,38.8294818268996,58.3689295808333,59.0696960166924,NA,NA,NA,NA,2.33303547,2.53,25,78.052243902439,76.482,79.701,NA,NA,NA,NA,3.50139726568748,"Asia","Western Asia",0.417,-0.384,0.087,0.576,0.322,-0.092,-1.791,0.003,1.099,0.778,0,0,0.778,0.333,0.333,0.222,0.222,0.556,0,0.111,0,0.111,0.444,0.292,0.409,0.896,0.164,-0.83,-0.511,-0.349,-0.051,0.87,0.766,1.839,0.566,0.91,-0.858,0.628,1.363,1.289,-0.852,0.67
"KWT","KUWAIT",2012,-7,0,52155.2225460479,6.07207656605602,100.401550292969,NA,95.5780792236328,96.8556518554688,92.59959,0.359874372162406,0,NA,70.5,NA,3337109,42.69482548078,100,36.7804755960167,57.4129637304674,58.1449073185752,96,96,95,NA,2.33311439,2.35,25,78.3950243902439,76.936,79.927,NA,NA,NA,NA,3.41374157981372,"Asia","Western Asia",0.432,-0.384,0.188,0.696,0.696,-0.092,-1.791,0.003,1.099,0.778,0,0,0.778,0.333,0.333,0.222,0.222,0.556,0,0.111,0,0.111,0.444,0.288,0.415,0.896,0.164,-1.011,-0.511,-0.349,-0.051,0.87,0.766,1.839,0.566,0.91,-0.858,0.628,1.363,1.289,-0.852,0.689
"KWT","KUWAIT",2013,-7,0,49651.0439709448,-4.8013956280067,97.4166793823242,NA,93.7508010864258,96.5239410400391,92.07642,0.355177602564807,NA,NA,75.5,NA,3507844,42.4276038152124,100,38.1405372349419,55.5579394462588,56.3426547447197,96,96,94,NA,2.48789287,2.2,23,78.7418048780488,77.374,80.178,NA,NA,NA,NA,3.27153182701652,"Asia","Western Asia",0.443,-0.308,0.188,0.848,0.696,-0.092,-1.897,0.003,1.099,0.778,0,0,0.778,0.333,0.333,0.222,0.222,0.556,0,0.111,0,0.111,0.444,0.285,0.414,0.896,0.183,-1.36,-0.511,-0.349,-0.051,0.87,0.766,1.839,0.566,0.91,-0.858,0.628,1.354,1.289,-0.852,0.684
"KWT","KUWAIT",2014,-7,0,44368.781373043,-10.638774485775,95.9877319335938,NA,NA,NA,92.17298,0.450636159462993,0,NA,78.7,NA,3665876,41.9508773882457,100,42.1708385667925,53.239569150436,53.9714223132032,NA,NA,NA,NA,2.9159987,2.19,23,79.0803414634146,77.774,80.452,NA,NA,NA,NA,3.58561842128005,"Asia","Western Asia",0.443,-0.308,0.188,0.848,0.696,-0.092,-2.017,0.003,1.099,0.778,0,0,0.778,0.333,0.333,0.222,0.222,0.556,0,0.111,0,0.111,0.444,0.287,0.414,0.896,0.183,-1.36,-0.511,-0.349,-0.051,0.87,0.766,1.839,0.566,0.91,-0.858,0.628,1.354,1.289,-0.852,0.709
"KWT","KUWAIT",2015,-7,0,29882.2126867068,-32.6503641480173,101.933448791504,NA,NA,NA,92.12953,0.537729005863466,NA,NA,82,NA,3834574,41.2513489534625,100,58.4383547303547,36.4482994431389,37.3135995019662,96,96,94,NA,4.21497965,2.13,22,79.3765609756098,78.099,80.718,NA,NA,NA,NA,5.0074693972269,"Asia","Western Asia",0.432,-0.337,0.188,0.848,0.696,-0.092,-2.017,0.003,1.099,0.778,0,0,0.778,0.333,0.333,0.222,0.222,0.556,0,0.111,0,0.111,0.444,0.286,0.414,0.896,0.183,-1.36,-0.511,-0.349,-0.051,0.87,0.766,1.839,0.566,0.91,-0.858,0.628,1.354,1.289,-0.852,0.709
"KWT","KUWAIT",2016,-7,0,27323.6890643847,-8.56202868625009,NA,NA,NA,NA,90.61364,0.518592081261022,0,NA,85.6,NA,4004096,40.3654521973311,100,60.7104350438342,31.6732106195044,32.3641255908565,NA,NA,NA,NA,4.73096323,2.05,24,79.6775853658537,78.421,80.997,NA,NA,NA,NA,5.89351944288143,"Asia","Western Asia",0.432,-0.337,0.188,0.848,0.696,-0.092,-2.017,0.003,1.099,0.778,0,0,0.778,0.333,0.333,0.222,0.222,0.556,0,0.111,0,0.111,0.444,0.288,0.414,0.896,0.183,-0.967,-0.511,-0.349,-0.051,0.87,0.766,1.839,0.566,0.91,-0.858,0.628,1.354,1.289,-0.852,0.707
"KWT","KUWAIT",2017,-7,0,29047.6535822842,6.30941346842736,NA,NA,NA,NA,85.87088,0.52509203800542,NA,NA,98,NA,4154812,39.3090786206604,NA,56.7891464106888,36.0090908245608,36.7579336114171,96,97,95,NA,4.65326786,2.07,27,79.9160731707317,78.659,81.236,NA,NA,NA,NA,5.60744536433338,"Asia","Western Asia",0.491,0.086,0.277,0.395,0.186,-0.092,-1.87,0.003,1.099,0.778,0,0,0.778,0.333,0.333,0.222,0.222,0.556,0,0.111,0,0.111,0.444,0.296,0.406,0.896,0.183,-0.967,-0.511,-0.349,-0.051,0.87,0.766,1.839,0.566,0.91,-0.596,0.628,1.354,1.525,-0.852,0.682
"KWT","KUWAIT",2018,-7,0,32067.9623689512,10.3977719856486,NA,NA,NA,NA,82.63321,0.44590687055795,0,NA,99.6,NA,4323515,38.4263310224137,NA,51.751277338386,44.0490671354298,45.1522896110691,96,97,95,NA,5.18862629,2.01,22,80.1063658536585,78.841,81.435,NA,NA,NA,NA,5.19085473728776,"Asia","Western Asia",0.475,-0.009,0.277,0.013,0.186,-0.121,-1.87,0.173,0.76,0.778,0,0,0.778,0.333,0.333,0.222,0.222,0.556,0,0.111,0,0.111,0.444,0.293,0.403,0.896,0.107,-0.967,-0.511,-0.349,-0.051,0.87,0.766,1.839,0.566,0.91,-0.596,0.628,1.354,1.525,-0.852,0.682
"KWT","KUWAIT",2019,NA,0,31707.8737464917,-1.12289211991887,NA,NA,NA,NA,NA,0.370434060761879,NA,NA,99.5,NA,4442316,38.3184836858732,NA,54.6024843008685,38.6553473115018,39.8386703389064,NA,NA,NA,NA,5.2627306,2,20,81.969756097561,80.96,83.03,NA,NA,NA,NA,5.42100598376451,"Asia","Western Asia",0.471,-0.07,0.277,0.398,0.313,0.026,-1.931,0.173,0.76,0.875,0,0,0.75,0.25,0.25,0.25,0.25,0.5,0,0.125,0,0.125,0.375,0.296,0.38,0.896,0.107,-0.967,0.111,0.196,-0.051,0.87,0.766,1.839,0.566,0.91,-0.596,0.628,1.452,1.18,-0.852,0.682
"KWT","KUWAIT",2020,NA,0,25236.0755520534,-20.4106975011352,NA,NA,NA,NA,NA,0.49632675317715,0,NA,99.1,NA,4400267,39.0594944165464,NA,66.9624899364062,27.5816891390019,29.2848672951013,96,97,95,NA,6.23488235,2.35,18,78.7609756097561,77.2,80.4,NA,NA,NA,NA,6.56773000462321,"Asia","Western Asia",0.463,-0.054,0.175,0.398,0.313,0.026,-1.931,0.173,0.76,0.875,0,0,0.625,0.25,0.25,0.25,0.25,0.5,0,0.125,0,0.125,0.375,0.289,0.399,0.476,-0.227,-0.827,-0.005,0.196,-0.051,0.87,0.766,1.839,0.566,0.91,-0.596,0.628,1.452,1.18,-0.852,0.698
"LBN","LEBANON",1960,1,0,NA,NA,NA,NA,NA,NA,NA,NA,NA,NA,NA,NA,1794406,49.6844638281415,NA,NA,NA,NA,NA,NA,NA,NA,NA,4.58133935928345,NA,63.927,62.06,65.917,NA,NA,NA,NA,NA,"Asia","Western Asia",0.418,-0.188,0.229,-1.102,-0.465,1.425,0.763,1.981,2.167,0.25,0,0.5,0.375,0.125,0.625,0,0.25,0.25,0,0.125,0,0.125,0.25,0.225,0.701,-1.39,-1.664,-1.297,-0.753,0.379,1.122,-0.997,0.268,-1.423,-1.073,0.186,-0.666,0.562,0.309,0.388,-0.825,0.842
"LBN","LEBANON",1961,1,0,NA,NA,NA,NA,NA,NA,NA,NA,NA,NA,NA,NA,1850084,49.6610152085069,NA,NA,NA,NA,NA,NA,NA,NA,NA,NA,NA,64.267,62.426,66.224,NA,NA,NA,NA,NA,"Asia","Western Asia",0.418,-0.188,0.229,-1.102,-0.465,1.425,0.763,1.981,2.167,0.25,0,0.5,0.375,0.125,0.625,0,0.25,0.25,0,0.125,0,0.125,0.25,0.233,0.694,-1.39,-1.664,-1.297,-0.753,0.379,1.122,-0.997,0.268,-1.423,-1.073,0.186,-0.666,0.562,0.309,0.388,-0.825,0.819
"LBN","LEBANON",1962,1,0,NA,NA,NA,NA,NA,NA,NA,NA,NA,NA,NA,NA,1909578,49.6361759698614,NA,NA,NA,NA,NA,NA,NA,NA,NA,NA,NA,64.595,62.748,66.556,NA,NA,NA,NA,NA,"Asia","Western Asia",0.418,-0.188,0.229,-1.102,-0.465,1.425,0.763,1.981,2.167,0.25,0,0.5,0.375,0.125,0.625,0,0.25,0.25,0,0.125,0,0.125,0.25,0.233,0.694,-1.39,-1.664,-1.297,-0.753,0.379,1.122,-0.997,0.268,-1.423,-1.073,0.186,-0.666,0.562,0.309,0.388,-0.825,0.819
"LBN","LEBANON",1963,1,0,NA,NA,NA,NA,NA,NA,NA,NA,NA,NA,NA,NA,1970316,49.6121941861102,NA,NA,NA,NA,NA,NA,NA,NA,NA,NA,NA,64.879,63.046,66.82,NA,NA,NA,NA,NA,"Asia","Western Asia",0.418,-0.188,0.229,-1.102,-0.465,1.425,0.763,1.981,2.167,0.25,0,0.5,0.375,0.125,0.625,0,0.25,0.25,0,0.125,0,0.125,0.25,0.233,0.694,-1.39,-1.664,-1.297,-0.753,0.379,1.122,-0.997,0.268,-1.423,-1.073,0.186,-0.666,0.562,0.309,0.388,-0.825,0.819
"LBN","LEBANON",1964,1,0,NA,NA,NA,NA,NA,NA,NA,NA,NA,NA,NA,NA,2030543,49.5907252395049,NA,NA,NA,NA,NA,NA,NA,NA,NA,NA,NA,65.103,63.31,66.995,NA,NA,NA,NA,3.65625,"Asia","Western Asia",0.418,-0.188,0.229,-1.102,-0.465,1.425,0.763,1.981,2.167,0.25,0,0.5,0.375,0.125,0.625,0,0.25,0.25,0,0.125,0,0.125,0.25,0.232,0.695,-1.39,-1.664,-1.289,-0.753,0.379,1.122,-0.997,0.268,-1.423,-1.073,0.186,-0.666,0.562,0.309,0.388,-0.825,0.818
"LBN","LEBANON",1965,1,0,NA,NA,NA,NA,NA,NA,NA,NA,NA,NA,NA,NA,2088831,49.5727993313006,NA,NA,NA,NA,NA,NA,NA,NA,NA,NA,NA,65.317,63.54,67.188,NA,NA,NA,NA,3.88873119500426,"Asia","Western Asia",0.418,-0.188,0.229,-1.102,-0.465,1.425,0.763,1.981,2.167,0.25,0,0.5,0.375,0.125,0.5,0,0.25,0.375,0,0.125,0,0.125,0.25,0.232,0.694,-1.455,-1.664,-1.289,-0.753,0.379,1.122,-0.997,0.268,-1.423,-1.073,0.186,-0.666,0.562,0.309,0.388,-0.825,0.82
"LBN","LEBANON",1966,1,0,NA,NA,NA,NA,NA,NA,NA,NA,NA,NA,NA,NA,2148260,49.5586660832488,NA,NA,NA,NA,NA,NA,NA,NA,NA,NA,NA,65.504,63.742,67.356,NA,NA,NA,NA,4.16343418670804,"Asia","Western Asia",0.418,-0.188,0.229,-1.102,-0.465,1.425,0.763,1.981,2.167,0.25,0,0.5,0.375,0.125,0.5,0,0.25,0.375,0,0.125,0,0.125,0.25,0.232,0.694,-1.455,-1.664,-1.289,-0.753,0.379,1.122,-0.997,0.268,-1.423,-1.073,0.186,-0.666,0.562,0.309,0.388,-0.825,0.82
"LBN","LEBANON",1967,1,0,NA,NA,NA,NA,NA,NA,NA,NA,NA,NA,NA,NA,2206731,49.5463876414423,NA,NA,NA,NA,NA,NA,NA,NA,NA,NA,NA,65.677,63.934,67.507,NA,NA,NA,NA,4.84293193717278,"Asia","Western Asia",0.418,-0.188,0.229,-1.102,-0.465,1.425,1.643,1.981,2.167,0.25,0,0.5,0.375,0.125,0.5,0,0.25,0.375,0,0.125,0,0.125,0.25,0.232,0.694,-1.455,-1.664,-1.289,-0.753,0.379,1.122,-0.997,0.268,-1.423,-1.073,0.186,-0.666,0.562,0.309,0.388,-0.825,0.82
"LBN","LEBANON",1968,1,0,NA,NA,NA,NA,NA,NA,NA,NA,NA,NA,NA,NA,2266368,49.5346298571106,NA,NA,NA,NA,NA,NA,NA,NA,NA,NA,NA,65.802,64.066,67.624,NA,NA,NA,NA,4.84437163585303,"Asia","Western Asia",0.418,-0.188,0.229,-1.102,-0.465,1.425,1.643,1.981,2.167,0.25,0,0.5,0.375,0.125,0.5,0,0.25,0.375,0,0.125,0,0.125,0.25,0.231,0.702,-1.455,-1.664,-1.612,-0.753,0.379,1.122,-0.997,0.268,-1.423,-1.073,0.186,-0.666,0.562,0.309,0.388,-0.825,0.838
"LBN","LEBANON",1969,1,0,NA,NA,NA,NA,NA,NA,NA,NA,NA,NA,NA,NA,2328159,49.5233358202769,NA,NA,NA,NA,NA,NA,NA,NA,NA,NA,NA,65.918,64.194,67.725,NA,NA,NA,NA,4.64403066812705,"Asia","Western Asia",0.418,-0.188,0.229,-1.102,-0.465,1.425,1.643,1.981,2.167,0.25,0,0.5,0.375,0.125,0.5,0,0.25,0.375,0,0.125,0,0.125,0.25,0.23,0.704,-1.455,-1.664,-1.612,-0.753,0.379,1.122,-0.997,0.268,-1.423,-1.073,0.186,-0.666,0.562,0.309,0.388,-0.825,0.844
"LBN","LEBANON",1970,3,0,NA,NA,NA,NA,NA,NA,NA,NA,NA,NA,NA,NA,2386114,49.5124289954294,NA,NA,NA,NA,NA,NA,NA,NA,NA,4.09870004653931,NA,66.018,64.306,67.811,NA,NA,NA,NA,4.33621043978627,"Asia","Western Asia",0.434,-0.188,0.229,-1.102,-0.067,1.425,1.643,1.981,2.167,0.25,0,0.5,0.375,0.125,0.5,0.125,0.25,0.375,0,0.125,0,0.125,0.25,0.228,0.779,-1.455,-1.664,-1.612,-0.753,-1.288,-0.622,-0.997,0.268,-1.423,-1.073,0.186,-0.666,0.562,0.309,0.388,-0.825,0.844
"LBN","LEBANON",1971,3,1,NA,NA,129.433456420898,NA,NA,NA,NA,NA,NA,NA,NA,NA,2446314,49.5014333815828,NA,NA,NA,NA,NA,NA,NA,NA,NA,NA,NA,66.12,64.428,67.89,NA,NA,NA,NA,4.00074087794036,"Asia","Western Asia",0.434,-0.188,0.229,-1.102,-0.067,1.425,1.643,1.981,2.167,0.25,0,0.5,0.375,0.125,0.5,0.125,0.25,0.375,0,0.125,0,0.125,0.25,0.228,0.784,-1.562,-1.664,-1.612,-0.753,-1.288,-0.622,-0.997,0.268,-1.423,-1.073,0.186,-0.666,0.562,0.309,0.388,-0.825,0.851
"LBN","LEBANON",1972,3,1,NA,NA,NA,NA,NA,NA,NA,NA,NA,NA,NA,NA,2509729,49.4899845720333,NA,NA,NA,NA,NA,NA,NA,NA,NA,NA,NA,66.201,64.513,67.966,NA,NA,NA,NA,5.09033778476041,"Asia","Western Asia",0.434,-0.188,0.229,-1.102,-0.067,1.425,1.643,1.981,2.167,0.25,0,0.5,0.375,0.125,0.5,0.125,0.25,0.375,0,0.125,0,0.125,0.25,0.22,0.794,-1.562,-1.664,-1.62,-1.507,-1.288,-0.622,-0.997,0.268,-1.423,-1.073,0.186,-0.666,0.562,0.309,0.388,-0.825,0.845
"LBN","LEBANON",1973,3,1,NA,NA,NA,NA,NA,NA,NA,NA,NA,NA,NA,NA,2572935,49.4785915695499,NA,NA,NA,NA,NA,NA,NA,NA,NA,NA,NA,66.298,64.621,68.05,NA,NA,NA,NA,3.81528931437421,"Asia","Western Asia",0.434,-0.188,0.229,-1.102,-0.067,1.425,1.643,1.981,2.167,0.25,0,0.5,0.375,0.125,0.5,0.125,0.25,0.375,0,0.125,0,0.125,0.25,0.216,0.794,-1.562,-1.664,-1.62,-1.507,-1.288,-0.622,-0.997,0.268,-1.423,-1.073,0.186,-0.666,0.562,0.309,0.388,-0.825,0.842
"LBN","LEBANON",1974,3,1,NA,NA,128.259124755859,NA,NA,NA,97.87249,NA,NA,NA,NA,NA,2635185,49.4678553999604,NA,NA,NA,NA,NA,NA,NA,NA,NA,NA,NA,66.41,64.745,68.15,NA,NA,NA,NA,NA,"Asia","Western Asia",0.434,-0.188,0.229,-1.102,-0.067,1.425,1.643,1.981,2.167,0.25,0,0.5,0.375,0.125,0.5,0.125,0.25,0.375,0,0.125,0,0.125,0.25,0.216,0.794,-1.562,-1.664,-1.62,-1.507,-1.288,-0.622,-0.997,0.268,-1.423,-1.073,0.186,-0.666,0.562,0.309,0.388,-0.825,0.842
"LBN","LEBANON",1975,0,1,NA,NA,NA,NA,NA,NA,NA,NA,NA,NA,NA,NA,2693191,49.537537269929,NA,NA,NA,NA,NA,NA,NA,NA,NA,NA,NA,57.744,50.615,67.045,NA,NA,NA,NA,NA,"Asia","Western Asia",0.407,-0.188,-0.005,-1.102,-0.067,1.425,1.643,1.981,2.167,0.25,0,0.5,0.375,0,0.625,0.125,0.375,0.375,0.125,0.125,0.125,0.125,0.25,0.205,0.829,-1.699,-2.232,-1.62,-1.948,-1.396,-0.622,-0.997,-0.524,-1.423,-1.148,0.186,-0.908,0.562,0.309,0.388,-1.078,0.87
"LBN","LEBANON",1976,0,0,NA,NA,NA,NA,NA,NA,NA,NA,NA,NA,NA,NA,2726469,49.7723979256687,NA,NA,NA,NA,NA,NA,NA,NA,NA,NA,NA,36.436,30.567,45.497,NA,NA,NA,NA,12.1249085142718,"Asia","Western Asia",0.379,-0.419,-0.005,-1.102,-0.067,1.425,1.643,1.981,2.167,0.25,0,0.5,0.375,0,0.625,0.125,0.375,0.375,0.125,0.125,0.125,0.125,0.25,0.195,0.759,-1.699,-2.232,-1.62,-1.094,-0.126,1.105,-0.997,-0.524,-1.423,-1.148,0.186,-0.908,0.562,0.309,0.196,-1.078,0.87
"LBN","LEBANON",1977,0,0,NA,NA,NA,NA,NA,NA,NA,NA,NA,NA,NA,NA,2762155,49.9458394095048,NA,NA,NA,NA,NA,NA,NA,NA,NA,NA,NA,60.331,56.808,64.171,NA,NA,NA,NA,4.73228442492987,"Asia","Western Asia",0.379,-0.419,-0.005,-1.102,-0.067,1.425,1.643,1.981,2.167,NA,NA,NA,NA,NA,NA,NA,NA,NA,NA,NA,NA,NA,NA,0.195,0.759,-1.699,-2.232,-1.62,-1.094,-0.126,1.105,-0.997,-0.524,-1.423,-1.148,0.186,-0.908,0.562,0.309,0.196,-1.078,0.87
"LBN","LEBANON",1978,0,0,NA,NA,83.8927001953125,NA,NA,NA,NA,NA,NA,NA,NA,NA,2822682,49.9723312792585,NA,NA,NA,NA,NA,NA,NA,NA,NA,NA,NA,59.996,56.358,63.974,NA,NA,NA,NA,8.48960109103307,"Asia","Western Asia",0.379,-0.419,-0.005,-1.102,-0.067,1.425,1.643,1.981,2.167,NA,NA,NA,NA,NA,NA,NA,NA,NA,NA,NA,NA,NA,NA,0.195,0.759,-1.699,-2.232,-1.62,-1.094,-0.126,1.105,-0.997,-0.524,-1.423,-1.148,0.186,-0.908,0.562,0.309,0.196,-1.078,0.87
"LBN","LEBANON",1979,0,0,NA,NA,NA,NA,NA,NA,NA,NA,NA,NA,NA,NA,2882635,50.0028966553171,NA,NA,NA,NA,NA,NA,NA,NA,NA,NA,NA,59.557,55.781,63.704,NA,NA,NA,NA,10.0717488789238,"Asia","Western Asia",0.379,-0.419,-0.005,-1.102,-0.067,1.425,1.643,1.981,2.167,NA,NA,NA,NA,NA,NA,NA,NA,NA,NA,NA,NA,NA,NA,0.195,0.759,-1.699,-2.232,-1.62,-1.094,-0.126,1.105,-0.997,-0.524,-1.423,-1.148,0.186,-0.908,0.562,0.309,0.196,-1.078,0.87
"LBN","LEBANON",1980,0,0,NA,NA,104.281227111816,NA,NA,NA,NA,NA,NA,NA,NA,NA,2944763,50.0348245342664,NA,NA,NA,NA,NA,NA,NA,NA,NA,NA,NA,59.909,56.177,63.989,NA,NA,NA,NA,12.3571428571429,"Asia","Western Asia",0.379,-0.419,-0.005,-1.102,-0.067,1.425,1.643,1.981,2.167,NA,NA,NA,NA,NA,NA,NA,NA,NA,NA,NA,NA,NA,NA,0.195,0.759,-1.699,-2.232,-1.62,-1.094,-0.126,1.105,-0.997,-0.524,-1.423,-1.148,0.186,-0.908,0.562,0.309,0.196,-1.078,0.87
"LBN","LEBANON",1981,0,0,NA,NA,107.688217163086,NA,NA,NA,NA,NA,NA,NA,NA,NA,3008981,50.0644736754648,NA,NA,NA,NA,NA,NA,NA,NA,NA,NA,NA,60.279,56.597,64.285,NA,NA,NA,NA,9.58333333333333,"Asia","Western Asia",0.379,-0.419,-0.005,-1.102,-0.067,1.425,1.643,1.981,2.167,NA,NA,NA,NA,NA,NA,NA,NA,NA,NA,NA,NA,NA,NA,0.195,0.759,-1.699,-2.232,-1.62,-1.094,-0.126,1.105,-0.997,-0.524,-1.423,-1.148,0.186,-0.908,0.562,0.309,0.196,-1.078,0.87
"LBN","LEBANON",1982,0,0,NA,NA,105.332397460938,NA,NA,NA,NA,NA,NA,NA,NA,NA,3054931,50.1630478190677,NA,NA,NA,NA,NA,NA,NA,NA,NA,NA,NA,47.19,41.325,54.704,NA,NA,NA,NA,9.28645130565918,"Asia","Western Asia",0.379,-0.419,-0.005,-1.102,-0.067,1.425,1.643,1.981,2.167,NA,NA,NA,NA,NA,NA,NA,NA,NA,NA,NA,NA,NA,NA,0.19,0.809,-1.699,-2.232,-1.62,-1.96,-0.126,-0.657,-0.997,-0.524,-1.423,-1.148,0.186,-0.908,0.562,0.309,0.196,-1.078,0.87
"LBN","LEBANON",1983,0,0,NA,NA,100.903778076172,NA,NA,NA,NA,NA,NA,NA,NA,NA,3094996,50.2847499641357,NA,NA,NA,NA,NA,NA,NA,NA,NA,NA,NA,60.752,55.122,67.21,NA,NA,NA,NA,13.4556205877029,"Asia","Western Asia",0.379,-0.419,-0.005,-1.102,-0.067,1.425,1.643,1.981,2.167,NA,NA,NA,NA,NA,NA,NA,NA,NA,NA,NA,NA,NA,NA,0.19,0.833,-1.699,-2.232,-1.62,-1.96,-1.415,-0.657,-0.997,-0.524,-1.423,-1.148,0.186,-0.908,0.562,0.309,0.196,-1.078,0.87
"LBN","LEBANON",1984,0,0,NA,NA,NA,NA,NA,NA,NA,NA,NA,NA,NA,NA,3152744,50.3577678231305,NA,NA,NA,NA,NA,NA,NA,NA,NA,NA,NA,61.167,55.572,67.537,NA,NA,NA,NA,10.9687267047673,"Asia","Western Asia",0.379,-0.419,-0.005,-1.102,-0.067,1.425,1.643,1.981,2.167,NA,NA,NA,NA,NA,NA,NA,NA,NA,NA,NA,NA,NA,NA,0.19,0.833,-1.699,-2.232,-1.62,-1.96,-1.415,-0.657,-0.997,-0.524,-1.423,-1.148,0.186,-0.908,0.562,0.309,0.196,-1.078,0.87
"LBN","LEBANON",1985,0,0,NA,NA,84.955451965332,NA,NA,NA,NA,NA,NA,NA,NA,NA,3217376,50.4266366214694,NA,NA,NA,NA,NA,NA,NA,NA,NA,NA,NA,61.574,56.024,67.845,NA,NA,NA,NA,6.28697601510223,"Asia","Western Asia",0.379,-0.419,-0.005,-1.102,-0.067,1.425,1.643,1.981,2.167,NA,NA,NA,NA,NA,NA,NA,NA,NA,NA,NA,NA,NA,NA,0.19,0.833,-1.699,-2.232,-1.62,-1.96,-1.415,-0.657,-0.997,-0.524,-1.423,-1.148,0.186,-0.908,0.562,0.309,0.196,-1.078,0.87
"LBN","LEBANON",1986,0,0,NA,NA,NA,NA,NA,NA,NA,NA,NA,NA,NA,NA,3300365,50.4914000447223,NA,NA,NA,NA,NA,NA,NA,NA,NA,NA,NA,62.011,56.525,68.161,NA,NA,NA,NA,5.2638395500296,"Asia","Western Asia",0.379,-0.419,-0.005,-1.102,-0.067,1.425,1.643,1.981,2.167,NA,NA,NA,NA,NA,NA,NA,NA,NA,NA,NA,NA,NA,NA,0.19,0.833,-1.699,-2.232,-1.62,-1.96,-1.415,-0.657,-0.997,-0.524,-1.423,-1.148,0.186,-0.908,0.562,0.309,0.196,-1.078,0.87
"LBN","LEBANON",1987,0,0,NA,NA,97.9430999755859,NA,NA,NA,NA,NA,NA,NA,NA,NA,3385555,50.5265903305633,NA,NA,NA,NA,NA,NA,NA,NA,NA,NA,NA,62.539,59.047,66.183,NA,NA,NA,NA,1.12184657836794,"Asia","Western Asia",0.379,-0.419,-0.005,-1.102,-0.067,1.425,1.643,1.981,2.167,NA,NA,NA,NA,NA,NA,NA,NA,NA,NA,NA,NA,NA,NA,0.19,0.833,-1.699,-2.232,-1.62,-1.96,-1.415,-0.657,-0.997,-0.524,-1.423,-1.148,0.186,-0.908,0.562,0.309,0.196,-1.078,0.87
"LBN","LEBANON",1988,0,0,959.153901867443,NA,NA,NA,NA,NA,NA,NA,NA,NA,NA,NA,3454649,50.5352352728164,NA,NA,0,0.0317246337520965,NA,NA,NA,NA,NA,NA,NA,62.92,59.471,66.51,NA,NA,NA,NA,1.18657817109145,"Asia","Western Asia",0.379,-0.419,-0.005,-1.102,-0.067,1.425,1.643,1.981,2.167,NA,NA,NA,NA,NA,NA,NA,NA,NA,NA,NA,NA,NA,NA,0.185,0.833,-1.699,-2.232,-1.62,-1.96,-1.415,-0.657,-0.997,-0.524,-1.423,-1.148,0.186,-0.908,0.562,0.309,0.196,-1.078,0.87
"LBN","LEBANON",1989,0,0,771.001121245521,-19.6165370599645,81.77001953125,NA,NA,NA,NA,NA,NA,NA,NA,NA,3525285,50.5630892254101,NA,NA,0,0.0413641909734255,NA,NA,NA,NA,NA,NA,NA,65.114,59.85,70.882,NA,NA,NA,NA,NA,"Asia","Western Asia",0.379,-0.419,-0.005,-1.102,-0.067,1.425,1.643,1.981,2.167,NA,NA,NA,NA,NA,NA,NA,NA,NA,NA,NA,NA,NA,NA,0.174,0.833,-1.699,-2.232,-1.62,-1.96,-1.415,-0.657,-0.997,-0.524,-1.423,-1.148,0.186,-0.908,0.562,0.309,0.196,-1.078,0.87
"LBN","LEBANON",1990,NA,0,789.526338484738,2.40274841744591,NA,NA,NA,NA,NA,NA,NA,NA,0,NA,3595175,50.6096506038373,97.9086990356445,NA,0,0.0360393357813145,NA,NA,NA,NA,NA,1.6505999565,NA,65.479,60.24,71.196,NA,NA,NA,NA,7.55195134313229,"Asia","Western Asia",0.548,0.479,-0.005,-1.102,0.492,1.425,-0.242,1.981,2.916,0.25,0,0.5,0.375,0.25,0.5,0.125,0.375,0.375,0,0,0,0,0.625,0.197,0.806,-0.687,-2.232,-1.62,-1.96,-1.3,-0.657,-1.071,-0.524,-1.423,-0.469,0.558,-1.164,0.562,0.309,0.231,-1.246,0.836
"LBN","LEBANON",1991,NA,0,1278.42125745633,61.9225597856407,NA,NA,NA,NA,NA,NA,NA,NA,NA,NA,3668912,50.6100308183923,98.0894775390625,NA,0,0.0207238892586347,NA,NA,NA,NA,NA,NA,NA,70.865,69.564,72.07,NA,NA,NA,NA,5.15488867376573,"Asia","Western Asia",0.522,0.344,-0.005,-1.102,0.492,1.425,-0.242,1.981,2.916,0.25,0,0.5,0.375,0.25,0.5,0.125,0.375,0.375,0,0,0,0,0.625,0.194,0.806,-0.687,-2.232,-1.62,-1.96,-1.3,-0.657,-1.071,-0.524,-1.423,-0.469,0.558,-1.164,0.562,0.309,0.231,-1.246,0.836
"LBN","LEBANON",1992,NA,0,1559.38100628446,21.9770867536382,77.1892623901367,NA,NA,NA,NA,NA,NA,NA,NA,NA,3747371,50.567611266672,98.2687530517578,NA,0,0.0156728518810613,NA,NA,NA,NA,NA,3.0827000141,NA,71.169,69.833,72.408,NA,NA,NA,NA,7.98399831561217,"Asia","Western Asia",0.554,0.344,-0.005,-1.102,1.152,1.425,-0.649,1.981,2.916,0.25,0,0.5,0.375,0.25,0.5,0.125,0.375,0.375,0,0,0,0,0.625,0.195,0.803,-0.687,-1.815,-1.625,-1.96,-1.3,-0.657,-1.071,-0.524,-1.423,-0.469,0.558,-1.164,0.562,0.309,0.231,-1.246,0.84
"LBN","LEBANON",1993,NA,0,2078.63864215562,33.298958611045,76.5738220214844,NA,NA,NA,NA,NA,NA,NA,NA,NA,3820647,50.5300018557066,98.4444732666016,NA,0,0.00807118214503067,NA,NA,NA,NA,NA,NA,NA,71.559,70.082,72.937,NA,NA,NA,NA,6.01127876848041,"Asia","Western Asia",0.554,0.344,-0.005,-1.102,1.152,1.425,-0.649,1.981,2.916,0.25,0,0.5,0.375,0.25,0.5,0.125,0.375,0.375,0,0,0,0,0.625,0.192,0.786,-0.687,-1.815,-1.625,-1.96,-1.3,-0.657,-1.071,-0.524,-0.634,-0.469,0.558,-1.164,0.562,0.309,0.231,-1.246,0.847
"LBN","LEBANON",1994,NA,0,2467.76942720577,18.7204633435761,78.9991836547852,NA,NA,NA,NA,6.46664063418966,NA,NA,NA,NA,3889799,50.4972364895975,98.6139831542969,61.8886464366007,0,0.00803337696843982,NA,NA,NA,NA,NA,NA,NA,72.03,70.48,73.478,NA,NA,NA,NA,6.99771316563215,"Asia","Western Asia",0.554,0.344,-0.005,-1.102,1.152,1.425,-0.649,1.981,2.916,0.25,0,0.5,0.375,0.25,0.5,0.125,0.375,0.375,0,0,0,0,0.625,0.191,0.786,-0.687,-1.815,-1.625,-1.96,-1.3,-0.657,-1.071,-0.524,-0.634,-0.469,0.558,-1.164,0.562,0.309,0.231,-1.246,0.847
"LBN","LEBANON",1995,NA,0,2958.74263957462,19.8954248705793,79.324951171875,NA,NA,NA,NA,6.79485642800601,NA,NA,0.0716,NA,3960735,50.4682085522005,98.7743072509766,60.4060195644658,0,0.00989850046330912,NA,NA,NA,NA,NA,NA,NA,72.383,70.794,73.867,NA,NA,NA,NA,6.71192798911137,"Asia","Western Asia",0.554,0.344,-0.005,-1.102,1.152,1.425,-0.237,1.981,2.916,0.25,0,0.5,0.375,0.25,0.5,0.125,0.375,0.375,0,0,0,0,0.625,0.191,0.786,-0.687,-1.815,-1.625,-1.96,-1.3,-0.657,-1.071,-0.524,-0.634,-0.469,0.558,-1.164,0.562,0.309,0.231,-1.246,0.847
"LBN","LEBANON",1996,NA,0,3393.05090749359,14.6788119422719,78.8449172973633,NA,NA,NA,NA,6.18307844332752,NA,NA,0.14,NA,4034781,50.4422420944284,98.9223937988281,61.2359257757386,0,0.00887618405007525,NA,NA,NA,NA,NA,NA,NA,72.614,70.949,74.171,NA,NA,NA,NA,5.66185242685313,"Asia","Western Asia",0.554,0.344,-0.005,-1.102,1.152,1.425,-0.237,1.981,2.916,0.25,0,0.5,0.375,0.25,0.5,0.125,0.375,0.375,0,0,0,0,0.625,0.192,0.787,-0.687,-1.815,-2.192,-1.96,-1.3,-0.657,-1.071,-0.524,-0.634,-0.469,0.558,-1.164,0.562,0.309,0.231,-1.246,0.857
"LBN","LEBANON",1997,NA,0,3834.0590787531,12.9973932983304,80.9443435668945,NA,NA,NA,NA,6.70515463917526,NA,NA,1.24,11.9327257731959,4108405,50.4188121667654,99.0552062988281,60.6103092783505,0,0.00754430121687888,NA,NA,NA,NA,NA,2.7000000477,NA,72.94,71.239,74.528,NA,NA,NA,NA,4.30515463917526,"Asia","Western Asia",0.554,0.344,-0.005,-1.102,1.152,1.425,-0.237,1.981,2.916,0.25,0,0.5,0.375,0.25,0.5,0.125,0.375,0.375,0,0,0,0,0.625,0.193,0.788,-0.687,-1.815,-2.192,-1.96,-1.3,-0.657,-1.071,-0.524,-0.634,-0.469,0.558,-1.164,0.562,0.309,0.231,-1.246,0.875
"LBN","LEBANON",1998,NA,0,4124.85527892575,7.5845518861233,83.5560989379883,NA,68.207878112793,69.9054489135742,NA,6.08818692875445,NA,NA,2.72,12.6332288041608,4181281,50.3975217164309,99.1699523925781,58.3272782898008,0,0.00913906725096581,NA,NA,NA,NA,NA,NA,NA,73.201,71.47,74.814,NA,NA,NA,NA,4.02325225638672,"Asia","Western Asia",0.554,0.344,-0.005,-1.102,1.152,1.425,-0.237,1.981,2.916,0.25,0,0.5,0.375,0.25,0.5,0.125,0.375,0.375,0,0,0,0,0.625,0.193,0.788,-0.687,-1.815,-2.192,-1.96,-1.3,-0.657,-1.071,-0.524,-0.634,-0.469,0.558,-1.164,0.562,0.309,0.231,-1.246,0.875
"LBN","LEBANON",1999,NA,0,4086.93872789633,-0.919221365732251,NA,NA,NA,NA,NA,6.19685009342943,NA,NA,5.38,13.3726880982344,4255277,50.3784594986413,99.2647857666015,59.058841475041,0,0.00147158951802311,NA,NA,NA,NA,NA,NA,NA,73.513,71.732,75.173,NA,NA,NA,NA,4.77043929225137,"Asia","Western Asia",0.554,0.344,-0.005,-1.102,1.152,1.425,-0.237,1.981,2.916,0.25,0,0.5,0.375,0.25,0.5,0.125,0.375,0.375,0,0,0,0,0.625,0.193,0.788,-0.687,-1.815,-2.192,-1.96,-1.3,-0.657,-1.071,-0.524,-0.634,-0.469,0.558,-1.164,0.562,0.309,0.231,-1.246,0.875
"LBN","LEBANON",2000,NA,0,3986.83513941026,-2.44935378655887,NA,NA,NA,NA,NA,6.23750960799385,NA,NA,7.95,11.9012298232129,4329340,50.361071202539,99.3398971557617,61.52190622598,0,0.00160712397308317,NA,NA,NA,NA,10.82951355,3.07,15,73.895,72.055,75.608,NA,NA,NA,NA,5.39210030383447,"Asia","Western Asia",0.554,0.344,-0.005,-1.102,1.152,1.425,-0.237,1.981,2.916,0.375,0,0.5,0.375,0.25,0.625,0.25,0.5,0.375,0,0,0,0,0.625,0.198,0.792,-0.687,-1.815,-2.344,-1.96,-1.3,-0.657,-0.953,-0.524,-0.634,-0.469,0.558,-1.164,0.562,0.309,0.231,-1.246,0.878
"LBN","LEBANON",2001,NA,0,4009.55929751102,0.569979878930261,NA,NA,NA,NA,NA,5.86311872815425,NA,NA,6.78,11.8780771977299,4401918,50.3449178290009,99.3980941772461,61.4424775435036,0,0.00153542622167633,NA,NA,NA,NA,10.56254768,3,13,74.354,72.416,76.161,NA,NA,NA,NA,5.44789624491027,"Asia","Western Asia",0.554,0.344,-0.005,-1.102,1.152,1.425,-0.237,1.981,2.916,0.375,0,0.5,0.375,0.25,0.625,0.25,0.5,0.375,0,0,0,0,0.625,0.21,0.791,-0.687,-1.815,-2.344,-1.96,-1.3,-0.657,-0.953,-0.524,-0.634,-0.469,0.558,-1.164,0.562,0.309,0.231,-1.246,0.884
"LBN","LEBANON",2002,NA,0,4290.85283803266,7.01557252679256,NA,NA,NA,NA,NA,5.66292601828761,92.4,NA,7,14.4305901911887,4463504,50.3302786331098,99.4442291259766,60.1620947630923,0,0.00137292195937972,NA,NA,NA,NA,9.28233719,3,11,74.836,72.84,76.692,NA,NA,NA,NA,4.75330090340514,"Asia","Western Asia",0.536,0.344,-0.151,-1.102,1.152,1.425,-0.237,1.981,2.916,0.375,0,0.5,0.375,0.25,0.625,0.25,0.5,0.375,0,0,0,0,0.625,0.209,0.791,-0.687,-1.815,-2.344,-1.96,-1.3,-0.657,-0.953,-0.524,-0.634,-0.469,0.558,-1.164,0.562,0.309,0.231,-1.246,0.884
"LBN","LEBANON",2003,NA,0,4437.71588507526,3.42270062820278,NA,NA,NA,NA,NA,5.48637489677952,NA,NA,8,15.3767134599505,4525508,50.3166937280853,99.4841003417969,59.5805119735756,0,0.00160303958190996,NA,NA,NA,NA,8.67109871,3,9.7,75.275,73.263,77.136,NA,NA,NA,NA,4.67569110879715,"Asia","Western Asia",0.536,0.344,-0.151,-1.102,1.152,1.425,-0.237,1.981,2.916,0.375,0,0.5,0.375,0.25,0.625,0.25,0.5,0.375,0,0,0,0,0.625,0.209,0.791,-0.687,-1.815,-2.344,-1.96,-1.3,-0.657,-0.953,-0.524,-0.634,-0.469,0.558,-1.164,0.562,0.309,0.231,-1.246,0.884
"LBN","LEBANON",2004,NA,0,4600.68371412993,3.67233579785395,NA,NA,NA,NA,NA,3.82091029633439,92.4,NA,9,16.5086439486372,4599279,50.3041020125111,99.9,69.0739947560555,0,0.00145705625851701,NA,NA,NA,NA,7.99923086,3,9.8,75.693,73.66,77.563,NA,1,NA,NA,4.51424506886149,"Asia","Western Asia",0.536,0.344,-0.151,-1.102,1.152,1.425,-0.237,1.981,2.916,0.375,0,0.5,0.375,0.25,0.625,0.25,0.5,0.375,0,0,0,0,0.625,0.211,0.791,-0.687,-1.815,-2.344,-1.96,-1.3,-0.657,-0.953,-0.524,-0.634,-0.469,0.558,-1.164,0.562,0.309,0.231,-1.246,0.884
"LBN","LEBANON",2005,6,0,4602.19804637945,0.032915373966454,NA,NA,NA,NA,NA,3.57963505822563,NA,NA,10.1,15.1681037724548,4671102,50.2931962750554,99.569221496582,71.1421422568266,0,0.00137623351454346,NA,NA,NA,NA,7.54867649,3.6,9.6,76.074,73.996,77.979,NA,NA,NA,NA,4.47893172691688,"Asia","Western Asia",0.623,0.757,-0.016,0.338,1.379,1.425,1.199,1.981,2.916,0.3,0,0.536,0.368,0.336,0.5,0.2,0.536,0.436,0,0,0,0,0.5,0.233,0.741,-0.687,-0.913,-1.922,-0.94,-1.089,-0.657,-0.953,-0.524,-0.634,-0.469,0.558,-0.829,0.562,0.309,0.231,-0.627,0.829
"LBN","LEBANON",2006,6,0,4635.2514117486,0.718208235196508,NA,NA,NA,NA,NA,4.46973485890735,92.41022,NA,15,15.0082855368253,4751136,50.2900990415766,99.3838170909681,72.7943057979431,0,0.00162400349088944,NA,NA,NA,NA,8.66057873,3.6,9.1,75.677,72.976,78.277,NA,NA,NA,NA,4.57603784913407,"Asia","Western Asia",0.725,1.025,0.744,0.398,1.634,1.512,0.662,1.981,2.916,0.2,0,0.7,0.4,0.4,0.6,0.4,0.6,0.6,0.2,0,0.1,0.1,0.4,0.259,0.724,-0.687,-0.819,-1.922,-0.94,-1.089,-0.587,-0.943,-0.524,-0.605,-0.265,0.597,-0.829,0.87,0.364,0.26,-0.627,0.822
"LBN","LEBANON",2007,6,0,5125.25809960149,10.5713076665251,NA,NA,NA,NA,NA,4.89276661829071,NA,NA,18.7,14.9441191654965,4844118,50.2878232347306,99.9,70.7510991777324,0,0.00137813978532232,90,93,86,NA,8.55984211,3.43,11,76.732,74.614,78.656,NA,NA,NA,NA,4.63239840402185,"Asia","Western Asia",0.765,1.294,0.972,0.342,1.461,1.512,0.727,1.785,2.916,0.2,0,0.7,0.4,0.4,0.5,0.3,0.6,0.5,0.1,0,0,0,0.3,0.261,0.728,-0.687,-0.819,-1.922,-0.94,-1.089,-0.587,-0.943,-0.524,-0.605,-0.265,0.597,-0.829,0.87,0.326,0.26,-1.1,0.848
"LBN","LEBANON",2008,6,0,5912.04532820842,15.3511728251911,NA,NA,NA,NA,NA,4.52188617992645,67.30186,NA,22.5,16.4183940002292,4925354,50.280528059506,99.9,72.4380677565016,0,0.00189663557109102,NA,NA,NA,NA,7.81751728,3.43,12,76.956,74.832,78.877,NA,NA,NA,NA,4.00131449104104,"Asia","Western Asia",0.782,1.508,0.816,0.396,1.461,1.512,0.727,1.962,2.916,0.2,0,0.7,0.4,0.4,0.5,0.3,0.6,0.5,0.1,0,0,0,0.3,0.264,0.73,-0.687,-0.86,-1.922,-0.94,-1.089,-0.587,-0.943,-0.524,-0.605,-0.265,0.597,-0.829,0.87,0.326,0.26,-1.1,0.848
"LBN","LEBANON",2009,6,0,7090.85493856621,19.9391165817569,NA,NA,NA,NA,NA,3.95087208611483,NA,NA,30.1,16.8563060057445,4992287,50.2718193629131,99.878303527832,69.1877288219295,0,0.00190954318912001,91,94,88,NA,7.0073576,3.45,11,77.262,75.156,79.154,NA,NA,NA,NA,4.02004200140751,"Asia","Western Asia",0.802,1.606,0.859,0.637,1.567,1.512,0.671,1.962,2.916,0.2,0,0.7,0.4,0.4,0.5,0.3,0.6,0.5,0.1,0,0,0,0.3,0.275,0.727,-0.586,-0.899,-2.05,-0.94,-1.089,-0.493,-0.943,-0.524,-0.605,-0.265,0.597,-0.829,0.87,0.326,0.26,-1.1,0.85
"LBN","LEBANON",2010,6,0,7625.81051551165,7.54430293074941,NA,NA,NA,NA,NA,3.86195936751946,42.19351,NA,43.7,16.8444766850707,5041288,50.2594575037173,99.9488067626953,71.8617767348569,0,0.00188079916555357,NA,NA,NA,NA,7.43864489,3.45,12,77.529,75.449,79.386,NA,NA,NA,NA,4.12655312377024,"Asia","Western Asia",0.822,1.697,1.015,0.586,1.567,1.512,0.631,1.849,2.916,0.2,0,0.7,0.4,0.4,0.5,0.3,0.6,0.5,0.1,0,0,0,0.3,0.278,0.728,-0.586,-0.899,-2.05,-0.94,-1.089,-0.493,-0.943,-0.524,-0.605,-0.265,0.597,-0.829,0.87,0.3,0.26,-1.1,0.852
"LBN","LEBANON",2011,6,0,7834.96257108993,2.74268623843779,NA,NA,NA,NA,NA,3.80460970714467,NA,NA,52,16.3773329137847,5096020,50.2435723871625,99.6840109542869,73.5399992816103,0,0.00193498198500856,NA,NA,NA,NA,8.17744446,3.45,11,77.768,75.706,79.6,NA,NA,NA,NA,4.05865660564424,"Asia","Western Asia",0.832,1.876,1.036,0.586,1.567,1.512,0.694,1.849,2.916,0.2,0,0.7,0.4,0.4,0.5,0.3,0.6,0.5,0.1,0,0,0,0.3,0.287,0.727,-0.586,-0.899,-2.05,-0.94,-1.089,-0.493,-0.943,-0.524,-0.605,-0.265,0.597,-0.829,0.87,0.3,0.26,-1.123,0.855
"LBN","LEBANON",2012,6,0,8406.98405608118,7.30088344138288,NA,NA,NA,NA,NA,3.76453077704882,17.08516,NA,61.2,15.1980266225285,5235742,50.2254121765358,99.9983062744141,72.9665422887919,0,0.00190477725937707,NA,NA,NA,NA,7.00420094,3.45,14,77.941,75.886,79.762,NA,NA,NA,NA,3.98937634457757,"Asia","Western Asia",0.842,1.876,1.036,0.642,1.646,1.512,0.721,1.849,2.916,0.2,0,0.7,0.4,0.4,0.5,0.3,0.6,0.5,0.1,0,0,0,0.3,0.289,0.714,-0.586,-0.899,-2.05,-0.94,-1.089,-0.493,-0.718,-0.484,-0.527,-0.183,0.8,-0.829,0.87,0.3,0.26,-1.123,0.855
"LBN","LEBANON",2013,6,0,8162.37929361396,-2.9095423618686,NA,NA,NA,NA,NA,3.9553991560217,NA,NA,70.5,14.0661144534751,5743436,50.2065400908898,100,72.0828493278447,0,0.0015553293883068,NA,NA,NA,NA,7.06742191,2.86,14,78.037,75.979,79.861,NA,NA,NA,NA,4.16539813900342,"Asia","Western Asia",0.794,1.442,0.911,0.805,1.646,2.416,0.814,1.545,2.916,0.2,0,0.7,0.4,0.4,0.5,0.3,0.6,0.5,0.1,0,0,0,0.3,0.308,0.663,-0.586,-0.409,-2.05,-0.94,-1.089,-0.493,-0.139,-0.484,-0.234,0.254,1.079,-0.829,0.87,0.3,0.26,-1.123,0.855
"LBN","LEBANON",2014,6,0,7577.6413302369,-7.16381758728786,NA,NA,NA,NA,NA,4.02280590517852,4.5,NA,73,14.1095658840407,6346990,50.1874352744474,100,73.7326618919194,0,0.00229376123243399,NA,NA,NA,NA,7.52181005,2.85,12,78.148,76.094,79.968,NA,NA,NA,NA,4.67817522836761,"Asia","Western Asia",0.794,1.442,0.911,0.727,1.646,2.416,0.868,1.545,2.916,0.2,0,0.7,0.4,0.4,0.5,0.3,0.6,0.5,0.1,0,0,0,0.3,0.309,0.665,-0.186,-0.409,-2.05,-0.94,-1.089,-0.493,-0.139,-0.484,-0.234,0.254,1.079,-0.829,0.87,0.3,0.26,-1.123,0.843
"LBN","LEBANON",2015,6,0,7714.1099998804,1.80093862583535,NA,NA,NA,NA,NA,3.28466326670943,NA,NA,74,13.4650512835689,6472469,50.2815540715606,100,73.8065438599639,0,0.00228828375146288,NA,NA,NA,NA,7.41596651,3.37,12,78.275,76.221,80.096,NA,NA,NA,NA,4.48688434454642,"Asia","Western Asia",0.767,1.499,0.485,0.681,1.646,2.416,1.553,1.545,1.98,0.2,0,0.7,0.4,0.4,0.5,0.3,0.6,0.5,0.1,0,0,0,0.3,0.299,0.661,-0.186,-0.409,-2.05,-0.94,-1.089,-0.462,-0.139,-0.481,-0.234,0.254,0.915,-0.829,0.87,0.3,0.26,-1.123,0.843
"LBN","LEBANON",2016,6,0,8089.012088155,4.85995258403643,NA,NA,NA,NA,NA,2.72714945763945,4.5,NA,76.1,13.5253568933955,6323060,50.5013000827606,100,74.20253290968,0,0.0013728364357897,NA,NA,NA,NA,7.92386055,2.73,12,78.306,76.233,80.171,NA,NA,NA,NA,5.06266311306368,"Asia","Western Asia",0.793,1.499,0.88,0.351,1.646,2.416,1.059,1.545,1.98,0.2,0,0.7,0.4,0.4,0.5,0.3,0.6,0.5,0.1,0,0,0,0.3,0.301,0.683,-0.562,-0.517,-2.05,-0.94,-1.072,-0.462,-0.139,-0.508,-0.045,0.254,0.679,-1.203,0.316,0.3,0.26,-1.123,0.857
"LBN","LEBANON",2017,6,0,8608.21084982387,6.41856825049315,NA,NA,NA,NA,NA,2.79291148520091,NA,NA,78.2,15.3598817637047,6160128,50.7407151279973,NA,75.4187807415965,0,0.00199555625750973,NA,NA,NA,NA,7.80396605,2.73,12,78.192,76.072,80.13,NA,NA,NA,NA,4.50513980065137,"Asia","Western Asia",0.724,1.021,0.726,0.476,1.646,2.416,0.972,1.392,1.98,0.2,0,0.7,0.4,0.4,0.5,0.3,0.6,0.5,0.1,0,0,0,0.3,0.302,0.669,-0.633,-0.235,-2.05,-0.955,-1.139,-0.444,-0.395,-0.316,-0.188,0.182,0.974,-1.203,0.596,0.17,0.518,-0.695,0.815
"LBN","LEBANON",2018,6,0,9174.53666204759,6.57890265589054,NA,NA,NA,NA,NA,3.23189728304163,4.5,NA,80.9,15.3254054569312,5984119,51.000105445764,NA,76.9908055119369,0,0.00106750721286952,93,95,90,NA,8.07092381,2.73,13,78.263,76.26,80.093,NA,NA,NA,NA,4.85179457921743,"Asia","Western Asia",0.718,1.021,0.668,0.254,1.6,2.416,0.813,1.493,1.427,0.2,0,0.7,0.4,0.4,0.5,0.3,0.7,0.4,0.1,0,0,0,0.4,0.29,0.661,-0.247,-0.269,-1.866,-0.955,-1.139,-0.444,-0.367,-0.542,-0.057,0.142,1.127,-1.055,0.596,0.084,0.625,-0.917,0.816
"LBN","LEBANON",2019,NA,0,8905.88005497437,-2.9282852853439,NA,NA,NA,NA,NA,3.16909985150245,NA,NA,81.5,15.4053905267612,5794594,51.2799861388045,NA,79.3126428766445,0,0.00131340504601898,NA,NA,NA,NA,8.6936779,2.73,15,78.208,76.211,80.048,NA,NA,NA,NA,4.24221838501955,"Asia","Western Asia",0.763,1.172,0.832,0.327,1.904,2.416,1.759,1.638,2.439,0.2,0,0.6,0.4,0.4,0.5,0.3,0.7,0.4,0.1,0.1,0.1,0.1,0.5,0.277,0.661,-0.247,-0.306,-1.866,-0.934,-1.139,-0.444,-0.619,-0.606,-0.057,0.12,1.127,-1.019,0.713,0.175,0.696,-0.667,0.79
"LBN","LEBANON",2020,NA,0,5561.19166950397,-37.5559558945803,NA,NA,NA,NA,NA,3.07825000560689,4.5,NA,82.1,8.90172832507978,5702398,51.4235940739317,NA,87.4214492992388,0,0.00223718784227487,NA,NA,NA,NA,7.57650805,2.73,13,76.299,73.855,78.669,NA,NA,NA,NA,3.0326454174822,"Asia","Western Asia",0.797,1.594,0.74,0.232,2.004,2.416,1.699,1.638,1.406,0.2,0,0.6,0.4,0.4,0.5,0.3,0.7,0.4,0.1,0.1,0.1,0.1,0.5,0.277,0.671,-0.874,-0.221,-1.866,-0.77,-1.085,-0.393,-0.619,-0.659,-0.16,0.081,1.127,-1.039,0.713,0.29,0.545,-1.017,0.837
"OMN","OMAN",1960,-10,0,83.3853105243323,NA,NA,NA,NA,NA,NA,NA,NA,NA,NA,NA,530485,50.0456187180009,NA,NA,NA,NA,NA,NA,NA,NA,NA,0.33512544631958,NA,35.429,33.339,37.732,NA,NA,NA,NA,NA,"Asia","Western Asia",0.022,-2.733,-2.218,-2.187,-3.144,-2.933,-1.389,-0.597,-0.362,0.833,0.333,0,0.333,0.167,0.333,0,0.333,0.5,0,0,0,0,0.5,0.024,0.846,-1.317,-2.171,NA,0.762,-1.013,-0.646,-1.632,0.154,-1.103,-1.687,-1.161,NA,NA,NA,NA,-1.143,0.82
"OMN","OMAN",1961,-10,0,84.5311646369716,1.37416783056163,NA,NA,NA,NA,NA,74.2331288343558,NA,NA,NA,NA,539854,50.0915062220526,NA,87.7300613496933,NA,NA,NA,NA,NA,NA,NA,NA,NA,36.386,34.319,38.649,NA,NA,NA,NA,NA,"Asia","Western Asia",0.022,-2.733,-2.218,-2.187,-3.144,-2.933,-1.389,-0.597,-0.362,0.833,0.333,0,0.333,0.167,0.333,0,0.333,0.5,0,0,0,0,0.5,0.024,0.846,-1.317,-2.171,NA,0.762,-1.013,-0.646,-1.632,0.154,-1.103,-1.687,-1.161,NA,NA,NA,NA,-1.143,0.82
"OMN","OMAN",1962,-10,0,102.325889863048,21.0510825238216,NA,NA,NA,NA,NA,61.1940298507463,NA,NA,NA,NA,549941,50.1311047346811,NA,74.1293532338308,NA,NA,NA,NA,NA,NA,NA,NA,NA,37.413,35.352,39.656,NA,NA,NA,NA,NA,"Asia","Western Asia",0.022,-2.733,-2.218,-2.187,-3.144,-2.933,-1.389,-0.597,-0.362,0.833,0.333,0,0.333,0.167,0.333,0,0.333,0.5,0,0,0,0,0.5,0.024,0.847,-1.115,-2.171,NA,0.762,-1.013,-0.646,-1.632,0.154,-1.103,-1.687,-1.161,NA,NA,NA,NA,-1.143,0.824
"OMN","OMAN",1963,-10,0,106.829311959455,4.40105832691446,NA,NA,NA,NA,NA,60.2803738317757,NA,NA,NA,NA,560827,50.1646675356215,NA,72.4299065420561,NA,NA,NA,NA,NA,NA,NA,NA,NA,38.498,36.424,40.742,NA,NA,NA,NA,NA,"Asia","Western Asia",0.022,-2.733,-2.218,-2.187,-3.144,-2.933,-1.389,-0.597,-0.362,0.833,0.333,0,0.333,0.167,0.333,0,0.333,0.5,0,0,0,0,0.5,0.024,0.847,-1.115,-2.171,NA,0.762,-1.013,-0.646,-1.632,0.154,-1.103,-1.687,-1.161,NA,NA,NA,NA,-1.143,0.824
"OMN","OMAN",1964,-10,0,108.059747071369,1.15177668876216,NA,NA,NA,NA,NA,60.1809954751131,NA,NA,NA,NA,572577,50.1935984155843,NA,72.3981900452489,NA,NA,NA,NA,NA,NA,NA,NA,NA,39.628,37.524,41.896,NA,NA,NA,NA,NA,"Asia","Western Asia",0.022,-2.733,-2.218,-2.187,-3.144,-2.933,-1.389,-0.597,-0.362,0.833,0.333,0,0.333,0.167,0.333,0,0.333,0.5,0,0,0,0,0.5,0.024,0.847,-1.115,-2.171,NA,0.762,-1.013,-0.646,-1.632,0.154,-1.103,-1.687,-1.161,NA,NA,NA,NA,-1.143,0.824
"OMN","OMAN",1965,-10,0,108.127276326149,0.0624925160479953,NA,NA,NA,NA,NA,60.6194690265487,NA,NA,NA,NA,585236,50.2186301229421,NA,73.0088495575221,NA,NA,NA,NA,NA,NA,NA,NA,NA,40.791,38.646,43.093,NA,NA,NA,NA,NA,"Asia","Western Asia",0.022,-2.733,-2.218,-2.187,-3.144,-2.933,-1.163,-0.597,-0.362,0.833,0.333,0,0.333,0.167,0.333,0,0.333,0.5,0,0,0,0,0.5,0.022,0.861,-1.115,-2.171,NA,0.762,-1.013,-0.646,-1.632,0.154,-1.103,-2.434,-1.161,NA,NA,NA,NA,-1.143,0.824
"OMN","OMAN",1966,-10,0,113.158851470616,4.65338193601588,NA,NA,NA,NA,NA,58.6776859504132,NA,NA,NA,NA,598804,50.2401453564105,NA,71.0743801652893,NA,NA,NA,NA,NA,NA,NA,NA,NA,41.975,39.786,44.317,NA,NA,NA,NA,NA,"Asia","Western Asia",0.022,-2.733,-2.218,-2.187,-3.144,-2.933,-1.163,-0.597,-0.362,0.833,0.333,0,0.333,0.167,0.333,0,0.333,0.5,0,0,0,0,0.5,0.022,0.861,-1.115,-2.171,NA,0.762,-1.013,-0.646,-1.632,0.154,-1.103,-2.434,-1.161,NA,NA,NA,NA,-1.143,0.824
"OMN","OMAN",1967,-10,0,174.708442422448,54.3922018931189,NA,NA,NA,NA,NA,36.8556701030928,NA,NA,NA,NA,613318,50.2582673262484,NA,45.1030927835052,NA,NA,NA,NA,NA,NA,NA,NA,NA,43.177,40.946,45.556,NA,NA,NA,NA,NA,"Asia","Western Asia",0.022,-2.733,-2.218,-2.187,-3.144,-2.933,-1.163,-0.597,-0.362,0.833,0.333,0,0.333,0.167,0.333,0,0.333,0.5,0,0,0,0,0.5,0.022,0.861,-1.115,-2.171,NA,0.762,-1.013,-0.646,-1.632,0.154,-1.103,-2.434,-1.161,NA,NA,NA,NA,-1.143,0.824
"OMN","OMAN",1968,-10,0,300.382394498902,71.9335312786844,NA,NA,NA,NA,NA,19.1867852604828,NA,NA,NA,NA,628798,50.2730606649512,NA,24.7776365946633,NA,NA,NA,NA,NA,NA,NA,NA,NA,44.395,42.126,46.805,NA,NA,NA,NA,NA,"Asia","Western Asia",0.022,-2.733,-2.218,-2.187,-3.144,-2.933,-1.163,-0.597,-0.362,0.833,0.333,0,0.333,0.167,0.333,0,0.333,0.5,0,0,0,0,0.5,0.022,0.861,-1.115,-2.171,NA,0.762,-1.013,-0.646,-1.632,0.154,-1.103,-2.434,-1.161,NA,NA,NA,NA,-1.143,0.824
"OMN","OMAN",1969,-10,0,371.945677290612,23.8240602985711,NA,NA,NA,NA,NA,16.1,NA,NA,NA,NA,645255,50.2846161595028,NA,21.5,NA,NA,NA,NA,NA,NA,NA,NA,NA,45.624,43.324,48.06,NA,NA,NA,NA,NA,"Asia","Western Asia",0.025,-2.733,-2.111,-2.187,-3.144,-2.933,-1.163,-0.597,-0.362,0.833,0.333,0,0.333,0.167,0.333,0,0.333,0.5,0,0,0,0,0.5,0.022,0.861,-1.115,-2.171,NA,0.762,-1.013,-0.646,-1.632,0.154,-1.103,-2.434,-1.161,NA,NA,NA,NA,-1.143,0.824
"OMN","OMAN",1970,-10,0,386.792712839023,3.99172149453711,NA,NA,NA,NA,NA,15.5430711610487,NA,NA,NA,NA,662680,50.2944105752399,NA,21.5355805243446,43.4488291702311,43.4542322673313,NA,NA,NA,NA,NA,NA,NA,46.64,44.25,49.17,NA,NA,NA,NA,NA,"Asia","Western Asia",0.118,-1.585,-1.287,-1.729,-1.491,-0.746,-1.06,-0.021,-0.546,0.833,0.333,0,0.333,0.167,0.5,0.167,0.667,0.5,0.167,0.167,0.167,0.167,0.666,0.045,0.779,0.509,-1.588,NA,1.215,-0.256,-1.197,-0.36,0.154,-1.103,-2.434,-1.161,NA,NA,NA,NA,-0.772,0.646
"OMN","OMAN",1971,-10,0,441.935384423256,14.2563884359379,3.08177995681763,NA,NA,NA,NA,13.4292565947242,NA,NA,NA,NA,681119,50.3015630184491,NA,23.1814548361311,43.5468374447573,43.5509010114495,NA,NA,NA,NA,NA,NA,NA,47.868,45.454,50.415,NA,NA,NA,NA,9.65227817745803,"Asia","Western Asia",0.118,-1.585,-1.287,-1.729,-1.491,-0.308,-1.06,-0.021,-0.546,0.833,0.333,0,0.333,0.167,0.667,0.167,0.667,0.5,0.167,0.167,0.167,0.167,0.5,0.048,0.765,0.509,-1.588,NA,1.215,-0.256,-0.643,-0.36,0.154,-1.103,-2.434,-1.161,NA,NA,NA,NA,-0.772,0.646
"OMN","OMAN",1972,-10,0,523.675726630998,18.4959940047382,13.0586204528809,NA,NA,NA,NA,12.0738636363636,NA,NA,NA,NA,700593,50.311379074584,NA,27.6278409090909,43.7574402568,43.7615463301578,NA,NA,NA,NA,NA,NA,NA,48.717,45.858,51.786,NA,NA,NA,NA,14.8615056818182,"Asia","Western Asia",0.118,-1.585,-1.287,-1.729,-1.491,-0.308,-1.06,-0.021,-0.546,0.833,0.333,0,0.333,0.167,0.667,0.167,0.667,0.5,0.167,0.167,0.167,0.167,0.5,0.05,0.762,0.509,-1.588,NA,1.215,-0.256,-0.314,-0.36,0.154,-1.103,-2.434,-1.161,NA,NA,NA,NA,-0.772,0.646
"OMN","OMAN",1973,-10,0,669.829529995212,27.9092186121507,20.0211601257324,NA,NA,NA,13.31087,9.85832349468713,NA,NA,NA,NA,721179,50.324122027957,NA,27.8040141676505,51.7768701876827,51.7813393965075,NA,NA,NA,NA,NA,NA,NA,49.964,47.073,53.053,NA,NA,NA,NA,18.595041322314,"Asia","Western Asia",0.118,-1.585,-1.287,-1.729,-1.491,-0.308,-1.06,-0.021,-0.13,0.833,0.333,0,0.333,0.167,0.667,0.167,0.667,0.5,0.167,0.167,0.167,0.167,0.5,0.05,0.762,0.509,-1.588,NA,1.215,-0.256,-0.314,-0.36,0.154,-1.103,-2.434,-1.161,NA,NA,NA,NA,-0.772,0.646
"OMN","OMAN",1974,-10,0,2203.40591346986,228.950249996534,27.9009799957275,NA,2.47386002540588,0.779910027980804,18.88167,3.23658751099384,NA,NA,NA,NA,746988,50.3313306237851,NA,16.7282497801231,63.723577167643,63.7250762264266,NA,NA,NA,NA,NA,NA,NA,51.228,48.314,54.327,NA,NA,NA,NA,15.5277044854881,"Asia","Western Asia",0.118,-1.585,-1.287,-1.729,-1.491,-0.244,-1.619,-0.021,-0.13,0.833,0.333,0,0.333,0.167,0.667,0.167,0.667,0.5,0.167,0.167,0.167,0.167,0.5,0.053,0.725,0.509,-1.588,NA,1.215,-0.256,0.754,-0.36,0.154,-1.103,-2.434,-1.161,NA,NA,NA,NA,-0.772,0.646
"OMN","OMAN",1975,-10,0,2691.99653514052,22.1743355903607,37.0362815856934,NA,8.15859985351562,0.842060029506683,26.28963,2.78928511312968,NA,NA,NA,NA,778864,50.2762998418209,NA,22.10712815619,58.2532208951386,58.2546567012368,NA,NA,NA,NA,NA,NA,NA,52.511,49.582,55.611,NA,NA,NA,NA,24.9585749792875,"Asia","Western Asia",0.117,-1.585,-1.246,-1.729,-1.491,-0.244,-1.619,-0.021,-0.13,0.833,0.333,0,0.333,0.167,0.667,0.167,0.667,0.5,0.167,0.167,0.167,0.167,0.5,0.053,0.725,0.509,-1.588,NA,1.215,-0.256,0.754,-0.36,0.154,-1.103,-2.434,-1.161,NA,NA,NA,NA,-0.772,0.646
"OMN","OMAN",1976,-10,0,3142.52717836645,16.7359295357493,40.0482482910156,NA,13.1805200576782,3.05335998535156,27.2474,2.06943345018659,NA,NA,NA,NA,814701,50.1364919602308,NA,29.2661087866109,56.0736509431069,56.0746281457364,NA,NA,NA,NA,NA,NA,NA,54.448,52.008,56.975,NA,NA,NA,NA,23.0097252063779,"Asia","Western Asia",0.125,-1.585,-1.2,-1.31,-1.491,0.046,-1.714,-0.021,-0.13,0.833,0.333,0,0.333,0.167,0.667,0.167,0.667,0.5,0.167,0.167,0.167,0.167,0.5,0.056,0.728,0.655,-1.588,NA,1.215,-0.256,0.754,-0.36,0.154,-1.103,-2.434,-1.161,NA,NA,NA,NA,-0.772,0.633
"OMN","OMAN",1977,-10,0,3204.86972958061,1.9838349097928,44.2124290466309,NA,NA,NA,NA,2.54541586972794,NA,NA,NA,NA,855314,49.9551627178291,NA,32.6151317474512,52.3007724748365,52.3023768492243,NA,NA,NA,NA,NA,NA,NA,55.524,53.133,58.007,NA,NA,NA,NA,18.7816856780735,"Asia","Western Asia",0.125,-1.585,-1.2,-1.31,-1.491,0.046,-1.714,-0.021,-0.13,0.833,0.333,0,0.333,0.167,0.667,0.167,0.667,0.5,0.167,0.167,0.167,0.167,0.5,0.061,0.683,0.655,-1.588,NA,1.215,-0.256,0.754,-0.36,0.154,-1.103,-1.123,-1.161,NA,NA,NA,NA,-0.772,0.633
"OMN","OMAN",1978,-10,0,3043.75121036129,-5.02730322334831,48.0081214904785,NA,30.4355506896973,8.2989501953125,34.77876,3.2435284475934,NA,NA,NA,NA,900304,49.7584149353996,NA,36.8727166537014,49.3783439087918,49.6155143971473,NA,NA,NA,NA,NA,NA,NA,57.037,54.587,59.601,NA,NA,NA,NA,20.949941915725,"Asia","Western Asia",0.127,-1.585,-1.2,-1.31,-1.403,0.046,-1.714,-0.021,-0.13,0.833,0.333,0,0.333,0.167,0.667,0.167,0.667,0.5,0.167,0.167,0.167,0.167,0.5,0.061,0.687,0.655,-1.588,NA,1.215,-0.189,0.754,-0.36,0.154,-1.103,-1.123,-1.161,NA,NA,NA,NA,-0.772,0.633
"OMN","OMAN",1979,-10,0,3933.50510857105,29.2321493025098,50.8393402099609,NA,37.533031463623,13.1525497436523,37.80752,3.12524234199302,NA,NA,NA,NA,949116,49.5651211918471,NA,34.4086932919736,79.2807414922271,79.7407561880243,NA,NA,NA,NA,NA,NA,NA,58.328,55.879,60.907,NA,NA,NA,NA,15.6407473447554,"Asia","Western Asia",0.127,-1.585,-1.2,-1.067,-1.403,0.046,-2.128,0.043,-0.13,0.833,0.333,0,0.333,0.167,0.667,0.167,0.667,0.5,0.167,0.167,0.167,0.167,0.5,0.061,0.69,0.655,-1.588,NA,1.215,-0.189,0.754,-0.36,0.154,-1.103,-1.123,-1.161,NA,NA,-0.748,-0.431,-0.772,0.633
"OMN","OMAN",1980,-10,0,5974.30434611467,51.8824605844987,52.0670585632324,NA,NA,NA,NA,2.54585934853105,NA,NA,NA,NA,1001248,49.3862659401067,NA,29.4129083781037,54.9888356030285,55.4243207387891,NA,NA,NA,NA,NA,1.62030005455017,NA,59.601,57.157,62.19,NA,NA,NA,NA,14.9098813070874,"Asia","Western Asia",0.127,-1.585,-1.2,-1.067,-1.403,0.046,-2.128,0.043,-0.13,0.833,0.167,0,0.333,0.333,0.667,0.167,0.667,0.333,0.167,0.167,0.167,0.167,0.5,0.062,0.69,0.655,-1.588,NA,1.215,-0.189,0.754,-0.36,0.154,-1.103,-1.123,-1.161,NA,NA,-0.748,-0.431,-0.772,0.633
"OMN","OMAN",1981,-10,0,6865.58482819779,14.9185650821883,54.4679183959961,NA,NA,NA,42.8799,2.47676773913103,NA,NA,NA,NA,1057320,49.2136723035599,NA,NA,46.6170456761006,46.9803586575315,NA,NA,NA,NA,NA,1.60759997367859,NA,60.802,58.375,63.377,NA,NA,NA,NA,15.7134256472005,"Asia","Western Asia",0.127,-1.585,-1.2,-1.067,-1.403,0.046,-2.128,0.043,-0.13,0.833,0.167,0,0.333,0.333,0.667,0.167,0.667,0.333,0.167,0.167,0.167,0.167,0.5,0.062,0.69,0.655,-1.588,NA,1.215,-0.189,0.754,-0.36,0.154,-1.103,-1.123,-1.161,NA,NA,-0.748,-0.431,-0.772,0.633
"OMN","OMAN",1982,-10,0,6759.29870293907,-1.54810009516145,57.2057418823242,NA,NA,NA,45.48745,2.53314928592208,NA,NA,NA,NA,1117678,49.0412265428862,NA,NA,37.5141492944712,37.6829596638167,NA,NA,NA,NA,NA,NA,NA,62.049,59.624,64.636,NA,NA,NA,NA,16.6660292205309,"Asia","Western Asia",0.127,-1.585,-1.2,-1.067,-1.403,0.046,-2.128,0.126,-0.13,0.833,0.167,0,0.333,0.333,0.667,0.167,0.667,0.333,0.167,0.167,0.167,0.167,0.5,0.063,0.69,0.655,-1.588,NA,1.215,-0.189,0.754,-0.36,0.154,-1.103,-1.123,-1.161,NA,NA,-0.748,-0.431,-0.772,0.633
"OMN","OMAN",1983,-10,0,6714.19125910699,-0.667339110379391,61.8935012817383,NA,52.0161895751953,24.9194793701172,48.5464,2.93806354020452,NA,NA,NA,NA,1181459,48.8796912294957,NA,NA,41.0902547500145,41.7737554363094,NA,NA,NA,NA,NA,NA,NA,63.192,60.788,65.775,NA,NA,NA,NA,17.1593698854337,"Asia","Western Asia",0.127,-1.585,-1.2,-1.067,-1.403,0.046,-2.128,0.126,-0.13,0.833,0.167,0,0.333,0.333,0.667,0.167,0.667,0.333,0.167,0.167,0.167,0.167,0.5,0.063,0.69,0.655,-1.588,NA,1.215,-0.189,0.754,-0.36,0.154,-1.103,-1.123,-1.161,NA,NA,-0.748,-0.431,-0.772,0.633
"OMN","OMAN",1984,-10,0,7070.07295804885,5.30044029441593,67.126823425293,NA,58.3797187805176,31.1889991760254,54.95535,2.92100167383242,NA,NA,NA,NA,1247716,48.7378948912293,NA,NA,38.8599320861153,39.3769527935263,NA,NA,NA,NA,NA,NA,NA,64.272,61.89,66.846,NA,NA,NA,NA,16.8930416756907,"Asia","Western Asia",0.127,-1.585,-1.2,-1.067,-1.403,0.046,-2.128,0.126,-0.13,0.833,0.167,0,0.333,0.333,0.667,0.167,0.667,0.333,0.167,0.167,0.167,0.167,0.333,0.063,0.69,0.655,-1.588,NA,1.215,-0.189,0.754,-0.36,0.154,-1.103,-1.123,-1.161,NA,NA,-0.748,-0.431,-0.772,0.633
"OMN","OMAN",1985,-10,0,7548.69588410284,6.76970278657602,72.4567031860352,NA,55.8419609069824,31.5501899719238,57.36973,2.77207103133977,NA,NA,NA,NA,1325480,47.9320698916619,NA,NA,40.0357823978528,40.5551272844964,NA,NA,NA,NA,NA,NA,NA,65.281,62.923,67.843,NA,NA,NA,NA,15.5614660502423,"Asia","Western Asia",0.127,-1.585,-1.2,-1.067,-1.403,0.046,-2.128,0.126,-0.13,0.833,0.167,0,0.333,0.333,0.667,0.167,0.667,0.333,0.167,0.167,0.167,0.167,0.333,0.063,0.69,0.655,-1.588,NA,1.215,-0.189,0.754,-0.36,0.154,-1.103,-1.123,-1.161,NA,NA,-0.748,-0.431,-0.772,0.633
"OMN","OMAN",1986,-10,0,5181.87980290561,-31.3539731568948,75.8152008056641,NA,55.2864685058594,37.7741317749023,63.22959,3.42781558323567,NA,NA,NA,NA,1413419,46.5798559522293,NA,NA,30.4656609703086,31.386112510293,NA,NA,NA,NA,NA,NA,NA,66.168,63.878,68.765,NA,NA,NA,NA,15.8665775911433,"Asia","Western Asia",0.127,-1.585,-1.2,-0.712,-1.403,0.046,-2.128,0.126,-0.13,0.833,0.167,0,0.333,0.333,0.667,0.167,0.667,0.333,0.167,0.167,0.167,0.167,0.333,0.064,0.69,0.655,-1.588,NA,1.215,-0.189,0.754,-0.36,0.154,-1.103,-1.123,-1.161,NA,NA,-0.748,-0.431,-0.772,0.633
"OMN","OMAN",1987,-10,0,5203.99994065839,0.426874775064778,78.5941390991211,NA,55.735408782959,40.8377304077148,65.4702,3.50935617997457,NA,NA,NA,NA,1500996,45.3759370444691,NA,NA,40.9126836626402,41.9005494299817,NA,NA,NA,NA,NA,NA,NA,66.979,64.755,69.609,NA,NA,NA,NA,13.2023149264529,"Asia","Western Asia",0.127,-1.585,-1.2,-0.712,-1.403,0.046,-2.128,0.126,-0.13,0.833,0.167,0,0.333,0.333,0.667,0.167,0.667,0.333,0.167,0.167,0.167,0.167,0.333,0.064,0.69,0.655,-1.588,NA,1.215,-0.189,0.754,-0.36,0.154,-1.103,-1.123,-1.161,NA,NA,-0.748,-0.431,-0.772,0.633
"OMN","OMAN",1988,-10,0,5279.10411437183,1.44320089488583,80.2694778442383,NA,61.0716285705566,48.9462089538574,64.82394,3.83315242673283,NA,NA,NA,NA,1588568,44.2997718700112,NA,NA,33.8811369411923,34.8933019491993,NA,NA,NA,NA,NA,NA,NA,67.718,65.554,70.381,NA,NA,NA,NA,13.6997984183594,"Asia","Western Asia",0.127,-1.585,-1.2,-0.712,-1.403,0.046,-2.128,0.126,-0.13,0.833,0.167,0,0.333,0.333,0.667,0.167,0.667,0.333,0.167,0.167,0.167,0.167,0.333,0.065,0.69,0.655,-1.588,NA,1.215,-0.189,0.754,-0.36,0.154,-1.103,-1.123,-1.161,NA,NA,-0.748,-0.431,-0.772,0.633
"OMN","OMAN",1989,-10,0,5591.22723847558,5.9124259976996,81.5926971435547,NA,68.0315780639648,57.3764610290527,65.9663,3.24952824952825,NA,NA,NA,NA,1676228,43.3360497497954,NA,NA,44.3572211516765,45.4281387750377,NA,NA,NA,NA,NA,2.50720000267029,NA,68.393,66.288,71.092,NA,NA,NA,NA,12.5,"Asia","Western Asia",0.127,-1.585,-1.2,-0.712,-1.403,0.046,-2.128,0.126,-0.13,0.833,0.167,0,0.333,0.333,0.667,0.167,0.667,0.333,0.167,0.167,0.167,0.167,0.333,0.065,0.69,0.655,-1.588,NA,1.215,-0.189,0.754,-0.36,0.154,-1.103,-1.123,-1.161,NA,NA,-0.748,-0.431,-0.772,0.633
"OMN","OMAN",1990,-10,0,7545.70305230441,34.956114828946,82.4529571533203,NA,67.7088928222656,65.4687423706055,67.16301,2.27050685841573,NA,NA,0,NA,1763954,42.4711755521969,NA,NA,49.6173962343468,50.4824718338721,NA,NA,NA,NA,NA,2.1087999344,NA,69.012,66.963,71.752,NA,NA,NA,NA,12.3909414645003,"Asia","Western Asia",0.127,-1.585,-1.2,-0.712,-1.403,0.046,-2.128,0.126,-0.13,0.833,0.167,0,0.333,0.333,0.667,0.167,0.667,0.333,0.167,0.167,0.167,0.167,0.333,0.065,0.69,0.655,-1.588,NA,1.215,-0.189,0.754,-0.36,0.154,-1.103,-1.123,-1.161,NA,NA,-0.748,-0.431,-0.772,0.633
"OMN","OMAN",1991,-9,0,6977.3285922345,-7.53242548944902,83.958740234375,NA,NA,NA,68.2343,2.3112077469751,NA,NA,NA,NA,1851473,41.6906970828092,NA,NA,31.7780235003255,32.5938448581855,NA,NA,NA,NA,NA,NA,NA,69.584,67.588,72.37,NA,NA,NA,NA,11.0639102916896,"Asia","Western Asia",0.127,-1.585,-1.2,-0.712,-1.403,0.046,-2.128,0.126,-0.13,0.833,0.167,0,0.333,0.333,0.667,0.167,0.667,0.333,0.167,0.167,0.167,0.167,0.333,0.068,0.69,0.655,-1.588,NA,1.215,-0.189,0.754,-0.36,0.154,-1.103,-1.123,-1.161,0.671,-1.068,-0.748,-0.431,-0.772,0.633
"OMN","OMAN",1992,-9,0,7317.78815838166,4.87951171636202,85.7111968994141,NA,74.8807601928711,70.291389465332,69.59741,2.05002200381399,NA,NA,NA,NA,1938238,40.9791568532054,NA,NA,31.7405798958589,32.5670329025425,NA,NA,NA,NA,NA,NA,NA,70.114,68.172,72.953,NA,NA,NA,NA,12.1840929027946,"Asia","Western Asia",0.13,-1.585,-1.2,-0.712,-1.33,0.046,-2.128,0.126,-0.13,0.833,0.167,0,0.333,0.333,0.667,0.167,0.667,0.333,0.167,0.167,0.167,0.167,0.333,0.083,0.685,0.655,-1.588,NA,1.215,-0.189,0.754,-0.36,0.154,-1.103,-1.123,-1.161,0.671,-1.068,-0.748,-0.431,-0.772,0.633
"OMN","OMAN",1993,-9,0,7038.9301587736,-3.81068696678054,87.3089218139648,NA,NA,NA,72.95787,2.10358944367278,NA,NA,NA,NA,2021675,40.3598206238988,NA,NA,31.4612344977031,32.4067391861547,NA,NA,NA,NA,NA,NA,NA,70.608,68.719,73.506,NA,NA,NA,NA,11.5257307019735,"Asia","Western Asia",0.13,-1.585,-1.2,-0.712,-1.33,0.046,-2.128,0.126,-0.13,0.833,0.167,0,0.333,0.333,0.667,0.167,0.667,0.333,0.167,0.167,0.167,0.167,0.333,0.082,0.685,0.655,-1.588,NA,1.215,-0.189,0.754,-0.36,0.154,-1.103,-1.123,-1.161,0.671,-1.068,-0.748,-0.431,-0.772,0.633
"OMN","OMAN",1994,-9,0,7068.38996979073,0.418526826557729,87.5870132446289,NA,72.7659378051758,71.5127487182617,74.20158,2.22340049487451,NA,NA,NA,NA,2081834,40.2416618031688,NA,NA,28.7489456153524,29.7669582159775,NA,NA,NA,NA,NA,NA,NA,71.072,69.234,74.031,NA,NA,NA,NA,11.766452600004,"Asia","Western Asia",0.13,-1.585,-1.2,-0.712,-1.33,0.046,-2.128,0.126,-0.13,0.833,0.167,0,0.333,0.333,0.667,0.167,0.667,0.333,0.167,0.167,0.167,0.167,0.333,0.082,0.685,0.655,-1.588,NA,1.215,-0.189,0.754,-0.36,0.154,-1.103,-1.123,-1.161,0.671,-1.068,-0.748,-0.431,-0.772,0.633
"OMN","OMAN",1995,-9,0,7414.30279204109,4.89379934792422,87.346061706543,NA,75.8721389770508,74.4410629272461,75.65553,2.43664394891815,NA,NA,NA,NA,2120528,40.537800273234,NA,NA,30.8793481244036,31.8501238195579,NA,NA,NA,NA,NA,NA,NA,71.56,69.719,74.528,NA,NA,NA,NA,10.9676477238468,"Asia","Western Asia",0.13,-1.585,-1.2,-0.712,-1.33,0.046,-1.931,0.126,-0.13,0.833,0.167,0,0.333,0.333,0.667,0.167,0.667,0.333,0.167,0.167,0.167,0.167,0.333,0.083,0.687,0.655,-1.588,NA,1.215,-0.214,0.754,-0.36,0.154,-1.103,-1.123,-1.161,0.671,-1.068,-0.748,-0.431,-0.772,0.633
"OMN","OMAN",1996,-9,0,8068.00076784612,8.81671539644624,87.6486892700195,NA,76.5542526245117,77.8498916625977,78.29453,2.1984427074771,NA,NA,0,NA,2156926,40.8064532580163,NA,NA,36.1991174614756,37.1448237189533,NA,NA,NA,NA,NA,NA,NA,72.023,70.177,74.998,NA,NA,NA,NA,9.40707829017925,"Asia","Western Asia",0.146,-1.287,-1.2,-0.712,-1.33,0.046,-1.931,0.105,-0.13,0.833,0.167,0,0.333,0.333,0.667,0.167,0.667,0.333,0.167,0.167,0.167,0.167,0.333,0.085,0.661,0.655,-1.588,NA,1.215,-0.214,1.167,-0.36,1.167,-1.103,-1.123,-1.161,0.671,-1.068,-0.748,-0.431,-0.772,0.633
"OMN","OMAN",1997,-9,0,8234.64063759005,2.06544191725972,88.2634963989258,NA,77.2225799560547,79.8224182128906,79.0198,2.29949684990557,NA,NA,0.44,NA,2190720,41.0495179666959,NA,NA,32.0318310544737,33.2175926848869,NA,NA,NA,NA,NA,NA,NA,72.463,70.614,75.44,NA,NA,NA,NA,9.3579111585516,"Asia","Western Asia",0.146,-1.287,-1.2,-0.852,-1.33,0.046,-1.931,0.105,-0.13,0.833,0.167,0,0.333,0.333,0.667,0.167,0.667,0.333,0.167,0.167,0.167,0.167,0.333,0.086,0.661,0.655,-1.588,NA,1.215,-0.214,1.167,-0.36,1.167,-1.103,-1.123,-1.161,0.671,-1.068,-0.748,-0.431,-0.772,0.633
"OMN","OMAN",1998,-9,0,7219.02932432025,-12.333401759315,88.2964630126953,NA,78.7567367553711,80.076057434082,79.55151,2.79786026908737,NA,NA,0.863,NA,2222489,41.2721502783591,NA,53.5337980223699,22.5419118763231,24.2822148573417,NA,NA,NA,NA,NA,2.2000000477,NA,72.882,71.028,75.855,NA,NA,NA,NA,8.21609216715177,"Asia","Western Asia",0.159,-1.281,-1.025,-0.852,-1.33,0.046,-1.931,0.105,-0.13,0.833,0.167,0,0.333,0.333,0.667,0.167,0.667,0.333,0.167,0.167,0.167,0.167,0.333,0.086,0.661,0.655,-1.588,NA,1.215,-0.214,1.167,-0.36,1.167,-1.103,-1.123,-1.161,0.671,-1.068,-0.748,-0.431,-0.772,0.633
"OMN","OMAN",1999,-9,0,7915.44169380534,9.64689763953361,88.8397521972656,NA,80.2883529663086,81.1139221191406,81.18873,2.58141671649627,NA,NA,2.52,NA,2252909,41.481169456911,NA,48.7698163839748,31.1434378961453,32.3229406984525,NA,NA,NA,NA,NA,NA,NA,73.276,71.418,76.24,NA,NA,NA,NA,7.51678821932738,"Asia","Western Asia",0.164,-1.281,-1.025,-0.852,-1.27,0.046,-1.931,0.105,-0.13,0.833,0.167,0,0.333,0.333,0.667,0.167,0.667,0.333,0.167,0.167,0.167,0.167,0.333,0.088,0.661,0.655,-1.588,NA,1.215,-0.214,1.167,-0.36,1.167,-1.103,-1.123,-1.161,0.671,-1.068,-0.748,-0.431,-0.772,0.633
"OMN","OMAN",2000,-9,0,9753.84755185404,23.2255625038265,92.6224670410156,NA,84.8939895629883,81.8151473999023,82.12433,1.96522877038837,4.25,NA,3.52,NA,2282131,41.6847491731416,NA,43.0854792727953,44.475781466106,46.4323533403582,NA,NA,NA,NA,2.68485427,1.93,16,73.643,71.777,76.596,NA,NA,NA,NA,7.08570878292736,"Asia","Western Asia",0.164,-1.281,-1.025,-0.852,-1.27,0.046,-1.931,0.105,-0.13,0.833,0.167,0,0.333,0.333,0.667,0.167,0.667,0.333,0.167,0.167,0.167,0.167,0.333,0.105,0.581,0.655,-1.588,0.305,1.215,-0.214,1.167,-0.341,1.167,-0.696,0.071,-0.261,0.671,-1.068,-0.748,-0.431,-0.772,0.605
"OMN","OMAN",2001,-9,0,9611.96360191054,-1.45464596600682,93.1300582885742,NA,83.9623031616211,82.8384017944336,83.19777,2.04495145289936,NA,NA,5.89,NA,2310217,41.8863249642783,NA,45.6975205256439,36.285347329679,39.6608260982704,NA,NA,NA,NA,2.70073724,1.89,15,73.979,72.103,76.921,NA,NA,NA,NA,8.19564037118769,"Asia","Western Asia",0.164,-1.281,-1.025,-0.712,-1.27,0.046,-1.931,0.105,-0.13,0.833,0.167,0,0.333,0.333,0.667,0.167,0.667,0.333,0.167,0.167,0.167,0.167,0.333,0.112,0.565,0.655,-1.588,0.305,1.215,-0.214,1.167,-0.341,1.525,-0.696,0.071,-0.261,0.671,-1.068,-0.748,-0.431,-0.772,0.54
"OMN","OMAN",2002,-8,0,9869.13050219438,2.6754876624036,92.9911499023438,NA,88.6411285400391,83.1521682739258,83.29087,2.02622706822871,4,NA,6.87,NA,2337140,42.0830159939071,NA,46.3472662284213,33.51317909328,36.5156563174369,NA,NA,NA,NA,2.77737164,1.85,14,74.276,72.384,77.207,NA,NA,NA,NA,8.10066565457833,"Asia","Western Asia",0.164,-1.281,-1.025,-0.712,-1.27,0.046,-1.931,0.105,-0.13,0.833,0.167,0,0.333,0.333,0.667,0.167,0.667,0.333,0.167,0.167,0.167,0.167,0.333,0.123,0.565,0.655,-1.588,0.305,1.215,-0.214,1.167,-0.341,1.525,-0.696,0.071,-0.261,0.671,-1.068,-0.748,-0.431,-0.772,0.54
"OMN","OMAN",2003,-8,0,10463.5425832141,6.02294275962359,96.4981994628906,NA,89.133903503418,86.6912231445312,81.82427,1.9295275549153,NA,NA,7.26,NA,2363796,42.2642647673488,NA,46.7282152658752,33.3255110511249,36.1663480509711,81,87,74,NA,2.77524447,1.85,12,74.521,72.612,77.434,NA,NA,NA,NA,7.96203498651595,"Asia","Western Asia",0.164,-1.281,-1.025,-0.712,-1.27,0.046,-1.931,0.105,-0.13,0.833,0.167,0,0.333,0.333,0.667,0.167,0.667,0.333,0.167,0.167,0.167,0.167,0.333,0.124,0.579,0.655,-1.588,0.313,0.736,-0.214,1.167,-0.341,1.525,-0.696,0.071,-0.261,0.671,-1.068,-0.748,-0.431,-0.772,0.542
"OMN","OMAN",2004,-8,0,11800.8507411171,12.7806442920044,NA,NA,NA,NA,NA,1.68992915860957,3.55,NA,6.76,NA,2404821,42.3044792107188,NA,46.0212432526554,36.7966643908859,39.6932689656436,NA,NA,NA,NA,2.59660101,1.82,14,74.82,72.873,77.742,NA,NA,NA,NA,7.86037959717824,"Asia","Western Asia",0.164,-1.281,-1.025,-0.396,-1.27,0.046,-1.931,0.105,-0.13,0.833,0.167,0,0.333,0.333,0.667,0.167,0.667,0.333,0.167,0.167,0.167,0.167,0.333,0.126,0.58,0.655,-1.588,0.313,0.736,-0.214,1.167,-0.341,1.525,-0.696,0.071,-0.261,0.671,-1.068,-0.748,-0.431,-0.772,0.545
"OMN","OMAN",2005,-8,0,14434.8577924647,22.3204844221109,96.953971862793,NA,NA,NA,NA,1.41513580029885,NA,NA,6.68,NA,2459802,42.220413585966,NA,40.2771673844892,42.841561539357,46.2910962199201,NA,NA,NA,NA,2.26479053,1.81,12,75.07,73.114,77.989,NA,NA,NA,NA,7.71403410853305,"Asia","Western Asia",0.164,-1.281,-1.025,-0.396,-1.27,0.046,-1.931,0.105,-0.13,0.833,0.167,0,0.333,0.333,0.667,0.167,0.667,0.333,0.167,0.167,0.167,0.167,0.333,0.126,0.58,0.655,-1.588,0.313,0.736,-0.214,1.167,-0.341,1.525,-0.696,0.071,-0.261,0.671,-1.068,-0.748,-0.431,-0.772,0.545
"OMN","OMAN",2006,-8,0,16930.8565071853,17.2914672981646,95.9230117797852,NA,NA,NA,NA,1.22533000226008,2.9,NA,8.3,NA,2514795,42.141867570968,NA,39.9759331993574,40.7520000982427,44.5972509306022,NA,NA,NA,NA,2.01985121,1.78,16,75.354,73.397,78.247,NA,NA,NA,NA,7.09909361868035,"Asia","Western Asia",0.164,-1.281,-1.025,-0.396,-1.27,0.046,-1.931,0.105,-0.13,0.833,0.167,0,0.333,0.333,0.667,0.167,0.667,0.333,0.167,0.167,0.167,0.167,0.333,0.128,0.57,0.655,-1.588,0.313,0.736,-0.214,1.167,-0.341,1.525,-0.696,0.071,-0.079,0.671,-1.068,-0.748,-0.431,-0.772,0.545
"OMN","OMAN",2007,-8,0,18792.653772482,10.9964741860908,93.5471420288086,NA,NA,NA,NA,1.20022615297633,NA,NA,16.7,NA,2570174,42.0687860043717,100,42.4015292248876,37.7986997972135,41.3713037014859,NA,NA,NA,NA,2.11371112,1.74,15,75.596,73.675,78.388,NA,NA,NA,NA,6.71756431693885,"Asia","Western Asia",0.164,-1.281,-1.025,-0.396,-1.27,0.046,-1.931,0.105,-0.13,0.833,0.167,0,0.333,0.333,0.667,0.167,0.667,0.333,0.167,0.167,0.167,0.167,0.333,0.129,0.57,0.655,-1.588,0.522,0.736,-0.214,1.167,-0.341,1.525,-0.696,0.071,-0.079,0.671,-1.068,-0.748,-0.431,-0.772,0.542
"OMN","OMAN",2008,-8,0,26576.779241509,41.4211082866075,91.8159637451172,NA,NA,NA,NA,0.973923151725602,2.3,NA,20,NA,2626529,42.0012114848151,100,36.2531156971524,37.9131008037865,40.5020271140744,87,90,81,NA,1.75567567,1.74,15,76.124,74.212,78.852,NA,NA,NA,NA,4.96024822382651,"Asia","Western Asia",0.164,-1.281,-1.025,-0.396,-1.27,0.061,-1.931,0.105,-0.13,0.833,0.167,0,0.333,0.333,0.667,0.167,0.667,0.333,0.167,0.167,0.167,0.167,0.333,0.129,0.571,0.655,-1.588,0.522,0.736,-0.214,1.167,-0.341,1.525,-0.696,0.071,-0.079,0.671,-1.068,-0.748,-0.431,-0.772,0.528
"OMN","OMAN",2009,-8,0,20655.9180249218,-22.2783248593934,100.969787597656,NA,96.7650299072266,94.2161331176758,92.97839,1.28833463870819,NA,NA,26.8,NA,2684659,41.9397398328801,100,43.052982586143,30.5131215016084,33.9582915199024,NA,NA,NA,NA,2.4694581,1.72,14,76.631,74.773,79.209,NA,NA,NA,NA,6.07257047519031,"Asia","Western Asia",0.167,-1.219,-1.025,-0.396,-1.27,0.061,-1.931,0.105,-0.13,0.833,0.167,0,0.333,0.333,0.667,0.167,0.667,0.333,0.167,0.167,0.167,0.167,0.333,0.129,0.571,0.655,-1.588,0.522,0.736,-0.214,1.167,-0.341,1.525,-0.696,0.071,-0.079,0.671,-1.068,-0.748,-0.431,-0.772,0.528
"OMN","OMAN",2010,-8,0,23570.1798147325,14.1086045475906,NA,NA,NA,NA,NA,1.24729891956783,1.65,NA,35.8,NA,2757446,41.7537097734643,100,39.9391756702681,32.5688653439524,35.1702914756151,87,90,82,NA,2.47588587,1.63,13,77.184,75.394,79.591,NA,NA,NA,NA,5.64885516492993,"Asia","Western Asia",0.155,-1.265,-1.062,-0.396,-1.27,0.061,-1.931,0.105,-0.218,0.833,0.167,0,0.333,0.333,0.667,0.167,0.667,0.333,0.167,0.167,0.167,0.167,0.333,0.13,0.571,0.655,-1.588,0.522,0.736,-0.214,1.167,-0.341,1.525,-0.696,0.071,-0.079,0.671,-1.068,-0.748,-0.431,-0.772,0.528
"OMN","OMAN",2011,-8,0,25188.0074151885,6.86387466354745,111.140312194824,NA,115.879577636719,117.175003051758,95.44183,1.10041680929465,NA,NA,48,NA,3076763,39.2575248727315,100,37.0144775788817,40.4074409203453,43.273814289286,NA,NA,NA,NA,2.23611403,1.46,13,77.74,76.023,79.98,NA,NA,NA,NA,6.45275108066004,"Asia","Western Asia",0.179,-1.164,-0.99,-0.396,-1.084,0.061,-1.856,0.105,-0.218,0.833,0.167,0,0.333,0.333,0.667,0.167,0.667,0.333,0.167,0.167,0.167,0.167,0.333,0.138,0.55,0.655,-0.872,0.476,0.736,-0.214,1.167,-0.341,1.525,-0.696,0.071,-0.079,0.671,-1.068,-0.567,-0.431,-0.772,0.528
"OMN","OMAN",2012,-8,0,24642.2978768596,-2.16654509161305,103.370300292969,NA,107.789482116699,108.042068481445,96.42745,1.01551086474633,1,NA,60,NA,3547106,36.2732989296905,100,37.4757131338017,37.5396768679582,40.4418641958152,NA,NA,NA,NA,2.27702832,1.32,12,78.187,76.619,80.359,NA,NA,NA,NA,10.5832031528957,"Asia","Western Asia",0.18,-1.164,-0.99,-0.204,-0.87,0.061,-1.856,0.077,-0.218,0.833,0.167,0,0.333,0.333,0.667,0.167,0.667,0.333,0.167,0.167,0.167,0.167,0.333,0.141,0.545,0.787,-0.872,0.476,0.736,-0.214,1.167,-0.341,1.525,-0.696,0.071,-0.079,0.671,-1.068,-0.567,-0.272,-0.772,0.509
"OMN","OMAN",2013,-8,0,23458.0233840053,-4.80586063350202,105.94441986084,NA,97.5325469970703,102.749130249023,94.2199,1.14226556083793,NA,NA,66.5,NA,3833913,35.3025056391487,100,39.731466379799,35.9895065337986,38.8455213970653,NA,NA,NA,NA,2.5054009,1.26,9.9,78.633,77.14,80.71,NA,NA,NA,NA,9.74727260107489,"Asia","Western Asia",0.18,-1.164,-0.99,-0.204,-0.87,0.061,-1.856,0.077,-0.218,0.833,0.167,0,0.333,0.333,0.667,0.167,0.667,0.333,0.167,0.167,0.167,0.167,0.333,0.144,0.545,0.787,-0.872,0.476,0.736,-0.214,1.167,-0.341,1.525,-0.696,0.071,-0.079,0.671,-1.068,-0.567,-0.272,-0.772,0.509
"OMN","OMAN",2014,-8,0,23160.6502252547,-1.26768207995463,105.678726196289,NA,102.462013244629,104.243949890137,93.88526,1.11270719472095,0.5,NA,70.2,NA,4002439,35.3412506724025,100,42.3134546107489,31.6791185960483,34.348523798708,NA,NA,NA,NA,3.13740134,1.22,10,79.03,77.555,81.019,NA,NA,NA,NA,8.86041181394662,"Asia","Western Asia",0.18,-1.164,-0.99,-0.204,-0.87,0.061,-1.856,0.077,-0.218,0.833,0.167,0,0.333,0.333,0.667,0.167,0.667,0.333,0.167,0.167,0.167,0.167,0.333,0.143,0.545,0.787,-0.872,0.476,0.736,-0.214,1.167,-0.341,1.525,-0.696,0.071,-0.079,0.671,-1.068,-0.567,-0.272,-0.772,0.509
"OMN","OMAN",2015,-8,0,18808.3077921839,-18.7919699608647,104.035346984863,NA,99.1462478637695,98.8685531616211,94.06176,1.72976080728779,NA,NA,73.5,NA,4184895,35.2247547429505,100,50.1154825983089,18.8680645519097,21.0999447505156,93,97,86,NA,4.07826233,1.19,9,79.346,77.87,81.282,NA,NA,NA,NA,9.57116730321235,"Asia","Western Asia",0.18,-1.164,-0.99,-0.204,-0.87,0.061,-1.856,0.077,-0.218,0.833,0.167,0,0.333,0.333,0.667,0.167,0.667,0.333,0.167,0.167,0.167,0.167,0.333,0.143,0.546,0.787,-0.872,0.491,0.736,-0.214,1.167,-0.341,1.525,-0.696,0.071,-0.079,0.671,-1.068,-0.567,-0.272,-0.772,0.51
"OMN","OMAN",2016,-8,0,17110.1897460545,-9.02855304630372,103.313171386719,NA,100.938911437988,101.240951538086,95.01142,1.98532211721536,0.3,NA,76.8,NA,4390877,34.8086498437556,100,53.3326409803718,16.2724873177614,18.0527768334822,NA,NA,NA,NA,4.17580843,1.14,9,79.581,78.101,81.498,NA,NA,NA,NA,10.5631262289399,"Asia","Western Asia",0.18,-1.164,-0.99,-0.204,-0.87,0.061,-1.856,0.077,-0.218,0.833,0.167,0,0.333,0.333,0.667,0.167,0.667,0.333,0.167,0.167,0.167,0.167,0.333,0.144,0.549,0.787,-0.872,0.491,0.736,-0.214,1.167,-0.341,1.525,-0.696,0.071,-0.079,0.671,-1.068,-0.567,-0.272,-0.772,0.513
"OMN","OMAN",2017,-8,0,17820.0661809335,4.14885191464748,103.705848693848,NA,106.470428466797,107.249137878418,93.28335,1.98459925247834,NA,NA,80.2,NA,4537396,34.6971843107403,NA,52.0222326580764,19.3050063067708,21.3537653208209,96,97,92,NA,3.95418668,1.11,6.8,79.748,78.261,81.669,NA,NA,NA,NA,8.41324995212154,"Asia","Western Asia",0.175,-1.164,-1.128,-0.204,-0.87,0.061,-1.856,-0.43,-0.218,0.833,0.167,0,0.333,0.333,0.667,0.167,0.667,0.333,0.167,0.167,0.167,0.167,0.333,0.142,0.548,0.969,-0.872,0.491,0.736,-0.214,1.167,-0.341,1.525,-0.696,0.071,-0.079,0.671,-1.068,-0.567,-0.272,-0.772,0.521
"OMN","OMAN",2018,-8,0,19901.7615642016,11.6817488898857,101.079902648926,NA,98.1771469116211,97.4994506835938,86.25355,1.84942019099591,0.15,NA,85.5,NA,4597877,35.2140704907786,NA,47.5068212824011,23.7087990780384,27.0144782962431,96,97,93,NA,3.21469474,1.09,6.2,79.864,78.367,81.793,NA,NA,NA,NA,8.26760144238502,"Asia","Western Asia",0.175,-1.164,-1.128,-0.204,-0.87,0.061,-1.856,-0.43,-0.218,0.833,0.167,0,0.333,0.333,0.667,0.167,0.667,0.333,0.167,0.167,0.167,0.167,0.333,0.142,0.548,0.969,-0.872,0.491,0.736,-0.214,1.167,-0.341,1.525,-0.696,0.071,-0.079,0.671,-1.068,-0.567,-0.272,-0.772,0.521
"OMN","OMAN",2019,NA,0,19180.1864152801,-3.62568482490232,99.6718215942383,NA,99.3451766967773,99.146728515625,NA,1.99471933938581,NA,NA,90.3,NA,4591241,36.346578190951,NA,50.673372829997,21.6117797561797,24.9800297060137,NA,NA,NA,NA,3.80648994,1.1,9.2,79.946,78.434,81.873,NA,NA,NA,NA,7.43921190765759,"Asia","Western Asia",0.183,-1.164,-1.128,-0.204,-0.687,-0.029,-1.264,-0.43,-0.218,0.8,0.2,0,0.4,0.4,0.6,0.2,0.6,0.2,0.2,0.2,0.2,0.2,0.4,0.144,0.539,0.969,-0.872,0.567,0.863,-0.214,1.167,-0.341,1.525,-0.696,0.071,-0.079,0.671,-1.068,-0.567,-0.272,-0.772,0.516
"OMN","OMAN",2020,NA,0,16784.8630630058,-12.4885300925232,92.1976776123047,NA,91.9504623413086,92.3473587036133,NA,2.46923308847714,0,NA,95.2,NA,4522497,37.8940301992528,NA,55.0241201622629,14.994277961787,18.8866635649826,NA,NA,NA,NA,5.11922884,1.16,8,77.763,76.524,79.477,NA,NA,NA,NA,8.03024250539625,"Asia","Western Asia",0.174,-1.164,-1.128,-0.492,-1.047,0.012,-1.264,-0.43,0.168,0.8,0.2,0,0.4,0.4,0.6,0.2,0.6,0.2,0.2,0.2,0.2,0.2,0.4,0.138,0.539,0.969,-0.872,0.567,0.863,-0.214,1.167,-0.341,1.525,-0.696,0.071,-0.079,0.671,-1.068,-0.487,-0.272,-0.772,0.494
"QAT","QATAR",1971,-10,0,2951.769414533,NA,100.407653808594,NA,60.2564086914062,54.2045516967773,80.70289,NA,NA,NA,NA,NA,131346,39.4637065460692,NA,NA,44.7741117017585,46.3906025430646,NA,NA,NA,NA,NA,NA,NA,65.49,64.151,67.479,NA,NA,NA,NA,NA,"Asia","Western Asia",0.203,-1.263,0.04,-0.908,-1.619,-2.216,-2.898,-0.439,-0.77,1,0.143,0,0.19,0.143,0.143,0,0,0.143,0,0,0,0,0.667,0.075,0.802,-0.857,NA,NA,-1.145,-1.728,-1.216,0.269,0.146,0.637,-0.417,-0.045,0.18,-2.212,-2.166,-1.603,-2.145,0.894
"QAT","QATAR",1972,-10,0,3482.877835561,17.9928831301352,96.1614532470703,NA,49.6407203674316,62.1939315795898,85.34965,NA,NA,NA,NA,NA,146506,37.8209766152922,NA,NA,49.251510260831,50.8532986131429,NA,NA,NA,NA,NA,NA,NA,66.07,64.762,68.072,NA,NA,NA,NA,NA,"Asia","Western Asia",0.203,-1.263,0.04,-0.908,-1.619,-2.216,-2.898,-0.439,-0.77,1,0.143,0,0.408,0.143,0.143,0,0,0.143,0,0,0,0,0.449,0.077,0.795,-0.857,NA,NA,-0.713,-1.728,-1.216,0.269,0.146,0.637,-0.417,-0.045,0.18,-2.212,-2.166,-1.603,-2.145,0.894
"QAT","QATAR",1973,-10,0,4905.34265094329,40.8416511443092,91.5302810668945,NA,43.5540084838867,63.8936500549316,86.66789,NA,NA,NA,NA,NA,161841,36.4851922565975,NA,NA,57.1917107418153,58.6820256163359,NA,NA,NA,NA,NA,NA,NA,66.629,65.347,68.643,NA,NA,NA,NA,NA,"Asia","Western Asia",0.203,-1.263,0.04,-0.908,-1.619,-2.216,-2.898,-0.439,-0.77,1,0.143,0,0.429,0.143,0.143,0,0,0.143,0,0,0,0,0.429,0.077,0.755,-0.673,NA,NA,-0.713,-0.246,-1.216,0.269,0.146,0.637,-0.417,-0.045,0.18,-2.212,-2.166,-1.603,-2.145,0.88
"QAT","QATAR",1974,-10,0,13539.5587974924,176.016575414742,87.1983795166016,NA,38.0312194824219,58.8279495239258,85.83138,NA,NA,NA,NA,NA,177362,35.3826376711904,NA,NA,74.4411307327222,74.8734152319438,NA,NA,NA,NA,NA,NA,NA,67.165,65.912,69.185,NA,NA,NA,NA,NA,"Asia","Western Asia",0.203,-1.263,0.04,-0.908,-1.619,-2.216,-2.898,-0.439,-0.77,1,0.143,0,0.429,0.143,0.143,0,0,0.143,0,0,0,0,0.429,0.077,0.755,-0.673,NA,NA,-0.713,-0.246,-1.216,0.269,0.146,0.637,-0.417,-0.045,0.18,-2.212,-2.166,-1.603,-2.145,0.88
"QAT","QATAR",1975,-10,0,13013.6838099496,-3.88398909748961,89.3445587158203,NA,37.7179107666016,61.3682098388672,NA,NA,NA,NA,NA,NA,193087,34.4616675384671,NA,NA,62.4964158962862,63.7231074699633,NA,NA,NA,NA,NA,NA,NA,67.679,66.457,69.702,NA,NA,NA,NA,NA,"Asia","Western Asia",0.203,-1.263,0.04,-0.908,-1.619,-2.216,-2.898,-0.439,-0.77,1,0.143,0,0.429,0.143,0.143,0,0,0.143,0,0,0,0,0.429,0.077,0.75,-0.522,NA,NA,-0.713,-0.246,-1.216,0.269,0.146,0.637,-0.417,-0.045,0.18,-2.212,-2.166,-1.603,-2.145,0.88
"QAT","QATAR",1976,-10,0,15710.3208135683,20.721550046859,89.9824676513672,NA,43.0821113586426,60.0485687255859,88.73072,NA,NA,NA,NA,NA,209052,33.6846032786258,NA,NA,58.1535293042443,58.6718339714033,NA,NA,NA,NA,NA,NA,NA,68.172,66.99,70.184,NA,NA,NA,NA,NA,"Asia","Western Asia",0.203,-1.263,0.04,-0.908,-1.619,-2.216,-2.898,-0.439,-0.77,1,0.143,0,0.429,0.143,0.143,0,0,0.143,0,0,0,0,0.429,0.077,0.75,-0.522,NA,NA,-0.713,-0.246,-1.216,0.269,0.146,0.637,-0.417,-0.045,0.18,-2.212,-2.166,-1.603,-2.145,0.88
"QAT","QATAR",1977,-10,0,16057.7252719384,2.21131358482547,92.5731887817383,NA,45.6973304748535,58.6381492614746,90.29278,NA,NA,NA,NA,NA,225285,33.0227623799293,NA,NA,48.7792804025432,49.5959251128115,NA,NA,NA,NA,NA,NA,NA,68.639,67.497,70.633,NA,NA,NA,NA,NA,"Asia","Western Asia",0.203,-1.263,0.04,-0.908,-1.619,-1.654,-2.898,-0.439,-0.77,1,0.143,0,0.429,0.143,0.143,0,0,0.143,0,0,0,0,0.429,0.077,0.75,-0.522,NA,NA,-0.713,-0.246,-1.216,0.269,0.146,0.637,-0.417,-0.045,0.18,-2.212,-2.166,-1.603,-2.145,0.88
"QAT","QATAR",1978,-10,0,16757.0982461328,4.3553676647874,92.7283096313477,NA,57.2137413024902,72.8669815063477,94.33573,NA,NA,NA,NA,NA,241808,32.4572903183117,NA,NA,48.8013379079207,49.6054468385898,NA,NA,NA,NA,NA,NA,NA,69.083,67.987,71.045,NA,NA,NA,NA,NA,"Asia","Western Asia",0.203,-1.263,0.04,-0.908,-1.619,-1.654,-2.898,-0.439,-0.77,1,0.143,0,0.429,0.143,0.143,0,0,0.143,0,0,0,0,0.429,0.076,0.75,-0.522,NA,NA,-0.713,-0.246,-1.216,0.269,0.146,0.637,-0.417,-0.045,0.18,-2.212,-2.166,-1.603,-2.145,0.88
"QAT","QATAR",1979,-10,0,21776.6381753833,29.9547084794882,93.6073684692383,NA,56.3501396179199,74.2569274902344,95.85604,NA,NA,NA,NA,NA,258670,31.9751034136158,NA,NA,84.3541829203139,87.0500370706523,NA,NA,NA,NA,NA,NA,NA,69.507,68.457,71.425,NA,NA,NA,NA,NA,"Asia","Western Asia",0.203,-1.263,0.04,-0.908,-1.619,-1.654,-2.898,-0.439,-0.77,1,0.143,0,0.429,0.143,0.143,0,0,0.143,0,0,0,0,0.429,0.076,0.75,-0.522,NA,NA,-0.713,-0.246,-1.216,0.269,0.146,0.637,-0.417,-0.045,0.18,-2.212,-2.166,-1.603,-2.145,0.88
"QAT","QATAR",1980,-10,0,28375.4852501113,30.3024140897352,95.9493179321289,NA,57.3861389160156,73.8543167114258,96.03279,NA,NA,NA,NA,NA,275913,31.5668344731854,NA,NA,67.7107851315441,69.6727254744178,NA,NA,NA,NA,NA,NA,NA,69.915,68.913,71.775,NA,NA,NA,NA,7.86868087778669,"Asia","Western Asia",0.201,-1.263,-0.141,-0.908,-1.619,-1.654,-2.898,-0.439,-0.77,1,0.143,0,0.429,0.143,0.143,0,0,0.143,0,0,0,0,0.429,0.077,0.75,-0.522,NA,NA,-0.713,-0.246,-1.216,0.269,0.146,0.637,-0.417,-0.045,0.18,-2.212,-2.166,-1.603,-2.145,0.88
"QAT","QATAR",1981,-10,0,29504.9403812472,3.98039054197839,98.3873596191406,NA,58.6329498291016,70.8042831420898,94.89939,NA,NA,NA,NA,NA,293553,31.2224069330136,NA,NA,47.0368951632638,48.4259713999691,NA,NA,NA,NA,NA,2.93959999084473,NA,70.313,69.327,72.132,NA,NA,NA,NA,12.2168018246325,"Asia","Western Asia",0.201,-1.263,-0.141,-0.908,-1.619,-1.654,-2.898,-0.439,-0.77,1,0.143,0,0.429,0.143,0.143,0,0,0.143,0,0,0,0,0.429,0.077,0.746,0.015,NA,NA,-0.713,-0.246,-1.216,0.269,0.146,0.637,-0.417,-0.045,0.18,-2.212,-2.166,-1.603,-2.145,0.847
"QAT","QATAR",1982,-10,0,24384.5938501228,-17.3542005676405,103.260726928711,NA,66.6023178100586,77.9661026000977,95.50819,NA,NA,NA,NA,NA,311537,30.9276265740506,NA,NA,35.2293531320697,35.9420824483227,NA,NA,NA,NA,NA,NA,NA,70.704,69.769,72.431,NA,NA,NA,NA,19.2773867532936,"Asia","Western Asia",0.201,-1.263,-0.141,-0.908,-1.619,-1.654,-2.898,-0.439,-0.77,1,0.143,0,0.429,0.143,0.143,0,0,0.143,0,0,0,0,0.429,0.077,0.746,0.015,NA,NA,-0.713,-0.246,-1.216,0.269,0.146,0.637,-0.417,-0.045,0.18,-2.212,-2.166,-1.603,-2.145,0.847
"QAT","QATAR",1983,-10,0,19616.0320394418,-19.5556335282451,106.320259094238,NA,NA,NA,93.79216,NA,NA,NA,NA,NA,329709,30.6706823289628,NA,NA,36.1362132278585,38.7640718632537,NA,NA,NA,NA,NA,NA,NA,71.089,70.204,72.709,NA,NA,NA,NA,13.9584833721669,"Asia","Western Asia",0.201,-1.263,-0.141,-0.908,-1.619,-1.654,-2.898,-0.439,-0.77,1,0.143,0,0.429,0.143,0.143,0,0,0.143,0,0,0,0,0.429,0.077,0.746,0.015,NA,NA,-0.713,-0.246,-1.216,0.269,0.146,0.637,-0.417,-0.045,0.18,-2.212,-2.166,-1.603,-2.145,0.847
"QAT","QATAR",1984,-10,0,19272.2616094603,-1.75249729043206,105.402153015137,NA,73.6625518798828,79.54931640625,93.73757,NA,NA,NA,NA,NA,347878,30.4382570901293,NA,NA,49.4302385895143,51.9947044816644,NA,NA,NA,NA,NA,NA,NA,71.465,70.629,72.969,NA,NA,NA,NA,12.7339251439539,"Asia","Western Asia",0.201,-1.263,-0.141,-0.908,-1.619,-1.654,-2.898,-0.439,-0.77,1,0.143,0,0.429,0.143,0.143,0,0,0.143,0,0,0,0,0.429,0.077,0.746,0.015,NA,NA,-0.713,-0.246,-1.216,0.269,0.146,0.637,-0.417,-0.045,0.18,-2.212,-2.166,-1.603,-2.145,0.847
"QAT","QATAR",1985,-10,0,16815.0419632835,-12.7500326426173,106.430633544922,NA,76.2217407226562,81.1937866210938,91.64042,NA,NA,NA,NA,NA,365940,30.2172487292999,NA,NA,36.9529767218709,39.4325945733056,NA,NA,NA,NA,NA,NA,NA,71.831,71.041,73.217,NA,NA,NA,NA,24.8464148584695,"Asia","Western Asia",0.201,-1.263,-0.141,-0.908,-1.619,-1.654,-2.898,-0.439,-0.77,1,0.143,0,0.429,0.143,0.143,0,0,0.143,0,0,0,0,0.429,0.077,0.746,0.015,NA,NA,-0.713,-0.246,-1.216,0.269,0.146,0.637,-0.417,-0.045,0.18,-2.212,-2.166,-1.603,-2.145,0.847
"QAT","QATAR",1986,-10,0,13213.2093617769,-21.4203009981859,108.278930664062,NA,72.0042037963867,81.6302719116211,92.50014,NA,NA,NA,NA,NA,382422,30.215834863057,NA,NA,22.8930495726225,26.3239238919461,76,77,72,NA,NA,NA,NA,72.184,71.436,73.455,NA,NA,NA,NA,NA,"Asia","Western Asia",0.201,-1.263,-0.141,-0.908,-1.619,-1.157,-2.898,-0.439,-0.77,1,0.143,0,0.429,0.143,0.143,0,0,0.143,0,0,0,0,0.429,0.077,0.746,0.015,NA,NA,-0.713,-0.246,-1.216,0.269,0.146,0.637,-0.417,-0.045,0.18,-2.212,-2.166,-1.603,-2.145,0.847
"QAT","QATAR",1987,-10,0,13718.7911520477,3.82633602804586,106.874870300293,NA,61.6539001464844,73.2742691040039,89.30112,NA,NA,NA,NA,NA,397005,30.4604968186879,NA,NA,27.5796827056572,30.2869309450601,NA,NA,NA,NA,NA,NA,NA,72.52,71.811,73.685,NA,NA,NA,NA,15.8895334174023,"Asia","Western Asia",0.201,-1.263,-0.141,-0.908,-1.619,-1.157,-2.898,-0.439,-0.77,1,0.143,0,0.429,0.143,0.143,0,0,0.143,0,0,0,0,0.429,0.077,0.746,0.015,NA,NA,-0.713,-0.246,-1.216,0.269,0.146,0.637,-0.417,-0.045,0.18,-2.212,-2.166,-1.603,-2.145,0.847
"QAT","QATAR",1988,-10,0,14682.0218472004,7.02125052037786,108.892997741699,NA,67.3681106567383,79.929817199707,88.22938,NA,NA,NA,NA,NA,411264,30.7293351002395,NA,NA,24.7421614619954,27.3457161147685,NA,NA,NA,NA,NA,NA,NA,72.836,72.163,73.909,NA,NA,NA,NA,16.2723508803858,"Asia","Western Asia",0.201,-1.263,-0.141,-0.908,-1.619,-1.157,-2.898,-0.439,-0.77,1,0.143,0,0.429,0.143,0.143,0,0,0.143,0,0,0,0,0.429,0.077,0.746,0.015,NA,NA,-0.713,-0.246,-1.216,0.269,0.146,0.637,-0.417,-0.045,0.18,-2.212,-2.166,-1.603,-2.145,0.847
"QAT","QATAR",1989,-10,0,15242.5068904961,3.81749223048987,111.52668762207,NA,68.2104110717773,81.2331466674805,87.43423,NA,NA,NA,NA,NA,425646,30.9741686146907,NA,NA,36.1993936981514,38.7060914550314,NA,NA,NA,NA,NA,2.30029988288879,NA,73.131,72.492,74.125,NA,NA,NA,NA,13.0775745257453,"Asia","Western Asia",0.201,-1.263,-0.141,-0.908,-1.619,-0.87,-2.898,-0.439,-0.77,1,0.143,0,0.429,0.143,0.143,0,0,0.143,0,0,0,0,0.429,0.077,0.746,0.015,NA,NA,-0.713,-0.246,-1.216,0.269,0.146,0.637,-0.417,-0.045,0.18,-2.212,-2.166,-1.603,-2.145,0.847
"QAT","QATAR",1990,-10,0,16721.6207714589,9.70387542934323,112.059669494629,NA,69.8707122802734,80.9416275024414,85.70748,NA,NA,NA,0,NA,440175,31.198202537167,100,NA,48.6558768141096,51.1563710851958,NA,NA,NA,NA,NA,NA,NA,73.405,72.794,74.334,NA,NA,NA,NA,10.743878769782,"Asia","Western Asia",0.201,-1.263,-0.141,-0.908,-1.619,-0.663,-2.898,-0.439,-0.77,1,0.143,0,0.429,0.143,0.143,0,0,0.143,0,0,0,0,0.429,0.083,0.708,0.015,NA,NA,0.219,-0.246,-0.447,0.269,0.146,0.637,-0.417,-0.045,0.18,-2.212,-2.166,-1.603,-2.145,0.847
"QAT","QATAR",1991,-10,0,15133.4969397069,-9.49742763250959,107.283828735352,NA,75.9578018188477,80.961181640625,81.15871,NA,NA,NA,NA,NA,454853,31.4036213977294,100,NA,27.8476783265963,30.947600992743,NA,NA,NA,NA,NA,NA,NA,73.654,73.066,74.532,NA,NA,NA,NA,13.011254789272,"Asia","Western Asia",0.201,-1.263,-0.141,-0.908,-1.619,-0.319,-2.898,-0.439,-0.77,1,0.143,0,0.429,0.143,0.143,0,0,0.143,0,0,0,0,0.429,0.083,0.713,-0.358,NA,NA,0.219,-0.246,-0.447,0.269,0.146,0.637,-0.417,-0.045,0.18,-2.212,-2.166,-1.603,-2.145,0.864
"QAT","QATAR",1992,-10,0,16280.2938815273,7.57787143572522,105.00203704834,NA,68.3502578735352,78.2300872802734,78.30968,NA,NA,NA,NA,NA,469657,31.5944793871285,100,NA,28.2611526136542,31.0430464352945,NA,NA,NA,NA,NA,NA,NA,73.876,73.306,74.72,NA,NA,NA,NA,NA,"Asia","Western Asia",0.201,-1.263,-0.141,-0.908,-1.619,-0.319,-2.898,-0.439,-0.77,1,0.143,0,0.429,0.143,0.143,0,0,0.143,0,0,0,0,0.429,0.083,0.713,-0.358,NA,NA,0.219,-0.246,-0.447,0.269,0.146,0.637,-0.417,-0.045,0.18,-2.212,-2.166,-1.603,-2.145,0.864
"QAT","QATAR",1993,-10,0,14769.7193322522,-9.27854595419249,101.529388427734,NA,70.4997329711914,75.4524917602539,77.18153,NA,NA,NA,NA,NA,484545,31.771727644961,100,NA,27.8285185550461,31.0679845701832,NA,NA,NA,NA,NA,NA,NA,74.071,73.513,74.897,NA,NA,NA,NA,NA,"Asia","Western Asia",0.201,-1.263,-0.141,-0.908,-1.619,-0.319,-2.898,-0.439,-0.77,1,0.143,0,0.429,0.143,0.143,0,0,0.143,0,0,0,0,0.429,0.083,0.713,-0.358,NA,NA,0.219,-0.246,-0.447,0.269,0.146,0.637,-0.417,-0.045,0.18,-2.212,-2.166,-1.603,-2.145,0.864
"QAT","QATAR",1994,-10,0,14764.8771355222,-0.0327846225176826,103.372482299805,NA,72.1038970947266,74.8498077392578,81.71496,NA,NA,NA,NA,NA,499459,31.9366916269571,100,NA,27.8536283294125,31.3030814660206,NA,NA,NA,NA,NA,NA,NA,74.245,73.694,75.065,NA,NA,NA,NA,NA,"Asia","Western Asia",0.201,-1.263,-0.141,-0.908,-1.619,-0.319,-2.898,-0.439,-0.77,1,0.143,0,0.429,0.143,0.143,0,0,0.143,0,0,0,0,0.429,0.083,0.713,-0.358,NA,NA,0.219,-0.246,-0.447,0.269,0.146,0.637,-0.417,-0.045,0.18,-2.212,-2.166,-1.603,-2.145,0.864
"QAT","QATAR",1995,-10,0,15822.5090711554,7.16316110134563,99.711181640625,NA,63.7612380981445,72.2515869140625,NA,NA,NA,NA,0.19,NA,514325,32.0913195133048,100,NA,26.8649643256338,30.3700282846225,NA,NA,NA,NA,NA,NA,NA,74.404,73.857,75.227,NA,NA,NA,NA,NA,"Asia","Western Asia",0.201,-1.263,-0.141,-0.908,-1.619,-0.319,-2.898,-0.439,-0.77,1,0.143,0,0.429,0.143,0.143,0,0,0.143,0,0,0,0,0.429,0.085,0.713,-0.358,NA,NA,0.219,-0.246,-0.447,0.269,0.146,0.637,-0.417,-0.045,0.18,-2.212,-2.166,-1.603,-2.145,0.864
"QAT","QATAR",1996,-10,0,17124.7920861356,8.23057208640995,99.0324096679688,NA,53.1279792785645,59.8519706726074,NA,NA,NA,NA,0.93,NA,529019,32.2351371122776,100,NA,36.8699208406966,40.4522254159196,NA,NA,NA,NA,NA,NA,NA,74.558,74.01,75.388,NA,NA,NA,NA,NA,"Asia","Western Asia",0.201,-1.263,-0.141,-0.908,-1.619,-0.319,-2.898,-0.439,-0.77,1,0.143,0,0.429,0.143,0.143,0,0,0.143,0,0,0,0,0.429,0.089,0.696,-0.358,NA,NA,0.219,-0.045,-0.447,0.432,0.146,0.886,-0.417,-0.045,0.18,-2.212,-2.166,-1.603,-2.145,0.864
"QAT","QATAR",1997,-10,0,20522.8012995179,19.8426304756912,99.6525192260742,NA,NA,NA,NA,NA,NA,NA,3.08,NA,550500,32.2164719046832,100,NA,33.9039217305219,38.1292391146277,83,84,81,NA,NA,1.6499999762,NA,74.713,74.16,75.553,NA,NA,NA,NA,NA,"Asia","Western Asia",0.201,-1.263,-0.141,-0.908,-1.619,-0.319,-2.898,-0.439,-0.77,1,0.143,0,0.429,0.143,0.143,0,0,0.143,0,0,0,0,0.429,0.09,0.685,0.104,NA,NA,0.219,-0.045,-0.447,0.432,0.429,0.886,-0.417,-0.045,0.18,-2.212,-2.166,-1.603,-2.145,0.847
"QAT","QATAR",1998,-10,0,17665.4408438222,-13.9228578691293,104.943069458008,NA,87.9722137451172,96.107292175293,93.43029,NA,NA,NA,3.52,NA,580540,32.0349467134966,100,NA,26.4784043103748,31.7112212236269,NA,NA,NA,NA,NA,NA,NA,74.872,74.317,75.725,NA,NA,NA,NA,NA,"Asia","Western Asia",0.201,-1.263,-0.141,-0.908,-1.619,-0.319,-2.898,-0.439,-0.77,1,0.143,0,0.429,0.143,0.143,0,0,0.143,0,0,0,0,0.429,0.09,0.685,0.104,NA,NA,0.219,-0.045,-0.447,0.432,0.429,0.886,-0.417,-0.045,0.18,-2.212,-2.166,-1.603,-2.145,0.847
"QAT","QATAR",1999,-10,0,20233.6846826643,14.538238029538,104.47435760498,NA,93.9081878662109,96.5285797119141,93.72663,NA,NA,NA,4.07,NA,612500,31.8555102040816,100,NA,32.8896055971835,38.3017177527763,NA,NA,NA,NA,NA,NA,NA,75.048,74.487,75.915,NA,NA,NA,NA,NA,"Asia","Western Asia",0.201,-1.263,-0.141,-0.908,-1.619,-0.319,-2.898,-0.439,-0.77,1,0.143,0,0.429,0.143,0.143,0,0,0.143,0,0,0,0,0.429,0.09,0.685,0.104,NA,NA,0.219,-0.045,-0.447,0.432,0.429,0.886,-0.417,-0.045,0.18,-2.212,-2.166,-1.603,-2.145,0.847
"QAT","QATAR",2000,-10,0,27535.182940934,36.0858557044009,101.851333618164,NA,NA,NA,96.05048,0.372799554496798,NA,NA,4.86,NA,644989,31.699765422356,100,NA,40.7661397416806,46.571294588063,NA,NA,NA,NA,1.97258496,2.08,50,75.25,74.678,76.133,NA,NA,NA,NA,NA,"Asia","Western Asia",0.201,-1.263,-0.141,-0.908,-1.619,-0.016,-2.898,-0.439,-0.77,1,0.143,0,0.429,0.143,0.143,0,0,0.143,0,0,0,0,0.429,0.091,0.703,0.104,NA,NA,0.219,-0.045,-1.151,0.432,0.429,0.886,-0.417,-0.045,0.18,-2.212,-2.166,-1.603,-2.145,0.847
"QAT","QATAR",2001,-10,0,25870.7991864314,-6.04457126024144,94.3836669921875,NA,NA,NA,91.89571,0.37593984962406,NA,NA,6.17,NA,677925,31.5614559132647,100,NA,34.9268648116195,42.0793085562037,NA,NA,NA,NA,2.3197093,2.12,48,75.486,74.899,76.388,NA,NA,NA,NA,NA,"Asia","Western Asia",0.199,-1.207,-0.141,-0.908,-1.619,-0.016,-2.898,-0.439,-0.77,1,0.143,0,0.429,0.143,0.143,0,0,0.143,0,0,0,0,0.429,0.09,0.704,0.104,NA,NA,0.219,-0.045,-1.151,0.332,0.429,0.886,-0.417,-0.045,0.18,-2.212,-2.166,-1.603,-2.145,0.847
"QAT","QATAR",2002,-10,0,27226.6593510117,5.24089014339927,95.1474914550781,NA,NA,NA,92.51716,0.256795868565916,NA,NA,10.2,NA,711205,31.4355214038146,100,NA,31.8348108510858,37.9053779549672,NA,NA,NA,NA,2.46044064,2.04,45,75.766,75.156,76.689,NA,NA,NA,NA,3.92996992225186,"Asia","Western Asia",0.196,-1.207,-0.393,-0.908,-1.619,-0.016,-2.898,-0.439,-0.77,1,0.143,0,0.429,0.143,0.143,0,0,0.143,0,0,0,0,0.429,0.09,0.704,0.104,NA,NA,0.219,-0.045,-1.151,0.332,0.429,0.886,-0.417,-0.045,0.18,-2.212,-2.166,-1.603,-2.145,0.847
"QAT","QATAR",2003,-10,0,31602.470865136,16.0717899971144,96.9064788818359,NA,79.5127487182617,94.1225662231445,96.02781,0.234640393168579,NA,NA,19.2,NA,744682,31.3161859693131,100,NA,33.8929726986092,39.0219328822431,NA,NA,NA,NA,3.50257182,1.96,43,76.097,75.46,77.047,NA,NA,NA,NA,3.33399484024608,"Asia","Western Asia",0.196,-1.207,-0.393,-0.908,-1.619,-0.016,-2.898,-0.439,-0.77,1,0.143,0,0.429,0.143,0.143,0,0,0.143,0,0,0,0,0.429,0.097,0.696,0.104,NA,NA,0.219,-0.045,-1.151,0.332,0.429,0.886,-0.157,0.081,0.18,-2.212,-2.166,-1.603,-2.145,0.847
"QAT","QATAR",2004,-10,0,41035.5008380177,29.8490267205286,93.3679122924805,NA,NA,NA,91.13612,0.181799293579888,NA,NA,20.7,NA,773332,31.9101861681837,100,NA,34.825040164201,39.9025622867651,89,89,89,NA,3.18311739,1.99,40,76.484,75.812,77.46,NA,NA,NA,NA,2.43385968557379,"Asia","Western Asia",0.196,-1.207,-0.393,-0.908,-1.619,-0.016,-2.898,-0.439,-0.77,1,0.143,0,0.429,0.143,0.143,0,0,0.143,0,0,0,0,0.429,0.098,0.696,0.104,NA,NA,0.219,-0.045,-1.151,0.332,0.429,0.886,-0.157,0.081,0.18,-2.212,-2.166,-1.603,-2.145,0.847
"QAT","QATAR",2005,-10,0,53949.6764091147,31.4707394996202,96.1018829345703,NA,79.207160949707,90.5151977539062,94.99625,0.133258478262211,NA,NA,24.7,NA,825408,31.6727000465224,100,NA,38.1771562134119,43.620803037963,NA,NA,NA,NA,2.56300044,1.96,45,76.909,76.21,77.918,NA,NA,NA,NA,1.99301626863922,"Asia","Western Asia",0.196,-1.207,-0.393,-0.908,-1.619,-0.016,-2.898,-0.439,-0.77,1,0.125,0,0.375,0.125,0.125,0,0,0.125,0,0,0,0,0.375,0.098,0.716,0.104,-1.624,NA,0.219,-0.045,-1.151,0.332,0.429,0.886,-0.157,0.081,0.18,-2.212,-2.166,-1.603,-2.145,0.847
"QAT","QATAR",2006,-10,0,62582.4453138755,16.0015211941147,94.6122207641602,NA,83.097526550293,91.0048294067383,88.84162,0.121835107463077,NA,NA,29,NA,972831,28.5009420958008,100,NA,34.1520126219521,39.1119310588412,NA,NA,NA,NA,2.288064,2.11,40,77.323,76.65,78.41,NA,NA,NA,NA,1.75050764857182,"Asia","Western Asia",0.196,-1.207,-0.393,-0.908,-1.619,-0.016,-2.898,-0.318,-0.77,1,0.125,0,0.375,0.125,0.125,0,0,0.125,0,0,0,0,0.375,0.097,0.717,0.104,-1.624,NA,0.219,-0.045,-1.151,0.332,0.429,0.886,-0.157,-0.025,0.18,-2.212,-2.166,-1.603,-2.145,0.847
"QAT","QATAR",2007,-10,0,65954.3419525051,5.38792727212594,98.2639617919922,NA,90.0334167480469,94.2144622802734,92.81665,0.109942375031018,NA,NA,37,NA,1208595,25.1808918620382,100,NA,30.8003611618771,35.6959140693704,93,94,90,NA,2.07008052,1.65,38,77.741,77.13,78.928,NA,NA,NA,NA,1.95984159971877,"Asia","Western Asia",0.196,-1.207,-0.393,-0.908,-1.619,-0.016,-3.398,-0.318,-0.77,1,0.125,0,0.375,0.125,0.125,0,0,0.125,0,0,0,0,0.375,0.098,0.717,0.104,-1.624,NA,0.219,-0.045,-1.151,0.332,0.429,0.886,-0.157,-0.025,0.18,-2.212,-2.166,-1.603,-2.145,0.847
"QAT","QATAR",2008,-10,0,80781.4039187792,22.4807973627443,98.5704574584961,NA,93.99755859375,96.8243179321289,NA,0.124647566750798,NA,NA,44.3,NA,1426938,23.8179934937608,100,NA,32.6040710093919,36.928035954367,94,94,93,NA,1.63775349,1.41,46,78.262,77.647,79.461,NA,NA,NA,NA,2.01050092711317,"Asia","Western Asia",0.196,-1.207,-0.393,-0.908,-1.619,-0.016,-3.398,-0.318,-0.77,1,0.125,0,0.375,0.125,0.125,0,0,0.125,0,0,0,0,0.375,0.098,0.717,0.104,-1.624,NA,0.219,-0.045,-1.151,0.332,0.429,0.886,-0.157,-0.025,0.18,-2.212,-2.166,-1.603,-2.145,0.847
"QAT","QATAR",2009,-10,0,60785.7351551657,-24.7528116541747,103.211761474609,NA,96.0617980957031,100.426300048828,91.41677,0.123319456383116,NA,NA,53.1,NA,1608903,23.940102771035,100,NA,23.0165618959946,29.0898330327173,95,95,93,NA,2.38356304,1.25,45,78.837,78.189,79.999,NA,NA,NA,NA,1.99221317692269,"Asia","Western Asia",0.196,-1.207,-0.393,-0.908,-1.619,-0.016,-3.398,-0.318,-0.77,1,0.125,0,0.375,0.125,0.125,0,0,0.125,0,0,0,0,0.375,0.098,0.716,0.104,-1.624,NA,0.219,-0.045,-1.151,0.332,0.429,0.907,-0.157,-0.025,0.18,-2.212,-2.166,-1.603,-2.145,0.847
"QAT","QATAR",2010,-10,0,77387.3267885308,27.3116572350187,103.012962341309,NA,NA,NA,90.21337,0.117906612206567,NA,NA,69,NA,1616832,24.5405969592138,100,NA,26.6026039782648,32.4299374160987,96,97,95,NA,1.87017763,1.22,39,79.444,78.742,80.533,NA,NA,NA,NA,1.47390908321736,"Asia","Western Asia",0.196,-1.207,-0.393,-0.538,-1.619,-0.016,-3.398,-0.318,-0.77,1,0.125,0,0.375,0.125,0.125,0,0,0.125,0,0,0,0,0.375,0.098,0.715,0.104,-1.624,NA,0.219,-0.045,-1.151,0.332,0.586,0.907,-0.157,-0.025,0.18,-2.212,-2.166,-1.603,-2.145,0.847
"QAT","QATAR",2011,-10,0,103261.506539346,33.4346472795464,99.2632522583008,NA,96.0125198364258,99.7480697631836,93.40615,0.0966060404987279,NA,NA,69,NA,1624761,25.1384632375273,100,28.5571253802479,29.9468705202351,36.7182426077088,96,97,96,NA,1.599962,1.22,35,79.994,79.288,81.054,NA,NA,NA,NA,NA,"Asia","Western Asia",0.196,-1.207,-0.393,-0.741,-1.619,-0.07,-3.398,-0.318,-0.77,1,0.125,0,0.375,0.125,0.125,0,0,0.125,0,0,0,0,0.375,0.099,0.715,0.104,-1.624,NA,0.219,-0.045,-1.151,0.332,0.586,0.907,-0.157,-0.025,0.18,-2.212,-2.166,-1.603,-2.145,0.847
"QAT","QATAR",2012,-10,0,108470.378825036,5.04435046539365,102.537559509277,NA,NA,NA,92.23312,0.0941964622110214,0,NA,69.3,NA,1722438,25.7186108665593,100,28.4827742187094,28.3389822463275,35.1062400831471,97,97,96,NA,1.74822152,1.31,44,80.499,79.81,81.552,NA,NA,NA,NA,NA,"Asia","Western Asia",0.196,-1.207,-0.393,-0.741,-1.619,-0.07,-3.398,-0.318,-0.77,1,0.125,0,0.375,0.125,0.125,0,0,0.125,0,0,0,0,0.375,0.099,0.715,0.104,-1.624,NA,0.219,-0.045,-1.151,0.332,0.586,0.907,-0.157,-0.025,0.18,-2.212,-2.166,-1.603,-2.145,0.847
"QAT","QATAR",2013,-10,0,103697.008372373,-4.40062116899443,100.88224029541,NA,91.4658126831055,98.5061187744141,88.63244,0.0960229515645713,NA,NA,85.3,NA,1916426,25.9097892839906,100,30.3224172454025,25.3595869913171,32.063390113225,97,98,97,NA,2.07620168,1.18,34,80.974,80.292,82.019,NA,NA,NA,NA,NA,"Asia","Western Asia",0.197,-1.071,-0.438,-0.741,-2.045,-0.07,-3.398,-0.415,-0.77,1,0.125,0,0.375,0.125,0.125,0,0,0.125,0,0,0,0,0.375,0.091,0.744,0.104,-1.624,NA,0.219,-0.045,-1.151,-0.078,0.318,0.907,-0.485,-0.245,0.18,-2.212,-2.166,-1.603,-2.145,0.847
"QAT","QATAR",2014,-10,0,95840.6310094498,-7.57628159793306,98.5980987548828,NA,87.0957412719727,91.4301681518555,89.28562,0.117168462919326,0,NA,91.5,NA,2151745,25.3713870480753,100,32.8508108629948,21.5388184142326,27.6978144663127,98,98,98,NA,2.42293572,1.08,24,81.395,80.719,82.448,NA,NA,NA,NA,NA,"Asia","Western Asia",0.197,-1.071,-0.438,-0.741,-2.045,-0.025,-3.398,-0.415,-0.77,1,0.125,0,0.375,0.125,0.125,0,0,0.125,0,0,0,0,0.375,0.091,0.744,0.104,-1.624,NA,0.219,-0.045,-1.151,-0.078,0.318,0.907,-0.485,-0.245,0.18,-2.212,-2.166,-1.603,-2.145,0.847
"QAT","QATAR",2015,-10,0,68985.2946961507,-28.0208258547997,101.982368469238,NA,95.6481323242188,93.0517120361328,91.73736,0.161318389310859,NA,NA,92.9,NA,2344557,24.7239147540713,100,46.0682464857373,13.0300594635573,19.0641343344092,NA,NA,NA,NA,3.63581347,1.02,25,81.785,81.093,82.837,NA,NA,NA,NA,NA,"Asia","Western Asia",0.2,-1.071,-0.379,-0.741,-2.045,-0.025,-3.398,-0.415,-0.77,1,0.125,0,0.375,0.125,0.125,0,0,0.125,0,0,0,0,0.375,0.091,0.744,0.104,-1.624,NA,0.219,-0.045,-1.151,-0.078,0.318,0.907,-0.485,-0.245,0.18,-2.212,-2.166,-1.603,-2.145,0.847
"QAT","QATAR",2016,-10,0,61253.6375482797,-11.2076888008169,104.046173095703,NA,97.5451812744141,93.5009918212891,93.02649,0.183872269651982,0,NA,95.1,NA,2477113,24.6195234849033,100,50.7781031848514,11.1615579117458,15.9817678598717,NA,NA,NA,NA,3.54971433,1.01,22,82.147,81.419,83.19,NA,NA,NA,NA,NA,"Asia","Western Asia",0.2,-1.071,-0.379,-0.741,-2.045,0.111,-3.398,-0.415,-0.77,1,0.125,0,0.375,0.125,0.125,0,0,0.125,0,0,0,0,0.375,0.091,0.744,0.104,-1.624,NA,0.219,-0.045,-1.151,-0.078,0.318,0.907,-0.485,-0.245,0.18,-2.212,-2.166,-1.603,-2.145,0.847
"QAT","QATAR",2017,-10,0,63279.8556949332,3.30791480760052,106.431632995605,NA,97.5354766845703,100.78125,93.54716,0.214741536757396,NA,NA,97.4,NA,2545820,25.0403349602783,NA,47.3003409753676,13.5394624768111,18.8986723864413,NA,NA,NA,NA,3.21237087,0.94,26,82.458,81.705,83.51,NA,NA,NA,NA,NA,"Asia","Western Asia",0.212,-1.071,-0.379,-1.577,-1.659,0.111,-3.398,-0.415,-0.77,1,0.125,0,0.375,0.125,0.125,0,0,0.125,0,0,0,0,0.375,0.088,0.75,0.104,-1.624,NA,0.219,-0.045,-1.151,-0.027,0.318,0.533,-0.485,-0.245,0.382,-2.212,-2.166,-1.603,-2.145,0.847
"QAT","QATAR",2018,-10,0,71039.8490579352,12.2629757571071,107.334487915039,NA,98.9616470336914,100.71346282959,94.09431,0.218257646242842,0,NA,99.7,NA,2580734,25.6932457657013,NA,43.0924167580024,16.2911609453974,23.9995278669173,NA,NA,NA,NA,2.96176219,1.03,31,82.714,81.955,83.8,NA,NA,NA,NA,NA,"Asia","Western Asia",0.212,-1.071,-0.379,-1.462,-1.572,0.111,-3.398,-0.293,-0.77,1,0.125,0,0.375,0.125,0.125,0,0,0.125,0,0,0,0,0.375,0.091,0.741,0.104,-1.624,NA,0.219,-0.045,-1.151,0.017,0.546,0.614,-0.485,-0.245,0.382,-2.212,-2.166,-1.603,-2.145,0.847
"QAT","QATAR",2019,NA,0,66841.3013484919,-5.91013039177384,103.579849243164,NA,101.249557495117,99.7229385375977,NA,0.260005315111579,NA,NA,99.7,NA,2638657,26.710806599188,NA,46.4545282398717,14.5084244384971,22.3739866660968,NA,NA,NA,NA,3.18468714,1.12,35,82.945,82.176,84.064,NA,NA,NA,NA,NA,"Asia","Western Asia",0.212,-1.071,-0.379,-0.876,-1.572,0.111,-3.398,-0.179,-0.77,1,0.125,0,0.375,0.125,0.125,0,0,0.125,0,0,0,0,0.375,0.085,0.77,0.104,-1.624,NA,0.219,-0.045,-1.151,-0.051,0.546,0.614,-1.085,-0.729,0.382,-2.212,-2.166,-1.603,-2.145,0.847
"QAT","QATAR",2020,NA,0,51683.5054376677,-22.6772902457355,102.090957641602,NA,102.568809509277,103.724006652832,NA,0.338750396492592,0,NA,99.7,NA,2794148,27.8904435223816,NA,52.7438680452718,10.5957303632833,20.2259593186526,NA,NA,NA,NA,3.81872201,NA,35,80.409,79.421,82.165,NA,NA,NA,NA,NA,"Asia","Western Asia",0.168,-1.364,-0.579,-1.46,-1.572,0.111,-3.398,-0.179,-0.77,1,0.125,0,0.375,0.125,0.125,0,0,0.125,0,0,0,0,0.375,0.087,0.758,0.104,-1.624,NA,0.219,-0.045,-1.151,0.417,0.546,0.614,-1.085,-0.729,0.382,-2.212,-2.166,-1.603,-2.145,0.847
"SAU","SAUDI ARABIA",1960,-10,0,717.796628958557,NA,NA,NA,NA,NA,NA,NA,NA,NA,NA,NA,2435403,48.7971395288583,NA,NA,NA,NA,NA,NA,NA,NA,NA,0.774723947048187,NA,45.31,43.219,47.671,NA,NA,NA,NA,NA,"Asia","Western Asia",0.15,-1.535,-0.737,-1.705,-1.761,-1.683,-2.173,-1.376,1.22,0.833,0.167,0,0.5,0.333,0.5,0.333,0.667,0.5,0,0.167,0,0,0,0.038,0.819,-0.236,-2.319,NA,-1.3,-2.632,0.949,-0.22,1.155,-0.275,-1.741,-1.195,1.045,-0.911,-2.181,-2.033,-0.081,0.588
"SAU","SAUDI ARABIA",1961,-10,0,760.311740320004,5.92300237229195,NA,NA,NA,NA,NA,NA,NA,NA,NA,NA,2526347,48.774614096955,NA,NA,NA,NA,NA,NA,NA,NA,NA,NA,NA,45.88,43.8,48.229,NA,NA,NA,NA,NA,"Asia","Western Asia",0.15,-1.535,-0.737,-1.705,-1.761,-1.683,-2.173,-1.376,1.22,0.833,0.167,0,0.5,0.333,0.5,0.333,0.667,0.5,0,0.167,0,0,0,0.038,0.819,-0.236,-2.319,NA,-1.3,-2.632,0.949,-0.22,1.155,-0.275,-1.741,-1.195,1.045,-0.911,-2.181,-2.033,-0.081,0.588
"SAU","SAUDI ARABIA",1962,-10,0,812.926247668855,6.92012296518088,NA,NA,NA,NA,NA,NA,NA,NA,NA,NA,2620910,48.7540401028497,NA,NA,NA,NA,NA,NA,NA,NA,NA,NA,NA,46.469,44.398,48.806,NA,NA,NA,NA,NA,"Asia","Western Asia",0.15,-1.535,-0.737,-1.705,-1.761,-1.683,-2.173,-1.376,1.22,0.833,0.167,0,0.5,0.333,0.5,0.333,0.667,0.5,0,0.167,0,0,0,0.04,0.795,-0.236,-2.319,NA,-1.3,-1.984,0.949,-0.22,1.155,-0.275,-1.741,-1.195,1.045,-0.911,-2.181,-1.26,-0.081,0.588
"SAU","SAUDI ARABIA",1963,-10,0,811.738274661234,-0.146135398017678,NA,NA,NA,NA,NA,NA,NA,NA,NA,NA,2719341,48.7353926060054,NA,NA,NA,NA,NA,NA,NA,NA,NA,NA,NA,47.086,45.026,49.406,NA,NA,NA,NA,5.90269771731612,"Asia","Western Asia",0.15,-1.535,-0.737,-1.705,-1.761,-1.683,-2.173,-1.376,1.22,0.833,0.167,0,0.5,0.333,0.5,0.333,0.667,0.5,0,0.167,0,0,0,0.041,0.795,-0.236,-2.319,NA,-1.3,-1.984,0.949,-0.22,1.155,-0.275,-1.741,-1.195,1.045,-0.911,-2.181,-1.26,-0.081,0.588
"SAU","SAUDI ARABIA",1964,-10,0,840.480371460232,3.5408083733631,NA,NA,NA,NA,NA,NA,NA,NA,NA,NA,2821968,48.7182349339185,NA,NA,NA,NA,NA,NA,NA,NA,NA,NA,NA,47.732,45.691,50.029,NA,NA,NA,NA,5.96630539757485,"Asia","Western Asia",0.15,-1.535,-0.737,-1.705,-1.761,-1.683,-2.173,-1.376,1.22,0.833,0.167,0,0.5,0.333,0.5,0.333,0.667,0.5,0,0.167,0,0,0,0.041,0.795,-0.236,-2.319,NA,-1.3,-1.984,0.949,-0.22,1.155,-0.275,-1.741,-1.195,1.045,-0.911,-2.181,-1.26,-0.081,0.588
"SAU","SAUDI ARABIA",1965,-10,0,904.118334125664,7.57161794925308,NA,NA,NA,NA,NA,NA,NA,NA,NA,NA,2928771,48.7019982101708,NA,NA,NA,NA,NA,NA,NA,NA,NA,NA,NA,48.436,46.425,50.694,NA,NA,NA,NA,7.69008939728924,"Asia","Western Asia",0.15,-1.535,-0.737,-1.705,-1.761,-1.683,-2.173,-1.376,1.22,0.833,0.167,0,0.5,0.333,0.5,0.333,0.667,0.5,0,0.167,0,0,0,0.041,0.79,-0.236,-2.319,NA,-1.035,-1.984,0.949,-0.22,1.155,-0.275,-1.741,-1.195,1.045,-0.911,-2.181,-1.26,-0.081,0.588
"SAU","SAUDI ARABIA",1966,-10,0,960.744776733843,6.26316716195564,NA,NA,NA,NA,NA,NA,NA,NA,NA,NA,3039887,48.6859215490576,NA,NA,NA,NA,NA,NA,NA,NA,NA,NA,NA,49.187,47.22,51.39,NA,NA,NA,NA,11.3242315101767,"Asia","Western Asia",0.15,-1.535,-0.737,-1.705,-1.761,-1.683,-2.173,-1.376,1.22,0.833,0.167,0,0.5,0.333,0.5,0.333,0.667,0.5,0,0.167,0,0,0,0.041,0.79,-0.236,-2.319,NA,-1.035,-1.984,0.949,-0.22,1.155,-0.275,-1.741,-1.195,1.045,-0.911,-2.181,-1.26,-0.081,0.588
"SAU","SAUDI ARABIA",1967,-10,0,1031.60360297585,7.3754058266025,NA,NA,NA,NA,NA,NA,NA,NA,NA,NA,3157242,48.6636437751683,NA,NA,NA,NA,NA,NA,NA,NA,NA,NA,NA,49.994,48.084,52.128,NA,NA,NA,NA,11.511831393137,"Asia","Western Asia",0.15,-1.535,-0.737,-1.705,-1.761,-1.683,-2.173,-1.376,1.22,0.833,0.167,0,0.5,0.333,0.5,0.333,0.667,0.5,0,0.167,0,0,0,0.041,0.79,-0.236,-2.319,NA,-1.035,-1.984,0.949,-0.22,1.155,-0.275,-1.741,-1.195,1.045,-0.911,-2.181,-1.26,-0.081,0.588
"SAU","SAUDI ARABIA",1968,-10,0,1275.70709426176,23.6625279886333,NA,NA,NA,NA,NA,4.93499609872639,NA,NA,NA,NA,3282711,48.6288158259487,NA,NA,NA,NA,NA,NA,NA,NA,NA,NA,NA,50.857,49.011,52.914,NA,NA,NA,NA,8.08745489280408,"Asia","Western Asia",0.15,-1.535,-0.737,-1.705,-1.761,-1.683,-2.173,-1.376,1.22,0.833,0.167,0,0.5,0.333,0.5,0.333,0.667,0.5,0,0.167,0,0,0,0.041,0.79,-0.236,-2.319,NA,-1.035,-1.984,0.949,-0.22,1.155,-0.275,-1.741,-1.195,1.045,-0.911,-2.181,-1.26,-0.081,0.588
"SAU","SAUDI ARABIA",1969,-10,0,1312.73865737123,2.90282646197086,NA,NA,NA,NA,NA,4.91925111223376,NA,NA,NA,NA,3417114,48.5809370129296,NA,NA,NA,NA,NA,NA,NA,NA,NA,NA,NA,51.773,49.987,53.758,NA,NA,NA,NA,9.5705156784069,"Asia","Western Asia",0.15,-1.535,-0.737,-1.705,-1.761,-1.683,-2.173,-1.376,1.22,0.833,0.167,0,0.5,0.333,0.333,0.333,0.5,0.5,0,0.167,0,0,0,0.041,0.79,-0.236,-2.319,NA,-1.035,-1.984,0.949,-0.22,1.155,-0.275,-1.741,-1.195,1.045,-0.911,-2.181,-1.26,-0.081,0.588
"SAU","SAUDI ARABIA",1970,-10,0,1509.43961165521,14.9840147678652,NA,NA,NA,NA,NA,4.22762211753037,NA,NA,NA,NA,3562470,48.5179103262624,NA,36.32118356889,25.438880689077,25.6178285718857,NA,NA,NA,NA,NA,1.1813999414444,NA,52.729,50.993,54.657,NA,NA,NA,NA,9.40352743064788,"Asia","Western Asia",0.114,-1.839,-0.737,-1.705,-1.761,-1.337,-2.173,-1.376,1.22,0.833,0.167,0,0.5,0.333,0.5,0.333,0.667,0.5,0,0.167,0,0,0,0.041,0.79,-0.236,-2.319,NA,-1.035,-1.984,0.949,-0.22,1.155,-0.275,-1.741,-1.195,1.045,-0.911,-2.181,-1.26,-0.081,0.588
"SAU","SAUDI ARABIA",1971,-10,0,1929.30910330483,27.8162497133093,NA,NA,NA,NA,NA,3.29124918571827,NA,NA,NA,NA,3724031,48.4269200694301,NA,30.2230356422744,29.6100837592392,29.7183489560075,NA,NA,NA,NA,NA,NA,NA,53.727,52.022,55.62,NA,NA,NA,NA,8.64019411745418,"Asia","Western Asia",0.114,-1.839,-0.737,-1.705,-1.761,-1.337,-2.173,-1.376,1.22,0.833,0.167,0,0.5,0.333,0.5,0.333,0.667,0.5,0,0.167,0,0,0,0.041,0.79,-0.236,-2.319,NA,-1.035,-1.984,0.949,-0.22,1.155,-0.275,-1.741,-1.195,1.045,-0.911,-2.181,-1.26,-0.081,0.588
"SAU","SAUDI ARABIA",1972,-10,0,2474.38683208975,28.2524831221303,NA,NA,NA,NA,NA,2.80856800479329,NA,NA,NA,NA,3905722,48.3040135227273,NA,28.80467345716,36.3557374019613,36.4640803456637,NA,NA,NA,NA,NA,NA,NA,54.742,53.053,56.62,NA,NA,NA,NA,10.0815515709133,"Asia","Western Asia",0.114,-1.839,-0.737,-1.705,-1.761,-1.337,-2.173,-1.376,1.22,0.833,0.167,0,0.5,0.333,0.5,0.333,0.667,0.5,0,0.167,0,0,0,0.041,0.79,-0.236,-2.319,NA,-1.035,-1.984,0.949,-0.22,1.155,-0.275,-1.741,-1.195,1.045,-0.911,-2.181,-1.26,-0.081,0.588
"SAU","SAUDI ARABIA",1973,-10,0,3640.08361192413,47.1105311714696,NA,NA,NA,NA,NA,2.19298245614035,NA,NA,NA,NA,4106344,48.1631592482266,NA,27.2363006281135,43.1880069488909,43.2714266518105,NA,NA,NA,NA,NA,NA,NA,55.765,54.08,57.643,NA,NA,NA,NA,10.8404475911154,"Asia","Western Asia",0.114,-1.839,-0.737,-1.705,-1.761,-1.337,-2.173,-1.376,1.22,0.833,0.167,0,0.333,0.333,0.5,0.333,0.667,0.5,0,0.167,0,0,0,0.037,0.812,-0.236,-2.319,NA,-1.035,-1.984,0.949,-1.069,1.155,-0.275,-1.741,-1.195,1.045,-0.911,-2.181,-1.26,-0.081,0.588
"SAU","SAUDI ARABIA",1974,-10,0,10503.4280777085,188.549088358892,NA,NA,NA,NA,NA,0.829942437475189,NA,NA,NA,NA,4323632,48.0175121246415,NA,15.8172886065899,67.4836347877409,67.5207160134123,NA,NA,NA,NA,NA,NA,NA,56.785,55.098,58.669,NA,NA,NA,NA,NA,"Asia","Western Asia",0.114,-1.839,-0.737,-1.705,-1.761,-1.337,-1.867,-1.376,1.628,0.833,0.167,0,0.333,0.333,0.5,0.333,0.667,0.5,0,0.167,0,0,0,0.036,0.812,-0.236,-2.319,NA,-1.035,-1.984,0.949,-1.069,1.155,-0.275,-1.741,-1.195,1.045,-0.911,-2.181,-1.26,-0.081,0.588
"SAU","SAUDI ARABIA",1975,-10,0,10265.6414406471,-2.26389551394232,NA,NA,NA,NA,NA,0.915334589436577,NA,NA,NA,NA,4556287,47.8755179381808,NA,27.0376223181183,54.3017782360594,54.3839536263905,NA,NA,NA,NA,NA,NA,NA,57.78,56.092,59.67,NA,NA,NA,NA,NA,"Asia","Western Asia",0.083,-2.326,-0.737,-1.705,-1.761,-1.067,-1.867,-1.376,1.628,0.833,0.167,0,0.333,0.333,0.5,0.333,0.667,0.5,0,0.167,0,0,0,0.037,0.808,0.114,-2.319,NA,-1.035,-1.984,0.949,-1.069,1.155,-0.275,-1.741,-1.195,1.045,-0.911,-2.181,-1.26,-0.081,0.553
"SAU","SAUDI ARABIA",1976,-10,0,13312.5119926546,29.6802744341267,NA,NA,NA,NA,NA,0.77454191378242,NA,NA,NA,NA,4807933,47.7311143894892,NA,28.4141807559529,52.9958854989597,53.0613712172026,NA,NA,NA,NA,NA,NA,NA,58.782,57.095,60.673,NA,NA,NA,NA,NA,"Asia","Western Asia",0.083,-2.326,-0.737,-1.705,-1.761,-1.067,-1.867,-1.376,1.628,0.833,0.167,0,0.333,0.333,0.5,0.333,0.667,0.5,0,0.167,0,0,0,0.037,0.801,0.114,-2.319,NA,-0.743,-1.984,0.949,-1.069,1.155,-0.275,-1.741,-1.195,1.045,-0.911,-2.181,-1.26,-0.081,0.553
"SAU","SAUDI ARABIA",1977,-10,0,14595.3739933329,9.63651338970542,NA,NA,NA,NA,NA,1.14751779015834,NA,NA,NA,NA,5083048,47.5784701577617,NA,31.4739542904776,51.8167556317189,51.9140998377149,NA,NA,NA,NA,NA,NA,NA,59.749,58.069,61.634,NA,NA,NA,NA,15.6488183967596,"Asia","Western Asia",0.083,-2.326,-0.737,-1.705,-1.761,-1.067,-1.867,-1.376,1.628,0.833,0.167,0,0.333,0.333,0.5,0.333,0.667,0.5,0,0.167,0,0,0,0.037,0.801,0.114,-2.319,NA,-0.743,-1.984,0.949,-1.069,1.155,-0.275,-1.741,-1.195,1.045,-0.911,-2.181,-1.26,-0.081,0.553
"SAU","SAUDI ARABIA",1978,-10,0,14914.1542686138,2.1841185804935,NA,NA,NA,NA,NA,1.4996097056851,NA,NA,NA,NA,5381902,47.4235131000156,NA,37.93330914608,44.7691658421512,44.9125645737099,NA,NA,NA,NA,NA,NA,NA,60.685,59.014,62.562,NA,NA,NA,NA,16.7365737918065,"Asia","Western Asia",0.083,-2.326,-0.737,-1.705,-1.761,-1.067,-1.867,-1.376,1.628,0.833,0.167,0,0.333,0.333,0.5,0.333,0.667,0.5,0,0.167,0,0,0,0.037,0.801,0.114,-2.319,NA,-0.743,-1.984,0.949,-1.069,1.155,-0.275,-1.741,-1.195,1.045,-0.911,-2.181,-1.26,-0.081,0.553
"SAU","SAUDI ARABIA",1979,-10,0,19611.565126033,31.4963274002382,50.2839202880859,NA,38.6350898742676,28.7022094726562,43.67837,1.18423782645011,NA,NA,NA,NA,5703698,47.2729622080271,NA,33.6959817842304,87.0852388864372,87.2846183260415,NA,NA,NA,NA,NA,NA,NA,61.518,59.808,63.444,NA,NA,NA,NA,15.7688118060346,"Asia","Western Asia",0.083,-2.326,-0.737,-1.705,-1.761,-1.067,-1.867,-1.376,1.628,0.833,0.167,0,0.333,0.333,0.5,0.333,0.667,0.5,0,0.167,0,0,0,0.037,0.801,0.114,-2.319,NA,-0.743,-1.984,0.949,-1.069,1.155,-0.275,-1.741,-1.195,1.045,-0.911,-2.181,-1.26,-0.081,0.553
"SAU","SAUDI ARABIA",1980,-10,0,27205.6452285141,38.7224581703603,NA,NA,NA,NA,NA,0.95363193095851,NA,NA,NA,NA,6047997,47.1280491706593,NA,27.3646692157748,70.2905296586652,70.4665073207524,NA,NA,NA,NA,NA,NA,NA,62.444,60.791,64.297,NA,NA,NA,NA,12.6133592387894,"Asia","Western Asia",0.094,-2.326,-0.737,-1.705,-1.071,-1.067,-1.867,-1.376,1.628,0.833,0.167,0,0.333,0.333,0.5,0.333,0.667,0.333,0,0.167,0,0,0,0.037,0.801,0.114,-2.319,NA,-0.743,-1.984,0.949,-1.069,1.155,-0.275,-1.741,-1.195,1.045,-0.911,-2.181,-1.26,-0.081,0.553
"SAU","SAUDI ARABIA",1981,-10,0,28703.35585508,5.50514650171266,NA,NA,NA,NA,NA,0.97181916912509,NA,NA,NA,NA,6420551,46.9784135349131,NA,28.1129735773629,55.6440431663442,55.8014376178588,NA,NA,NA,NA,NA,1.45819997787476,NA,63.252,61.61,65.097,NA,NA,NA,NA,13.2652388797364,"Asia","Western Asia",0.094,-2.326,-0.737,-1.705,-1.071,-1.067,-1.867,-1.376,1.628,0.833,0.167,0,0.333,0.333,0.5,0.333,0.667,0.333,0,0.167,0,0,0,0.038,0.801,0.114,-2.319,NA,-0.743,-1.984,0.949,-1.069,1.155,-0.275,-1.741,-1.195,1.045,-0.911,-2.181,-1.26,-0.081,0.553
"SAU","SAUDI ARABIA",1982,-10,0,22454.4843169614,-21.7705259610355,NA,NA,NA,NA,NA,1.55234574575413,NA,NA,NA,NA,6824486,46.8235341352398,NA,38.3801543399057,36.8350298892649,36.912900705725,NA,NA,NA,NA,NA,NA,NA,64.008,62.376,65.85,NA,NA,NA,NA,17.720246395916,"Asia","Western Asia",0.094,-2.326,-0.737,-1.705,-1.071,-1.067,-1.867,-1.376,1.628,0.833,0.167,0,0.333,0.333,0.5,0.333,0.667,0.333,0,0.167,0,0,0,0.038,0.801,0.114,-2.319,NA,-0.743,-1.984,0.949,-1.069,1.155,-0.275,-1.741,-1.195,1.045,-0.911,-2.181,-1.26,-0.081,0.553
"SAU","SAUDI ARABIA",1983,-10,0,17809.5527471054,-20.6859863904662,NA,NA,NA,NA,NA,2.11029649015882,NA,NA,NA,NA,7252941,46.6780027577778,NA,48.070752518553,34.697295601868,34.9686636412614,NA,NA,NA,NA,NA,NA,NA,64.719,63.096,66.56,NA,NA,NA,NA,16.9729273217747,"Asia","Western Asia",0.091,-2.326,-0.829,-1.705,-1.071,-1.266,-1.867,-1.376,1.628,0.833,0.167,0,0.333,0.333,0.5,0.333,0.667,0.333,0,0.167,0,0,0,0.037,0.801,0.114,-2.319,NA,-0.743,-1.984,0.949,-1.069,1.155,-0.275,-1.741,-1.195,1.045,-0.911,-2.181,-1.26,-0.081,0.553
"SAU","SAUDI ARABIA",1984,-10,0,15541.1312184609,-12.7371055346305,NA,NA,NA,NA,NA,2.70140763548551,NA,NA,NA,NA,7697307,46.5544248137693,NA,50.7227949653428,33.6838087918767,34.0894843992739,NA,NA,NA,NA,NA,NA,NA,65.391,63.777,67.233,NA,NA,NA,NA,19.0043483638924,"Asia","Western Asia",0.091,-2.326,-0.829,-1.705,-1.071,-1.266,-1.867,-1.376,1.628,0.833,0.167,0,0.333,0.333,0.5,0.333,0.667,0.333,0,0.167,0,0,0,0.037,0.801,0.114,-2.319,NA,-0.743,-1.984,0.949,-1.069,1.155,-0.275,-1.741,-1.195,1.045,-0.911,-2.181,-1.26,-0.081,0.553
"SAU","SAUDI ARABIA",1985,-10,0,12745.41992535,-17.9891106626135,NA,NA,NA,NA,NA,3.60333547691049,NA,NA,NA,NA,8151779,46.4563011337771,NA,54.4326872485504,27.6445211447861,28.10899311062,NA,NA,NA,NA,NA,NA,NA,66.027,64.42,67.868,NA,NA,NA,NA,16.9952008673515,"Asia","Western Asia",0.091,-2.326,-0.829,-1.705,-1.071,-1.266,-1.867,-1.376,1.628,0.833,0.167,0,0.333,0.333,0.5,0.333,0.667,0.333,0,0.167,0,0,0,0.037,0.801,0.114,-2.319,NA,-0.743,-1.984,0.949,-1.069,1.155,-0.275,-1.741,-1.195,1.045,-0.911,-2.181,-1.26,-0.081,0.553
"SAU","SAUDI ARABIA",1986,-10,0,10078.2896080512,-20.9261862921755,NA,NA,NA,NA,NA,4.84255636295882,NA,NA,NA,NA,8628639,46.3609962127283,NA,57.0293770573256,23.1470283478854,23.943284598958,NA,NA,NA,NA,NA,NA,NA,66.648,65.051,68.485,NA,NA,NA,NA,NA,"Asia","Western Asia",0.091,-2.326,-0.829,-1.705,-1.071,-1.266,-1.867,-1.376,1.628,0.833,0.167,0,0.333,0.333,0.5,0.333,0.667,0.333,0,0.167,0,0,0,0.038,0.801,0.114,-2.319,NA,-0.743,-1.984,0.949,-1.069,1.155,-0.275,-1.741,-1.195,1.045,-0.911,-2.181,-1.26,-0.081,0.553
"SAU","SAUDI ARABIA",1987,-10,0,9385.98469519899,-6.86926988384172,NA,NA,NA,NA,NA,5.61429092234779,NA,NA,NA,NA,9130194,46.2636449714382,NA,53.9427478180668,27.2523746977218,28.0081795220358,NA,NA,NA,NA,NA,NA,NA,67.242,65.656,69.074,NA,NA,NA,NA,16.896414193661,"Asia","Western Asia",0.091,-2.326,-0.829,-1.705,-1.071,-1.266,-1.867,-1.376,1.628,0.833,0.167,0,0.333,0.333,0.5,0.333,0.667,0.333,0,0.167,0,0,0,0.038,0.801,0.114,-2.319,NA,-0.743,-1.984,0.949,-1.069,1.155,-0.275,-1.741,-1.195,1.045,-0.911,-2.181,-1.26,-0.081,0.553
"SAU","SAUDI ARABIA",1988,-10,0,9165.49615323397,-2.34912530890661,NA,NA,NA,NA,NA,6.23080670097634,NA,NA,NA,NA,9629165,46.1944359863432,NA,53.4940502663992,26.19177456012,27.0050726562585,NA,NA,NA,NA,NA,NA,NA,67.814,66.24,69.637,NA,NA,NA,NA,15.1518818830933,"Asia","Western Asia",0.091,-2.326,-0.829,-1.705,-1.071,-1.266,-1.867,-1.376,1.628,0.833,0.167,0,0.333,0.333,0.5,0.333,0.667,0.333,0,0.167,0,0,0,0.038,0.801,0.114,-2.319,NA,-0.743,-1.984,0.949,-1.069,1.155,-0.275,-1.741,-1.195,1.045,-0.911,-2.181,-1.26,-0.081,0.553
"SAU","SAUDI ARABIA",1989,-10,0,9413.58119352769,2.70672788626054,NA,NA,NA,NA,NA,6.25628386988363,NA,NA,NA,NA,10128394,46.1432779964918,NA,50.1866606920309,34.170454056182,34.9346845256811,NA,NA,NA,NA,NA,NA,NA,68.359,66.796,70.174,NA,NA,NA,NA,13.3903165819013,"Asia","Western Asia",0.091,-2.326,-0.829,-1.705,-1.071,-1.266,-1.867,-1.376,1.628,0.833,0.167,0,0.333,0.333,0.5,0.333,0.667,0.333,0,0.167,0,0,0,0.038,0.801,0.114,-2.319,NA,-0.743,-1.984,0.949,-1.069,1.155,-0.275,-1.741,-1.195,1.045,-0.911,-2.181,-1.26,-0.081,0.553
"SAU","SAUDI ARABIA",1990,-10,0,11054.7495049666,17.4340485060807,NA,NA,NA,NA,NA,5.6360024970206,NA,NA,0,NA,10640691,46.0923731362935,NA,44.2215538278191,46.4263034955234,47.2009452516739,NA,NA,NA,NA,NA,2.4964001179,NA,68.874,67.322,70.683,NA,NA,NA,NA,14.0242926458954,"Asia","Western Asia",0.108,-1.946,-1.11,-1.016,-1.071,-1.002,-1.867,-1.376,2.301,0.833,0.167,0,0.333,0.333,0.5,0.333,0.667,0.333,0,0.167,0,0,0,0.038,0.801,0.114,-2.319,NA,-0.743,-1.984,0.949,-1.069,1.155,-0.275,-1.741,-1.195,1.045,-0.911,-2.181,-1.26,-0.081,0.553
"SAU","SAUDI ARABIA",1991,-10,0,11847.1699534218,7.16814476980404,NA,NA,NA,NA,NA,5.36536504192449,NA,NA,NA,NA,11160744,46.0466434854164,NA,44.9547231691358,29.9055063618569,30.6033571366628,NA,NA,NA,NA,NA,NA,NA,69.341,67.792,71.152,NA,NA,NA,NA,12.4698079910217,"Asia","Western Asia",0.108,-1.946,-1.11,-1.016,-1.071,-0.766,-1.867,-1.376,2.631,0.833,0.167,0,0.333,0.333,0.5,0.333,0.667,0.333,0,0.167,0,0,0,0.037,0.801,0.114,-2.319,NA,-0.743,-1.984,0.949,-1.069,1.155,-0.275,-1.741,-1.195,1.045,-0.911,-2.181,-1.26,-0.081,0.553
"SAU","SAUDI ARABIA",1992,-10,0,11730.2687665244,-0.986743562867829,NA,NA,NA,NA,NA,5.54252679228818,NA,NA,NA,NA,11686676,46.0069616025154,NA,41.6623489951188,30.7693919537356,31.4732076623802,71,80,57,NA,NA,NA,NA,69.799,68.26,71.607,NA,NA,NA,NA,11.2841579833052,"Asia","Western Asia",0.108,-1.946,-1.11,-1.016,-1.071,-0.766,-1.867,-1.376,2.631,0.833,0.167,0,0.333,0.333,0.5,0.333,0.667,0.333,0,0.167,0,0,0,0.039,0.799,0.114,-2.319,NA,-0.743,-1.984,0.949,-1.069,1.155,-0.275,-1.741,-1.195,1.045,-0.911,-1.913,-1.26,-0.081,0.553
"SAU","SAUDI ARABIA",1993,-10,0,10884.8607880777,-7.20706400913257,NA,NA,NA,NA,NA,5.99861436044702,NA,NA,NA,NA,12215862,45.9750118329758,NA,44.7927063147008,29.6876073953684,30.4861528754163,NA,NA,NA,NA,NA,NA,NA,70.208,68.672,72.021,NA,NA,NA,NA,12.4653722820651,"Asia","Western Asia",0.108,-1.946,-1.11,-1.016,-1.071,-0.766,-1.867,-1.376,2.631,0.833,0.167,0,0.333,0.333,0.5,0.333,0.667,0.333,0,0.167,0,0,0,0.039,0.799,0.114,-2.319,NA,-0.743,-1.984,0.949,-1.069,1.155,-0.275,-1.741,-1.195,1.045,-0.911,-1.913,-1.26,-0.081,0.553
"SAU","SAUDI ARABIA",1994,-10,0,10601.9196697805,-2.5994004315343,NA,NA,NA,NA,NA,6.08596882839816,NA,NA,NA,NA,12750040,45.9481617312573,NA,45.1798589573909,26.5482079082086,27.4348819959504,NA,NA,NA,NA,NA,NA,NA,70.587,69.056,72.407,NA,NA,NA,NA,10.644781673538,"Asia","Western Asia",0.107,-1.946,-1.187,-1.016,-1.071,-0.766,-1.867,-1.376,2.631,0.833,0.167,0,0.333,0.333,0.5,0.333,0.667,0.333,0,0.167,0,0,0,0.039,0.799,0.114,-2.319,NA,-0.743,-1.984,0.949,-1.069,1.155,-0.275,-1.741,-1.195,1.045,-0.911,-1.913,-1.26,-0.081,0.553
"SAU","SAUDI ARABIA",1995,-10,0,10786.4008952769,1.7400737908083,NA,NA,NA,NA,NA,5.84870161320368,NA,NA,0.011,NA,13289245,45.9244373927939,NA,44.2746171901196,28.1270341731817,29.0242473614603,NA,NA,NA,NA,NA,NA,NA,70.944,69.421,72.768,NA,NA,NA,NA,9.27846839011516,"Asia","Western Asia",0.107,-1.946,-1.187,-1.016,-1.071,-0.766,-1.867,-1.376,2.631,0.833,0.167,0,0.333,0.333,0.5,0.333,0.667,0.333,0,0.167,0,0,0,0.039,0.799,0.114,-2.319,NA,-0.743,-1.984,0.949,-1.069,1.155,-0.275,-1.741,-1.195,1.045,-0.911,-1.913,-1.26,-0.081,0.553
"SAU","SAUDI ARABIA",1996,-10,0,11471.5045960191,6.3515505069183,NA,NA,NA,NA,NA,5.36780260892541,NA,NA,0.0267,NA,13831009,45.9041057669762,NA,41.6887835729589,33.4650950203584,34.3754116977828,NA,NA,NA,NA,NA,NA,NA,71.288,69.776,73.109,NA,NA,NA,NA,8.46807775904447,"Asia","Western Asia",0.107,-1.946,-1.187,-1.016,-1.071,-0.766,-1.867,-1.376,2.631,0.833,0.167,0,0.333,0.333,0.5,0.333,0.667,0.333,0,0.167,0,0,0,0.039,0.81,0.114,-2.319,NA,-0.743,-1.984,0.949,-1.069,0.55,-0.275,-1.741,-1.195,1.045,-0.911,-1.913,-1.26,-0.081,0.553
"SAU","SAUDI ARABIA",1997,-10,0,11545.3455998551,0.643690661655878,NA,NA,NA,NA,NA,5.3519196053635,NA,NA,0.0521,NA,14374943,45.8869544117876,NA,43.0138978720392,29.2775398263987,30.2153995363377,NA,NA,NA,NA,NA,2.2999999523,NA,71.624,70.13,73.433,NA,NA,NA,NA,11.0009354234167,"Asia","Western Asia",0.107,-1.946,-1.187,-1.016,-1.071,-0.766,-1.867,-1.376,2.631,0.833,0.167,0,0.333,0.333,0.5,0.333,0.667,0.333,0,0.167,0,0,0,0.039,0.81,0.114,-2.319,NA,-0.743,-1.984,0.949,-1.069,0.55,-0.275,-1.741,-1.195,1.045,-0.911,-1.913,-1.26,-0.081,0.553
"SAU","SAUDI ARABIA",1998,-10,0,9836.05729768574,-14.8049990135489,NA,NA,NA,NA,NA,6.14071743143268,NA,NA,0.101,NA,14922185,45.8728231909185,NA,48.8633886135376,21.2667758956326,22.2730147519679,NA,NA,NA,NA,NA,NA,NA,71.957,70.488,73.743,NA,NA,NA,NA,14.3110374500593,"Asia","Western Asia",0.107,-1.946,-1.187,-1.016,-1.071,-0.766,-1.867,-1.376,2.631,0.833,0.167,0,0.333,0.333,0.5,0.333,0.667,0.333,0,0.167,0,0,0,0.039,0.81,0.114,-2.319,NA,-0.743,-1.984,0.949,-1.069,0.55,-0.275,-1.741,-1.195,1.045,-0.911,-1.913,-1.26,-0.081,0.553
"SAU","SAUDI ARABIA",1999,-10,0,10452.1899400479,6.26402046790766,NA,NA,NA,NA,NA,5.6543197254794,NA,NA,0.494,NA,15472075,45.8607846717392,NA,45.9322372076994,27.124767270241,27.9778749101784,NA,NA,NA,NA,NA,NA,NA,72.29,70.845,74.049,NA,NA,NA,NA,11.3819360225849,"Asia","Western Asia",0.107,-1.946,-1.187,-1.016,-1.071,-0.766,-1.867,-1.376,2.631,0.833,0.167,0,0.333,0.333,0.5,0.333,0.667,0.333,0,0.167,0,0,0,0.039,0.81,0.114,-2.319,NA,-0.743,-1.984,0.949,-1.069,0.55,-0.275,-1.741,-1.195,1.045,-0.911,-1.913,-1.26,-0.081,0.553
"SAU","SAUDI ARABIA",2000,-10,0,11714.5623675159,12.0775878998446,NA,NA,NA,NA,NA,4.90093304872369,NA,NA,2.21,NA,16177722,45.3406048144479,NA,40.2910729286417,41.6691708446825,42.6687976015313,79,87,69,NA,4.21160603,2.3,23,72.607,71.183,74.344,NA,NA,NA,NA,10.5344033130193,"Asia","Western Asia",0.107,-1.946,-1.187,-1.016,-1.071,-0.766,-1.393,-1.376,2.631,0.833,0.167,0,0.333,0.333,0.5,0.333,0.667,0.333,0,0.167,0,0,0,0.039,0.81,0.114,-2.319,NA,-0.743,-1.984,0.949,-1.069,0.55,-0.275,-1.741,-1.195,1.045,-0.911,-1.913,-1.26,-0.081,0.553
"SAU","SAUDI ARABIA",2001,-10,0,10805.311325122,-7.7617158359686,NA,NA,NA,NA,NA,5.13485567314878,NA,NA,4.68,NA,17041397,44.389115774318,NA,43.0507041111285,33.3526627413963,34.5968576950563,NA,NA,NA,NA,4.4617486,NA,21,72.951,71.55,74.689,NA,NA,NA,NA,11.4190048869926,"Asia","Western Asia",0.106,-1.946,-1.187,-1.016,-0.939,-0.588,-1.393,-1.505,2.631,0.833,0.167,0,0.333,0.333,0.5,0.333,0.667,0.333,0,0.167,0,0,0,0.039,0.809,0.114,-2.319,NA,-0.743,-1.984,0.949,-1.069,0.55,-0.275,-1.741,-1.195,1.045,-0.689,-1.913,-1.26,-0.081,0.553
"SAU","SAUDI ARABIA",2002,-10,0,10586.0543471363,-2.02915928461899,NA,NA,NA,NA,NA,5.03753751642003,NA,NA,6.38,NA,17910910,43.5290222551506,NA,42.9210347921724,31.342447837027,32.4379936618598,NA,NA,NA,NA,4.24939442,2.08,21,73.296,71.907,75.055,NA,NA,NA,NA,9.75806380053797,"Asia","Western Asia",0.106,-1.946,-1.187,-1.016,-0.939,-0.588,-1.393,-1.505,2.631,0.833,0.167,0,0.333,0.333,0.5,0.333,0.667,0.333,0,0.167,0,0,0,0.039,0.806,0.114,-2.319,NA,-0.743,-1.984,0.949,-1.069,0.55,-0.275,-1.741,-1.195,1.022,-0.689,-1.913,-1.26,-0.081,0.553
"SAU","SAUDI ARABIA",2003,-10,0,11487.220410693,8.51276626782556,NA,NA,NA,NA,NA,4.47188176141973,NA,NA,8,NA,18786767,42.7484888698518,NA,40.5648731772355,37.0345220176731,38.0176108810544,NA,NA,NA,NA,3.97910738,2.12,19,73.657,72.267,75.46,NA,NA,NA,NA,8.68711846455737,"Asia","Western Asia",0.106,-1.946,-1.187,-1.016,-0.939,-0.588,-1.393,-1.505,2.631,0.833,0.167,0,0.333,0.333,0.5,0.333,0.667,0.333,0,0.167,0,0,0,0.039,0.806,0.114,-2.319,NA,-0.743,-1.984,0.949,-1.069,0.55,-0.275,-1.741,-1.195,1.022,-0.689,-1.913,-1.26,-0.081,0.553
"SAU","SAUDI ARABIA",2004,-10,0,13154.4978989446,14.5141942841072,NA,NA,NA,NA,NA,3.86835593326895,NA,NA,10.2,NA,19669480,42.0380711640572,100,38.5165977348877,42.6409301097693,43.622529277929,83,88,76,NA,3.58402061,2.16,19,74.027,72.625,75.901,NA,NA,NA,NA,8.08155565898243,"Asia","Western Asia",0.106,-1.946,-1.187,-1.016,-0.939,-0.588,-1.393,-1.505,2.631,0.833,0.167,0,0.333,0.333,0.5,0.333,0.667,0.333,0,0.167,0,0,0,0.039,0.806,0.114,-2.319,NA,-0.743,-1.984,0.949,-1.069,0.55,-0.275,-1.741,-1.195,1.022,-0.689,-1.913,-1.26,-0.081,0.553
"SAU","SAUDI ARABIA",2005,-10,0,15975.7473782258,21.4470328016667,92.3085098266602,NA,94.4816131591797,84.5741119384766,NA,3.1854016709851,NA,NA,12.7,NA,20559890,41.3901922627018,100,34.2555195076907,48.8606315090549,49.9329268031463,NA,NA,NA,NA,3.41868114,2.18,19,74.4,72.985,76.359,NA,NA,NA,NA,7.73059887481948,"Asia","Western Asia",0.11,-1.946,-1.187,-0.422,-0.843,-0.796,-1.393,-1.505,0.387,0.833,0.167,0,0.333,0.333,0.5,0.167,0.667,0.333,0,0.167,0,0,0,0.042,0.793,0.114,-1.223,NA,-0.743,-1.984,0.949,-1.069,0.55,-0.275,-1.741,-1.195,1.022,-0.689,-1.913,-1.26,-0.081,0.553
"SAU","SAUDI ARABIA",2006,-10,0,17563.6145370639,9.939235525233,NA,NA,NA,NA,NA,2.91996194095464,NA,NA,19.5,NA,21459144,40.7986217903193,100,33.7619580996266,49.6700972841917,50.7560683000309,NA,NA,NA,NA,3.61922765,2.11,19,74.762,73.329,76.819,NA,NA,NA,NA,7.84836521143522,"Asia","Western Asia",0.11,-1.946,-1.187,-0.422,-0.843,-0.796,-1.393,-1.505,0.387,0.833,0.167,0,0.333,0.333,0.5,0.167,0.667,0.333,0,0.167,0,0,0,0.042,0.793,0.114,-1.223,NA,-0.743,-1.984,0.949,-1.069,0.55,-0.275,-1.741,-1.195,1.022,-0.689,-1.913,-1.26,-0.081,0.553
"SAU","SAUDI ARABIA",2007,-10,0,18596.1502627898,5.87883390145563,92.4886169433594,NA,92.1552505493164,87.0568771362305,NA,2.74276747836675,NA,NA,30,NA,22368313,40.2580757993719,100,33.8067662415393,47.4394429695294,48.4725676503893,NA,NA,NA,NA,3.56229854,2.03,19,75.066,73.615,77.23,NA,NA,NA,NA,8.52704997826892,"Asia","Western Asia",0.11,-1.946,-1.187,-0.422,-0.843,-0.796,-1.393,-1.505,0.387,0.833,0.167,0,0.333,0.333,0.5,0.167,0.667,0.333,0,0.167,0,0,0,0.042,0.788,0.114,-1.223,NA,-0.743,-1.984,0.949,-1.069,0.55,-0.275,-1.741,-1.179,1.022,-0.689,-1.913,-1.26,-0.081,0.553
"SAU","SAUDI ARABIA",2008,-10,0,22320.4888964331,20.027471175556,93.2651596069336,NA,91.9036865234375,87.7426223754883,NA,2.29269078480924,NA,NA,36,NA,23287877,39.7636830629223,100,30.5115127039387,54.085800995618,55.0244289481432,NA,NA,NA,NA,2.97101164,1.96,19,75.301,73.829,77.571,NA,NA,NA,NA,7.35343646797829,"Asia","Western Asia",0.11,-1.946,-1.187,-0.422,-0.843,-0.796,-1.534,-1.505,0.387,0.833,0.167,0,0.333,0.333,0.5,0.167,0.667,0.333,0,0.167,0,0,0,0.044,0.787,0.114,-1.223,NA,-0.743,-1.984,0.949,-1.069,0.55,-0.275,-1.287,-1.179,1.022,-0.689,-1.913,-1.26,-0.081,0.553
"SAU","SAUDI ARABIA",2009,-10,0,17718.3911648365,-20.6182658137566,94.6246719360352,NA,NA,NA,91.37566,2.83043433137553,NA,NA,38,NA,24217654,39.3107127267865,100,41.723193527879,34.6315417084598,35.7727355951894,NA,NA,NA,NA,4.29043579,1.96,18,75.447,73.953,77.81,NA,NA,NA,NA,9.61719999229391,"Asia","Western Asia",0.115,-1.946,-1.159,-0.422,-0.843,-0.772,-1.534,-1.505,0.387,0.833,0.167,0,0.333,0.333,0.5,0.167,0.667,0.333,0,0.167,0,0,0,0.045,0.787,0.114,-1.223,NA,-0.743,-1.984,0.949,-1.069,0.55,-0.275,-1.287,-1.179,1.022,-0.689,-1.913,-1.26,-0.081,0.553
"SAU","SAUDI ARABIA",2010,-10,0,22028.3901426586,24.3250018454024,97.0149230957031,NA,NA,NA,97.10889,2.61912238524459,NA,NA,41,2.52961210191147,23978487,38.8946305794525,100,38.6088698481102,37.9011314342465,38.8834681571132,NA,NA,NA,NA,3.64786696,1.98,20,75.616,74.113,78.038,NA,NA,NA,NA,8.56567729417753,"Asia","Western Asia",0.115,-1.946,-1.159,-0.422,-0.843,-0.709,-1.534,-1.601,0.387,0.833,0.167,0,0.333,0.333,0.5,0.167,0.667,0.333,0,0.167,0,0,0,0.045,0.78,0.114,-1.223,NA,-0.743,-1.984,0.949,-1.069,0.55,-0.275,-1.287,-1.08,1.022,-0.689,-1.913,-1.26,-0.081,0.553
"SAU","SAUDI ARABIA",2011,-10,0,27126.7498747702,23.1444953493832,128.981857299805,NA,116.905090332031,126.429801940918,97.10289,2.15288829129967,NA,NA,47.5,2.29968681414688,25091867,38.5111610917868,100,34.0894612999603,49.1612188808623,50.2036438017781,NA,NA,NA,NA,3.68218112,1.95,17,75.808,74.316,78.244,NA,NA,NA,NA,7.17239914861776,"Asia","Western Asia",0.115,-1.946,-1.159,-0.422,-0.843,-0.709,-1.534,-1.601,0.387,0.833,0.167,0,0.333,0.333,0.5,0.167,0.667,0.333,0,0.167,0,0,0,0.045,0.78,0.114,-1.223,NA,-0.743,-1.984,0.949,-1.069,0.55,-0.275,-1.287,-1.08,1.022,-0.689,-1.913,-1.26,-0.081,0.553
"SAU","SAUDI ARABIA",2012,-10,0,28733.4375513452,5.92289044574902,130.851364135742,NA,123.766296386719,134.669189453125,99.75876,2.06209514825132,NA,NA,54,2.48458615351606,26168861,38.1563260936938,100,35.2326927816917,47.4093852263553,48.5007097596571,NA,NA,NA,NA,3.98779416,1.98,15,76.09,74.635,78.48,NA,NA,NA,NA,7.61580760228465,"Asia","Western Asia",0.115,-1.946,-1.159,-0.422,-0.843,-0.709,-1.534,-1.601,0.387,0.833,0.167,0,0.333,0.333,0.5,0.167,0.667,0.333,0,0.167,0,0,0,0.046,0.78,0.114,-1.223,NA,-0.743,-1.984,0.949,-1.069,0.55,-0.275,-1.287,-1.08,1.022,-0.689,-1.913,-1.26,-0.081,0.553
"SAU","SAUDI ARABIA",2013,-10,0,27865.465604962,-3.02077307955993,100.840843200684,NA,95.3993377685547,101.544128417969,97.73502,2.14783287096443,NA,NA,60.5,2.65185423323901,27624004,37.8264274377698,100,38.1484481310781,44.4564985480281,45.530927478843,94,97,91,NA,4.42293453,2.05,13,76.517,75.131,78.792,NA,NA,NA,NA,8.89019141193183,"Asia","Western Asia",0.105,-2.078,-1.087,-0.422,-0.948,-0.709,-1.509,-1.505,0.387,0.833,0.167,0,0.333,0.333,0.5,0.167,0.667,0.333,0,0.167,0,0,0,0.046,0.78,0.114,-1.223,NA,-0.743,-1.984,0.949,-1.069,0.55,-0.275,-1.287,-1.08,1.022,-0.689,-1.913,-1.26,-0.081,0.553
"SAU","SAUDI ARABIA",2014,-10,0,27805.4850319422,-0.215250568105052,102.033599853516,NA,NA,NA,NA,2.27940419211986,NA,NA,64.7,2.66292976817046,28309273,37.5180791836604,100,40.7584259766165,40.3219689900701,41.3384300115975,NA,NA,NA,NA,5.15801096,2.12,12,77.116,75.826,79.21,NA,NA,NA,NA,10.5350604637453,"Asia","Western Asia",0.126,-1.799,-1.087,-0.422,-0.891,-0.709,-1.509,-1.505,0.387,0.833,0.167,0,0.333,0.333,0.5,0.167,0.667,0.333,0,0.167,0,0,0,0.046,0.78,0.114,-1.223,NA,-0.743,-1.984,0.949,-1.069,0.55,-0.275,-1.287,-1.08,1.022,-0.689,-1.913,-1.26,-0.081,0.553
"SAU","SAUDI ARABIA",2015,-10,0,23256.1549553531,-16.3612685459827,102.69214630127,NA,NA,NA,97.28258,2.75387031670143,NA,NA,69.6,3.1461706015912,29816382,37.2281937664058,100,51.6451922544441,23.9567993223384,24.8553045322483,NA,NA,NA,NA,5.86202717,2.12,12,77.776,76.583,79.678,NA,NA,NA,NA,13.022838193007,"Asia","Western Asia",0.126,-1.799,-1.087,-0.016,-0.891,-0.709,-1.509,-1.505,-0.08,0.833,0.167,0,0.333,0.333,0.5,0.167,0.5,0.333,0,0.167,0,0,0,0.046,0.78,0.114,-1.223,NA,-0.743,-1.984,0.949,-1.069,0.55,-0.275,-1.287,-1.08,1.022,-0.689,-1.913,-1.26,-0.081,0.553
"SAU","SAUDI ARABIA",2016,-10,0,22267.7217050387,-4.25020065531891,103.448150634766,NA,NA,NA,96.5955,2.91802299444676,NA,NA,74.9,3.1718920134997,30954198,37.1829221283328,100,53.5509157775579,20.0051771356735,20.7349959872418,NA,NA,NA,NA,6.24142838,2.12,10,78.354,77.227,80.112,NA,NA,NA,NA,9.56048239449097,"Asia","Western Asia",0.126,-1.799,-1.087,-0.016,-0.891,-0.709,-1.791,-1.505,-0.243,0.833,0.167,0,0.333,0.333,0.5,0.167,0.5,0.333,0,0.167,0,0,0,0.045,0.784,0.114,-1.223,NA,-0.743,-1.984,1.189,-1.069,0.55,-0.275,-1.287,-1.08,1.022,-0.689,-2.434,-1.26,-0.081,0.553
"SAU","SAUDI ARABIA",2017,-10,0,23929.2907135982,7.46178271207476,106.085350036621,NA,99.340202331543,101.389068603516,95.18623,2.83525700890872,NA,NA,94.2,3.14428407190292,30977355,37.6469256687636,NA,51.4336551370844,23.6170719123709,24.4865557580774,95,97,93,NA,6.03126049,2.13,10,78.721,77.6,80.429,NA,NA,NA,NA,9.84622692397792,"Asia","Western Asia",0.126,-1.799,-1.087,-0.016,-0.891,-0.709,-1.791,-1.505,-0.243,0.833,0.167,0,0.333,0.333,0.5,0.167,0.5,0.333,0,0.167,0,0,0,0.044,0.783,0.198,-1.223,NA,-0.743,-1.984,1.189,-1.069,0.55,-0.275,-1.287,-1.08,1.022,-0.689,-2.434,-1.476,-0.081,0.566
"SAU","SAUDI ARABIA",2018,-10,0,29360.0658968566,22.6950946781397,105.431549072266,NA,101.249382019043,102.527313232422,94.5456,2.41396154385256,NA,NA,93.3,7.91853379846948,30196281,38.3712858701036,NA,46.0223400101906,28.0842811588989,29.2707418122277,NA,NA,NA,NA,5.34062767,2.15,11,78.75,77.551,80.543,NA,NA,NA,NA,8.81333517624339,"Asia","Western Asia",0.126,-1.799,-1.087,-0.016,-0.891,-0.709,-1.791,-1.505,-0.243,0.833,0.167,0,0.333,0.333,0.5,0.167,0.5,0.333,0,0.167,0,0,0,0.043,0.779,0.198,-1.223,NA,-0.171,-1.984,1.189,-1.069,0.55,-0.275,-1.287,-1.08,1.022,-0.689,-2.434,-1.476,-0.081,0.566
"SAU","SAUDI ARABIA",2019,NA,0,29566.7933827436,0.704111110013324,103.157783508301,NA,99.1801910400391,97.8086471557617,NA,2.45384656461481,NA,NA,95.7,6.60159133895093,30063799,38.8316345731402,NA,49.0640913102722,24.3295780055005,25.453167735458,NA,NA,NA,NA,5.46743679,2.15,11,78.313,76.943,80.375,NA,NA,NA,NA,7.79458844216861,"Asia","Western Asia",0.105,-2.071,-1.087,0.063,-0.891,-0.601,-1.791,-1.505,-0.243,0.833,0.167,0,0.333,0.333,0.5,0.167,0.5,0.333,0,0.167,0,0,0,0.045,0.76,0.198,-1.223,NA,0.04,-1.119,0.998,-1.069,0.55,-0.275,-1.287,-1.08,1.022,-0.689,-2.434,-1.476,-0.081,0.566
"SAU","SAUDI ARABIA",2020,NA,0,24338.8307301067,-17.6818723118218,102.71240234375,NA,96.9248886108398,95.4680328369141,NA,2.95556974627207,NA,NA,97.9,7.87620064642857,31552510,39.1110226845957,NA,54.5874963582755,15.9789107766923,17.3184270283149,98,99,96,NA,6.64630127,2.18,8.7,77.596,76.014,80.055,NA,NA,NA,NA,8.7921741101353,"Asia","Western Asia",0.121,-1.871,-1.087,-0.445,-0.891,-0.601,-1.791,-1.505,-0.243,0.833,0.167,0,0.333,0.167,0.5,0.333,0.5,0.333,0,0.167,0,0,0,0.045,0.758,0.198,-2.157,NA,0.04,-1.119,1.289,-0.913,0.55,-0.275,-1.287,-1.08,1.022,-0.689,-2.434,-1.476,-0.081,0.566
"ARE","UNITED ARAB EMIRATES",1971,-8,0,2805.42642722587,NA,61.6533088684082,NA,NA,NA,NA,NA,NA,NA,NA,NA,335027,29.2839084611091,NA,NA,NA,NA,NA,NA,NA,NA,NA,NA,NA,61.753,59.656,65.83,NA,NA,NA,NA,NA,"Asia","Western Asia",0.109,-1.699,-0.717,-0.689,-2.725,-2.175,-2.605,-0.196,2.478,0.079,0.016,0,0.032,0.016,0.048,0.032,0.032,0.064,0.016,0.016,0,0,0.048,0.048,0.764,0.709,-2.414,NA,2.007,-0.206,2.23,-1.723,0.543,-1.522,-1.042,-2.925,0.718,-0.308,-1.664,-1.08,-1.504,0.747
"ARE","UNITED ARAB EMIRATES",1972,-8,0,3675.41681419534,31.0109856571699,68.8501281738281,NA,NA,NA,NA,NA,NA,NA,NA,NA,385014,28.6720188668954,NA,NA,NA,NA,NA,NA,NA,NA,NA,NA,NA,62.675,60.648,66.698,NA,NA,NA,NA,NA,"Asia","Western Asia",0.109,-1.699,-0.717,-0.689,-2.725,-2.175,-2.605,-0.196,2.478,1,0.2,0,0.4,0.2,0.6,0.4,0.4,0.8,0.2,0.2,0,0,0.6,0.048,0.764,0.709,-2.414,NA,2.007,-0.206,2.23,-1.723,0.543,-1.522,-1.042,-2.925,0.718,-0.308,-1.664,-1.08,-1.504,0.747
"ARE","UNITED ARAB EMIRATES",1973,-8,0,9695.81418807304,163.801758500573,74.6328887939453,NA,NA,NA,NA,NA,NA,NA,NA,NA,436399,28.2457756451679,NA,NA,NA,NA,NA,NA,NA,NA,NA,NA,NA,63.542,61.579,67.505,NA,NA,NA,NA,NA,"Asia","Western Asia",0.109,-1.699,-0.717,-0.689,-2.725,-2.175,-2.605,-0.196,2.478,1,0.2,0,0.4,0.2,0.6,0.4,0.4,0.8,0.2,0.2,0,0,0.6,0.048,0.764,0.709,-2.414,NA,2.007,-0.206,2.23,-1.723,0.543,-1.522,-1.042,-2.925,0.718,-0.308,-1.664,-1.08,-1.504,0.747
"ARE","UNITED ARAB EMIRATES",1974,-8,0,23822.9715560307,145.703672676975,77.5990295410156,NA,40.4363784790039,31.482780456543,NA,NA,NA,NA,NA,NA,489087,27.9363956441198,NA,NA,NA,NA,NA,NA,NA,NA,NA,NA,NA,64.351,62.45,68.252,NA,NA,NA,NA,NA,"Asia","Western Asia",0.109,-1.699,-0.717,-0.689,-2.725,-2.175,-2.605,-0.196,2.478,1,0.2,0,0.4,0.2,0.6,0.4,0.4,0.8,0.2,0.2,0,0,0.6,0.048,0.764,0.709,-2.414,NA,2.007,-0.206,2.23,-1.723,0.543,-1.522,-1.042,-2.925,0.718,-0.308,-1.664,-1.08,-1.504,0.747
"ARE","UNITED ARAB EMIRATES",1975,-8,0,27117.1880729614,13.8278992995598,80.7730102539062,NA,40.819019317627,43.2441482543945,NA,0.540188294205409,NA,NA,NA,NA,542856,27.6909530335853,NA,25.4643047004956,37.4179603088941,37.5814955580997,54,58,38,NA,NA,NA,NA,65.105,63.263,68.938,NA,NA,NA,NA,NA,"Asia","Western Asia",0.109,-1.699,-0.717,-0.689,-2.725,-2.175,-2.605,-0.196,2.478,1,0.2,0,0.4,0.2,0.6,0.4,0.4,0.8,0.2,0.2,0,0,0.6,0.048,0.752,0.709,-2.414,NA,2.007,-0.206,2.23,-1.723,1.094,-1.522,-1.042,-2.925,0.718,-0.308,-1.664,-1.08,-1.504,0.747
"ARE","UNITED ARAB EMIRATES",1976,-8,0,31196.9791785759,15.0450374671497,93.5190277099609,NA,54.022159576416,50.2436103820801,NA,0.545088280601967,NA,NA,NA,NA,615866,27.570283146009,NA,27.6401890692683,36.8782876103444,37.0263443740258,NA,NA,NA,NA,NA,NA,NA,65.806,64.021,69.565,NA,NA,NA,NA,NA,"Asia","Western Asia",0.109,-1.699,-0.717,-0.689,-2.725,-2.175,-2.605,-0.196,2.478,1,0.2,0,0.4,0.2,0.6,0.4,0.4,0.8,0.2,0.2,0,0,0.6,0.048,0.768,0.709,-2.414,NA,2.007,-0.206,1.664,-1.723,1.094,-1.522,-1.042,-2.925,0.718,-0.308,-1.664,-1.08,-1.504,0.747
"ARE","UNITED ARAB EMIRATES",1977,-8,0,35020.3604355962,12.2556137090541,98.1942825317383,NA,60.3707008361816,56.5296096801758,NA,0.485156877691024,NA,NA,NA,NA,710209,27.6031421736418,NA,31.5331369357862,30.8690345782272,31.1504618714453,NA,NA,NA,NA,NA,NA,NA,66.471,64.725,70.135,NA,NA,NA,NA,NA,"Asia","Western Asia",0.109,-1.699,-0.717,-0.689,-2.725,-2.175,-2.605,-0.196,2.478,1,0.2,0,0.4,0.2,0.6,0.4,0.4,0.8,0.2,0.2,0,0,0.6,0.048,0.768,0.709,-2.414,NA,2.007,-0.206,1.664,-1.723,1.094,-1.522,-1.042,-2.925,0.718,-0.308,-1.664,-1.08,-1.504,0.747
"ARE","UNITED ARAB EMIRATES",1978,-8,0,29379.1277424991,-16.1084369861685,97.6042175292969,NA,64.0111465454102,58.1019592285156,79.68499,0.629067480796601,NA,NA,NA,NA,809274,27.7102687099796,NA,31.3121326365424,31.4520067178137,31.950511608593,NA,NA,NA,NA,NA,NA,NA,67.083,65.376,70.654,NA,NA,NA,NA,NA,"Asia","Western Asia",0.109,-1.699,-0.717,-0.689,-2.725,-2.175,-2.605,-0.196,2.478,1,0.2,0,0.4,0.2,0.6,0.4,0.4,0.8,0.2,0.2,0,0,0.6,0.048,0.791,0.709,-2.414,NA,0.718,-0.206,1.664,-1.723,1.094,-1.522,-1.042,-2.925,0.718,-0.308,-1.664,-1.08,-1.504,0.747
"ARE","UNITED ARAB EMIRATES",1979,-8,0,34238.2864453187,16.5394927494408,94.1813430786133,NA,66.1035003662109,63.166561126709,NA,0.54722317809093,NA,NA,NA,NA,912010,27.8388394864091,NA,28.09722443704,56.0299307985901,56.671735250579,NA,NA,NA,NA,NA,NA,NA,67.645,65.973,71.126,NA,NA,NA,NA,NA,"Asia","Western Asia",0.109,-1.699,-0.717,-0.689,-2.725,-2.175,-2.605,-0.196,2.478,1,0,0,0.5,0.25,0.75,0.5,0.5,0.75,0.25,0.25,0,0,0.5,0.049,0.779,0.709,-2.414,NA,1.131,-0.206,1.664,-1.723,1.094,-1.522,-1.042,-2.925,0.718,-0.308,-1.664,-1.08,-1.504,0.747
"ARE","UNITED ARAB EMIRATES",1980,-8,0,42925.2338784407,25.3720274435923,91.7685394287109,NA,64.7709274291992,67.4396896362305,76.15229,0.490602457342951,NA,NA,NA,NA,1015700,27.9617012897509,NA,26.8457912124624,41.9017222889892,42.3274106499484,NA,NA,NA,NA,NA,2.84949994087219,NA,68.157,66.518,71.555,NA,NA,NA,NA,NA,"Asia","Western Asia",0.109,-1.699,-0.717,-0.689,-2.725,-2.175,-2.605,-0.196,2.478,1,0,0,0.5,0.25,0.75,0.5,0.5,0.75,0.25,0.25,0,0,0.5,0.049,0.763,0.977,-2.414,NA,1.994,-0.206,1.664,-1.723,1.094,-1.522,-1.042,-2.925,0.718,-0.308,-1.664,-1.08,-1.504,0.717
"ARE","UNITED ARAB EMIRATES",1981,-8,0,44854.4800315615,4.4944336438194,88.1638412475586,NA,66.8385772705078,72.1637420654297,73.20257,0.548306764658785,NA,NA,NA,NA,1099855,28.5554004846093,NA,31.0883861669878,33.037027439471,33.4086698393858,NA,NA,NA,NA,NA,2.87509989738464,NA,68.622,67.011,71.947,NA,NA,NA,NA,NA,"Asia","Western Asia",0.109,-1.699,-0.717,-0.689,-2.725,-2.175,-2.605,-0.196,2.478,1,0.2,0,0.4,0.2,0.8,0.4,0.4,0.8,0.2,0.2,0,0,0.4,0.049,0.763,0.977,-2.414,NA,1.965,-0.206,1.664,-1.723,1.094,-1.522,-1.042,-2.925,0.718,-0.308,-1.664,-1.08,-1.504,0.717
"ARE","UNITED ARAB EMIRATES",1982,-8,0,39972.4946674594,-10.8840529656501,94.9387130737305,NA,80.6759490966797,81.6128082275391,78.237,0.640366457885388,NA,NA,NA,NA,1166370,29.5413976696932,NA,36.2075815649247,22.8797386280149,23.0115404847624,NA,NA,NA,NA,NA,NA,NA,69.056,67.456,72.304,NA,NA,NA,NA,NA,"Asia","Western Asia",0.109,-1.699,-0.717,-0.689,-2.725,-2.175,-2.605,-0.196,2.478,1,0.2,0,0.4,0.2,0.8,0.4,0.4,0.8,0.2,0.2,0,0,0.4,0.049,0.763,0.977,-2.414,NA,1.965,-0.206,1.664,-1.723,1.094,-1.522,-1.042,-2.925,0.718,-0.308,-1.664,-1.08,-1.504,0.717
"ARE","UNITED ARAB EMIRATES",1983,-8,0,34650.0041245988,-13.3153824577116,96.1774826049805,NA,81.6815032958984,84.1032562255859,73.66271,0.730600581680254,NA,NA,NA,NA,1235305,30.4203169093326,NA,37.8652207393831,23.6932140726226,24.2798442244752,NA,NA,NA,NA,NA,NA,NA,69.448,67.857,72.627,NA,NA,NA,NA,NA,"Asia","Western Asia",0.161,-1.058,-0.717,-0.689,-2.725,-2.175,-2.605,-0.196,2.478,1,0.2,0,0.4,0.2,0.8,0.4,0.4,0.8,0.2,0.2,0,0,0.4,0.049,0.763,0.977,-2.414,NA,1.965,-0.206,1.664,-1.723,1.094,-1.522,-1.042,-2.925,0.718,-0.308,-1.664,-1.08,-1.504,0.717
"ARE","UNITED ARAB EMIRATES",1984,-8,0,32012.3141540273,-7.61237996130266,95.8984832763672,NA,78.8542785644531,84.1941528320312,73.48471,0.842471510389179,NA,NA,NA,NA,1305996,31.2010909681193,NA,36.3468141806264,25.7520260229299,26.4353697598988,NA,NA,NA,NA,NA,NA,NA,69.802,68.218,72.914,NA,NA,NA,NA,NA,"Asia","Western Asia",0.184,-1.058,-1.492,-1.835,-0.718,-0.508,-1.575,-0.196,2.478,1,0.199,0,0.401,0.2,0.799,0.4,0.4,0.799,0.2,0.2,0,0,0.4,0.049,0.763,0.977,-2.414,NA,1.965,-0.206,1.664,-1.723,1.094,-1.522,-1.042,-2.925,0.718,-0.308,-1.664,-1.08,-1.504,0.717
"ARE","UNITED ARAB EMIRATES",1985,-8,0,29467.5419758929,-7.9493540076179,93.8554306030273,NA,77.0698089599609,79.2840881347656,73.12173,0.925826534993559,NA,NA,NA,NA,1377911,31.878111140705,NA,37.8220266208673,23.7113309073601,24.6652930237137,71,72,69,NA,NA,NA,NA,70.123,68.543,73.162,NA,NA,NA,NA,NA,"Asia","Western Asia",0.184,-1.058,-1.492,-1.835,-0.718,-0.508,-0.946,-0.196,2.478,1,0.2,0,0.4,0.2,0.8,0.4,0.4,0.8,0.2,0.2,0,0,0.4,0.051,0.763,0.977,-2.414,NA,1.965,-0.206,1.664,-1.723,1.094,-1.522,-1.042,-2.925,0.718,-0.308,-1.664,-1.08,-1.504,0.717
"ARE","UNITED ARAB EMIRATES",1986,-8,0,23132.0739675988,-21.4998183882357,93.220703125,NA,75.1311264038086,82.8166427612305,73.86725,1.18452414390845,NA,NA,NA,NA,1467383,32.1279666780702,NA,46.6611025062797,17.0122917735774,18.3666363793088,NA,NA,NA,NA,NA,NA,NA,70.41,68.835,73.371,NA,NA,NA,NA,NA,"Asia","Western Asia",0.184,-1.058,-1.492,-1.835,-0.718,-0.508,-0.946,-0.196,2.478,1,0.2,0,0.4,0.2,0.8,0.4,0.4,0.8,0.2,0.2,0,0,0.4,0.051,0.763,0.977,-2.414,NA,1.965,-0.206,1.664,-1.723,1.094,-1.522,-1.042,-2.925,0.718,-0.308,-1.664,-1.08,-1.504,0.717
"ARE","UNITED ARAB EMIRATES",1987,-8,0,23112.623420646,-0.0840847516744314,92.3796310424805,NA,69.3579864501953,80.9661331176758,84.85019,1.14322934213777,NA,NA,NA,NA,1574244,32.0288341578561,NA,44.1756695041514,22.8978256173288,24.3087258563614,NA,NA,NA,NA,NA,NA,NA,70.623,69.096,73.537,NA,NA,NA,NA,NA,"Asia","Western Asia",0.255,-0.426,-1.492,-1.835,-0.718,-0.508,-0.946,-0.196,2.478,1,0.2,0,0.4,0.2,0.8,0.4,0.4,0.8,0.2,0.2,0,0,0.4,0.051,0.763,0.977,-2.414,NA,1.965,-0.206,1.664,-1.723,1.094,-1.522,-1.042,-2.925,0.718,-0.308,-1.664,-1.08,-1.504,0.717
"ARE","UNITED ARAB EMIRATES",1988,-8,0,21569.7068852997,-6.67564433195431,94.2568511962891,NA,66.4712219238281,75.5915298461914,88.24281,1.19773519163763,NA,NA,NA,NA,1681788,31.9357731176581,NA,45.7880271536706,20.3567774890166,21.754674597305,NA,NA,NA,NA,NA,NA,NA,70.808,69.326,73.66,NA,NA,NA,NA,NA,"Asia","Western Asia",0.255,-0.426,-1.492,-1.835,-0.718,-0.508,-0.946,-0.196,2.478,1,0.2,0,0.4,0.2,0.8,0.4,0.4,0.8,0.2,0.2,0,0,0.4,0.051,0.763,0.977,-2.414,NA,1.965,-0.206,1.664,-1.723,1.094,-1.522,-1.042,-2.925,0.718,-0.308,-1.664,-1.08,-1.504,0.717
"ARE","UNITED ARAB EMIRATES",1989,-8,0,23166.7305903787,7.40401208774613,98.3102264404297,NA,73.4507064819336,79.7032928466797,93.00106,1.19302579195627,NA,NA,NA,NA,1789851,31.8479024231626,NA,43.7300450012482,28.6130173334727,30.0841004001769,NA,NA,NA,NA,NA,NA,NA,70.96,69.519,73.743,NA,NA,NA,NA,NA,"Asia","Western Asia",0.225,-0.426,-1.492,-1.835,-1.437,-0.508,-0.946,-0.196,2.478,1,0.199,0,0.401,0.2,0.799,0.4,0.4,0.799,0.2,0.2,0,0,0.4,0.053,0.763,0.977,-2.414,NA,1.965,-0.206,1.664,-1.723,1.094,-1.522,-1.042,-2.925,0.718,-0.308,-1.664,-1.08,-1.504,0.717
"ARE","UNITED ARAB EMIRATES",1990,-8,0,26709.993440327,15.2946175815583,102.32389831543,NA,82.3887405395508,86.0195465087891,96.9068,1.0584284754869,NA,NA,0,NA,1898220,31.7637049446323,100,40.0392209536602,35.3156119922356,36.6027000714668,NA,NA,NA,NA,NA,2.6400001049,NA,71.074,69.671,73.787,NA,NA,NA,NA,NA,"Asia","Western Asia",0.225,-0.426,-1.492,-1.835,-1.437,-0.508,-0.946,-0.196,2.478,1,0.2,0,0.4,0.2,0.8,0.4,0.4,0.8,0.2,0.2,0,0,0.4,0.055,0.763,0.977,-2.414,NA,1.965,-0.206,1.664,-1.723,1.094,-1.522,-1.042,-2.925,0.718,-0.308,-1.664,-1.08,-1.504,0.717
"ARE","UNITED ARAB EMIRATES",1991,-8,0,25690.9686321448,-3.81514435957768,104.006652832031,NA,89.7529220581055,92.0921325683594,97.42814,1.29776800811633,NA,NA,NA,NA,2006626,31.6813555098735,100,51.9239305038891,23.5124336664395,24.9355118597408,NA,NA,NA,NA,NA,NA,NA,71.144,69.78,73.793,NA,NA,NA,NA,NA,"Asia","Western Asia",0.225,-0.426,-1.492,-1.835,-1.437,-0.508,-0.946,-0.196,2.478,1,0.2,0,0.4,0.2,0.8,0.4,0.4,0.8,0.2,0.2,0,0,0.4,0.056,0.763,0.977,-2.414,NA,1.965,-0.206,1.664,-1.723,1.094,-1.522,-1.042,-2.925,0.718,-0.308,-1.664,-1.08,-1.504,0.717
"ARE","UNITED ARAB EMIRATES",1992,-8,0,25648.2727760844,-0.166190137365932,100.77953338623,NA,90.0462265014648,92.1190032958984,93.98811,1.37862107758448,NA,NA,NA,NA,2114730,31.5992435917382,100,43.3233556993049,23.314265622308,24.7594060168968,NA,NA,NA,NA,NA,3.0604999065,NA,71.166,69.84,73.761,NA,NA,NA,NA,NA,"Asia","Western Asia",0.225,-0.426,-1.492,-1.835,-1.437,-0.508,-0.946,-0.196,2.478,1,0.2,0,0.4,0.2,0.8,0.4,0.4,0.8,0.2,0.2,0,0,0.4,0.056,0.767,0.977,-2.414,NA,1.965,-0.293,1.664,-1.723,1.094,-1.522,-1.042,-2.925,0.718,-0.308,-1.664,-1.08,-1.504,0.717
"ARE","UNITED ARAB EMIRATES",1993,-8,0,25032.7822702907,-2.39973471573341,99.2421722412109,NA,87.9953002929688,91.0666122436523,90.43338,1.48090107737512,NA,NA,NA,NA,2222093,31.5159484702267,100,47.0391772771792,20.8005002641545,22.1505222562258,NA,NA,NA,NA,NA,NA,NA,71.159,69.87,73.713,NA,NA,NA,NA,NA,"Asia","Western Asia",0.225,-0.426,-1.492,-1.835,-1.437,-0.508,-0.946,-0.196,2.478,1,0.2,0,0.4,0.2,0.8,0.4,0.4,0.8,0.2,0.2,0,0,0.4,0.056,0.767,0.977,-2.414,NA,1.965,-0.293,1.664,-1.723,1.094,-1.522,-1.042,-2.925,0.718,-0.308,-1.664,-1.08,-1.504,0.717
"ARE","UNITED ARAB EMIRATES",1994,-8,0,25472.6396578979,1.757125447974,100.862937927246,NA,88.4036178588867,91.9542694091797,88.41546,1.83042501688033,NA,NA,NA,NA,2328188,31.4292058888715,100,51.909199895273,16.966789757447,18.263480223591,NA,NA,NA,NA,NA,NA,NA,71.204,69.952,73.721,NA,NA,NA,NA,NA,"Asia","Western Asia",0.225,-0.426,-1.492,-1.835,-1.437,-0.508,-0.946,-0.196,2.478,1,0.2,0,0.4,0.2,0.8,0.4,0.4,0.8,0.2,0.2,0,0,0.4,0.068,0.694,0.977,-2.414,NA,1.965,-0.293,1.664,-1.723,1.817,-1.522,-1.042,-1.431,1.547,-0.308,-1.003,-1.08,-1.504,0.717
"ARE","UNITED ARAB EMIRATES",1995,-8,0,27003.2006807782,6.00864709522063,102.688140869141,NA,88.9404220581055,91.441650390625,88.89034,1.78706830470903,NA,NA,0.103,NA,2434662,31.3356304342737,100,52.6677577741408,16.3473463917171,17.8753368140734,NA,NA,NA,NA,NA,NA,NA,71.392,70.18,73.866,NA,NA,NA,NA,NA,"Asia","Western Asia",0.225,-0.426,-1.492,-1.835,-1.437,-0.508,-0.946,-0.196,2.478,1,0.2,0,0.4,0.2,0.8,0.4,0.4,0.8,0.2,0.2,0,0,0.4,0.069,0.694,0.977,-2.414,NA,1.965,-0.293,1.664,-1.723,1.817,-1.522,-1.042,-1.431,1.547,-0.308,-1.003,-1.08,-1.504,0.717
"ARE","UNITED ARAB EMIRATES",1996,-8,0,28323.1650870532,4.88817759746012,100.12816619873,NA,84.7243499755859,87.9795913696289,86.05468,1.79243187203791,NA,NA,0.375,NA,2597564,31.2320697391864,100,51.8405657582938,19.1112827067212,20.7195621529487,NA,NA,NA,NA,NA,2.6400001049,NA,71.82,70.65,74.238,NA,NA,NA,NA,NA,"Asia","Western Asia",0.225,-0.426,-1.492,-1.835,-1.437,-0.508,-0.946,-0.36,2.478,1,0.2,0,0.4,0.2,0.8,0.4,0.4,0.8,0.2,0.2,0,0,0.4,0.07,0.686,0.977,-2.414,NA,1.965,-0.293,1.915,-1.723,1.817,-1.522,-1.042,-1.431,1.547,-0.308,-1.003,-1.08,-1.504,0.717
"ARE","UNITED ARAB EMIRATES",1997,-8,0,27982.7957040564,-1.20173498248042,97.3000564575195,NA,79.4471893310547,86.6882781982422,82.45285,2.00402186456958,NA,NA,3.3,0.992336343973077,2817410,31.1452717211907,100,52.567566633727,16.9646090621951,18.6806267958819,NA,NA,NA,NA,NA,NA,NA,72.559,71.451,74.903,NA,NA,NA,NA,6.75906148063517,"Asia","Western Asia",0.225,-0.426,-1.492,-1.835,-1.437,-0.508,-0.946,-0.36,2.478,1,0.2,0,0.4,0.2,0.8,0.4,0.4,0.8,0.2,0.2,0,0,0.4,0.07,0.686,0.977,-2.414,NA,1.965,-0.293,1.915,-1.723,1.817,-1.522,-1.042,-1.431,1.547,-0.308,-1.003,-1.08,-1.504,0.717
"ARE","UNITED ARAB EMIRATES",1998,-8,0,24889.4269192279,-11.0545380009335,98.2942276000977,NA,79.1710815429688,86.7059478759766,79.37283,2.18089049130306,NA,NA,6.91,1.07587239217888,3040421,31.0904867811113,100,57.7955770490152,10.8323014620584,12.5278825303178,NA,NA,NA,NA,NA,NA,NA,73.66,72.617,75.88,NA,NA,NA,NA,8.62972120984848,"Asia","Western Asia",0.225,-0.426,-1.492,-1.835,-1.437,-0.508,-0.946,-0.36,2.478,1,0.2,0,0.4,0.2,0.8,0.4,0.4,0.8,0.2,0.2,0,0,0.4,0.07,0.686,0.977,-2.414,NA,1.965,-0.293,1.915,-1.723,1.817,-1.522,-1.042,-1.431,1.547,-0.308,-1.003,-1.08,-1.504,0.717
"ARE","UNITED ARAB EMIRATES",1999,-8,0,25855.8605046587,3.88290814636716,101.495681762695,NA,86.1498489379883,91.7437591552734,NA,2.33324519711343,NA,NA,14.9,1.1224470054107,3266009,31.0553338952832,100,55.6460922334793,13.3744382605246,14.8547635599251,NA,NA,NA,NA,NA,NA,NA,74.982,74.006,77.038,NA,NA,NA,NA,7.6695379976034,"Asia","Western Asia",0.225,-0.426,-1.492,-1.835,-1.437,-0.508,-0.946,-0.36,2.478,1,0.2,0,0.4,0.2,0.8,0.4,0.4,0.8,0.2,0.2,0,0,0.4,0.07,0.686,0.977,-2.414,NA,1.965,-0.293,1.915,-1.723,1.817,-1.522,-1.042,-1.431,1.547,-0.308,-1.003,-1.08,-1.504,0.717
"ARE","UNITED ARAB EMIRATES",2000,-8,0,29865.502347066,15.5076712364102,102.10684967041,NA,94.8096313476562,95.1232070922852,NA,2.26265009303746,0.7025,NA,23.6,NA,3493575,31.0309639838847,100,49.220338275323,20.8440561536495,22.3844177151254,NA,NA,NA,NA,2.39504457,2.11,3.8,76.347,75.437,78.229,NA,NA,NA,NA,8.3237222448449,"Asia","Western Asia",0.225,-0.426,-1.492,-1.835,-1.437,-0.508,-0.946,-0.36,2.478,1,0.2,0,0.4,0.2,0.8,0.4,0.4,0.8,0.2,0.2,0,0,0.4,0.07,0.686,0.977,-2.414,NA,1.965,-0.293,1.915,-1.723,1.817,-1.522,-1.042,-1.431,1.547,-0.308,-1.003,-1.08,-1.504,0.717
"ARE","UNITED ARAB EMIRATES",2001,-8,0,27745.1708087672,-7.0996011172305,122.869979858398,NA,113.218948364258,112.213371276855,NA,2.23820016235649,NA,NA,26.3,NA,3723590,31.0168144183436,100,48.0854585516536,15.8062390008792,17.5963966616315,NA,NA,NA,NA,2.48436403,2.13,2.3,77.621,76.768,79.343,NA,NA,NA,NA,5.61210552340521,"Asia","Western Asia",0.225,-0.426,-1.492,-1.835,-1.437,-0.508,-0.946,-0.36,2.478,1,0.2,0,0.4,0.2,0.8,0.4,0.4,0.8,0.2,0.2,0,0,0.4,0.07,0.686,0.977,-2.414,NA,1.965,-0.293,1.915,-1.723,1.817,-1.522,-1.042,-1.431,1.547,-0.308,-1.003,-1.08,-1.504,0.717
"ARE","UNITED ARAB EMIRATES",2002,-8,0,27753.6089526346,0.0304130182710307,118.775428771973,NA,108.948921203613,107.776969909668,NA,2.20332258864369,0.95,NA,28.3,NA,3956826,31.0147830609686,100,50.2509298289115,14.6453240587361,16.2376283737788,NA,NA,NA,NA,2.71770859,2.12,2.6,78.721,77.915,80.315,NA,NA,NA,NA,4.87553180534483,"Asia","Western Asia",0.225,-0.426,-1.492,-1.835,-1.437,-0.508,-0.946,-0.36,2.478,1,0.2,0,0.4,0.2,0.8,0.4,0.4,0.8,0.2,0.2,0,0,0.4,0.071,0.692,0.977,-2.414,NA,1.965,-0.293,1.915,-1.723,1.817,-1.522,-1.042,-1.431,1.512,-0.308,-1.003,-1.08,-1.504,0.717
"ARE","UNITED ARAB EMIRATES",2003,-8,0,29659.5428567811,6.86733717189444,117.259651184082,NA,99.7059173583984,95.6738662719727,NA,1.92768393253654,NA,NA,29.5,NA,4192457,31.0195026495209,100,48.951303152003,17.8057010079321,19.2061128677808,NA,NA,NA,NA,2.64634395,2.15,3.2,79.6,78.825,81.11,NA,NA,NA,NA,4.69230626722928,"Asia","Western Asia",0.225,-0.426,-1.492,-1.835,-1.437,-0.508,-0.946,-0.36,2.478,1,0.2,0,0.4,0.2,0.8,0.4,0.4,0.8,0.2,0.2,0,0,0.4,0.069,0.692,0.977,-2.414,NA,1.965,-0.293,1.915,-1.723,1.817,-1.522,-1.042,-1.431,1.512,-0.308,-1.003,-1.08,-1.504,0.717
"ARE","UNITED ARAB EMIRATES",2004,-8,0,33376.7152295209,12.5328039973143,110.694122314453,NA,97.1779937744141,92.1145172119141,NA,1.66536190905993,0.95,NA,30.1,NA,4428967,31.0236224383699,100,46.6562900061707,20.9182068452778,22.2210170035245,NA,NA,NA,NA,2.46225643,1.95,2.4,80.272,79.518,81.737,NA,NA,NA,NA,4.6114776396626,"Asia","Western Asia",0.16,-1.09,-1.492,-1.835,-1.437,-0.508,-0.946,-0.36,-0.025,1,0.2,0,0.4,0.2,0.8,0.4,0.4,0.8,0.2,0.2,0,0,0.4,0.067,0.697,0.201,-2.414,NA,1.965,-0.293,1.915,-1.723,1.817,-1.522,-1.042,-1.431,1.512,-0.308,-0.875,-1.08,-1.504,0.758
"ARE","UNITED ARAB EMIRATES",2005,-8,0,38719.3138307623,16.006963430949,105.719909667969,NA,95.105827331543,90.7786331176758,NA,1.39540987408529,NA,NA,40,NA,4664790,31.0224254468047,100,42.9608649080015,23.9417369873026,25.3343747676468,90,89,91,NA,2.3202107,1.43,2.5,80.779,80.035,82.222,NA,NA,NA,NA,3.65647067832081,"Asia","Western Asia",0.16,-1.09,-1.492,-1.462,-1.437,-0.508,-2.57,-0.36,-0.025,1,0.2,0,0.4,0.2,0.8,0.4,0.4,0.8,0.2,0.2,0,0,0.2,0.068,0.697,0.201,-2.414,NA,1.965,-0.293,1.915,-1.723,1.817,-1.522,-1.042,-1.431,1.512,-0.308,-0.875,-1.08,-1.504,0.758
"ARE","UNITED ARAB EMIRATES",2006,-8,0,44342.6048322482,14.5232196677469,100.258071899414,NA,89.8694534301758,88.3129119873047,NA,1.09424400194674,0.95,NA,52,NA,5009100,31.1473717833543,100,41.0026442799823,25.8820272214672,27.2052072035567,NA,NA,NA,NA,2.3254137,1.88,2.1,81.155,80.42,82.585,NA,NA,NA,NA,3.22597447304637,"Asia","Western Asia",0.16,-1.09,-1.492,-1.462,-1.437,-0.508,-2.57,-0.36,-0.025,1,0.2,0,0.4,0.2,0.8,0.4,0.4,0.8,0.2,0.2,0,0,0.2,0.071,0.696,0.201,-2.414,0.738,1.965,-0.293,1.915,-1.723,1.817,-1.522,-1.042,-1.431,1.512,-0.308,-0.875,-1.08,-1.504,0.753
"ARE","UNITED ARAB EMIRATES",2007,-8,0,45854.7325158162,3.41010116408024,97.2815780639648,NA,87.0543670654297,88.7828598022461,86.66614,0.976671167666283,NA,NA,61,NA,5624635,31.5088768442533,100,44.1831002420827,23.7183455650517,24.9372063571947,NA,NA,NA,NA,2.56602693,1.42,2,81.438,80.708,82.837,NA,NA,NA,NA,3.28052136989454,"Asia","Western Asia",0.219,-0.752,-1.041,-1.462,-1.437,0.035,-2.57,-0.36,-0.025,1,0.2,0,0.4,0.2,0.8,0.4,0.4,0.8,0.2,0.2,0,0,0.2,0.08,0.668,0.201,-2.414,0.738,1.965,-0.293,1.915,-1.723,1.817,-1.522,-1.042,-1.016,1.512,-0.308,-0.875,-1.08,-1.504,0.618
"ARE","UNITED ARAB EMIRATES",2008,-8,0,50054.1700681803,9.15813335279108,NA,NA,NA,NA,NA,0.82730546409323,0.8,NA,63,NA,6302664,32.0096390986415,100,41.1547160923483,26.67204274176,27.7149122716078,NA,NA,NA,NA,2.92857623,1.26,1.7,81.591,80.918,82.986,NA,NA,NA,NA,3.6680226492701,"Asia","Western Asia",0.219,-0.752,-1.041,-1.462,-1.437,0.035,-2.57,-0.36,-0.025,1,0.2,0,0.4,0.2,0.8,0.4,0.4,0.8,0.2,0.2,0,0,0.2,0.081,0.661,0.325,-2.414,0.738,1.965,-0.293,1.915,-1.723,2.12,-1.522,-1.042,-1.016,1.512,-0.308,-0.875,-1.08,-1.504,0.617
"ARE","UNITED ARAB EMIRATES",2009,-8,0,37803.0663738777,-24.475690392259,78.3093872070312,NA,70.2628402709961,66.9717864990234,NA,1.03688688860825,NA,NA,64,NA,6707058,32.6279819515528,100,46.9181571110237,18.418263242659,19.713461721995,NA,NA,NA,NA,4.05000162,1.15,2,81.679,81.063,83.044,NA,NA,NA,NA,5.45710777311036,"Asia","Western Asia",0.219,-0.752,-1.041,-1.462,-1.437,0.035,-2.57,-0.36,-0.025,1,0.2,0,0.4,0.2,0.8,0.4,0.4,0.8,0.2,0.2,0,0,0.2,0.081,0.661,0.325,-2.414,0.738,1.965,-0.293,1.915,-1.723,2.12,-1.522,-1.042,-1.016,1.512,-0.308,-0.875,-1.08,-1.504,0.617
"ARE","UNITED ARAB EMIRATES",2010,-8,0,43696.6712590463,15.5902826159127,80.5201187133789,NA,69.9113311767578,68.2881927490234,NA,0.735025772222781,0.65,NA,68,NA,6869838,33.299675052988,100,47.5865147475896,22.6797378677807,23.7768704858008,NA,NA,NA,NA,3.74433136,1.04,2.2,81.886,81.157,83.044,NA,NA,NA,NA,6.03859220826788,"Asia","Western Asia",0.173,-1.081,-1.041,-1.462,-1.437,0.035,-2.57,-0.36,-0.025,1,0.2,0,0.4,0.2,0.8,0.4,0.4,0.8,0.2,0.2,0,0,0.2,0.082,0.661,0.325,-2.414,0.738,1.965,-0.293,1.915,-1.723,2.12,-1.522,-1.042,-1.016,1.512,-0.308,-0.875,-1.08,-1.504,0.617
"ARE","UNITED ARAB EMIRATES",2011,-8,0,50789.050540755,16.2309372255453,79.7749786376953,NA,70.3188018798828,68.4539108276367,NA,0.65142159370015,NA,NA,78,0.312357810734687,7104538,33.9645504973731,100,42.2714577310298,28.5990789001782,29.7789568323524,NA,NA,NA,NA,3.56666398,1.06,1.6,81.898,81.215,83.021,NA,NA,NA,NA,5.46631452753061,"Asia","Western Asia",0.145,-1.411,-1.208,-1.462,-1.437,0.035,-2.57,-0.36,-0.025,1,0.2,0,0.4,0.2,0.8,0.4,0.4,0.8,0.2,0.2,0,0,0.2,0.079,0.661,0.325,-2.414,0.742,1.965,-0.293,1.915,-1.723,2.12,-1.522,-1.042,-1.016,1.512,-0.308,-0.875,-1.08,-1.504,0.615
"ARE","UNITED ARAB EMIRATES",2012,-8,0,52034.4762476071,2.45215394576577,82.2291564941406,NA,75.3712463378906,72.6052627563477,86.53352,0.627943991804764,0.5,NA,85,0.354309302652762,7391448,34.5084604510693,100,42.8039942638918,27.0648520266069,28.2144669709365,NA,NA,NA,NA,3.33596373,1.11,1.2,81.913,81.249,83.01,NA,NA,NA,NA,5.07555649376756,"Asia","Western Asia",0.116,-1.411,-1.96,-1.462,-1.151,0.275,-2.57,-0.36,-0.025,1,0.2,0,0.4,0.2,0.8,0.4,0.4,0.8,0.2,0.2,0,0,0.2,0.086,0.656,0.325,-2.414,0.742,1.965,-0.293,1.915,-1.723,2.12,-1.522,-1.042,-0.886,1.512,-0.308,-0.875,-1.08,-1.504,0.613
"ARE","UNITED ARAB EMIRATES",2013,-8,0,52023.5170959441,-0.0210613278989221,82.4103317260742,NA,76.1817321777344,74.9869613647461,85.55659,0.633172496321641,NA,NA,88,0.361091644805933,7693031,34.7746961859699,100,45.1630125266952,26.2480640478396,27.3813114030779,NA,NA,NA,NA,3.50222182,1.12,1.2,81.95,81.272,83.046,NA,NA,NA,NA,6.03468625064444,"Asia","Western Asia",0.116,-1.411,-1.96,-1.462,-1.151,0.275,-2.57,-0.36,-0.025,1,0.2,0,0.4,0.2,0.8,0.4,0.4,0.8,0.2,0.2,0,0,0.2,0.087,0.656,0.325,-2.414,0.742,1.965,-0.293,1.915,-1.723,2.12,-1.522,-1.042,-0.886,1.512,-0.308,-0.875,-1.08,-1.504,0.613
"ARE","UNITED ARAB EMIRATES",2014,-8,0,51381.4069901746,-1.23426892608067,86.75390625,NA,78.5740127563477,77.1275100708008,90.21069,0.628716003480972,0.4,NA,90.4,0.346301233375436,8059440,34.8937066545261,100,47.3815703317669,22.9458647037024,23.9739257701595,NA,NA,NA,NA,3.53405499,1.2,0.84,81.99,81.298,83.157,NA,NA,NA,NA,5.64365135247024,"Asia","Western Asia",0.13,-1.411,-1.96,-1.462,-0.641,0.275,-2.57,-0.36,-0.025,1,0.2,0,0.4,0.2,0.8,0.4,0.4,0.8,0.2,0.2,0,0,0.2,0.087,0.656,0.325,-2.414,0.742,1.965,-0.293,1.915,-1.723,2.12,-1.522,-1.042,-0.886,1.512,-0.308,-0.875,-1.08,-1.504,0.613
"ARE","UNITED ARAB EMIRATES",2015,-8,0,43534.9972694631,-15.2709125349797,91.7827072143555,NA,80.7699279785156,78.8523330688477,93.73636,0.723671590492829,NA,NA,90.5,0.0558410691327574,8505237,35.0146957242682,100,55.9220834715221,13.1025344354216,14.0468089597238,NA,NA,NA,NA,3.46609354,1.39,0.81,82.076,81.333,83.328,NA,NA,NA,NA,NA,"Asia","Western Asia",0.134,-1.411,-1.758,-1.462,-0.641,0.275,-2.57,-0.36,-0.025,1,0.2,0,0.4,0.2,0.8,0.4,0.4,0.8,0.2,0.2,0,0,0.2,0.09,0.652,0.325,-2.414,2.111,1.965,-0.293,1.915,-1.723,2.12,-1.522,-1.042,-0.886,1.512,-0.308,-0.875,-1.08,-1.504,0.572
"ARE","UNITED ARAB EMIRATES",2016,-8,0,41326.4018161569,-5.07314940124134,88.7415466308594,NA,NA,NA,94.55178,0.750862915175131,0.25,NA,90.6,0.042056449990283,8935095,35.1548626583499,100,58.2205653564757,11.0807563620506,11.8055195768229,NA,NA,NA,NA,3.89580107,1.4,0.81,82.195,81.378,83.529,NA,NA,NA,NA,NA,"Asia","Western Asia",0.166,-1.076,-1.758,-1.462,-0.641,0.275,-2.57,-0.031,-0.025,1,0.2,0,0.4,0.2,0.8,0.4,0.4,0.8,0.2,0.2,0,0,0.2,0.091,0.64,0.325,-2.414,2.111,1.965,-0.293,1.915,-1.723,2.12,-1.522,-1.042,-0.886,1.512,-0.308,-0.875,-1.08,-1.504,0.449
"ARE","UNITED ARAB EMIRATES",2017,-8,0,42340.5917160161,2.4540967887088,81.799201965332,NA,NA,NA,95.02753,0.761757604094752,NA,NA,94.8,0.0656213981912336,9223225,35.2718433375646,NA,56.7102076315896,13.4985731745503,14.3278424370326,NA,NA,NA,NA,4.00854969,1.48,0.82,82.388,81.434,83.732,NA,NA,NA,NA,NA,"Asia","Western Asia",0.166,-1.076,-1.758,-1.462,-0.641,0.004,-2.57,-0.031,-0.025,1,0.2,0,0.4,0.2,0.8,0.4,0.4,0.8,0.2,0.2,0,0,0.2,0.091,0.64,0.325,-2.414,2.111,1.965,-0.293,1.915,-1.723,2.12,-1.522,-1.042,-0.886,1.512,-0.308,-0.875,-1.08,-1.504,0.449
"ARE","UNITED ARAB EMIRATES",2018,-8,0,45689.8570049401,7.91029400672519,NA,NA,NA,NA,NA,0.711464002250805,0.1,NA,98.5,0.0586388626960759,9346701,35.3733923762714,NA,52.3695784114051,17.0989945007163,18.1866824883602,NA,NA,NA,NA,4.09854221,1.63,1,82.449,81.504,83.912,NA,NA,NA,NA,NA,"Asia","Western Asia",0.147,-1.351,-1.399,-1.462,-0.641,0.004,-2.57,-0.031,-0.025,1,0.2,0,0.4,0.2,0.8,0.4,0.4,0.8,0.2,0.2,0,0,0.2,0.093,0.63,0.325,-2.414,2.111,1.965,-0.293,1.915,-1.462,2.12,-1.407,-1.042,-0.886,1.512,-0.308,-0.875,-1.08,-1.504,0.449
"ARE","UNITED ARAB EMIRATES",2019,NA,0,44251.4541398817,-3.14818859009096,90.9360885620117,NA,85.0891723632812,83.0013580322266,NA,0.746712202794498,NA,NA,99.2,0.972238389481673,9445785,35.481850420267,NA,54.7287717592443,15.681591549088,16.8958990035406,98,98,97,NA,4.40291262,1.87,0.98,82.596,81.588,84.047,NA,NA,NA,NA,NA,"Asia","Western Asia",0.162,-1.351,-1.147,-1.462,-0.641,0.004,-2.57,-0.031,-0.025,1,0.2,0,0.4,0.2,0.8,0.4,0.4,0.8,0.2,0.2,0,0,0.2,0.09,0.63,0.325,-2.414,2.16,1.965,-0.293,1.915,-1.462,2.12,-1.407,-1.042,-0.886,1.512,-0.308,-0.875,-1.08,-1.504,0.448
"ARE","UNITED ARAB EMIRATES",2020,NA,0,37173.8754093066,-15.9940026110835,93.7939682006836,NA,83.0390625,80.0256805419922,NA,0.963890714422504,0.2265,NA,100,0.682088274479058,9401038,35.6167338288251,NA,56.8620662126454,10.4940977026696,11.9722335248016,NA,NA,NA,NA,5.82477045,1.94,0.75,81.936,80.797,83.9,NA,NA,NA,NA,NA,"Asia","Western Asia",0.155,-1.351,-1.466,-0.431,-0.641,0.276,-2.57,-0.031,-0.025,1,0.2,0,0.4,0.2,0.8,0.4,0.4,0.8,0.2,0.2,0,0,0.2,0.089,0.631,0.325,-2.414,2.16,1.965,-0.293,1.915,-1.462,2.12,-1.407,-1.297,-0.886,1.512,-0.308,-0.875,-1.08,-1.504,0.446
"YEM","YEMEN",1990,0,0,910.422465960748,NA,NA,NA,NA,NA,NA,27.3913641864474,NA,NA,0,NA,13887862,49.8424559404792,36.0090980529785,30.0247257310544,29.6537087765185,29.7727028394951,NA,NA,NA,NA,NA,0.8361999989,NA,58.528,56.744,60.288,NA,NA,NA,NA,6.55118344395031,"Asia","Western Asia",0.223,-0.698,-0.59,-1.409,-1.884,0.14,1.155,0.272,-0.554,0.174,0.201,0.354,0.326,0.451,0.924,0.125,0.576,0.604,0.174,0.25,0.125,0.201,0.424,0.115,0.713,1.373,-0.231,0.172,-0.02,-0.881,-0.505,-0.708,-1.775,-0.388,-1.331,-0.416,-1.2,-1.967,-0.109,1.321,-0.029,0.438
"YEM","YEMEN",1991,0,0,1016.30223044813,11.6297398675954,NA,NA,NA,NA,NA,26.1614388072582,NA,NA,NA,NA,14430201,49.8087240780638,37.4410705566406,35.1514826947971,17.51407957206,17.6428368844144,NA,NA,NA,NA,NA,NA,NA,58.805,56.842,60.764,NA,NA,NA,NA,7.01121885858333,"Asia","Western Asia",0.463,0.105,-0.234,-0.552,0.253,0.14,1.155,0.272,-0.554,0.125,0.25,0.5,0.375,0.5,0.875,0.125,0.625,0.75,0.125,0.25,0.125,0.25,0.375,0.152,0.649,1.096,0.5,0.172,0.121,-0.823,-0.505,-0.708,-1.775,-0.102,-0.758,-0.248,-1.287,-0.27,0.209,1.504,-0.223,0.482
"YEM","YEMEN",1992,0,0,1198.13031674085,17.8911430916121,NA,NA,NA,NA,NA,27.4603916232406,NA,NA,NA,NA,14989494,49.777957814987,44.1,37.150962668991,15.5652872176938,15.6666904906907,NA,NA,NA,NA,NA,NA,NA,59.26,57.319,61.194,NA,NA,NA,NA,7.27704319121711,"Asia","Western Asia",0.463,0.105,-0.234,-0.552,0.253,0.14,1.155,0.272,-0.554,0.125,0.25,0.5,0.375,0.5,0.875,0.125,0.625,0.75,0.125,0.25,0.125,0.25,0.375,0.151,0.649,1.096,0.5,0.172,0.121,-0.823,-0.505,-0.708,-1.775,-0.102,-0.758,-0.248,-1.287,-0.27,0.209,1.504,-0.223,0.482
"YEM","YEMEN",1993,-2,0,1396.61544419009,16.5662386366417,NA,NA,NA,NA,NA,25.6621536893959,NA,NA,NA,NA,15563914,49.7485850924131,40.3009376525879,41.4590427451266,21.4011786236035,21.5357111990915,NA,NA,NA,NA,NA,NA,NA,59.655,57.691,61.616,NA,NA,NA,NA,7.06392041645758,"Asia","Western Asia",0.463,0.105,-0.234,-0.552,0.253,0.14,1.155,0.272,-0.554,0.125,0.25,0.5,0.375,0.5,0.875,0.125,0.625,0.75,0.125,0.25,0.125,0.25,0.375,0.162,0.664,1.096,0.5,-1.807,0.121,-0.823,-0.505,-0.708,-1.775,-0.102,-0.758,-0.248,-1.287,-0.27,0.209,1.504,-0.223,0.617
"YEM","YEMEN",1994,-2,0,1735.04419543214,24.2320642128018,NA,NA,NA,NA,NA,27.5741328443987,NA,NA,NA,NA,16149147,49.7228181773316,41.7232208251953,40.6462413748016,38.2666711217599,38.4166355267485,37,57,17,NA,NA,NA,NA,59.828,57.667,62.011,NA,NA,NA,NA,8.3987590412286,"Asia","Western Asia",0.463,0.105,-0.234,-0.552,0.253,0.14,1.155,1.228,0.777,0.125,0.25,0.5,0.375,0.5,0.875,0.125,0.625,0.75,0.125,0.25,0.125,0.25,0.375,0.148,0.703,1.096,0.5,-1.807,0.121,-0.823,-0.505,-0.708,-1.775,-0.102,-0.758,-0.248,-1.144,-0.27,-0.063,0.419,-0.223,0.68
"YEM","YEMEN",1995,-2,0,764.414656090937,-55.9426406483814,NA,NA,NA,NA,NA,22.5769161913509,NA,NA,NA,NA,16740058,49.6982357945376,43.1363296508789,39.8111288716686,41.7176003614101,41.9066490074066,NA,NA,NA,NA,NA,NA,NA,60.532,58.592,62.468,NA,NA,NA,NA,6.35057848305458,"Asia","Western Asia",0.463,0.105,-0.234,-0.552,0.253,-0.357,1.709,1.228,1.058,0.125,0.25,0.5,0.375,0.5,0.875,0.125,0.625,0.75,0.125,0.25,0.125,0.25,0.375,0.131,0.826,-0.44,-1.505,-1.807,-1.927,-1.47,-1.403,-0.708,-1.775,-0.102,-0.758,-0.248,-1.144,-0.27,-0.369,0.419,-0.223,0.775
"YEM","YEMEN",1996,-2,0,375.214994663363,-50.9147304184175,NA,NA,NA,NA,NA,18.1576133493873,NA,NA,0.000621,NA,17313177,49.6734250449816,44.5372047424316,34.1511006287188,37.8379037426715,38.0052052329024,NA,NA,NA,NA,NA,0.6899999976,NA,60.884,58.93,62.836,NA,NA,NA,NA,5.28134594096812,"Asia","Western Asia",0.463,0.105,-0.234,-0.552,0.253,-0.357,1.709,1.228,1.058,0.125,0.25,0.5,0.375,0.5,0.875,0.125,0.625,0.75,0.125,0.25,0.125,0.25,0.375,0.131,0.826,-0.44,-1.505,-1.807,-1.927,-1.47,-1.403,-0.708,-1.775,-0.102,-0.758,-0.248,-1.144,-0.27,-0.369,0.419,-0.223,0.775
"YEM","YEMEN",1997,-2,0,382.584928722421,1.96418964164005,NA,NA,NA,NA,NA,17.4405569717889,NA,NA,0.015,NA,17873936,49.6499456163463,42.6,33.4512984623249,30.7271756726449,30.8859788429396,NA,NA,NA,NA,NA,NA,NA,61.34,59.386,63.292,NA,NA,NA,NA,5.80575259672107,"Asia","Western Asia",0.463,0.105,-0.234,-0.552,0.253,-0.357,1.709,1.228,1.058,0.125,0.25,0.5,0.375,0.5,0.875,0.125,0.625,0.75,0.125,0.25,0.125,0.25,0.375,0.132,0.812,-0.44,-0.726,-2.058,-1.927,-1.47,-1.403,-0.708,-1.775,-0.102,-0.758,-0.248,-1.144,-0.27,-0.369,0.419,-0.223,0.783
"YEM","YEMEN",1998,-2,0,342.73940747773,-10.4148172741013,NA,NA,NA,NA,NA,21.1746993379149,NA,NA,0.0233,NA,18446013,49.6267160619867,47.2900009155273,40.1382937921369,22.2124754813418,22.3811523940742,NA,NA,NA,NA,NA,0.6000000238,NA,61.788,59.863,63.708,NA,0.231024399399757,NA,NA,6.08156870413826,"Asia","Western Asia",0.463,0.105,-0.234,-0.552,0.253,-0.357,1.709,1.228,1.058,0.125,0.25,0.5,0.375,0.5,0.875,0.125,0.625,0.75,0.125,0.25,0.125,0.25,0.375,0.128,0.812,-0.44,-0.726,-2.058,-1.927,-1.47,-1.403,-0.708,-1.775,-0.102,-0.758,-0.248,-1.144,-0.27,-0.369,0.419,-0.223,0.787
"YEM","YEMEN",1999,-2,0,401.448141660801,17.1292629041747,66.2289581298828,NA,68.3740234375,30.856689453125,56.75265,17.4447082464531,NA,NA,0.0566,NA,19029420,49.6032511763364,48.6358108520508,35.4530324652458,29.5195083318193,29.6143671083983,NA,NA,NA,NA,NA,NA,NA,62.275,60.382,64.161,NA,NA,NA,NA,5.17272243639362,"Asia","Western Asia",0.463,0.105,-0.234,-0.552,0.253,-0.357,1.709,1.228,1.058,0.125,0.25,0.5,0.375,0.5,0.875,0.125,0.625,0.75,0.125,0.25,0.125,0.25,0.375,0.127,0.823,-0.44,-1.133,-1.901,-1.927,-1.47,-1.403,-0.708,-1.775,-0.102,-0.758,-0.248,-1.144,-0.27,-0.369,0.419,-0.223,0.786
"YEM","YEMEN",2000,-2,0,493.235182634814,22.863984522207,NA,NA,NA,NA,NA,14.4669153987821,63.81216,NA,0.0825,NA,19624141,49.5794847784675,49.9586639404297,32.7495055282122,42.1825685912055,42.3035320788019,NA,NA,NA,NA,4.66606569,0.59,116,62.761,60.895,64.616,NA,NA,NA,NA,4.91539236509943,"Asia","Western Asia",0.463,0.105,-0.234,-0.552,0.253,-0.357,0.643,1.228,1.058,0.125,0.25,0.5,0.375,0.5,0.875,0.125,0.625,0.75,0.125,0.25,0.125,0.25,0.375,0.134,0.826,-0.44,-1.133,-1.901,-1.927,-2.273,-1.403,-0.708,-1.775,-0.102,-0.758,-0.248,-1.144,-0.27,-0.369,0.88,-0.428,0.793
"YEM","YEMEN",2001,-2,0,487.141257946318,-1.23550081240006,71.9506683349609,NA,71.1869735717773,34.8879585266113,65.19639,14.9385276406187,NA,NA,0.0908,NA,20226147,49.5555480734912,51.263111114502,36.1531177888708,33.9682836619205,34.1078678784664,NA,NA,NA,NA,4.94514799,0.59,110,63.286,61.461,65.098,NA,NA,NA,NA,5.4810146916463,"Asia","Western Asia",0.463,0.105,-0.234,-0.552,0.253,-0.357,0.643,1.228,1.058,0.125,0.25,0.5,0.375,0.5,0.875,0.125,0.625,0.75,0.125,0.25,0.125,0.25,0.375,0.134,0.826,-0.44,-1.133,-1.901,-1.927,-2.273,-1.403,-0.708,-1.775,-0.102,-0.758,-0.248,-1.144,-0.27,-0.369,0.88,-0.428,0.793
"YEM","YEMEN",2002,-2,0,513.241486570603,5.35783578141542,74.1027679443359,NA,69.3092498779297,36.2748184204102,NA,14.3141488130768,61.19064,NA,0.519,NA,20835086,49.5320921641504,52.5552101135254,36.5322282345061,31.7804662399612,31.8766474392593,NA,NA,NA,NA,4.83237982,0.59,102,63.807,61.934,65.669,NA,NA,NA,NA,6.8956079503431,"Asia","Western Asia",0.463,0.105,-0.234,-0.552,0.253,-0.357,0.643,1.228,1.058,0.125,0.25,0.5,0.375,0.5,0.875,0.125,0.625,0.75,0.125,0.25,0.125,0.25,0.375,0.136,0.826,-0.44,-1.133,-1.901,-1.927,-2.273,-1.403,-0.708,-1.775,-0.102,-0.758,-0.248,-1.144,-0.27,-0.369,0.88,-0.428,0.793
"YEM","YEMEN",2003,-2,0,548.905883049973,6.94885300829318,77.6094512939453,NA,71.9786224365234,40.0545883178711,71.35809,13.7449719708526,NA,NA,0.605,NA,21456379,49.5101410396348,53.8410263061523,36.3409170196537,32.997954751508,33.0860584598117,NA,NA,NA,NA,5.75758314,0.59,95,64.407,62.519,66.284,NA,NA,NA,NA,6.85455205201499,"Asia","Western Asia",0.463,0.105,-0.234,-0.552,0.253,-0.357,0.643,1.228,1.058,0.125,0.25,0.5,0.375,0.5,0.875,0.125,0.625,0.75,0.125,0.25,0.125,0.25,0.375,0.149,0.826,-0.44,-0.624,-1.89,-1.927,-2.273,-1.403,-0.708,-1.775,-0.102,-0.758,-0.248,-1.45,-0.27,-0.171,0.448,-0.428,0.797
"YEM","YEMEN",2004,-2,0,627.632023395762,14.3423750367459,80.9370193481445,NA,70.1266326904297,40.9074287414551,74.31382,12.4153666524933,58.56911,NA,0.881,NA,22095167,49.4897639832276,49.59,35.7830812017991,34.9371257803732,35.0071986851078,54.0999984741211,73.1600036621094,35,NA,5.5144043,0.59,87,64.881,63.017,66.731,NA,NA,NA,NA,5.301366496456,"Asia","Western Asia",0.463,0.105,-0.234,-0.552,0.253,-0.357,0.643,0.119,1.058,0.125,0.25,0.5,0.375,0.5,0.875,0.125,0.625,0.75,0.125,0.25,0.125,0.25,0.375,0.15,0.825,-0.44,-0.624,-1.89,-1.927,-2.273,-1.403,-0.708,-1.775,-0.102,-0.758,-0.248,-1.45,-0.27,-0.171,0.448,-0.185,0.773
"YEM","YEMEN",2005,-2,0,734.159908450927,16.9729843418127,83.2665176391602,NA,68.1415176391602,42.703929901123,76.71869,11.0932421339435,NA,NA,1.05,NA,22790085,49.4666211205443,56.4180564880371,33.3833746039038,42.2991664652412,42.363139848598,NA,NA,NA,NA,5.20585251,0.61,80,65.356,63.466,67.234,NA,NA,NA,NA,4.8683170115889,"Asia","Western Asia",0.463,0.105,-0.234,-0.552,0.253,-0.357,0.643,0.119,1.058,0.1,0.2,0.5,0.3,0.5,0.9,0.1,0.5,0.7,0.1,0.2,0.1,0.2,0.3,0.15,0.825,-0.44,-0.624,-1.89,-1.927,-2.273,-1.403,-0.708,-1.775,-0.102,-0.758,-0.248,-1.45,-0.27,-0.171,0.448,-0.185,0.773
"YEM","YEMEN",2006,-2,0,809.713127624703,10.2911121002498,NA,NA,NA,NA,NA,10.70558242967,55.94758,NA,1.25,NA,23543083,49.4411479346672,55.8003346346905,33.3356069529484,41.5225717250662,41.5825273465954,NA,NA,NA,NA,5.52930164,0.66,73,65.8,63.911,67.679,NA,NA,NA,NA,4.30846683494059,"Asia","Western Asia",0.463,0.105,-0.234,-0.552,0.253,-0.357,0.643,0.119,1.058,0.1,0.2,0.5,0.3,0.4,0.9,0.1,0.5,0.7,0.1,0.2,0.1,0.2,0.3,0.151,0.825,-0.44,-0.538,-2.143,-1.927,-2.273,-1.403,-0.708,-1.775,-0.102,-0.758,-0.248,-1.45,-0.27,-0.171,0.448,-0.185,0.775
"YEM","YEMEN",2007,-2,0,890.305768114988,9.95323377388037,NA,NA,NA,NA,NA,10.419289027741,NA,NA,5.01,NA,24318082,49.4151101225829,59.0427093505859,33.2770745231875,33.3550316048163,33.3987319145345,NA,NA,NA,NA,5.82077599,0.64,66,66.23,64.332,68.121,NA,NA,NA,NA,4.85072348722524,"Asia","Western Asia",0.441,0.105,-0.418,-0.552,0.253,-0.357,0.643,0.119,1.058,0.1,0.2,0.5,0.3,0.4,0.9,0.1,0.5,0.7,0.1,0.2,0.1,0.2,0.3,0.15,0.825,-0.44,-0.538,-2.143,-1.927,-2.273,-1.403,-0.708,-1.775,-0.102,-0.758,-0.248,-1.45,-0.27,-0.171,0.448,-0.185,0.782
"YEM","YEMEN",2008,-2,0,1071.63583282105,20.3671672362615,83.0724029541016,NA,70.3153228759766,48.6263694763184,76.80185,10.1968587173722,53.32605,NA,6.89,NA,25111941,49.3878549650941,60.3865394592285,33.2316135722734,33.8911568507155,33.9344113443423,NA,NA,NA,NA,5.76191616,0.63,60,66.609,64.724,68.488,NA,NA,NA,NA,4.44582949823727,"Asia","Western Asia",0.463,0.105,-0.227,-0.552,0.253,-0.357,0.643,0.119,1.058,0.1,0.2,0.5,0.3,0.4,0.9,0.1,0.5,0.7,0.1,0.2,0.1,0.2,0.3,0.151,0.825,-0.44,-0.538,-2.143,-1.927,-2.273,-1.403,-0.708,-1.775,-0.102,-0.758,-0.248,-1.45,-0.27,-0.171,0.448,-0.185,0.782
"YEM","YEMEN",2009,-2,0,969.243509864478,-9.55476849696479,NA,NA,NA,NA,NA,10.0190704935917,NA,NA,9.96,NA,25927724,49.3593440503819,61.7513999938965,33.1952634510041,20.2371784167553,20.4763044803927,NA,NA,NA,NA,5.98619986,0.65,55,66.905,64.999,68.812,NA,NA,NA,NA,5.65364849717961,"Asia","Western Asia",0.463,0.105,-0.227,-0.552,0.253,-0.357,0.643,0.119,1.058,0.1,0.2,0.5,0.3,0.4,0.9,0.1,0.5,0.7,0.1,0.2,0.1,0.2,0.3,0.151,0.825,-0.44,-0.538,-2.143,-1.927,-2.273,-1.403,-0.708,-1.775,-0.102,-0.758,-0.248,-1.45,-0.27,-0.171,0.448,-0.185,0.782
"YEM","YEMEN",2010,-2,0,1155.20305261418,19.1860498272207,84.017219543457,NA,69.2563781738281,50.7245407104492,81.53256,9.87370902755356,50.70453,NA,12.4,NA,26754387,49.3335653700457,63.1342811584473,33.1655432208725,22.1394149247039,23.2670968714346,NA,NA,NA,NA,5.15932894,0.65,52,67.223,65.308,69.143,NA,NA,NA,NA,4.68555703404199,"Asia","Western Asia",0.502,0.447,-0.33,-1.24,0.253,-0.357,0.819,0.119,1.058,0.1,0.2,0.5,0.3,0.4,0.9,0.1,0.5,0.7,0.1,0.2,0.1,0.2,0.3,0.154,0.82,-0.487,-0.538,-2.143,-1.921,-2.21,-1.403,-0.708,-1.775,-0.102,-0.758,-0.248,-1.423,-0.27,-0.171,0.529,-0.185,0.786
"YEM","YEMEN",2011,-2,0,1186.47500580876,2.70705250681365,87.5362396240234,NA,NA,NA,NA,9.75264427493094,NA,NA,14.9,NA,27582897,49.3113069305229,64.5321807861328,33.1407906340078,23.4171236380596,25.9882801574847,NA,NA,NA,NA,4.7695322,0.63,50,67.412,65.443,69.397,NA,NA,NA,NA,4.92646170259402,"Asia","Western Asia",0.592,0.711,-0.174,-0.677,1.029,-0.213,2.099,0.166,0.9,0.1,0.2,0.5,0.3,0.4,0.9,0.1,0.5,0.7,0.1,0.2,0.1,0.2,0.3,0.142,0.837,-0.665,-0.258,-2.143,-1.753,-2.031,-1.261,-0.708,-1.775,-0.102,-0.725,-0.208,-1.423,-0.27,-1.183,-0.007,-0.357,0.804
"YEM","YEMEN",2012,3,0,1245.05068271586,4.93694992480451,86.8963165283203,NA,71.9848480224609,55.2742614746094,84.69055,16.9903322753549,48.083,NA,17.4,NA,28433647,49.2910670235162,65.9421005249023,39.2612122884826,16.9784767633945,19.0823797161999,NA,NA,NA,NA,5.19593525,0.62,48,67.569,65.553,69.609,NA,NA,NA,NA,4.57388427656059,"Asia","Western Asia",0.698,1.208,0.211,-0.202,1.235,-0.213,1.018,0.64,1.182,0.1,0.2,0.585,0.3,0.4,0.815,0.1,0.5,0.531,0.1,0.285,0.1,0.2,0.3,0.164,0.804,0.523,-0.444,0.056,-1.753,-1.656,-1.218,-0.813,-1.775,-0.197,-0.863,0.002,-0.985,-0.27,-1.284,-0.339,-0.357,0.561
"YEM","YEMEN",2013,3,0,1378.75002954611,10.7384662075449,89.3478698730469,NA,71.3301315307617,56.9923210144043,85.43356,17.6849846840033,NA,NA,20,NA,29312952,49.2771454748058,75.6,39.320601165479,11.0549414721125,13.6274626362626,NA,NA,NA,NA,4.96083164,0.6,48,67.961,66.028,69.909,NA,NA,NA,NA,4.07952740426758,"Asia","Western Asia",0.603,0.791,-0.005,-0.03,0.731,-0.213,1.018,0.535,1.449,0.1,0.2,0.5,0.3,0.3,0.8,0.2,0.6,0.4,0.1,0.3,0.1,0.2,0.4,0.147,0.825,0.112,-0.511,0.056,-2.02,-1.835,-1.438,-0.958,-1.885,-0.158,-0.467,0.029,-1.027,-0.27,-1.518,-0.339,-0.553,0.589
"YEM","YEMEN",2014,0,0,1430.1642096418,3.72904290073638,NA,NA,NA,NA,NA,17.6765738204042,45.46147,NA,22.6,NA,30226309,49.2653154993326,66.1,38.4351681647049,8.92234877219389,11.0347273323825,NA,NA,NA,NA,4.8418045,0.58,48,68.003,65.996,70.038,NA,0.30167692899704,NA,NA,3.96689108824503,"Asia","Western Asia",0.456,0.163,-0.506,-0.812,0.742,-0.603,1.161,-0.1,0.895,0.1,0.2,0.5,0.3,0.3,0.773,0.2,0.6,0.4,0.1,0.3,0.1,0.2,0.427,0.117,0.855,-1.032,-0.954,0.056,-2.02,-1.835,-1.438,-0.958,-1.885,-0.158,-1.21,0.029,-1.027,-0.27,-1.61,-0.487,-0.553,0.649
"YEM","YEMEN",2015,0,0,1362.17381205593,-4.75402734367817,NA,NA,NA,NA,NA,20.2059373995784,NA,NA,24.1,NA,31159379,49.2643450949392,70.2139053344727,41.92790324759,1.67262798901198,2.10342672948231,NA,NA,NA,NA,4.25285673,0.71,48,66.761,63.985,69.708,NA,NA,NA,NA,NA,"Asia","Western Asia",0.279,-0.823,-0.982,-1.406,0.632,-0.766,1.51,-0.639,0.873,0.239,0.245,0.495,0.25,0.25,0.661,0.245,0.578,0.333,0.083,0.25,0.239,0.245,0.573,0.07,0.892,-1.484,-1.205,0.056,-2.071,-2.287,-1.574,-1.555,-1.959,-0.768,-1.725,-0.803,-1.027,0.671,-0.982,-0.051,-1.09,0.725
"YEM","YEMEN",2016,0,0,975.359417003225,-28.396845661633,83.8951034545898,NA,72.0400619506836,58.7242584228516,84.16556,25.0909130885165,44.2,NA,24.6,NA,32109010,49.2742566650295,71.6423492431641,45.0068188448993,0.681565886623517,0.786200059542649,NA,NA,NA,NA,4.84506655,0.71,48,67.105,64.403,69.961,NA,NA,NA,NA,NA,"Asia","Western Asia",0.241,-1.193,-0.93,-1.927,0.654,-0.905,1.44,-1.092,0.873,NA,NA,NA,NA,NA,NA,NA,NA,NA,NA,NA,NA,NA,NA,0.037,0.933,-1.722,-1.205,NA,-2.071,-2.708,-1.574,-1.555,-1.959,-0.768,-2.127,-0.803,-1.027,-1.588,-1.626,-0.855,-1.179,0.856
"YEM","YEMEN",2017,0,0,811.165970405745,-16.8341478777087,NA,NA,NA,NA,NA,26.9610663618829,NA,NA,26.7,NA,33090921,49.2840438016216,NA,43.1148926729962,1.76928691879908,1.89218639089041,NA,NA,NA,NA,4.84769869,0.71,48,67.12,64.295,70.122,NA,NA,NA,NA,NA,"Asia","Western Asia",0.253,-1.089,-0.93,-1.927,0.654,-0.953,1.222,-1.227,0.535,NA,NA,NA,NA,NA,NA,NA,NA,NA,NA,NA,NA,NA,NA,0.035,0.946,-1.722,-1.302,NA,-2.285,-2.708,-1.669,-1.555,-1.959,-0.768,-2.471,-1.236,-1.644,-1.058,-1.706,-0.712,-1.316,0.86
"YEM","YEMEN",2018,0,0,633.887202450998,-21.8548083157473,NA,NA,NA,NA,NA,28.7451403144469,44.2,NA,NA,NA,34085182,49.3038617191482,NA,41.8118618424867,4.53131065171137,4.60935600503207,NA,NA,NA,NA,5.27201796,NA,48,65.915,62.311,69.883,NA,NA,NA,NA,NA,"Asia","Western Asia",0.253,-1.089,-0.93,-1.927,0.654,-0.948,1.222,-1.084,0.381,NA,NA,NA,NA,NA,NA,NA,NA,NA,NA,NA,NA,NA,NA,0.034,0.946,-1.722,-1.302,NA,-2.285,-2.708,-1.669,-1.48,-1.959,-0.768,-2.471,-1.236,-1.644,-1.058,-1.706,-0.974,-1.132,0.848
"YEM","YEMEN",2019,NA,0,623.376168144679,-1.65818686127072,NA,NA,NA,NA,NA,NA,NA,NA,NA,NA,35111408,49.3275348000855,NA,NA,NA,NA,NA,NA,NA,NA,5.83812618,NA,48,66.567,63.337,70.061,NA,NA,NA,NA,NA,"Asia","Western Asia",0.243,-1.089,-1.002,-1.927,0.654,-1.016,1.222,-1.21,0.423,NA,NA,NA,NA,NA,NA,NA,NA,NA,NA,NA,NA,NA,NA,0.038,0.931,-1.722,-1.302,NA,-2.015,-2.43,-1.528,-1.47,-1.959,-0.728,-2.032,-1.034,-1.574,-0.293,-1.706,-0.974,-1.283,0.868
"YEM","YEMEN",2020,NA,0,559.564675805502,-10.2364343714159,NA,NA,NA,NA,NA,NA,44.2,NA,13.8,NA,36134863,49.3437404204355,NA,NA,NA,NA,NA,NA,NA,NA,5.77270842,NA,48,66.435,63.33,69.805,NA,NA,NA,NA,NA,"Asia","Western Asia",0.259,-1.061,-0.953,-1.927,0.654,-1.054,1.222,-1.06,0.456,NA,NA,NA,NA,NA,NA,NA,NA,NA,NA,NA,NA,NA,NA,0.034,0.942,-1.722,-1.302,NA,-2.26,-2.837,-1.528,-1.671,-1.959,-0.758,-1.701,-1.034,-1.606,-1.146,-1.706,-1.397,-1.283,0.868
"YEM","YEMEN, NORTH",1960,-6,0,NA,NA,NA,NA,NA,NA,NA,NA,NA,NA,NA,NA,5532301,50.2281600368454,NA,NA,NA,NA,NA,NA,NA,NA,NA,0.454545468091965,NA,33.462,31.105,36.028,NA,NA,NA,NA,NA,"Asia","Western Asia",0.089,-1.924,-1.977,-1.409,-0.387,-2.684,0.721,-1.849,-1.646,0.5,0.25,0.125,0,0,0.75,0.5,0.75,0.5,0,0.125,0,0,0.375,0.032,0.795,-3.318,-1.896,NA,0.095,0.736,0.831,-0.383,-0.225,-0.461,-0.705,-1.16,NA,NA,-1.685,-1.842,-3.149,0.986
"YEM","YEMEN, NORTH",1961,-6,0,NA,NA,NA,NA,NA,NA,NA,NA,NA,NA,NA,NA,5655232,50.2644807498614,NA,NA,NA,NA,NA,NA,NA,NA,NA,NA,NA,34.058,31.72,36.592,NA,NA,NA,NA,NA,"Asia","Western Asia",0.089,-1.924,-1.977,-1.409,-0.387,-2.684,0.721,-1.849,-1.646,0.5,0.25,0.125,0,0,0.75,0.5,0.75,0.5,0,0.125,0,0,0.375,0.032,0.795,-3.318,-1.896,NA,0.095,0.736,0.831,-0.383,-0.225,-0.461,-0.705,-1.16,NA,NA,-1.685,-1.842,-3.149,0.986
"YEM","YEMEN, NORTH",1962,0,0,NA,NA,NA,NA,NA,NA,NA,NA,NA,NA,NA,NA,5782221,50.3072608259006,NA,NA,NA,NA,NA,NA,NA,NA,NA,NA,NA,33.669,30.986,36.67,NA,NA,NA,NA,NA,"Asia","Western Asia",0.089,-1.924,-1.977,-1.409,-0.387,-2.684,0.721,-1.849,-1.646,0.434,0.217,0.158,0,0.066,0.816,0.434,0.684,0.467,0.033,0.158,0,0.033,0.375,0.031,0.784,-3.318,-1.896,NA,0.095,0.736,0.831,-0.383,0.312,-0.461,-0.705,-1.16,NA,NA,-1.685,-1.842,-3.149,0.986
"YEM","YEMEN, NORTH",1963,0,0,NA,NA,NA,NA,NA,NA,NA,NA,NA,NA,NA,NA,5911135,50.3637457104262,NA,NA,NA,NA,NA,NA,NA,NA,NA,NA,NA,33.431,30.567,36.685,NA,NA,NA,NA,NA,"Asia","Western Asia",0.205,-1.103,-1.258,-1.409,-0.236,-1.488,1.155,0.11,-2.023,0.125,0.125,0.125,0.125,0.375,1,0.125,0.375,0.25,0.375,0.375,0.25,0.125,0.5,0.042,0.652,-1.194,-0.718,NA,1.39,1.422,1.159,-0.383,0.199,-0.62,-0.705,-0.394,NA,NA,-1.685,-1.12,-3.149,0.957
"YEM","YEMEN, NORTH",1964,0,0,NA,NA,NA,NA,NA,NA,NA,NA,NA,NA,NA,NA,6048006,50.4114744595161,NA,NA,NA,NA,NA,NA,NA,NA,NA,NA,NA,34.907,32.295,37.788,NA,NA,NA,NA,NA,"Asia","Western Asia",0.205,-1.103,-1.258,-1.409,-0.236,-1.488,1.155,0.11,-2.023,0.125,0.125,0.125,0.125,0.375,1,0.125,0.375,0.25,0.375,0.375,0.25,0.125,0.5,0.043,0.655,-1.194,-0.718,NA,1.39,1.422,1.159,-0.463,0.199,-0.62,-0.705,-0.394,NA,NA,-1.685,-1.12,-3.149,0.957
"YEM","YEMEN, NORTH",1965,0,0,NA,NA,NA,NA,NA,NA,NA,NA,NA,NA,NA,NA,6195593,50.4448806684234,NA,NA,NA,NA,NA,NA,NA,NA,NA,NA,NA,35.592,32.924,38.534,NA,NA,NA,NA,NA,"Asia","Western Asia",0.205,-1.103,-1.258,-1.409,-0.236,-1.21,1.155,0.11,-2.023,0.125,0.125,0.125,0.125,0.375,1,0.125,0.375,0.25,0.375,0.375,0.25,0.125,0.5,0.043,0.636,0.003,-0.718,NA,1.39,1.422,1.159,-0.463,0.199,-0.62,-0.705,-0.394,NA,NA,-1.685,-1.12,-3.149,0.923
"YEM","YEMEN, NORTH",1966,-3,0,NA,NA,NA,NA,NA,NA,NA,NA,NA,NA,NA,NA,6351494,50.4743923240737,NA,NA,NA,NA,NA,NA,NA,NA,NA,NA,NA,36.264,33.58,39.214,NA,NA,NA,NA,NA,"Asia","Western Asia",0.205,-1.103,-1.258,-1.409,-0.236,-1.21,1.155,0.11,-2.023,0.125,0.125,0.125,0.125,0.375,0.875,0.125,0.375,0.375,0.375,0.375,0.25,0.125,0.5,0.043,0.636,0.003,-0.718,NA,1.39,1.422,1.159,-0.463,0.199,-0.62,-0.705,-0.394,NA,NA,-1.685,-1.12,-3.149,0.923
"YEM","YEMEN, NORTH",1967,-3,0,NA,NA,NA,NA,NA,NA,NA,NA,NA,NA,NA,NA,6516444,50.4988917268375,NA,NA,NA,NA,NA,NA,NA,NA,NA,NA,NA,37.079,34.373,40.042,NA,NA,NA,NA,NA,"Asia","Western Asia",0.205,-1.103,-1.258,-1.409,-0.236,-1.21,1.155,0.11,-2.023,0.125,0.125,0.125,0.125,0.375,0.875,0.125,0.375,0.375,0.375,0.375,0.25,0.125,0.5,0.036,0.655,0.003,-0.718,NA,1.39,1.422,1.159,-0.463,0.199,-0.62,-1.588,-1.04,NA,NA,-1.035,-0.316,-3.149,0.923
"YEM","YEMEN, NORTH",1968,-3,0,NA,NA,NA,NA,NA,NA,NA,NA,NA,NA,NA,NA,6690524,50.5166935380089,NA,NA,NA,NA,NA,NA,NA,NA,NA,NA,NA,37.99,35.33,40.878,NA,NA,NA,NA,NA,"Asia","Western Asia",0.227,-1.103,-0.89,-1.409,-0.236,-1.21,1.155,0.11,-2.023,0.25,0.125,0.125,0.125,0.375,0.875,0.125,0.5,0.5,0.375,0.375,0.25,0.25,0.375,0.036,0.655,0.003,-0.718,NA,1.39,1.422,1.159,-0.463,0.199,-0.62,-1.588,-1.04,NA,NA,-1.035,-0.316,-3.149,0.923
"YEM","YEMEN, NORTH",1969,-3,0,NA,NA,NA,NA,NA,NA,NA,NA,NA,NA,NA,NA,6875859,50.5230763860812,NA,NA,NA,NA,NA,NA,NA,NA,NA,NA,NA,39.61,37.107,42.277,NA,NA,NA,NA,NA,"Asia","Western Asia",0.227,-1.103,-0.89,-1.409,-0.236,-1.21,1.155,0.11,-2.023,0.25,0.125,0.125,0.125,0.375,0.875,0.125,0.5,0.5,0.375,0.375,0.25,0.25,0.375,0.036,0.636,0.003,-0.718,NA,1.39,1.422,1.159,-0.463,0.199,-0.62,-1.588,-1.04,NA,NA,-1.035,-0.316,-2.005,0.823
"YEM","YEMEN, NORTH",1970,-3,0,NA,NA,NA,NA,NA,NA,NA,NA,NA,NA,NA,NA,7065279,50.5180333289032,NA,NA,NA,NA,NA,NA,NA,NA,NA,0.809700012207031,NA,40.573,38.183,43.093,NA,NA,NA,NA,NA,"Asia","Western Asia",0.227,-1.103,-0.89,-1.409,-0.236,-1.21,1.155,0.11,-2.023,0.25,0.125,0.125,0.125,0.375,0.875,0.125,0.5,0.5,0.375,0.375,0.25,0.25,0.375,0.036,0.636,0.003,-0.718,NA,1.39,1.422,1.159,-0.463,0.199,-0.62,-1.588,-1.04,NA,NA,-1.035,-0.316,-2.005,0.823
"YEM","YEMEN, NORTH",1971,-3,0,NA,NA,NA,NA,NA,NA,NA,NA,NA,NA,NA,NA,7257462,50.5037160373695,NA,NA,NA,NA,NA,NA,NA,NA,NA,NA,NA,41.757,39.541,44.059,NA,NA,NA,NA,NA,"Asia","Western Asia",0.227,-1.103,-0.89,-1.409,-0.236,-1.21,1.155,0.11,-2.023,0.25,0.125,0.125,0.125,0.375,0.875,0.125,0.5,0.5,0.375,0.375,0.25,0.25,0.375,0.068,0.651,0.003,-0.718,-1.987,1.39,1.422,1.159,-0.463,0.199,-0.62,-1.588,-1.04,0.963,-1.912,-1.035,-0.316,-2.005,0.873
"YEM","YEMEN, NORTH",1972,-3,0,NA,NA,NA,NA,NA,NA,NA,NA,NA,NA,NA,NA,7460068,50.4831323253354,NA,NA,NA,NA,NA,NA,NA,NA,NA,NA,NA,42.688,40.469,44.987,NA,NA,NA,NA,NA,"Asia","Western Asia",0.227,-1.103,-0.89,-1.409,-0.236,-1.21,1.155,0.11,-2.023,0.25,0.125,0.125,0.125,0.375,0.875,0.125,0.5,0.5,0.375,0.375,0.25,0.25,0.375,0.06,0.66,0.003,-0.718,-1.987,1.39,1.422,1.159,-0.463,0.199,-0.62,-1.588,-1.04,0.963,-1.912,-1.035,-0.316,-2.005,0.883
"YEM","YEMEN, NORTH",1973,-3,0,NA,NA,NA,NA,NA,NA,NA,NA,NA,NA,NA,NA,7672796,50.4600539360098,NA,NA,NA,NA,NA,NA,NA,NA,NA,NA,NA,43.603,41.396,45.885,NA,NA,NA,NA,NA,"Asia","Western Asia",0.227,-1.103,-0.89,-1.409,-0.236,-1.21,1.155,0.11,-2.023,0.25,0.125,0.125,0.125,0.375,0.875,0.125,0.5,0.5,0.375,0.375,0.25,0.25,0.375,0.061,0.644,0.003,-0.718,-1.987,1.39,1.422,1.159,-0.463,0.199,-0.62,-1.588,-1.04,0.963,-1.912,-1.035,-0.316,-0.909,0.81
"YEM","YEMEN, NORTH",1974,-4,0,NA,NA,NA,NA,NA,NA,NA,NA,NA,NA,NA,NA,7896783,50.434328819005,NA,NA,NA,NA,NA,NA,NA,NA,NA,NA,NA,44.541,42.362,46.786,NA,NA,NA,NA,NA,"Asia","Western Asia",0.227,-1.103,-0.89,-1.409,-0.236,-1.21,1.155,0.11,-2.023,0.25,0.125,0.125,0.125,0.375,0.875,0.125,0.5,0.431,0.375,0.375,0.319,0.25,0.375,0.067,0.584,0.795,-0.718,-1.987,2.166,2.07,1.415,-0.051,-0.195,-0.389,-1.438,-0.824,0.963,-1.912,-1.035,-0.316,-1.604,0.833
"YEM","YEMEN, NORTH",1975,-4,0,NA,NA,NA,NA,NA,NA,NA,NA,NA,NA,NA,NA,8133598,50.4052327149682,NA,NA,NA,NA,NA,NA,NA,NA,NA,0.865499973297119,NA,45.475,43.345,47.66,NA,NA,NA,NA,NA,"Asia","Western Asia",0.178,-1.103,-0.89,-1.409,-1.884,-1.21,1.155,0.11,-2.023,0.25,0.125,0.125,0.125,0.375,0.875,0.125,0.5,0.375,0.375,0.375,0.375,0.25,0.375,0.054,0.46,0.921,-0.689,NA,3.153,2.227,1.621,-0.051,-0.079,-0.389,-1.317,-0.824,NA,NA,0.479,0.162,-1.604,0.836
"YEM","YEMEN, NORTH",1976,-4,0,NA,NA,NA,NA,NA,NA,NA,NA,NA,NA,NA,NA,8384113,50.3722934077821,NA,NA,NA,NA,NA,NA,NA,NA,NA,NA,NA,46.441,44.351,48.575,NA,NA,NA,NA,NA,"Asia","Western Asia",0.178,-1.103,-0.89,-1.409,-1.884,-1.21,1.155,0.11,-2.023,0.25,0.125,0.125,0.125,0.375,0.875,0.125,0.5,0.375,0.375,0.375,0.375,0.25,0.375,0.054,0.467,1.255,-0.689,NA,3.153,2.227,1.621,-0.159,-0.079,-0.389,-1.317,-0.824,NA,NA,0.479,0.162,-1.604,0.701
"YEM","YEMEN, NORTH",1977,-6,0,NA,NA,NA,NA,NA,NA,NA,NA,NA,NA,NA,NA,8648222,50.3364506600316,NA,NA,NA,NA,NA,NA,NA,NA,NA,NA,NA,47.442,45.357,49.569,NA,NA,NA,NA,NA,"Asia","Western Asia",0.178,-1.103,-0.89,-1.409,-1.884,-1.21,1.155,0.11,-2.023,0.25,0.125,0.125,0.125,0.375,1,0.125,0.5,0.375,0.375,0.375,0.25,0.25,0.375,0.053,0.466,1.255,-0.689,NA,3.153,2.227,1.621,-0.159,-0.079,-0.389,-1.317,-1.039,NA,NA,0.479,0.162,-1.604,0.701
"YEM","YEMEN, NORTH",1978,-6,0,NA,NA,NA,NA,NA,NA,NA,NA,NA,NA,NA,NA,8926586,50.2985127796898,NA,NA,NA,NA,NA,NA,NA,NA,NA,NA,NA,48.484,46.385,50.622,NA,NA,NA,NA,NA,"Asia","Western Asia",0.178,-1.103,-0.89,-1.409,-1.884,-1.21,1.155,0.11,-2.023,0.25,0.125,0.125,0.125,0.375,1,0.125,0.5,0.375,0.375,0.375,0.25,0.25,0.375,0.059,0.682,-0.077,-0.689,NA,-0.981,0.849,1.365,-0.312,-0.191,-0.64,-1.592,-1.039,1.086,-1.967,-0.81,0.162,-1.604,0.801
"YEM","YEMEN, NORTH",1979,-6,0,NA,NA,NA,NA,NA,NA,NA,NA,NA,NA,NA,NA,9224194,50.2573124546166,NA,NA,NA,NA,NA,NA,NA,NA,NA,NA,NA,49.531,47.479,51.613,NA,NA,NA,NA,NA,"Asia","Western Asia",0.178,-1.103,-0.89,-1.409,-1.884,-1.21,1.155,0.11,-2.023,0.25,0.125,0.125,0.125,0.375,1,0.125,0.5,0.375,0.375,0.375,0.25,0.25,0.375,0.06,0.686,0.596,-0.689,NA,-0.981,0.849,1.073,-0.312,-0.191,-0.64,-1.592,-1.039,1.086,-1.967,-0.81,0.162,-1.604,0.76
"YEM","YEMEN, NORTH",1980,-6,0,NA,NA,NA,NA,NA,NA,NA,NA,NA,NA,NA,NA,9543358,50.2135674061025,NA,NA,NA,NA,NA,NA,NA,NA,NA,NA,NA,50.608,48.569,52.671,NA,NA,NA,NA,NA,"Asia","Western Asia",0.178,-1.103,-0.89,-1.409,-1.884,-1.21,1.155,0.11,-0.41,0.125,0.125,0.125,0.25,0.5,1,0.125,0.5,0.375,0.25,0.25,0.125,0.125,0.5,0.06,0.706,0.596,-1.888,NA,-0.981,0.849,1.073,-0.312,-0.191,-0.64,-1.592,-1.039,1.086,-1.967,-0.81,0.162,-1.604,0.76
"YEM","YEMEN, NORTH",1981,-6,0,NA,NA,NA,NA,NA,NA,NA,NA,NA,NA,NA,NA,9882362,50.1688614694404,NA,NA,NA,NA,NA,NA,NA,NA,NA,NA,NA,51.679,49.688,53.685,NA,NA,NA,NA,NA,"Asia","Western Asia",0.178,-1.103,-0.89,-1.409,-1.884,-1.21,1.155,0.11,-0.41,0.125,0.125,0.125,0.25,0.5,1,0.125,0.5,0.375,0.25,0.25,0.125,0.125,0.5,0.06,0.706,0.596,-1.888,NA,-0.981,0.849,1.073,-0.312,-0.191,-0.64,-1.592,-1.039,1.086,-1.967,-0.81,0.162,-1.604,0.76
"YEM","YEMEN, NORTH",1982,-6,0,NA,NA,NA,NA,NA,NA,NA,NA,NA,NA,NA,NA,10241006,50.1236450673259,NA,NA,NA,NA,NA,NA,NA,NA,NA,NA,NA,52.367,50.46,54.28,NA,NA,NA,NA,NA,"Asia","Western Asia",0.178,-1.103,-0.89,-1.409,-1.884,-1.21,1.155,0.11,-0.41,0.125,0.125,0.125,0.25,0.5,1,0.125,0.5,0.375,0.25,0.25,0.125,0.125,0.5,0.06,0.705,0.596,-1.496,NA,-0.981,0.849,1.073,-0.312,-0.191,-0.64,-1.592,-1.039,1.086,-1.967,-0.81,0.162,-2.43,0.849
"YEM","YEMEN, NORTH",1983,-6,0,NA,NA,NA,NA,NA,NA,NA,NA,NA,NA,NA,NA,10621499,50.0795038440431,NA,NA,NA,NA,NA,NA,NA,NA,NA,NA,NA,53.618,51.699,55.54,NA,NA,NA,NA,NA,"Asia","Western Asia",0.178,-1.103,-0.89,-1.409,-1.884,-1.21,1.155,0.11,-0.41,0.125,0.125,0.125,0.25,0.5,1,0.125,0.5,0.375,0.25,0.25,0.125,0.125,0.5,0.06,0.717,0.596,-2.11,NA,-0.981,0.849,1.073,-0.312,-0.191,-0.64,-1.592,-1.039,1.086,-1.967,-0.81,0.162,-2.43,0.849
"YEM","YEMEN, NORTH",1984,-6,0,NA,NA,NA,NA,NA,NA,NA,NA,NA,NA,NA,NA,11025597,50.0367191001086,NA,NA,NA,NA,NA,NA,NA,NA,NA,NA,NA,54.586,52.712,56.453,NA,NA,NA,NA,NA,"Asia","Western Asia",0.178,-1.103,-0.89,-1.409,-1.884,-1.21,1.155,0.11,-0.41,0.125,0.125,0.125,0.25,0.5,1,0.125,0.5,0.375,0.25,0.25,0.125,0.125,0.5,0.06,0.717,0.596,-2.11,NA,-0.981,0.849,1.073,-0.312,-0.191,-0.64,-1.592,-1.039,1.086,-1.967,-0.81,0.162,-2.43,0.849
"YEM","YEMEN, NORTH",1985,-6,0,NA,NA,NA,NA,NA,NA,NA,NA,NA,NA,NA,NA,11453825,49.9952330330901,NA,NA,NA,NA,NA,NA,NA,NA,NA,NA,NA,55.418,53.569,57.257,NA,NA,NA,NA,NA,"Asia","Western Asia",0.178,-1.103,-0.89,-1.409,-1.884,-1.21,1.155,0.11,-0.41,0.125,0.125,0.125,0.25,0.5,1,0.125,0.5,0.375,0.25,0.25,0.125,0.125,0.5,0.06,0.717,0.596,-2.11,NA,-0.981,0.849,1.073,-0.312,-0.191,-0.64,-1.592,-1.039,1.086,-1.967,-0.81,0.162,-2.43,0.849
"YEM","YEMEN, NORTH",1986,-6,0,NA,NA,NA,NA,NA,NA,NA,NA,NA,NA,NA,NA,11901040,49.974976976802,NA,NA,NA,NA,NA,NA,NA,NA,NA,NA,NA,54.002,50.528,57.761,NA,NA,NA,NA,NA,"Asia","Western Asia",0.178,-1.103,-0.89,-1.409,-1.884,-1.21,1.155,0.11,-0.41,0.125,0.125,0.125,0.25,0.5,1,0.125,0.5,0.375,0.25,0.25,0.125,0.125,0.5,0.06,0.723,0.596,-2.11,NA,-0.981,0.668,1.073,-0.312,-0.191,-0.64,-1.592,-1.039,1.086,-1.967,-0.81,0.162,-2.43,0.849
"YEM","YEMEN, NORTH",1987,-6,0,NA,NA,NA,NA,NA,NA,NA,NA,NA,NA,NA,NA,12369912,49.9552987891344,NA,NA,NA,NA,NA,NA,NA,NA,NA,NA,NA,56.828,54.994,58.652,NA,NA,NA,NA,NA,"Asia","Western Asia",0.178,-1.103,-0.89,-1.409,-1.884,-1.21,1.155,0.11,-0.41,0.125,0.125,0.125,0.25,0.5,1,0.125,0.5,0.375,0.25,0.25,0.125,0.125,0.5,0.058,0.734,0.596,-2.11,NA,-0.981,0.668,1.073,-0.708,-0.191,-0.64,-1.592,-1.039,1.086,-1.967,-0.81,0.162,-2.43,0.849
"YEM","YEMEN, NORTH",1988,-5,0,NA,NA,NA,NA,NA,NA,NA,NA,NA,NA,NA,NA,12859708,49.9169810076559,NA,NA,NA,NA,NA,NA,NA,NA,NA,NA,NA,57.43,55.64,59.2,NA,NA,NA,NA,NA,"Asia","Western Asia",0.178,-1.103,-0.89,-1.409,-1.884,-1.21,1.155,0.11,-0.41,0.25,0.125,0.125,0.25,0.375,1,0.125,0.5,0.375,0.25,0.25,0.125,0.125,0.5,0.064,0.72,0.596,-2.11,0.172,-0.981,0.668,1.073,-0.708,-0.191,-0.64,-1.592,-1.039,1.488,-1.967,-0.81,0.162,-2.187,0.773
"YEM","YEMEN, NORTH",1989,-5,0,NA,NA,NA,NA,NA,NA,NA,NA,NA,NA,NA,NA,13364174,49.8791021427886,NA,NA,NA,NA,NA,NA,NA,NA,NA,NA,NA,58.025,56.206,59.822,NA,NA,NA,NA,NA,"Asia","Western Asia",0.178,-1.103,-0.89,-1.409,-1.884,-1.21,1.155,0.11,-0.41,0.25,0.125,0.125,0.25,0.375,1,0.125,0.5,0.375,0.25,0.25,0.125,0.125,0.5,0.071,0.711,0.596,-2.11,0.172,-0.981,0.668,1.073,-0.708,-0.191,-0.64,-1.592,-1.039,1.488,-1.967,-0.81,0.162,-1.744,0.679
