"countrycode","country","year","polity5","democracy","gdppc","gdppc_growth","enrol_gross","primcomp","primcom_male","primcom_fem","enrol_net","agri","slums","telephone","internet","tax","pop","pop_fem","electricity","service","oil","natural","oda","literacy","lit_male","lit_fem","infant","health_ex","hospital","tuberculosis","life","life_male","life_female","unemploy","urban","attend","prenatal","military","un_continent_name","un_region_name","v2x_regime","v2x_libdem","v2xcs_ccsi","v2cseeorgs","v2csreprss","v2cscnsult","v2csprtcpt","v2csgender","v2csantimv","v2csrlgrep","v2csrlgcon","v2regsupgroups_0","v2regsupgroups_1","v2regsupgroups_2","v2regsupgroups_3","v2regsupgroups_4","v2regsupgroups_5","v2regsupgroups_6","v2regsupgroups_7","v2regsupgroups_8","v2regsupgroups_9","v2regsupgroups_10","v2regsupgroups_11","v2regsupgroups_12","v2regsupgroups_13","v2x_neopat","v2dlencmps","v2elembaut","v2elvotbuy","v2exbribe","v2exembez","v2exrescon","v2jucomp","v2jucorrdc","v2juhccomp","v2juhcind","v2juncind","v2lgcrrpt","v2lgfunds","v2lginvstp","v2lgotovst","v2psprlnks","v2xnp_client"
"BRN","BRUNEI",1985,NA,0,31827.4059557344,NA,117.044883728027,NA,NA,NA,NA,0.166982526805242,NA,NA,NA,NA,218919,44.865704366892,NA,11.17508181138,30.03550300042,34.7995986956058,2923724.88975525,NA,NA,NA,NA,NA,NA,NA,70.499,69.188,72.349,NA,NA,NA,NA,2.88778814029385,"Asia","South-Eastern Asia",NA,NA,NA,NA,NA,NA,NA,NA,NA,NA,NA,NA,NA,NA,NA,NA,NA,NA,NA,NA,NA,NA,NA,NA,NA,NA,NA,NA,NA,NA,NA,NA,NA,NA,NA,NA,NA,NA,NA,NA,NA,NA,NA
"BRN","BRUNEI",1986,NA,0,18500.5408625966,-41.8722943103589,122.95288848877,NA,125.298332214355,150.472763061523,80.08959,0.342778524320279,NA,NA,NA,NA,226495,44.9884324667985,NA,20.3539041997385,22.9691135535257,33.9562595972498,3636181.11610413,NA,NA,NA,NA,NA,NA,NA,70.762,69.387,72.68,NA,NA,NA,NA,4.67072980761742,"Asia","South-Eastern Asia",NA,NA,NA,NA,NA,NA,NA,NA,NA,NA,NA,NA,NA,NA,NA,NA,NA,NA,NA,NA,NA,NA,NA,NA,NA,NA,NA,NA,NA,NA,NA,NA,NA,NA,NA,NA,NA,NA,NA,NA,NA,NA,NA
"BRN","BRUNEI",1987,NA,0,21029.7189772961,13.6708333744602,121.589256286621,NA,NA,NA,NA,0.390456866642861,NA,NA,NA,NA,233860,45.096211408535,NA,19.4811811921445,26.7855376176689,35.1004069730623,3979274.03450012,NA,NA,NA,NA,NA,NA,NA,70.982,69.529,72.99,NA,NA,NA,NA,3.79251495457601,"Asia","South-Eastern Asia",NA,NA,NA,NA,NA,NA,NA,NA,NA,NA,NA,NA,NA,NA,NA,NA,NA,NA,NA,NA,NA,NA,NA,NA,NA,NA,NA,NA,NA,NA,NA,NA,NA,NA,NA,NA,NA,NA,NA,NA,NA,NA,NA
"BRN","BRUNEI",1988,NA,0,18824.7637309359,-10.4849486992227,123.298210144043,NA,NA,NA,NA,0.524939407201023,NA,NA,NA,NA,240913,45.1787374643023,NA,25.0725008489622,19.0003232268832,26.4239625063631,4907014.84680176,NA,NA,NA,NA,NA,NA,NA,71.183,69.713,73.189,NA,NA,NA,NA,6.62997709980055,"Asia","South-Eastern Asia",NA,NA,NA,NA,NA,NA,NA,NA,NA,NA,NA,NA,NA,NA,NA,NA,NA,NA,NA,NA,NA,NA,NA,NA,NA,NA,NA,NA,NA,NA,NA,NA,NA,NA,NA,NA,NA,NA,NA,NA,NA,NA,NA
"BRN","BRUNEI",1989,NA,0,20090.0690184766,6.72149359017634,125.862777709961,NA,NA,NA,NA,0.578052221118683,NA,NA,NA,NA,248064,45.2389494688892,NA,26.1821223293739,25.6466724918498,32.9595689344962,4954418.18237305,NA,NA,NA,NA,NA,NA,NA,71.408,69.875,73.482,NA,NA,NA,NA,6.21043627031651,"Asia","South-Eastern Asia",NA,NA,NA,NA,NA,NA,NA,NA,NA,NA,NA,NA,NA,NA,NA,NA,NA,NA,NA,NA,NA,NA,NA,NA,NA,NA,NA,NA,NA,NA,NA,NA,NA,NA,NA,NA,NA,NA,NA,NA,NA,NA,NA
"BRN","BRUNEI",1990,NA,0,23658.7166330381,17.7632421833865,NA,NA,NA,NA,NA,0.574692028219198,NA,NA,0,NA,255292,45.2932328470927,100,25.0391073465101,30.6838382585785,38.9442334526855,4474240.77987671,NA,NA,NA,NA,NA,NA,NA,71.629,70.031,73.773,NA,NA,NA,NA,6.43773526926327,"Asia","South-Eastern Asia",NA,NA,NA,NA,NA,NA,NA,NA,NA,NA,NA,NA,NA,NA,NA,NA,NA,NA,NA,NA,NA,NA,NA,NA,NA,NA,NA,NA,NA,NA,NA,NA,NA,NA,NA,NA,NA,NA,NA,NA,NA,NA,NA
"BRN","BRUNEI",1991,NA,0,23932.1897281583,1.15590840941182,116.419471740723,NA,NA,NA,89.85875,0.590984440114965,NA,NA,NA,NA,262596,45.371978247955,100,27.1622986156498,17.8487047904996,24.5444897748744,3875711.9178772,87.8000030517578,92.4499969482422,82.4599990844727,NA,NA,NA,NA,71.858,70.2,74.059,NA,NA,NA,NA,6.40435012461295,"Asia","South-Eastern Asia",NA,NA,NA,NA,NA,NA,NA,NA,NA,NA,NA,NA,NA,NA,NA,NA,NA,NA,NA,NA,NA,NA,NA,NA,NA,NA,NA,NA,NA,NA,NA,NA,NA,NA,NA,NA,NA,NA,NA,NA,NA,NA,NA
"BRN","BRUNEI",1992,NA,0,23450.8964055243,-2.01107098055351,114.441062927246,NA,NA,NA,91.66947,0.645461650670348,NA,NA,NA,NA,269839,45.4706492736436,100,30.095845978994,19.1281731093251,26.0034551280989,5302050.11367798,NA,NA,NA,NA,NA,NA,NA,72.09,70.374,74.345,NA,NA,NA,NA,6.24514478073449,"Asia","South-Eastern Asia",NA,NA,NA,NA,NA,NA,NA,NA,NA,NA,NA,NA,NA,NA,NA,NA,NA,NA,NA,NA,NA,NA,NA,NA,NA,NA,NA,NA,NA,NA,NA,NA,NA,NA,NA,NA,NA,NA,NA,NA,NA,NA,NA
"BRN","BRUNEI",1993,NA,0,22397.0737447404,-4.49374148672481,115.30525970459,NA,NA,NA,94.30621,0.744869394720749,NA,NA,NA,NA,276971,45.5620062677816,100,32.9405289323453,18.7936196786674,27.5414502126718,4265933.0368042,NA,NA,NA,NA,NA,NA,NA,72.333,70.561,74.64,NA,NA,NA,NA,5.74023173528116,"Asia","South-Eastern Asia",NA,NA,NA,NA,NA,NA,NA,NA,NA,NA,NA,NA,NA,NA,NA,NA,NA,NA,NA,NA,NA,NA,NA,NA,NA,NA,NA,NA,NA,NA,NA,NA,NA,NA,NA,NA,NA,NA,NA,NA,NA,NA,NA
"BRN","BRUNEI",1994,NA,0,22766.587177075,1.64982906493031,115.403518676758,NA,NA,NA,94.42407,0.856251608686862,NA,NA,NA,NA,284091,45.6473453928495,100,36.3241695997387,16.0500449703665,26.0634043120685,4106563.09127808,NA,NA,NA,NA,NA,NA,NA,72.571,70.76,74.904,NA,NA,NA,NA,5.98247135891837,"Asia","South-Eastern Asia",NA,NA,NA,NA,NA,NA,NA,NA,NA,NA,NA,NA,NA,NA,NA,NA,NA,NA,NA,NA,NA,NA,NA,NA,NA,NA,NA,NA,NA,NA,NA,NA,NA,NA,NA,NA,NA,NA,NA,NA,NA,NA,NA
"BRN","BRUNEI",1995,NA,0,26443.2564746713,16.1494090835826,113.287490844727,NA,NA,NA,97.98266,0.725955289117546,NA,NA,1.02,NA,291195,45.7272764735779,100,34.0067621638378,13.7981248795186,23.9593323667548,2840229.98809814,NA,NA,NA,NA,NA,NA,NA,72.838,70.994,75.191,NA,NA,NA,NA,5.47726596521598,"Asia","South-Eastern Asia",NA,NA,NA,NA,NA,NA,NA,NA,NA,NA,NA,NA,NA,NA,NA,NA,NA,NA,NA,NA,NA,NA,NA,NA,NA,NA,NA,NA,NA,NA,NA,NA,NA,NA,NA,NA,NA,NA,NA,NA,NA,NA,NA
"BRN","BRUNEI",1996,NA,0,25692.2357348562,-2.84012198170246,111.854377746582,NA,NA,NA,NA,0.892474457082103,NA,NA,3.3,NA,298276,45.8022100336601,100,36.3582456783223,16.06642734769,26.9444100718296,2920000.07629395,NA,NA,NA,NA,NA,NA,NA,73.079,71.193,75.465,NA,NA,NA,NA,6.24949383149313,"Asia","South-Eastern Asia",NA,NA,NA,NA,NA,NA,NA,NA,NA,NA,NA,NA,NA,NA,NA,NA,NA,NA,NA,NA,NA,NA,NA,NA,NA,NA,NA,NA,NA,NA,NA,NA,NA,NA,NA,NA,NA,NA,NA,NA,NA,NA,NA
"BRN","BRUNEI",1997,NA,0,25522.3975038009,-0.661048858526867,110.213897705078,NA,105.630767822266,111.894882202148,NA,0.943620597174824,NA,NA,4.83,NA,305341,45.8739573132989,100,33.6400785671654,14.8382113343604,25.8932437123593,439999.997615814,NA,NA,NA,NA,NA,NA,NA,73.326,71.414,75.721,NA,NA,NA,NA,7.18396455211652,"Asia","South-Eastern Asia",NA,NA,NA,NA,NA,NA,NA,NA,NA,NA,NA,NA,NA,NA,NA,NA,NA,NA,NA,NA,NA,NA,NA,NA,NA,NA,NA,NA,NA,NA,NA,NA,NA,NA,NA,NA,NA,NA,NA,NA,NA,NA,NA
"BRN","BRUNEI",1998,NA,0,17769.2463451942,-30.3778324800876,113.108619689941,NA,113.31755065918,117.164176940918,NA,1.15034843728791,NA,NA,6.28,NA,312385,45.9417065480097,100,39.3140103555396,8.7864524447592,18.2806644004442,409999.996423721,NA,NA,NA,NA,NA,NA,NA,73.584,71.657,75.971,NA,NA,NA,NA,7.52984389348026,"Asia","South-Eastern Asia",NA,NA,NA,NA,NA,NA,NA,NA,NA,NA,NA,NA,NA,NA,NA,NA,NA,NA,NA,NA,NA,NA,NA,NA,NA,NA,NA,NA,NA,NA,NA,NA,NA,NA,NA,NA,NA,NA,NA,NA,NA,NA,NA
"BRN","BRUNEI",1999,NA,0,19752.2013255542,11.1594771204031,113.262153625488,NA,116.589729309082,119.279518127441,NA,1.08055722659612,NA,NA,7.67,NA,319411,46.0059296642883,100,36.6300974517195,14.7734214326029,24.3701807888526,2099999.90463257,NA,NA,NA,NA,NA,NA,NA,73.806,71.869,76.181,NA,NA,NA,NA,6.13041835206517,"Asia","South-Eastern Asia",NA,NA,NA,NA,NA,NA,NA,NA,NA,NA,NA,NA,NA,NA,NA,NA,NA,NA,NA,NA,NA,NA,NA,NA,NA,NA,NA,NA,NA,NA,NA,NA,NA,NA,NA,NA,NA,NA,NA,NA,NA,NA,NA
"BRN","BRUNEI",2000,NA,0,20130.2572346624,1.9139938018913,112.037879943848,NA,115.799942016602,117.772666931152,NA,1.06879058453918,37.41056,NA,8.99628,NA,326424,46.0676911011445,100,34.5543710706822,23.4896305488652,34.9806797269488,1070000.05245209,NA,NA,NA,NA,2.5479064,2.84,231,74.017,72.066,76.386,NA,NA,NA,NA,4.06920549004446,"Asia","South-Eastern Asia",NA,NA,NA,NA,NA,NA,NA,NA,NA,NA,NA,NA,NA,NA,NA,NA,NA,NA,NA,NA,NA,NA,NA,NA,NA,NA,NA,NA,NA,NA,NA,NA,NA,NA,NA,NA,NA,NA,NA,NA,NA,NA,NA
"BRN","BRUNEI",2001,NA,0,18287.8272281914,-9.15254079962034,110.13542175293,NA,125.438102722168,119.272842407227,NA,1.18819267076199,NA,NA,12.9178,NA,333345,46.1272855450059,100,37.9539611480668,16.742683402114,28.0689587422791,560000.002384186,92.6699981689453,95.1500015258789,90.1600036621094,NA,2.5465107,2.72,146,74.209,72.248,76.569,NA,NA,NA,NA,3.8863976083707,"Asia","South-Eastern Asia",NA,NA,NA,NA,NA,NA,NA,NA,NA,NA,NA,NA,NA,NA,NA,NA,NA,NA,NA,NA,NA,NA,NA,NA,NA,NA,NA,NA,NA,NA,NA,NA,NA,NA,NA,NA,NA,NA,NA,NA,NA,NA,NA
"BRN","BRUNEI",2002,NA,0,18621.2922577525,1.82342618070587,112.115310668945,NA,122.234962463379,115.694931030273,NA,1.15449001142175,35.7893,NA,15.3299,NA,340099,46.1852396354013,100,37.6540737570955,16.1096999175722,25.6090865095569,-1e+06,NA,NA,NA,NA,2.53447938,2.66,140,74.365,72.402,76.708,NA,NA,NA,NA,3.87078275829112,"Asia","South-Eastern Asia",NA,NA,NA,NA,NA,NA,NA,NA,NA,NA,NA,NA,NA,NA,NA,NA,NA,NA,NA,NA,NA,NA,NA,NA,NA,NA,NA,NA,NA,NA,NA,NA,NA,NA,NA,NA,NA,NA,NA,NA,NA,NA,NA
"BRN","BRUNEI",2003,NA,0,20677.9001143188,11.0443884779805,116.92626953125,NA,126.28719329834,116.86710357666,NA,1.2372583372265,NA,NA,19.595,NA,346637,46.2414572016259,100,34.1679873818669,16.6876107710204,28.186665250467,540000.021457672,NA,NA,NA,NA,2.60260582,2.7,116,74.509,72.553,76.823,NA,NA,NA,NA,3.71141961800389,"Asia","South-Eastern Asia",NA,NA,NA,NA,NA,NA,NA,NA,NA,NA,NA,NA,NA,NA,NA,NA,NA,NA,NA,NA,NA,NA,NA,NA,NA,NA,NA,NA,NA,NA,NA,NA,NA,NA,NA,NA,NA,NA,NA,NA,NA,NA,NA
"BRN","BRUNEI",2004,NA,0,24423.0946995548,18.1120643998206,119.105339050293,NA,115.252288818359,115.208526611328,NA,1.17049480864283,34.12692,NA,29.7156,NA,352911,46.295372757927,100,30.528204400637,19.7780085437059,30.6736955466632,850000.023841858,NA,NA,NA,NA,2.55193377,2.67,94,74.603,72.641,76.912,NA,NA,NA,NA,2.53273008763096,"Asia","South-Eastern Asia",NA,NA,NA,NA,NA,NA,NA,NA,NA,NA,NA,NA,NA,NA,NA,NA,NA,NA,NA,NA,NA,NA,NA,NA,NA,NA,NA,NA,NA,NA,NA,NA,NA,NA,NA,NA,NA,NA,NA,NA,NA,NA,NA
"BRN","BRUNEI",2005,NA,0,29386.2703822862,20.3216494215283,119.844757080078,NA,108.924423217773,117.94953918457,NA,0.974611267785546,NA,NA,36.4664,NA,358916,46.3474638842066,100,27.7621281199365,25.956729633831,34.870561902884,NA,NA,NA,NA,NA,2.23386168,3.22,77,74.683,72.723,76.976,NA,NA,NA,NA,2.3494276381516,"Asia","South-Eastern Asia",NA,NA,NA,NA,NA,NA,NA,NA,NA,NA,NA,NA,NA,NA,NA,NA,NA,NA,NA,NA,NA,NA,NA,NA,NA,NA,NA,NA,NA,NA,NA,NA,NA,NA,NA,NA,NA,NA,NA,NA,NA,NA,NA
"BRN","BRUNEI",2006,NA,0,34674.7995236452,17.9965986583547,121.505966186523,NA,113.471199035645,118.676658630371,NA,0.754742504053329,32.35866,NA,42.1863,NA,364663,46.3985827972204,100,26.2087407606151,30.500356671909,37.4065877795075,NA,NA,NA,NA,NA,1.9072516,2.91,91,74.753,72.799,77.03,NA,NA,NA,NA,2.3039631946555,"Asia","South-Eastern Asia",NA,NA,NA,NA,NA,NA,NA,NA,NA,NA,NA,NA,NA,NA,NA,NA,NA,NA,NA,NA,NA,NA,NA,NA,NA,NA,NA,NA,NA,NA,NA,NA,NA,NA,NA,NA,NA,NA,NA,NA,NA,NA,NA
"BRN","BRUNEI",2007,NA,0,36217.3290706015,4.44856082269325,122.321258544922,NA,116.32592010498,121.545120239258,NA,0.726342513402553,NA,NA,44.68,NA,370873,46.5254858819215,100,27.7682953911214,27.5236863460397,33.5991567858711,NA,NA,NA,NA,NA,1.94145441,2.87,90,74.793,72.841,77.06,NA,NA,NA,NA,2.38015224434092,"Asia","South-Eastern Asia",NA,NA,NA,NA,NA,NA,NA,NA,NA,NA,NA,NA,NA,NA,NA,NA,NA,NA,NA,NA,NA,NA,NA,NA,NA,NA,NA,NA,NA,NA,NA,NA,NA,NA,NA,NA,NA,NA,NA,NA,NA,NA,NA
"BRN","BRUNEI",2008,NA,0,42156.5685838672,16.3988887796995,116.783126831055,NA,113.812477111816,117.857139587402,NA,0.69216612734937,30.56831,NA,46,NA,377793,46.7176469654017,100,24.7654962427286,26.3149392802544,31.9744920960436,NA,NA,NA,NA,NA,1.87612021,2.97,92,74.814,72.868,77.08,NA,NA,NA,NA,2.26179236887845,"Asia","South-Eastern Asia",NA,NA,NA,NA,NA,NA,NA,NA,NA,NA,NA,NA,NA,NA,NA,NA,NA,NA,NA,NA,NA,NA,NA,NA,NA,NA,NA,NA,NA,NA,NA,NA,NA,NA,NA,NA,NA,NA,NA,NA,NA,NA,NA
"BRN","BRUNEI",2009,NA,0,30946.4673773828,-26.5915884120947,112.532432556152,NA,108.899772644043,112.584701538086,93.18006,0.979917546380161,NA,NA,49,NA,384952,46.8961145906124,100,33.6143461570051,16.6918809538917,23.5521044849525,NA,NA,NA,NA,NA,2.39306617,2.91,84,74.814,72.867,77.087,NA,NA,NA,NA,2.94107203176036,"Asia","South-Eastern Asia",NA,NA,NA,NA,NA,NA,NA,NA,NA,NA,NA,NA,NA,NA,NA,NA,NA,NA,NA,NA,NA,NA,NA,NA,NA,NA,NA,NA,NA,NA,NA,NA,NA,NA,NA,NA,NA,NA,NA,NA,NA,NA,NA
"BRN","BRUNEI",2010,NA,0,34937.5555357155,12.8967487941761,108.70580714953,NA,106.767731456416,106.88210652304,NA,0.733349877488411,28.77162,NA,53,NA,392332,47.0712230234165,100,32.5030436816898,20.3808570661645,26.7152441963854,NA,NA,NA,NA,NA,2.27826095,2.81,90,74.82,72.876,77.082,NA,NA,NA,NA,2.85048790060089,"Asia","South-Eastern Asia",NA,NA,NA,NA,NA,NA,NA,NA,NA,NA,NA,NA,NA,NA,NA,NA,NA,NA,NA,NA,NA,NA,NA,NA,NA,NA,NA,NA,NA,NA,NA,NA,NA,NA,NA,NA,NA,NA,NA,NA,NA,NA,NA
"BRN","BRUNEI",2011,NA,0,46382.8274255349,32.7592234611814,104.830894583323,NA,110.449377368706,111.669658886894,NA,0.572775314042004,NA,NA,56,NA,399389,47.1865774971269,100,27.3573206532471,24.1925755555505,29.6086211413466,NA,96.0899963378906,97.4300003051758,94.6500015258789,NA,1.86409724,2.84,84,74.835,72.881,77.097,NA,NA,NA,NA,2.24224141990167,"Asia","South-Eastern Asia",NA,NA,NA,NA,NA,NA,NA,NA,NA,NA,NA,NA,NA,NA,NA,NA,NA,NA,NA,NA,NA,NA,NA,NA,NA,NA,NA,NA,NA,NA,NA,NA,NA,NA,NA,NA,NA,NA,NA,NA,NA,NA,NA
"BRN","BRUNEI",2012,NA,0,46968.5971164922,1.26290207706229,103.310538143682,NA,101.811974789916,104.74794841735,92.69992,0.655156683935105,27.04235,NA,60.2731,NA,405557,47.184982628829,100,28.2803646984425,20.2405416655378,25.2092889599313,NA,NA,NA,NA,NA,1.85097206,2.7,86,74.843,72.884,77.092,NA,NA,NA,NA,2.15903448896045,"Asia","South-Eastern Asia",NA,NA,NA,NA,NA,NA,NA,NA,NA,NA,NA,NA,NA,NA,NA,NA,NA,NA,NA,NA,NA,NA,NA,NA,NA,NA,NA,NA,NA,NA,NA,NA,NA,NA,NA,NA,NA,NA,NA,NA,NA,NA,NA
"BRN","BRUNEI",2013,NA,0,44003.0644273461,-6.31386260439277,103.895142180095,NA,99.2384453781513,105.492537313433,93.51439,0.684937439812632,NA,NA,64.5,NA,411202,47.1284186360961,100,31.2458789469641,16.496289516532,21.4732323194006,NA,NA,NA,NA,NA,1.898314,2.77,73,74.854,72.887,77.107,NA,NA,NA,NA,2.27750759504916,"Asia","South-Eastern Asia",NA,NA,NA,NA,NA,NA,NA,NA,NA,NA,NA,NA,NA,NA,NA,NA,NA,NA,NA,NA,NA,NA,NA,NA,NA,NA,NA,NA,NA,NA,NA,NA,NA,NA,NA,NA,NA,NA,NA,NA,NA,NA,NA
"BRN","BRUNEI",2014,NA,0,41026.5084247957,-6.76442888986749,103.847709576297,NA,95.6497948016416,98.4861976847729,92.53427,0.862827317122997,25.29948,NA,68.77,NA,416750,47.0737852429514,100,32.8360352519913,14.6726548413146,22.0986474634681,NA,NA,NA,NA,NA,1.91436803,2.69,66,74.862,72.896,77.107,NA,NA,NA,NA,3.08686095781185,"Asia","South-Eastern Asia",NA,NA,NA,NA,NA,NA,NA,NA,NA,NA,NA,NA,NA,NA,NA,NA,NA,NA,NA,NA,NA,NA,NA,NA,NA,NA,NA,NA,NA,NA,NA,NA,NA,NA,NA,NA,NA,NA,NA,NA,NA,NA,NA
"BRN","BRUNEI",2015,NA,0,30625.1287744656,-25.3528268665527,104.185794604632,NA,96.9722455845248,100.809838032394,92.48465,1.10321250063154,NA,NA,71.2,NA,422212,47.0209278750959,100,39.4304335816622,7.67941403200076,18.8982989274798,NA,NA,NA,NA,NA,2.38708901,3.06,69,74.88,72.911,77.124,NA,NA,NA,NA,3.27929046083748,"Asia","South-Eastern Asia",NA,NA,NA,NA,NA,NA,NA,NA,NA,NA,NA,NA,NA,NA,NA,NA,NA,NA,NA,NA,NA,NA,NA,NA,NA,NA,NA,NA,NA,NA,NA,NA,NA,NA,NA,NA,NA,NA,NA,NA,NA,NA,NA
"BRN","BRUNEI",2016,NA,0,26663.2972950602,-12.9365381892163,105.726377387079,NA,101.788248651717,103.92517632628,93.75145,1.20365462606268,23.5391,NA,90,NA,427564,46.9700442506853,100,42.9760421304837,6.61076862656256,15.6737709259074,NA,NA,NA,NA,NA,2.54828691,3.1,75,74.905,72.935,77.145,NA,NA,NA,NA,3.53938463904119,"Asia","South-Eastern Asia",NA,NA,NA,NA,NA,NA,NA,NA,NA,NA,NA,NA,NA,NA,NA,NA,NA,NA,NA,NA,NA,NA,NA,NA,NA,NA,NA,NA,NA,NA,NA,NA,NA,NA,NA,NA,NA,NA,NA,NA,NA,NA,NA
"BRN","BRUNEI",2017,NA,0,28024.3824580252,5.10471434910326,104.567053854277,NA,102.993315896542,104.787743376955,93.53285,1.08645090330462,NA,NA,94.8667,NA,432772,46.9212425942529,NA,40.8510759470592,8.33582039119995,17.1505902720615,NA,NA,NA,NA,NA,2.27022862,3.34,71,74.943,72.969,77.181,NA,NA,NA,NA,2.86512850957169,"Asia","South-Eastern Asia",NA,NA,NA,NA,NA,NA,NA,NA,NA,NA,NA,NA,NA,NA,NA,NA,NA,NA,NA,NA,NA,NA,NA,NA,NA,NA,NA,NA,NA,NA,NA,NA,NA,NA,NA,NA,NA,NA,NA,NA,NA,NA,NA
"BRN","BRUNEI",2018,NA,0,30988.1190267227,10.5755642363808,104.179996298549,NA,104.951100244499,107.392739273927,93.14673,1.01764195887903,22.43622,NA,95,NA,437810,46.8729514468638,NA,37.3375698653062,11.046476859895,22.5076667399112,NA,NA,NA,NA,NA,2.41600895,3.42,75,74.992,73.014,77.23,NA,NA,NA,NA,2.63661248533021,"Asia","South-Eastern Asia",NA,NA,NA,NA,NA,NA,NA,NA,NA,NA,NA,NA,NA,NA,NA,NA,NA,NA,NA,NA,NA,NA,NA,NA,NA,NA,NA,NA,NA,NA,NA,NA,NA,NA,NA,NA,NA,NA,NA,NA,NA,NA,NA
"BRN","BRUNEI",2019,NA,0,30426.5730656528,-1.81213309715781,103.033008586959,NA,99.0802410402791,102.982516283853,NA,0.986055130118515,NA,NA,95,NA,442680,46.8254721243336,NA,38.1775985820028,9.00049471310791,20.8493177212138,NA,NA,NA,NA,NA,2.23100758,3.66,71,75.049,73.068,77.286,NA,NA,NA,NA,3.07858724948281,"Asia","South-Eastern Asia",NA,NA,NA,NA,NA,NA,NA,NA,NA,NA,NA,NA,NA,NA,NA,NA,NA,NA,NA,NA,NA,NA,NA,NA,NA,NA,NA,NA,NA,NA,NA,NA,NA,NA,NA,NA,NA,NA,NA,NA,NA,NA,NA
"BRN","BRUNEI",2020,NA,0,26834.3592233943,-11.8061729610739,102.709633966272,NA,103.109756469727,106.363639831543,NA,1.21750283610591,21.72738,NA,96.3055,NA,447404,46.7810899792804,NA,41.4503545662141,3.45811781195258,13.7524545777569,NA,NA,NA,NA,NA,2.45359564,3.84,90,75.114,73.128,77.35,NA,NA,NA,NA,3.63429176862407,"Asia","South-Eastern Asia",NA,NA,NA,NA,NA,NA,NA,NA,NA,NA,NA,NA,NA,NA,NA,NA,NA,NA,NA,NA,NA,NA,NA,NA,NA,NA,NA,NA,NA,NA,NA,NA,NA,NA,NA,NA,NA,NA,NA,NA,NA,NA,NA
"KHM","CAMBODIA",1960,-9,0,NA,NA,NA,NA,NA,NA,NA,NA,NA,NA,NA,NA,5449966,49.8080996850438,NA,NA,NA,NA,218938537.597656,NA,NA,NA,NA,NA,0.746548891067505,NA,42.134,41.065,43.234,NA,NA,NA,NA,NA,"Asia","South-Eastern Asia",1,0.153,0.387,-0.242,-0.042,0.144,-0.5,-0.762,0.568,0.444,0.47,0.4,0.2,0.6,0,0.6,0.2,0.2,0.4,0.4,0,0.4,0,0,0.2,0.713,0.628,-1.244,-0.78,0.094,0.149,-0.786,-1.362,0.031,-1.29,-0.53,-0.407,-0.111,-0.707,-1.017,1.269,-0.63,0.658
"KHM","CAMBODIA",1961,-9,0,NA,NA,NA,NA,NA,NA,NA,NA,NA,NA,NA,NA,5571168,49.8021420283862,NA,NA,NA,NA,198017272.949219,NA,NA,NA,NA,NA,NA,NA,42.588,41.449,43.766,NA,NA,NA,NA,NA,"Asia","South-Eastern Asia",1,0.153,0.387,-0.242,-0.042,0.144,-0.5,-0.762,0.568,0.444,0.47,0.4,0.2,0.6,0,0.6,0.2,0.2,0.4,0.4,0,0.4,0,0,0.2,0.713,0.628,-1.244,-0.78,0.094,0.149,-0.786,-1.362,0.031,-1.29,-0.53,-0.407,-0.111,-0.707,-1.017,1.269,-0.63,0.658
"KHM","CAMBODIA",1962,-9,0,NA,NA,NA,NA,NA,NA,NA,NA,NA,NA,NA,NA,5697558,49.7987207852908,NA,NA,NA,NA,173524536.132813,NA,NA,NA,NA,NA,NA,NA,43.079,41.861,44.342,NA,NA,NA,NA,NA,"Asia","South-Eastern Asia",1,0.152,0.387,-0.242,-0.042,0.144,-0.5,-0.762,0.568,0.444,0.47,0.4,0.2,0.6,0,0.6,0.2,0.2,0.4,0.4,0,0.4,0,0,0.2,0.715,0.628,-1.244,-1.067,0.094,0.149,-0.786,-1.362,0.031,-1.29,-0.53,-0.407,-0.111,-0.707,-1.017,1.269,-0.63,0.667
"KHM","CAMBODIA",1963,-9,0,NA,NA,NA,NA,NA,NA,NA,NA,NA,NA,NA,NA,5823010,49.7961707089632,NA,NA,NA,NA,183955245.97168,NA,NA,NA,NA,NA,NA,NA,43.612,42.387,44.886,NA,NA,NA,NA,NA,"Asia","South-Eastern Asia",1,0.151,0.387,-0.242,-0.042,0.144,-0.5,-0.762,0.568,0.444,0.47,0.4,0.2,0.6,0,0.6,0.2,0.2,0.4,0.4,0,0.4,0,0,0.2,0.717,0.628,-1.244,-1.067,0.094,0.149,-0.786,-1.362,0.031,-1.29,-0.53,-0.407,-0.111,-0.707,-1.017,1.269,-0.63,0.674
"KHM","CAMBODIA",1964,-9,0,NA,NA,NA,NA,NA,NA,NA,NA,NA,NA,NA,NA,5946178,49.7945066562084,NA,NA,NA,NA,98406791.6870117,NA,NA,NA,NA,NA,NA,NA,44.044,42.726,45.419,NA,NA,NA,NA,NA,"Asia","South-Eastern Asia",1,0.151,0.387,-0.242,-0.042,0.144,-0.5,-0.762,0.568,0.444,0.47,0.4,0.2,0.6,0,0.6,0.2,0.2,0.4,0.4,0,0.4,0,0,0.2,0.71,0.998,-1.244,-1.067,0.094,0.149,-0.786,-1.362,0.031,-1.29,-0.53,-0.407,-0.111,-0.707,-1.017,1.269,-0.63,0.634
"KHM","CAMBODIA",1965,-9,0,NA,NA,NA,NA,NA,NA,NA,NA,NA,NA,NA,NA,6072289,49.79505260783,NA,NA,NA,NA,74262054.4433594,NA,NA,NA,NA,NA,NA,NA,44.497,43.12,45.938,NA,NA,NA,NA,NA,"Asia","South-Eastern Asia",1,0.151,0.387,-0.242,-0.042,0.144,-0.5,-0.762,0.568,0.444,0.47,0.4,0.2,0.6,0,0.6,0.2,0.2,0.4,0.4,0,0.4,0,0,0.2,0.71,0.998,-1.244,-1.067,0.094,0.149,-0.786,-1.362,0.031,-1.29,-0.53,-0.407,-0.111,-0.707,-1.017,1.269,-0.63,0.634
"KHM","CAMBODIA",1966,-9,0,NA,NA,NA,NA,NA,NA,NA,NA,NA,NA,NA,NA,6201232,49.7969274492552,NA,NA,NA,NA,88069793.7011719,NA,NA,NA,NA,NA,NA,NA,44.948,43.519,46.446,NA,NA,NA,NA,NA,"Asia","South-Eastern Asia",1,0.151,0.387,-0.242,-0.042,0.144,-0.5,-0.762,0.568,0.444,0.47,0.4,0.2,0.6,0,0.6,0.2,0.2,0.4,0.4,0,0.4,0,0,0.2,0.711,0.998,-1.244,-1.06,0.094,0.149,-0.786,-1.362,0.031,-1.29,-0.53,-0.407,-0.111,-0.707,-1.017,1.269,-0.63,0.637
"KHM","CAMBODIA",1967,-9,0,NA,NA,NA,NA,NA,NA,NA,NA,NA,NA,NA,NA,6332944,49.8047985265621,NA,NA,NA,NA,101227844.238281,NA,NA,NA,NA,NA,NA,NA,45.193,43.447,47.052,NA,NA,NA,NA,NA,"Asia","South-Eastern Asia",1,0.15,0.387,-0.242,-0.042,-0.234,-0.5,-0.762,0.568,0.444,0.47,0.4,0.2,0.6,0,0.6,0.2,0.2,0.4,0.4,0,0.4,0,0,0.2,0.713,0.998,-1.244,-1.06,0.094,0.149,-0.786,-1.362,0.031,-1.29,-0.53,-0.407,-0.111,-0.707,-1.017,1.269,-0.63,0.646
"KHM","CAMBODIA",1968,-9,0,NA,NA,NA,NA,NA,NA,NA,NA,NA,NA,NA,NA,6467324,49.8172814598434,NA,NA,NA,NA,71384498.5961914,NA,NA,NA,NA,NA,NA,NA,45.586,43.838,47.446,NA,NA,NA,NA,NA,"Asia","South-Eastern Asia",1,0.15,0.387,-0.242,-0.042,-0.234,-0.5,-0.762,0.834,0.444,0.47,0.4,0.2,0.6,0,0.6,0.2,0.2,0.4,0.4,0,0.4,0,0,0.2,0.713,0.998,-1.244,-1.06,0.094,0.149,-0.786,-1.362,0.031,-1.29,-0.53,-0.407,-0.111,-0.707,-1.017,1.269,-0.63,0.646
"KHM","CAMBODIA",1969,-9,0,NA,NA,NA,NA,NA,NA,NA,NA,NA,NA,NA,NA,6604725,49.8302427685872,NA,NA,NA,NA,87179077.1484375,NA,NA,NA,NA,NA,NA,NA,45.935,44.096,47.899,NA,NA,NA,NA,NA,"Asia","South-Eastern Asia",1,0.15,0.387,-0.242,-0.042,0.149,-0.5,-0.762,0.915,0.444,0.47,0.4,0.2,0.6,0,0.6,0.2,0.2,0.4,0.4,0,0.4,0,0,0.2,0.713,0.998,-1.244,-1.06,0.094,0.149,-0.786,-1.362,0.031,-1.29,-0.53,-0.407,-0.111,-0.707,-1.017,1.269,-0.63,0.646
"KHM","CAMBODIA",1970,-8,0,NA,NA,NA,NA,NA,NA,NA,NA,NA,NA,NA,NA,6639182,49.9668784497849,NA,NA,NA,4.31058172482676,132079345.703125,NA,NA,NA,NA,NA,1.0809999704361,NA,38.628,32.631,47.382,NA,NA,NA,NA,NA,"Asia","South-Eastern Asia",1,0.083,0.43,-0.059,0.118,-0.118,-0.251,-0.141,2.355,0.444,0.47,0.084,0.042,0.284,0,0.6,0.673,0.2,0.084,0.084,0,0.4,0,0,0.673,0.802,-1.929,-1.077,-1.06,-0.009,0.545,-0.769,-0.954,-0.219,-1.051,-0.835,-1.194,-2.664,-1.774,-0.894,0.328,-0.562,0.8
"KHM","CAMBODIA",1971,-6,0,NA,NA,30.2818603515625,NA,NA,NA,NA,NA,NA,NA,NA,NA,6620880,50.2257252812315,NA,NA,NA,2.59016996695292,243231292.724609,NA,NA,NA,NA,NA,NA,NA,38.7,32.52,47.638,NA,NA,NA,NA,NA,"Asia","South-Eastern Asia",0,0.068,0.43,-0.059,0.118,-0.118,-0.251,-0.141,2.355,0.444,0.47,0,0,0.2,0,0.6,0.8,0.2,0,0,0,0.4,0,0,0.8,0.803,-2.174,-1.077,NA,-0.009,0.545,-0.769,-0.954,-0.305,-1.051,-0.835,-1.194,NA,NA,-0.894,-1.662,-0.562,0.831
"KHM","CAMBODIA",1972,-5,0,NA,NA,42.5681114196777,NA,NA,NA,NA,NA,NA,NA,NA,NA,6673886,50.4756748916598,NA,NA,NA,7.0075045494724,371194671.630859,NA,NA,NA,NA,NA,NA,NA,38.909,32.584,47.911,NA,NA,NA,NA,NA,"Asia","South-Eastern Asia",1,0.075,0.43,-0.059,0.118,-0.118,-0.251,-0.141,2.355,0.444,0.47,0,0,0.2,0,0.6,0.8,0.2,0,0,0,0.4,0,0,0.8,0.81,-2.174,-1.077,-2.388,-0.009,0.545,-0.769,-0.954,-0.305,-1.051,-0.835,-1.194,-0.825,-1.954,-0.894,-1.662,-0.562,0.867
"KHM","CAMBODIA",1973,-5,0,NA,NA,41.3414306640625,NA,NA,NA,NA,NA,NA,NA,NA,NA,6739726,50.7153034536859,NA,NA,NA,13.3615931462591,744334655.761719,NA,NA,NA,NA,NA,NA,NA,39.078,32.695,47.967,NA,NA,NA,NA,NA,"Asia","South-Eastern Asia",0,0.086,0.417,-0.059,-0.136,-0.118,-0.251,-0.141,2.654,0.444,0.47,0,0,0.2,0,0.6,0.8,0.2,0,0,0,0.4,0,0,0.8,0.828,-2.174,-1.077,NA,-0.009,0.545,-0.769,-0.954,-0.305,-1.051,-0.835,-1.194,-0.825,-1.954,-0.894,-1.662,-0.562,0.893
"KHM","CAMBODIA",1974,-5,0,NA,NA,NA,NA,NA,NA,NA,NA,NA,NA,NA,NA,6783240,50.9504455098154,NA,NA,NA,14.8192629200358,1463549926.75781,NA,NA,NA,NA,NA,NA,NA,39.296,32.809,48.165,NA,NA,NA,NA,NA,"Asia","South-Eastern Asia",0,0.086,0.417,-0.059,-0.136,-0.118,-0.251,-0.141,2.654,0.444,0.47,0,0,0.2,0,0.6,0.8,0.2,0,0,0,0.4,0,0,0.8,0.828,-2.174,-1.077,NA,-0.009,0.545,-0.769,-0.954,-0.305,-1.051,-0.835,-1.194,-0.825,-1.954,-0.894,-1.662,-0.562,0.893
"KHM","CAMBODIA",1975,0,0,113.825789208758,NA,NA,NA,NA,NA,NA,NA,NA,NA,NA,NA,6581371,51.4751483429291,NA,NA,NA,NA,356838806.152344,NA,NA,NA,NA,NA,NA,NA,12.784,11.25,15.221,NA,NA,NA,NA,NA,"Asia","South-Eastern Asia",0,0.006,0.014,-3.005,-2.872,-2.192,-2.958,-2.681,-0.364,-2.328,-2.199,0,0,0.2,0,0.3,0.8,0.2,0,0.15,0,0.25,0,0.15,0.5,0.86,-1.698,-1.533,NA,0.771,1.445,-1.516,-1.662,1.196,-1.804,-3.073,-2.808,NA,NA,NA,NA,-1.02,0.84
"KHM","CAMBODIA",1976,-7,0,128.827777341533,13.179779588667,NA,NA,NA,NA,NA,NA,NA,NA,NA,NA,6134991,52.1586421235174,NA,NA,NA,NA,2732597.11265564,NA,NA,NA,NA,NA,NA,NA,11.632,10.438,13.139,NA,NA,NA,NA,NA,"Asia","South-Eastern Asia",0,0.014,0.01,-3.005,-3.625,-2.192,-2.958,-2.681,-0.437,-3.138,-2.199,0,0,0.341,0,0.2,0.659,0.2,0,0.2,0,0.2,0,0.2,0.4,0.895,-1.698,-2.471,-1.023,0.771,1.445,-1.516,-1.662,1.196,-1.804,-3.073,-2.808,NA,NA,-2.519,-1.641,-1.02,0.831
"KHM","CAMBODIA",1977,-7,0,126.357117453489,-1.9178006009481,NA,NA,NA,NA,NA,NA,NA,NA,NA,NA,5668551,52.6910316234255,NA,NA,NA,NA,1101539.01576996,NA,NA,NA,NA,NA,NA,NA,11.295,10.128,12.749,NA,NA,NA,NA,NA,"Asia","South-Eastern Asia",0,0.018,0.01,-3.005,-3.625,-2.192,-2.958,-2.681,-0.437,-3.138,-2.199,0,0,0.4,0,0.2,0.6,0.2,0,0.2,0,0.2,0,0.2,0.4,0.883,-1.698,-2.471,-1.023,0.771,1.445,-1.516,-1.662,1.196,-1.804,-3.073,-2.808,1.141,-1.976,-2.519,-1.641,-1.02,0.829
"KHM","CAMBODIA",1978,-7,0,147.101573366096,16.4173228470829,NA,NA,NA,NA,NA,NA,NA,NA,NA,NA,5211653,53.3461558830098,NA,NA,NA,NA,680853.009223938,NA,NA,NA,NA,NA,NA,NA,11.573,10.25,13.374,NA,NA,NA,NA,NA,"Asia","South-Eastern Asia",0,0.018,0.01,-3.005,-3.625,-2.192,-2.958,-2.027,-0.437,-3.138,-2.199,0,0,0.4,0,0.2,0.6,0.2,0,0.2,0,0.2,0,0.2,0.4,0.883,-1.698,-2.471,-1.023,0.771,1.445,-1.516,-1.662,1.196,-1.804,-3.073,-2.808,1.141,-1.976,-2.519,-1.641,-1.02,0.829
"KHM","CAMBODIA",1979,NA,0,142.221617062037,-3.31740592054315,NA,NA,NA,NA,NA,NA,NA,NA,NA,NA,5088808,53.7693503075769,NA,NA,NA,NA,307919677.734375,NA,NA,NA,NA,NA,NA,NA,41.072,33.338,49.963,NA,NA,NA,NA,NA,"Asia","South-Eastern Asia",0,0.012,0.01,-3.005,-3.625,-2.192,-2.958,-1.991,-0.179,-2.467,-2.199,0,0,0.6,0,0.2,0.6,0.2,0,0.2,0,0.2,0,0.2,0.4,0.883,-1.698,-2.471,-1.023,1.295,1.23,-1.516,-1.662,1.15,-1.804,-3.073,-2.808,1.141,-1.976,-2.519,-1.641,-1.02,0.829
"KHM","CAMBODIA",1980,NA,0,143.154317973128,0.655808118595745,NA,NA,NA,NA,NA,NA,NA,NA,NA,NA,5199872,53.7832469722332,NA,NA,NA,NA,679980346.679688,NA,NA,NA,NA,NA,NA,NA,47.498,43.307,51.375,NA,NA,NA,NA,NA,"Asia","South-Eastern Asia",0,0.022,0.045,-2.528,-2.055,-0.314,-1.419,-1.883,1.146,-1.023,-2.199,0,0,0.4,0,0.2,0.6,0.2,0,0.2,0,0.2,0,0,0.8,0.93,-0.343,-2.471,-1.023,-0.549,-1.281,-1.96,-2.286,0.309,-2.815,-3.073,-1.88,1.141,-1.976,-1.863,-0.613,-1.02,0.765
"KHM","CAMBODIA",1981,NA,0,154.253841174151,7.75353713263929,138.127349853516,NA,NA,NA,NA,NA,NA,NA,NA,NA,5284495,53.7262966988716,NA,NA,NA,NA,292277282.714844,NA,NA,NA,NA,NA,NA,NA,48.035,43.781,51.94,NA,NA,NA,NA,NA,"Asia","South-Eastern Asia",1,0.024,0.045,-2.528,-2.055,-0.314,-1.419,-1.883,1.146,-1.023,-2.199,0,0,0.4,0,0.2,0.6,0.2,0,0.2,0,0.2,0,0,0.8,0.93,-0.343,-2.471,-1.311,-0.549,-1.281,-1.96,-2.286,0.309,-2.815,-3.073,-1.88,1.141,-1.976,-1.863,-0.613,-1.02,0.779
"KHM","CAMBODIA",1982,NA,0,159.206634020357,3.21080681589922,168.681747436523,NA,NA,NA,NA,NA,NA,NA,NA,NA,5436432,53.6270013812366,NA,NA,NA,NA,96093460.0830078,NA,NA,NA,NA,NA,NA,NA,48.755,44.413,52.756,NA,NA,NA,NA,NA,"Asia","South-Eastern Asia",1,0.02,0.045,-2.528,-2.055,-0.314,-1.419,-1.883,1.146,-1.023,-2.199,0,0,0.4,0,0.2,0.6,0.2,0,0.2,0,0.2,0,0,0.8,0.959,-0.343,-2.471,-1.311,-0.549,-1.281,-1.96,-2.286,0.309,-2.815,-3.073,-1.88,-1.517,-1.976,-2.46,-2.581,-1.02,0.786
"KHM","CAMBODIA",1983,NA,0,166.65319934361,4.677295873425,189.944625854492,NA,NA,NA,NA,NA,NA,NA,NA,NA,5636203,53.5027665793384,NA,NA,NA,NA,104586555.480957,NA,NA,NA,NA,NA,NA,NA,49.383,45.099,53.319,NA,NA,NA,NA,NA,"Asia","South-Eastern Asia",1,0.021,0.045,-2.528,-2.055,-0.314,-1.419,-1.883,1.146,-1.023,-2.199,0,0,0.4,0,0.2,0.6,0.2,0,0.2,0,0.2,0,0,0.8,0.959,-0.343,-2.471,-1.311,-0.549,-1.281,-1.96,-2.286,0.309,-2.815,-3.073,-1.88,-1.517,-1.976,-2.46,-2.581,-1.02,0.786
"KHM","CAMBODIA",1984,NA,0,174.705837134358,4.8319731169066,198.885192871094,NA,NA,NA,NA,NA,NA,NA,NA,NA,5845117,53.3803423643458,NA,NA,NA,NA,60472396.8505859,NA,NA,NA,NA,NA,NA,NA,50.089,45.816,54.033,NA,NA,NA,NA,NA,"Asia","South-Eastern Asia",1,0.021,0.045,-2.528,-2.055,-0.314,-1.419,-1.883,1.146,-1.023,-2.199,0,0,0.4,0,0.2,0.6,0.2,0,0.2,0,0.2,0,0,0.8,0.959,-0.343,-2.471,-1.311,-0.549,-1.281,-1.96,-2.286,0.309,-2.815,-3.073,-1.88,-1.517,-1.976,-2.46,-2.581,-1.02,0.786
"KHM","CAMBODIA",1985,NA,0,182.446852317187,4.43088525821592,197.122665405273,NA,NA,NA,NA,NA,NA,NA,NA,NA,6043783,53.2719898659515,NA,NA,NA,NA,39586441.0400391,NA,NA,NA,NA,NA,NA,NA,50.799,46.528,54.736,NA,NA,NA,NA,NA,"Asia","South-Eastern Asia",1,0.021,0.045,-2.528,-2.055,-0.314,-1.419,-1.883,1.146,-1.023,-2.199,0,0,0.4,0,0.2,0.6,0.2,0,0.2,0,0.2,0,0,0.8,0.959,-0.343,-2.471,-1.311,-0.549,-1.281,-1.96,-2.286,0.309,-2.815,-3.073,-1.88,-1.517,-1.976,-2.46,-2.581,-1.02,0.786
"KHM","CAMBODIA",1986,NA,0,185.759997798349,1.81595102304206,192.897354125977,NA,NA,NA,NA,NA,NA,NA,NA,NA,6285693,53.0957291575852,NA,NA,NA,NA,34908721.9238281,NA,NA,NA,NA,NA,NA,NA,51.555,47.326,55.446,NA,NA,NA,NA,1.14685088240056,"Asia","South-Eastern Asia",1,0.021,0.045,-2.528,-2.055,-0.314,-1.419,-1.883,1.146,-1.023,-2.199,0,0,0.4,0,0.2,0.6,0.2,0,0.2,0,0.2,0,0,0.8,0.959,-0.343,-2.471,-1.311,-0.549,-1.281,-1.96,-2.286,0.309,-2.815,-3.073,-1.88,-1.517,-1.976,-2.46,-2.581,-1.02,0.786
"KHM","CAMBODIA",1987,NA,0,158.124375446975,-14.8770578590196,173.473754882812,NA,NA,NA,NA,NA,NA,NA,NA,NA,6557970,52.8506615386563,NA,NA,NA,NA,33480216.9799805,NA,NA,NA,NA,NA,NA,NA,53.674,50.75,56.286,NA,NA,NA,NA,1.5742453461372,"Asia","South-Eastern Asia",1,0.021,0.045,-2.528,-2.055,-0.314,-1.419,-1.883,1.146,-1.023,-2.199,0,0,0.4,0,0.2,0.6,0.2,0,0.2,0,0.2,0,0,0.8,0.959,-0.343,-2.471,-1.311,-0.549,-1.281,-1.96,-2.286,0.309,-2.815,-3.073,-1.88,-1.517,-1.976,-2.46,-2.581,-1.02,0.786
"KHM","CAMBODIA",1988,NA,0,244.109577464605,54.3782081507503,152.256423950195,NA,NA,NA,NA,NA,NA,NA,NA,NA,6812014,52.6801618434724,NA,NA,NA,NA,38959159.8510742,NA,NA,NA,NA,NA,2.09870004653931,NA,54.433,51.759,56.821,NA,NA,NA,NA,1.2782035615864,"Asia","South-Eastern Asia",1,0.021,0.045,-2.528,-2.055,-0.314,-1.419,-1.883,1.146,-1.023,-2.199,0,0,0.4,0,0.2,0.6,0.2,0,0.2,0,0.2,0,0,0.8,0.959,-0.343,-2.471,-1.311,-0.549,-1.281,-1.96,-2.286,0.309,-2.815,-3.073,-1.88,-1.517,-1.976,-2.46,-2.581,-1.02,0.786
"KHM","CAMBODIA",1989,-7,0,191.297492431658,-21.6345813144528,135.981109619141,NA,NA,NA,NA,NA,NA,NA,NA,NA,7073473,52.5078840337696,NA,NA,NA,NA,45187347.4121094,NA,NA,NA,NA,NA,NA,NA,54.768,51.928,57.31,NA,NA,NA,NA,1.99245358205796,"Asia","South-Eastern Asia",1,0.021,0.045,-2.528,-2.055,-0.314,-1.419,-1.616,1.146,-1.023,-2.199,0,0,0.4,0,0.2,0.6,0.2,0,0.2,0,0.2,0,0,0.8,0.961,-0.343,-2.471,-1.311,-0.549,-1.552,-1.96,-2.286,0.309,-2.815,-3.073,-1.88,-1.517,-1.976,-2.46,-2.581,-1.02,0.786
"KHM","CAMBODIA",1990,-5,0,190.181470036159,-0.583396249115859,113.417427062988,NA,NA,NA,NA,NA,NA,NA,0,NA,7374752,52.2615469290972,0.00999999977648258,NA,NA,NA,71270866.394043,NA,NA,NA,NA,NA,2.0720999241,NA,55.205,52.374,57.757,NA,NA,NA,NA,2.07137559385002,"Asia","South-Eastern Asia",1,0.027,0.101,-1.633,-1.697,-0.314,-1.419,-1.847,1.239,-1.023,-2.199,0,0,0.4,0,0.2,0.6,0.2,0,0.2,0,0.2,0,0,0.6,0.965,-0.343,-2.471,-1.311,-1.299,-1.536,-1.96,-2.286,0.309,-2.815,-3.073,-1.88,-1.517,-1.976,-2.46,-2.581,-1.02,0.786
"KHM","CAMBODIA",1991,-3,0,267.336306726982,40.5690610531897,103.981986999512,NA,NA,NA,NA,NA,NA,NA,NA,NA,7686850,52.0258561082701,0.105638802051544,NA,NA,NA,146818222.045898,NA,NA,NA,NA,NA,NA,NA,55.582,53.066,57.843,NA,NA,NA,NA,2.32789658450414,"Asia","South-Eastern Asia",1,0.028,0.101,-1.633,-1.697,-0.314,-1.419,-1.847,1.239,-1.023,-2.199,0,0,0.4,0,0.2,0.6,0.2,0,0.2,0,0.2,0,0,0.6,0.957,-0.343,-2.471,-1.311,-1.299,-1.536,-1.96,-2.286,0.309,-2.815,-2.483,-1.402,-1.517,-1.976,-2.46,-2.581,-0.757,0.765
"KHM","CAMBODIA",1992,-1,0,307.094922385136,14.8721347073735,NA,NA,NA,NA,NA,NA,NA,NA,NA,NA,8113083,51.8385733464611,0.477305948734283,NA,NA,NA,293683776.855469,NA,NA,NA,NA,NA,NA,NA,55.747,53.245,58.012,NA,NA,NA,NA,3.14593301435407,"Asia","South-Eastern Asia",1,0.041,0.292,-0.412,-1.168,-0.314,-0.096,-0.265,0.927,-0.642,-1.584,0,0,0.4,0,0.2,0.6,0.2,0,0.2,0,0.2,0,0,0.6,0.943,-0.343,-0.033,-1.311,-1.299,-1.27,-1.96,-2.286,0.309,-2.815,-2.483,-1.402,-1.517,-1.976,-2.46,-2.581,-0.757,0.765
"KHM","CAMBODIA",1993,1,0,294.059372727558,-4.24479491758895,NA,NA,NA,NA,NA,45.2943821816409,NA,NA,NA,NA,8616381,51.7073467387294,0.57030314207077,39.4239678569411,0,5.47129623378338,430164398.193359,NA,NA,NA,NA,NA,NA,NA,56.036,53.689,58.165,NA,NA,NA,NA,1.76128949875169,"Asia","South-Eastern Asia",1,0.104,0.472,0.155,-0.286,0.036,0.499,-0.258,2.551,-0.109,-1.058,0,0,0.454,0.107,0.307,0.546,0.2,0.054,0.254,0.054,0.254,0,0.054,0.546,0.889,-0.095,1.619,-0.629,-2.684,-2.272,-0.869,-1.781,-1.629,-2.049,-1.414,-0.228,-1.064,-1.976,-1.313,-0.321,-1.061,0.737
"KHM","CAMBODIA",1994,1,0,302.1307854832,2.74482417641557,104.670349121094,NA,NA,NA,NA,45.5577095437597,NA,NA,NA,NA,9239162,51.7216604709388,2.76906442642212,36.2557496302954,0,6.74392193192115,403330688.476563,NA,NA,NA,NA,NA,NA,NA,56.221,53.961,58.273,NA,NA,NA,NA,3.84234290025109,"Asia","South-Eastern Asia",1,0.139,0.508,0.338,-0.286,0.036,0.499,-0.072,0.753,0.235,-0.492,0,0,0.8,0.4,0.6,0.4,0.2,0.2,0.4,0.2,0.4,0,0.2,0.2,0.887,0.126,-0.309,-0.629,-2.684,-2.272,-0.869,-1.468,-1.607,-1.645,-1.015,-0.619,-1.109,-0.611,-1.313,-0.573,-1.061,0.712
"KHM","CAMBODIA",1995,1,0,343.485224671585,13.6875952982569,99.2087478637695,NA,NA,NA,NA,47.7245602129901,NA,NA,NA,NA,10018497,51.8478170927236,4.95864868164062,34.1915817554512,0,8.32675194752688,596461486.816406,NA,NA,NA,NA,NA,NA,NA,56.562,54.263,58.652,NA,NA,NA,NA,3.57731057861843,"Asia","South-Eastern Asia",1,0.14,0.508,0.338,-0.286,0.042,0.499,-0.072,0.753,0.235,-0.492,0,0,0.8,0.4,0.6,0.4,0.2,0.2,0.4,0.2,0.4,0,0.2,0.2,0.887,0.126,-0.309,-0.629,-2.684,-2.272,-0.869,-1.468,-1.607,-1.645,-1.015,-0.619,-1.109,-0.611,-1.313,-0.573,-1.061,0.712
"KHM","CAMBODIA",1996,1,0,324.655870983004,-5.48185259106392,NA,NA,NA,NA,NA,44.4630795625178,NA,NA,NA,NA,10801270,51.9526640804891,7.13599586486816,35.9810694223313,0,8.26618207665232,504513153.076172,NA,NA,NA,NA,NA,NA,NA,56.832,54.587,58.862,NA,NA,NA,NA,3.23845458339129,"Asia","South-Eastern Asia",1,0.14,0.508,0.338,-0.286,0.042,0.499,-0.072,0.753,0.235,-0.492,0,0,0.8,0.4,0.6,0.4,0.2,0.2,0.4,0.2,0.4,0,0.2,0.2,0.887,0.126,-0.309,-0.629,-2.684,-2.272,-0.869,-1.468,-1.607,-1.645,-1.015,-0.619,-1.109,-0.611,-1.313,-0.573,-1.061,0.712
"KHM","CAMBODIA",1997,-7,0,297.59041960803,-8.33665853416551,95.8664703369141,NA,22.2688694000244,13.4947595596313,83.10079,44.4472126770339,NA,NA,0.00584,NA,11570982,52.045288809541,9.29804801940918,35.0877626951943,0,7.1281537497844,461316040.039063,NA,NA,NA,NA,NA,NA,NA,57.266,55.071,59.242,NA,0.205980718135834,NA,NA,3.00336116231161,"Asia","South-Eastern Asia",1,0.137,0.508,0.338,-0.286,0.042,0.499,-0.072,2.198,0.235,-0.492,0,0,0.8,0.4,0.6,0.4,0.2,0.2,0.4,0.2,0.4,0,0.2,0.2,0.887,0.126,-0.309,-0.629,-2.684,-2.272,-0.869,-1.468,-1.607,-1.645,-1.015,-0.619,-1.109,-0.611,-1.313,-0.573,-1.061,0.712
"KHM","CAMBODIA",1998,2,0,258.780953189377,-13.041235154603,94.2373809814453,NA,37.4265403747559,26.8920593261719,84.72523,44.4799589633803,NA,NA,0.0163,NA,12058173,52.0574677488429,18.67,34.8040317435791,0,6.55608221507239,440745117.1875,67.3399963378906,79.4800033569336,56.9900016784668,NA,NA,NA,NA,57.859,55.717,59.779,NA,NA,NA,NA,2.66204789979779,"Asia","South-Eastern Asia",1,0.132,0.536,0.338,0.009,0.042,0.613,0.386,0.775,0.235,-0.492,0,0,0.8,0.2,0.6,0.4,0.2,0.2,0.4,0.2,0.6,0,0.2,0.2,0.907,0.126,-0.496,-1.196,-2.684,-2.272,-0.869,-1.468,-1.607,-1.645,-1.342,-1.487,-1.109,-0.611,-1.313,-0.913,-1.061,0.732
"KHM","CAMBODIA",1999,2,0,286.753596443196,10.809390300587,98.3724899291992,NA,46.6328392028809,36.2532501220703,86.69373,40.903852994265,NA,NA,0.032,NA,12265731,51.9882058404668,13.5640296936035,35.4418475117996,0,3.39355720847191,361144348.144531,NA,NA,NA,NA,NA,NA,NA,58.611,56.43,60.567,NA,NA,NA,NA,2.51002908172038,"Asia","South-Eastern Asia",1,0.125,0.536,0.338,0.009,0.042,0.613,0.386,1.084,0.235,-0.492,0,0,0.8,0.2,0.6,0.4,0.2,0.2,0.4,0.2,0.6,0,0.2,0.2,0.904,0.126,-0.496,-1.196,-2.684,-2.272,-0.869,-1.468,-1.607,-1.645,-1.186,-1.156,-1.109,-0.611,-1.313,-0.913,-1.061,0.758
"KHM","CAMBODIA",2000,2,0,296.426687526334,3.3733111644004,102.792739868164,NA,NA,NA,92.40854,35.5277357364566,84.8,NA,0.0470226,NA,12462336,51.9124103217888,16.6,36.7145633549895,0,2.46904397167855,498612457.275391,NA,NA,NA,95.037971496582,6.48126554,NA,853,59.491,57.296,61.465,NA,NA,35.2259546518326,9.16114151477814,2.18580351927626,"Asia","South-Eastern Asia",1,0.124,0.536,0.338,0.009,0.042,0.613,0.386,-0.308,0.235,-0.492,0,0,1,0.6,0.4,0.4,0,0.2,0.4,0.2,0.4,0,0.2,0.2,0.907,0.126,-0.933,-1.196,-2.684,-2.272,-0.869,-1.468,-1.607,-1.645,-1.186,-1.156,-1.109,-0.611,-1.313,-0.913,-1.061,0.758
"KHM","CAMBODIA",2001,2,0,327.500984314444,10.4829619247253,110.342948913574,NA,55.8905982971191,45.0729904174805,NA,32.9653772534886,NA,NA,0.0769561,NA,12658484,51.8381111039837,17.7442817687988,38.0576690261835,0,2.53091563396547,534368347.167969,NA,NA,NA,NA,6.76028347,NA,815,60.457,58.214,62.478,NA,0.138716027140617,NA,NA,1.70559956511647,"Asia","South-Eastern Asia",1,0.126,0.536,0.338,0.009,0.042,0.613,0.386,-0.308,0.235,-0.492,0,0,1,0.6,0.4,0.4,0,0.2,0.4,0.2,0.4,0,0.2,0.2,0.907,0.126,-0.933,-1.196,-2.684,-2.272,-0.869,-1.468,-1.607,-1.645,-1.186,-1.156,-1.109,-0.611,-1.313,-0.913,-1.061,0.758
"KHM","CAMBODIA",2002,2,0,350.147276634294,6.91487763533149,123.66854095459,NA,63.6068305969238,54.2819900512695,NA,29.6110046760937,79.2,NA,0.226983,7.77854123062594,12855241,51.7670145766217,19.8128566741943,38.9991210756479,0,2.59547615171282,596104003.90625,NA,NA,NA,NA,6.91952753,0.6,773,61.395,59.007,63.558,NA,NA,NA,NA,1.44629083177813,"Asia","South-Eastern Asia",1,0.124,0.533,0.338,0.04,0.042,0.613,0.386,-0.308,0.235,-0.492,0,0,1,0.6,0.4,0.4,0,0.2,0.4,0.2,0.4,0,0.2,0.2,0.907,0.126,-0.933,-1.196,-2.684,-2.272,-0.869,-1.468,-1.607,-1.645,-1.186,-1.156,-1.109,-0.611,-1.313,-0.913,-1.061,0.758
"KHM","CAMBODIA",2003,2,0,386.691123931778,10.4367075616732,126.512390136719,NA,68.9669799804688,60.9558715820312,97.43006,29.4743795697528,NA,NA,0.26057,6.9576526931552,13050968,51.6992915774523,19.3,38.7302502795091,0,3.41050263145395,560278381.347656,NA,NA,NA,NA,6.45762444,NA,728,62.345,59.919,64.549,NA,0.155596181750298,NA,NA,1.33610258818851,"Asia","South-Eastern Asia",1,0.126,0.533,0.338,0.04,0.042,0.613,0.386,-0.308,0.235,-0.492,0,0,1,0.6,0.4,0.4,0,0.2,0.4,0.2,0.4,0,0.2,0.2,0.906,0.32,-0.933,-1.142,-2.684,-2.272,-0.869,-1.468,-1.607,-1.645,-1.186,-1.156,-1.109,-0.611,-1.313,-0.913,-1.061,0.737
"KHM","CAMBODIA",2004,2,0,444.199067529081,14.871803369205,129.020355224609,NA,80.4633407592773,73.5685806274414,NA,26.6286627547039,73.6,NA,0.300437,7.36468106628645,13244731,51.6315808905443,23.9372177124023,39.4440355684958,0,3.20411639282305,488658935.546875,73.6100006103516,84.6800003051758,64.0500030517578,NA,6.48521805,NA,683,63.256,60.961,65.334,NA,NA,NA,NA,1.17651607638203,"Asia","South-Eastern Asia",1,0.126,0.533,0.338,0.04,0.042,0.613,0.386,-0.775,0.235,-0.492,0,0,1,0.6,0.4,0.4,0,0.2,0.4,0.2,0.4,0,0.2,0.2,0.905,0.32,-0.933,-1.142,-2.684,-2.272,-0.869,-1.468,-1.607,-1.645,-1.186,-1.156,-1.109,-0.611,-1.313,-0.913,-1.061,0.74
"KHM","CAMBODIA",2005,2,0,525.797325120926,18.3697498614184,129.551315307617,NA,88.6341018676758,85.5393905639648,NA,27.4457888917427,NA,NA,0.317322,7.02950143251874,13439202,51.5621424871698,20.5,39.3541365970232,0,1.80881542802358,533712585.449219,NA,NA,NA,65.5771026611328,6.15001392,0.59,640,64.113,61.911,66.101,NA,NA,49.2946922779083,28.9074242115021,1.00419041063819,"Asia","South-Eastern Asia",1,0.123,0.533,0.338,0.04,0.042,0.613,0.386,-0.775,0.235,-0.492,0.222,0.111,1,0.778,0.667,0.667,0,0.222,0.333,0.111,0.222,0.222,0.222,0.111,0.905,0.32,-0.933,-1.142,-2.684,-2.272,-0.869,-1.468,-1.607,-1.645,-1.186,-1.156,-1.109,-0.611,-1.313,-0.913,-1.061,0.74
"KHM","CAMBODIA",2006,2,0,612.252648550727,16.4427088726474,128.404861450195,NA,89.4789276123047,89.0985717773438,94.83255,26.2857429362019,67.9,NA,0.468357,7.1250108273585,13639028,51.488101020696,28.0849475860596,39.1127580064829,0,1.80686995063803,547968811.035156,NA,NA,NA,NA,5.36440325,NA,593,64.886,62.692,66.869,NA,0.190632507205009,NA,NA,0.908700457988102,"Asia","South-Eastern Asia",1,0.123,0.533,0.338,0.04,0.042,0.613,0.386,-0.775,0.235,-0.492,0.222,0.111,1,0.778,0.667,0.667,0,0.222,0.333,0.111,0.222,0.222,0.222,0.111,0.905,0.32,-0.933,-1.142,-2.684,-2.272,-0.869,-1.468,-1.607,-1.645,-1.186,-1.156,-1.109,-0.611,-1.313,-0.913,-1.061,0.74
"KHM","CAMBODIA",2007,2,0,731.692295125426,19.5082286466913,127.717086791992,NA,89.2106704711914,89.605598449707,95.88748,25.4656283422573,NA,NA,0.49,8.27164124425787,13841770,51.4123879090327,30.1827335357666,39.1671077567889,0,2.24551946036928,690067138.671875,NA,NA,NA,NA,4.42702723,NA,549,65.549,63.395,67.497,NA,NA,NA,NA,0.780175183344973,"Asia","South-Eastern Asia",1,0.123,0.521,0.303,-0.093,0.042,0.613,0.386,-0.775,0.204,-0.492,0.222,0.111,1,0.778,0.667,0.667,0,0.222,0.333,0.111,0.222,0.222,0.222,0.111,0.905,0.32,-0.933,-1.142,-2.684,-2.272,-0.869,-1.468,-1.607,-1.645,-1.186,-1.156,-1.109,-0.611,-1.313,-0.913,-1.061,0.74
"KHM","CAMBODIA",2008,2,0,866.283999789749,18.3945772780417,124.066017150879,NA,85.8298034667969,87.1149826049805,94.57758,28.0340869915092,62.3,NA,0.51,8.97517318907142,14053479,51.3431229377437,26.4,39.4864614805622,0,3.09984061594357,628916931.152344,76.870002746582,84.9899978637695,69.5899963378906,NA,5.61296654,0.64,509,66.147,63.974,68.114,NA,0.191499546170235,NA,NA,0.678731132114834,"Asia","South-Eastern Asia",1,0.121,0.521,0.303,-0.093,0.042,0.613,0.386,-0.775,0.204,-0.492,0.222,0.111,1,0.778,0.667,0.667,0,0.222,0.333,0.111,0.222,0.222,0.222,0.111,0.906,0.253,-0.933,-1.212,-2.684,-2.272,-0.869,-1.468,-1.607,-1.645,-1.186,-1.156,-1.109,-0.611,-1.313,-0.987,-1.061,0.747
"KHM","CAMBODIA",2009,2,0,875.748936193569,1.09259046757381,123.781600952148,NA,85.9359512329102,87.26904296875,NA,28.0893239418879,NA,NA,0.53,8.02652016530332,14276810,51.2975237465512,34.4443740844727,39.7876010219043,NA,2.86278006732138,663379699.707031,76.1399993896484,83.9300003051758,69.1100006103516,NA,6.3089695,NA,473,66.747,64.516,68.774,NA,0.184338837862015,NA,NA,1.09246347000704,"Asia","South-Eastern Asia",1,0.118,0.521,0.303,-0.093,0.042,0.613,0.386,-0.775,0.204,-0.492,0.222,0.111,1,0.778,0.667,0.667,0,0.222,0.333,0.111,0.222,0.222,0.222,0.111,0.905,0.253,-0.933,-1.212,-2.684,-2.272,-0.869,-1.468,-1.607,-1.645,-1.186,-1.156,-1.109,-0.611,-1.313,-0.987,-1.061,0.759
"KHM","CAMBODIA",2010,2,0,952.274616324008,8.73831265648541,123.357803344727,83.2,87.4771270751953,88.9791030883789,93.61728,27.8742916555508,56.6,NA,1.26,8.14393451068597,14500726,51.2715846089361,31.1,39.7207719064236,0,2.69595952988072,649610351.5625,NA,NA,NA,44.8900146484375,5.62713194,0.8,442,67.311,65.056,69.364,NA,NA,80.020010471344,65.0565564632416,1.21559876300051,"Asia","South-Eastern Asia",1,0.118,0.499,0.206,-0.242,0.042,0.613,0.386,-0.677,0.304,-0.492,0.222,0.111,1,0.778,0.667,0.667,0,0.222,0.222,0.111,0.222,0.222,0.222,0.111,0.905,0.253,-0.933,-1.212,-2.684,-2.272,-0.869,-1.468,-1.607,-1.645,-1.186,-1.156,-1.109,-0.611,-1.313,-0.987,-1.061,0.759
"KHM","CAMBODIA",2011,2,0,1088.98152823081,14.3558286195343,118.762440557356,89.75,88.0268589361002,89.0843989095791,97.51867,28.0358544598065,NA,NA,3.1,8.12593534301176,14722584,51.2473625553775,38.7781105041504,39.0826288683331,0,3.05094914293833,651445556.640625,NA,NA,NA,NA,6.00443649,NA,416,67.869,65.568,69.972,NA,NA,NA,NA,1.1985526648033,"Asia","South-Eastern Asia",1,0.118,0.499,0.206,-0.242,0.042,0.613,0.386,-0.889,0.304,-0.492,0.222,0.111,1,0.778,0.667,0.667,0,0.222,0.222,0.111,0.222,0.222,0.222,0.111,0.905,0.253,-0.933,-1.212,-2.684,-2.272,-0.869,-1.468,-1.607,-1.645,-1.186,-1.156,-1.109,-0.611,-1.313,-0.987,-1.061,0.759
"KHM","CAMBODIA",2012,2,0,1192.80263041673,9.5337799121892,115.41843697639,NA,91.722237849369,92.1394247350905,97.40673,26.7953499375283,51,NA,4.94,8.73743328155956,14945085,51.225185321784,40.9645042419434,39.4003358287519,0,2.30628839011523,766222717.285156,NA,NA,NA,NA,5.77632856,NA,393,68.371,65.993,70.554,NA,0.235864207148552,NA,NA,1.21900137646164,"Asia","South-Eastern Asia",1,0.118,0.488,0.156,-0.316,0.042,0.613,0.397,-0.679,0.304,-0.492,0.222,0.111,1,0.778,0.667,0.667,0,0.222,0.222,0.111,0.222,0.222,0.222,0.111,0.905,0.253,-0.933,-1.212,-2.684,-2.272,-0.869,-1.468,-1.607,-1.645,-1.186,-1.156,-1.109,-0.611,-1.313,-0.987,-1.061,0.759
"KHM","CAMBODIA",2013,2,0,1305.6600972686,9.46153738883365,115.808136523857,NA,95.7676794945614,89.3169969672467,NA,24.447155140413,NA,NA,6,9.28638425469543,15170208,51.2048087936566,43.1599082946777,40.4061547515332,0,1.91421458050803,790479125.976563,79.6500015258789,86.4300003051758,73.5599975585938,NA,5.00863695,0.82,373,68.755,66.302,71.014,NA,NA,NA,NA,1.22920405585317,"Asia","South-Eastern Asia",1,0.114,0.474,0.039,-0.207,-0.242,0.597,0.397,-0.893,0.22,-0.878,0.222,0.111,1,0.778,0.667,0.667,0,0.222,0.222,0.111,0.222,0.222,0.222,0.111,0.902,0.208,-0.64,-1.002,-2.684,-2.274,-0.948,-1.377,-1.607,-1.69,-0.964,-1.156,-1.109,-0.611,-1.327,-1.03,-0.871,0.729
"KHM","CAMBODIA",2014,2,0,1431.56396469993,9.6429283314024,108.942219609284,NA,92.6370925452635,94.1197332029622,95.04806,22.1938152404445,45.4,NA,14,11.08378844624,15396772,51.185781019554,56.1,41.6886643787156,0,2.54882052672262,797194030.761719,78.0599975585938,84.8099975585938,71.7799987792969,27.9581298828125,4.40784645,NA,355,69.117,66.641,71.404,NA,NA,92.8240418434143,76.2321472167969,1.26114158531483,"Asia","South-Eastern Asia",1,0.114,0.44,-0.054,-0.367,-0.242,0.597,0.397,-0.893,0.043,-0.878,0.222,0.111,1,0.778,0.667,0.667,0,0.222,0.222,0.111,0.222,0.222,0.222,0.111,0.886,0.208,-0.582,-1.002,-2.116,-1.8,-0.948,-1.377,-1.607,-1.69,-0.964,-1.156,-1.109,-0.611,-1.202,-1.03,-0.871,0.73
"KHM","CAMBODIA",2015,2,0,1547.32010444393,8.08599144700206,103.759672683505,NA,87.1950237361139,90.7897804793248,95.26797,20.1408488554582,NA,NA,6.43319,10.8884929321084,15623251,51.1677819168366,47.5657386779785,42.2063048789912,0,1.81768657277543,756306335.449219,80.5299987792969,86.5299987792969,75.0299987792969,NA,4.53898621,0.83,339,69.398,66.893,71.717,NA,NA,NA,NA,1.34520463175237,"Asia","South-Eastern Asia",1,0.115,0.44,-0.054,-0.367,-0.618,0.597,0.397,-0.925,0.043,-0.878,0.222,0.111,1,0.778,0.667,0.667,0,0.222,0.222,0.111,0.222,0.222,0.222,0.111,0.887,0.208,-0.582,-1.002,-2.116,-1.8,-0.948,-1.377,-1.607,-1.69,-0.964,-1.156,-1.109,-0.611,-1.259,-1.03,-0.871,0.73
"KHM","CAMBODIA",2016,2,0,1675.19555711109,8.264317919731,101.734266788056,NA,82.6186506488937,87.936255834663,92.75899,18.9079815555917,39.7,NA,32.3985,11.1748765236774,15852803,51.1492163972022,49.7706565856934,41.7636314521345,0,1.84795765204296,797708312.988281,NA,NA,NA,NA,4.49053288,NA,326,69.635,67.109,71.981,NA,NA,NA,NA,1.43955694700576,"Asia","South-Eastern Asia",1,0.103,0.334,-0.551,-0.813,-0.889,0.597,0.397,-0.925,0.043,-0.878,0.222,0.111,1,0.778,0.667,0.667,0,0.222,0.222,0.111,0.222,0.222,0.222,0.111,0.89,0.208,-0.862,-1.002,-2.116,-1.8,-0.948,-1.377,-1.607,-1.69,-0.964,-1.156,-1.109,-0.611,-1.259,-1.03,-0.871,0.73
"KHM","CAMBODIA",2017,-4,0,1826.35391688754,9.02332621017249,100.69503505776,NA,81.3464184012918,86.645614494854,90.54321,17.8681771583586,NA,NA,32.9003,11.9278366151763,16073372,51.133458492717,NA,41.4183127540152,0,1.93735308627642,908426696.777344,NA,NA,NA,NA,4.26933241,NA,313,69.842,67.311,72.198,NA,NA,NA,NA,1.56181647470424,"Asia","South-Eastern Asia",1,0.078,0.281,-1.019,-0.813,-0.799,0.694,0.602,-1.133,-0.056,-0.878,0.212,0.112,0.912,0.712,0.612,0.612,0,0.2,0.212,0.1,0.2,0.2,0.2,0.1,0.908,0.27,-0.6,-1.002,-2.561,-1.8,-1.031,-1.377,-1.607,-1.69,-1.616,-1.156,-1.313,-0.611,-1.437,-1.431,-0.871,0.704
"KHM","CAMBODIA",2018,-4,0,2036.67377566578,11.5158325466658,99.6739108443274,NA,77.2712523756162,83.3586767680131,90.26554,16.4979479082228,39.7,NA,NA,12.6410723071222,16274522,51.123633615783,NA,40.2202510794724,0,0.878243793336486,809774108.886719,NA,NA,NA,NA,4.49707794,0.73,303,69.993,67.427,72.389,NA,NA,NA,NA,1.63716525982655,"Asia","South-Eastern Asia",1,0.07,0.257,-1.003,-1.073,-0.858,0.413,0.602,-0.835,0.099,-0.878,0.3,0.2,1,0.8,0.7,0.7,0,0.2,0.4,0.2,0.2,0.2,0.2,0.1,0.929,0.27,-1.238,-1.507,-2.561,-2.149,-1.031,-1.377,-1.607,-1.69,-1.616,-1.156,-1.313,-0.611,-1.682,-2.283,-1.182,0.757
"KHM","CAMBODIA",2019,NA,0,2225.87705485686,9.28981761594245,100.480819545412,NA,77.9924310779891,85.0183449530515,NA,15.4385065177157,NA,NA,52.3059,14.5706459641918,16481304,51.1119690529342,NA,39.1377249484506,0,0.714485690319546,1025191528.32031,87.6600036621094,90.8600006103516,84.7900009155273,NA,5.05801058,NA,293,70.127,67.526,72.561,NA,NA,NA,NA,1.62193704891153,"Asia","South-Eastern Asia",1,0.066,0.257,-1.003,-1.073,-0.858,0.413,0.602,-0.953,0.154,-0.878,0.3,0.2,1,0.8,0.7,0.7,0,0.2,0.4,0.2,0.2,0.2,0.2,0.1,0.934,0.27,-1.238,-1.507,-2.561,-2.149,-1.031,-1.377,-1.607,-1.69,-1.408,-1.156,-1.384,-0.611,-2.509,-2.478,-0.91,0.758
"KHM","CAMBODIA",2020,NA,0,2081.73914242939,-6.47555587641111,107.021018981934,NA,85.6966018676758,93.2106704711914,NA,17.0396522911435,39.7,NA,53.6508,13.2902084670658,16725474,51.0887554570206,NA,39.1436352494164,0.000136728305235044,0.939357675669705,1407501953.125,82.5991675957413,87.7916978428875,77.9623495606479,NA,5.13031435,NA,285,70.059,67.296,72.657,NA,NA,NA,NA,1.78010501633067,"Asia","South-Eastern Asia",1,0.063,0.266,-1.003,-1.175,-0.858,0.798,1.11,-1.026,0.154,-0.878,0.3,0.3,1,0.8,0.7,0.7,0,0.2,0.4,0.1,0.3,0.3,0.3,0.1,0.928,0.27,-1.133,-1.507,-2.561,-1.563,-1.031,-1.377,-1.607,-1.69,-1.617,-1.156,-1.384,-0.611,-2.509,-2.478,-0.664,0.736
"IDN","INDONESIA",1960,-5,0,NA,NA,NA,NA,NA,NA,NA,NA,NA,NA,NA,NA,88296070,50.2357534146197,NA,NA,NA,NA,877319274.902344,NA,NA,NA,NA,NA,0.740457057952881,NA,46.835,45.144,48.602,NA,NA,NA,NA,NA,"Asia","South-Eastern Asia",1,0.109,0.639,0.631,0.652,-0.864,0.997,-0.132,1.039,1.607,1.196,0.1,0.3,0.5,0.3,0.5,0.6,0.1,0.3,0.3,0.1,0.1,0.3,0.1,0.1,0.807,-0.304,0.566,-0.067,-1.927,-1.052,-1.454,-0.514,-1.001,-0.171,-0.068,-0.611,-0.755,-1.376,-1.33,-2.331,0.174,0.561
"IDN","INDONESIA",1961,-5,0,NA,NA,NA,NA,NA,NA,NA,NA,NA,NA,NA,NA,90791249,50.2275791995374,NA,NA,NA,NA,1151291870.11719,NA,NA,NA,NA,NA,NA,NA,47.385,45.688,49.16,NA,NA,NA,NA,NA,"Asia","South-Eastern Asia",0,0.105,0.639,0.631,0.652,-0.864,0.997,-0.132,1.039,1.607,1.196,0.1,0.3,0.5,0.3,0.5,0.6,0.1,0.3,0.3,0.2,0.1,0.2,0.1,0.1,0.807,-0.304,0.566,NA,-1.927,-1.052,-1.454,-0.514,-1.001,-0.171,-0.068,-0.611,-0.755,-1.376,-1.33,-2.331,0.174,0.561
"IDN","INDONESIA",1962,-5,0,NA,NA,NA,NA,NA,NA,NA,NA,NA,NA,NA,NA,93375850,50.2173988242142,NA,NA,NA,NA,1516882568.35938,NA,NA,NA,NA,NA,NA,NA,48.141,46.525,49.826,NA,NA,NA,NA,NA,"Asia","South-Eastern Asia",0,0.105,0.639,0.631,0.652,-0.864,0.997,-0.132,1.039,1.607,1.196,0.1,0.3,0.6,0.3,0.5,0.6,0.1,0.3,0.3,0.1,0.1,0.3,0.1,0.1,0.807,-0.304,0.566,NA,-1.927,-1.052,-1.454,-0.514,-1.001,-0.171,-0.068,-0.611,-0.755,-1.376,-1.33,-2.331,0.174,0.561
"IDN","INDONESIA",1963,-5,0,NA,NA,NA,NA,NA,NA,NA,NA,NA,NA,NA,NA,96051424,50.2059042872701,NA,NA,NA,NA,846870239.257813,NA,NA,NA,NA,NA,NA,NA,48.742,47.089,50.466,NA,NA,NA,NA,NA,"Asia","South-Eastern Asia",0,0.103,0.639,0.631,0.652,-0.864,0.997,-0.132,1.039,1.607,1.196,0.1,0.3,0.6,0.3,0.4,0.6,0.1,0.3,0.3,0.1,0.1,0.3,0.1,0.1,0.807,-0.304,0.566,NA,-1.927,-1.052,-1.454,-0.514,-1.001,-0.171,-0.068,-0.611,-0.755,-1.376,-1.33,-2.331,0.174,0.561
"IDN","INDONESIA",1964,-5,0,NA,NA,NA,NA,NA,NA,NA,NA,NA,NA,NA,NA,98833749,50.1960818080075,NA,NA,NA,NA,506845062.255859,NA,NA,NA,NA,NA,NA,NA,49.44,47.697,51.262,NA,NA,NA,NA,NA,"Asia","South-Eastern Asia",0,0.103,0.639,0.631,0.652,-0.864,0.997,-0.132,1.039,1.607,1.196,0.1,0.3,0.6,0.3,0.4,0.5,0.1,0.3,0.3,0.2,0.1,0.3,0.1,0.1,0.807,-0.304,0.566,NA,-1.927,-1.052,-1.454,-0.514,-1.001,-0.171,-0.068,-0.611,-0.755,-1.376,-1.33,-2.331,0.174,0.561
"IDN","INDONESIA",1965,-5,0,NA,NA,NA,NA,NA,NA,NA,NA,NA,NA,NA,NA,101365130,50.2345466312277,NA,NA,NA,NA,331795318.603516,NA,NA,NA,NA,NA,NA,NA,42.762,39.045,47.05,NA,NA,NA,NA,NA,"Asia","South-Eastern Asia",0,0.089,0.469,-0.298,0.263,-0.864,0.997,-0.132,2.125,1.607,1.196,0.1,0.3,0.4,0.3,0.5,0.6,0.1,0.3,0.3,0.1,0.1,0.2,0.1,0.1,0.826,-0.304,0.566,NA,-1.927,-1.052,-1.454,-0.514,-1.965,-0.171,-0.068,-0.611,-0.834,-1.376,-1.681,-1.877,0.174,0.561
"IDN","INDONESIA",1966,-6,0,NA,NA,NA,NA,NA,NA,NA,NA,NA,NA,NA,NA,103792754,50.2786605920357,NA,NA,NA,NA,633834472.65625,NA,NA,NA,NA,NA,NA,NA,48.406,46.247,50.693,NA,NA,NA,NA,NA,"Asia","South-Eastern Asia",0,0.075,0.356,-0.186,-0.338,-1.871,-0.821,-0.434,1.932,-0.46,-0.574,0.164,0.199,0.511,0.347,0.602,0.693,0.238,0.272,0.272,0.017,0.238,0.035,0.091,0.091,0.899,-0.554,-0.326,NA,-2.315,-1.824,-1.881,-1.239,-1.965,0.279,-1.184,-1.593,-0.834,-1.376,-1.345,-1.877,0.174,0.591
"IDN","INDONESIA",1967,-7,0,53.2051866988581,NA,NA,NA,NA,NA,NA,NA,NA,NA,NA,NA,106526393,50.2799831989053,NA,NA,NA,NA,1709298706.05469,NA,NA,NA,NA,NA,NA,NA,51.309,49.211,53.519,NA,NA,NA,NA,NA,"Asia","South-Eastern Asia",0,0.069,0.349,-0.278,-0.338,-2.268,-0.821,-0.434,1.346,-0.432,-1.034,0.182,0.182,0.545,0.545,0.818,0.818,0.091,0.182,0.182,0,0.273,0,0.091,0.091,0.924,0.35,-0.326,NA,-2.501,-1.824,-1.679,-2.339,-2.626,-0.065,-1.438,-1.895,-0.834,-1.376,-1.469,-1.475,-0.308,0.606
"IDN","INDONESIA",1968,-7,0,64.6547730642556,21.5196808352582,NA,NA,NA,NA,NA,NA,NA,NA,NA,NA,109450006,50.278564626118,NA,NA,NA,NA,2400641601.5625,NA,NA,NA,NA,NA,NA,NA,51.888,49.713,54.185,NA,NA,NA,NA,NA,"Asia","South-Eastern Asia",0,0.066,0.349,-0.278,-0.338,-2.268,-0.821,-0.434,1.346,-0.771,-1.418,0.182,0.182,0.545,0.545,0.818,0.818,0.182,0.182,0.182,0,0.273,0,0.091,0.091,0.931,0.565,-0.326,NA,-2.545,-1.824,-1.679,-2.339,-2.626,-0.065,-2.422,-1.895,-0.834,-1.376,-1.469,-1.475,0.13,0.524
"IDN","INDONESIA",1969,-7,0,74.0988114128793,14.6068695334186,NA,NA,NA,NA,NA,NA,NA,NA,NA,NA,112517639,50.2769050257364,NA,NA,NA,NA,2321023681.64063,NA,NA,NA,NA,NA,NA,NA,52.588,50.43,54.863,NA,NA,NA,NA,NA,"Asia","South-Eastern Asia",0,0.067,0.349,-0.278,-0.338,-2.268,-0.821,-0.434,1.014,-0.771,-1.418,0.273,0.182,0.545,0.545,0.727,0.818,0.091,0.182,0.182,0,0.273,0,0.091,0.091,0.931,0.565,-0.326,NA,-2.545,-1.824,-1.679,-2.339,-2.626,-0.065,-2.422,-1.895,-0.834,-1.376,-1.469,-1.475,0.13,0.524
"IDN","INDONESIA",1970,-7,0,79.118823484002,6.77475383937151,84.181022644043,NA,NA,NA,NA,NA,NA,NA,NA,NA,115657495,50.2752134677931,NA,NA,0.336862259796396,3.60940308776086,3161964355.46875,NA,NA,NA,NA,NA,0.654600024223328,NA,53.254,51.027,55.608,NA,NA,NA,NA,NA,"Asia","South-Eastern Asia",0,0.06,0.349,-0.278,-0.338,-1.163,-0.821,-0.434,-0.551,-0.771,-1.418,0.273,0.182,0.545,0.636,0.818,0.818,0.182,0.182,0.182,0,0.273,0,0.091,0.091,0.938,0.714,-0.565,NA,-2.545,-1.824,-1.426,-2.339,-2.626,-0.065,-2.422,-2.795,-0.95,-1.376,-1.559,-1.569,0.481,0.435
"IDN","INDONESIA",1971,-7,0,78.5428393869752,-0.72799881452137,84.9481964111328,NA,NA,NA,70.05028,NA,NA,NA,NA,NA,118833702,50.2748828756098,NA,NA,0.393074983334933,3.3768595082994,3755388183.59375,NA,NA,NA,NA,NA,NA,NA,53.823,51.546,56.234,NA,NA,NA,NA,NA,"Asia","South-Eastern Asia",1,0.062,0.349,-0.278,-0.338,-1.163,-0.821,-0.434,-0.551,-0.771,-1.418,0.273,0.182,0.545,0.636,0.818,0.727,0.091,0.182,0.182,0,0.273,0,0.091,0.091,0.94,0.714,-0.565,-0.454,-2.674,-1.956,-1.516,-2.339,-2.626,-0.065,-2.422,-2.795,-1.017,-0.662,-1.787,-1.699,0.269,0.488
"IDN","INDONESIA",1972,-7,0,90.1147549138956,14.7332533649648,85.5888137817383,NA,NA,NA,71.18559,NA,NA,NA,NA,12.4452234881683,122039841,50.275227743045,NA,NA,1.3474557447482,4.98266891247508,2849526611.32813,NA,NA,NA,NA,NA,NA,NA,54.364,52.064,56.801,NA,NA,NA,NA,NA,"Asia","South-Eastern Asia",1,0.068,0.349,-0.278,-0.338,-1.163,-0.821,-0.434,-0.551,-0.771,-1.418,0.273,0.182,0.545,0.636,0.818,0.727,0.091,0.182,0.182,0,0.273,0,0.091,0.091,0.939,0.714,-0.565,-0.454,-2.674,-1.956,-1.516,-2.339,-2.626,-0.065,-2.422,-2.795,-1.017,-0.662,-1.787,-1.699,0.053,0.542
"IDN","INDONESIA",1973,-7,0,129.886231088685,44.1342554976607,85.6217422485352,NA,NA,NA,NA,NA,NA,NA,NA,13.8152634228685,125288515,50.275100634723,NA,NA,3.55777834499323,9.95168218346246,2898375488.28125,NA,NA,NA,NA,NA,NA,NA,54.916,52.627,57.339,NA,NA,NA,NA,NA,"Asia","South-Eastern Asia",1,0.068,0.349,-0.278,-0.338,-1.163,-0.821,-0.434,-0.551,-0.771,-1.418,0.273,0.182,0.545,0.727,0.909,0.727,0.182,0.182,0.182,0,0.273,0,0.091,0.091,0.939,0.714,-0.565,-0.454,-2.674,-1.956,-1.516,-2.339,-2.626,-0.065,-2.422,-2.795,-1.017,-0.662,-1.787,-1.699,0.053,0.542
"IDN","INDONESIA",1974,-7,0,200.710984454591,54.5282997068008,84.3972015380859,NA,NA,NA,70.91468,NA,NA,NA,NA,15.9693686963018,128555045,50.2746862270142,NA,NA,16.3717248190738,20.4671411529603,2725043945.3125,NA,NA,NA,NA,NA,NA,NA,55.443,53.129,57.894,NA,NA,NA,NA,2.70592080687337,"Asia","South-Eastern Asia",1,0.07,0.31,-0.543,-0.338,-1.163,-0.821,-0.434,-0.551,-0.901,-1.418,0.273,0.182,0.545,0.727,0.909,0.727,0.182,0.182,0.182,0,0.273,0,0.091,0.091,0.939,0.714,-0.565,-0.454,-2.674,-1.956,-1.516,-2.339,-2.626,-0.065,-2.422,-2.795,-1.017,-0.662,-1.787,-1.699,0.053,0.542
"IDN","INDONESIA",1975,-7,0,231.060120618497,15.1208147607747,86.4356002807617,NA,NA,NA,73.36134,NA,NA,NA,NA,16.5552699228792,131843848,50.2741045604191,NA,NA,14.1834892884666,17.3741910814135,2563174316.40625,NA,NA,NA,NA,NA,0.818300008773804,NA,55.998,53.676,58.459,NA,NA,NA,NA,3.49218904488827,"Asia","South-Eastern Asia",1,0.068,0.306,-0.543,-0.449,-2.297,-0.821,-0.434,0.031,-0.901,-1.777,0.273,0.182,0.545,0.727,0.818,0.727,0.182,0.182,0.182,0,0.273,0,0.091,0.091,0.939,0.714,-0.565,-0.454,-2.674,-1.956,-1.516,-2.339,-2.626,-0.065,-2.422,-2.795,-1.017,-0.662,-1.787,-1.699,0.053,0.542
"IDN","INDONESIA",1976,-7,0,275.713167824796,19.3252938182377,89.0282211303711,NA,NA,NA,76.27509,NA,NA,NA,NA,17.8900476507594,135173655,50.2728068552056,NA,NA,14.6294959716155,17.7273792126019,2364960693.35938,NA,NA,NA,NA,NA,NA,NA,56.445,54.103,58.925,NA,NA,NA,NA,3.42186762528529,"Asia","South-Eastern Asia",1,0.068,0.306,-0.543,-0.449,-2.297,-0.821,-0.434,0.031,-0.901,-1.777,0.273,0.182,0.545,0.727,0.909,0.818,0.182,0.182,0.182,0,0.273,0,0.091,0.091,0.939,0.714,-0.565,-0.454,-2.674,-1.956,-1.516,-2.339,-2.626,-0.065,-2.422,-2.795,-1.017,-0.662,-1.787,-1.699,0.053,0.542
"IDN","INDONESIA",1977,-7,0,330.670214101079,19.9326882752317,91.5327377319336,NA,NA,NA,78.66262,NA,NA,NA,NA,17.7215988890467,138533541,50.2696621318587,NA,NA,14.813753286107,18.2561333218604,1669858886.71875,NA,NA,NA,NA,NA,NA,NA,57.09,54.802,59.507,NA,NA,NA,NA,3.20608920239654,"Asia","South-Eastern Asia",1,0.06,0.306,-0.543,-0.449,-2.297,-0.821,-0.25,0.031,-0.901,-1.777,0.273,0.182,0.545,0.727,0.909,0.818,0.182,0.182,0.182,0,0.273,0,0.091,0.091,0.954,0.714,-1.189,-0.953,-2.674,-1.956,-1.755,-2.339,-2.626,-0.065,-2.422,-2.795,-1.134,-1.425,-2.192,-2.177,-0.389,0.615
"IDN","INDONESIA",1978,-7,0,362.483779779007,9.62093479281544,99.6736907958984,NA,NA,NA,85.4446,NA,NA,NA,NA,17.8932559570914,141953163,50.2631628556021,NA,NA,12.5927750710472,15.7761958164673,1745332763.67188,NA,NA,NA,NA,NA,NA,NA,57.607,55.405,59.923,NA,NA,NA,NA,3.16319352853249,"Asia","South-Eastern Asia",1,0.06,0.306,-0.543,-0.449,-2.297,-0.821,-0.25,0.031,-0.901,-1.777,0.273,0.182,0.545,0.727,0.909,0.727,0.182,0.182,0.182,0,0.273,0,0.091,0.091,0.958,0.714,-1.189,-0.953,-2.674,-2.029,-1.88,-2.339,-2.626,-0.065,-2.422,-2.795,-1.62,-1.425,-2.192,-2.177,-0.389,0.625
"IDN","INDONESIA",1979,-7,0,353.424175826329,-2.49931292324344,NA,NA,NA,NA,NA,NA,NA,NA,NA,20.2838996546491,145434834,50.2532374757841,NA,NA,29.9652954272508,34.9226550856586,1890329711.91406,NA,NA,NA,NA,NA,NA,NA,58.18,56.07,60.391,NA,NA,NA,NA,3.02025891948266,"Asia","South-Eastern Asia",1,0.058,0.306,-0.543,-0.449,-2.297,-0.821,-0.25,0.031,-0.901,-1.777,0.273,0.182,0.545,0.727,0.909,0.727,0.182,0.182,0.182,0,0.273,0,0.091,0.091,0.959,0.714,-1.189,-0.953,-2.674,-2.051,-1.88,-2.339,-2.626,-0.065,-2.422,-2.795,-1.62,-1.425,-2.192,-2.177,-0.389,0.625
"IDN","INDONESIA",1980,-7,0,486.620172021155,37.6872906001422,NA,NA,NA,NA,NA,NA,NA,NA,NA,21.7798383565442,148950540,50.2403267554451,NA,NA,24.353197772034,28.4443500142244,2202078613.28125,67.3099975585938,77.4800033569336,57.689998626709,NA,NA,NA,NA,58.701,56.672,60.821,NA,NA,NA,NA,2.91721769056258,"Asia","South-Eastern Asia",1,0.058,0.306,-0.543,-0.449,-2.297,-0.821,-0.25,0.031,-0.901,-1.777,0.273,0.182,0.545,0.727,0.909,0.818,0.091,0.182,0.182,0,0.273,0,0.091,0.091,0.959,0.714,-1.189,-0.953,-2.674,-2.051,-1.88,-2.339,-2.626,-0.065,-2.422,-2.795,-1.62,-1.425,-2.192,-2.177,-0.389,0.625
"IDN","INDONESIA",1981,-7,0,560.830336032961,15.2501207879602,109.634269714355,NA,NA,NA,90.12354,NA,NA,NA,NA,21.9464341903122,152485035,50.2247004107649,NA,NA,17.4960662019856,19.4531582953801,2364736328.125,NA,NA,NA,NA,NA,NA,NA,59.096,57.141,61.134,NA,NA,NA,NA,2.88462200140382,"Asia","South-Eastern Asia",1,0.058,0.306,-0.543,-0.449,-2.297,-0.821,-0.25,0.031,-0.901,-1.777,0.273,0.182,0.545,0.727,0.909,0.727,0.091,0.182,0.182,0,0.273,0,0.091,0.091,0.96,0.527,-1.189,-0.953,-2.674,-2.051,-1.88,-2.339,-2.626,-0.065,-2.422,-2.795,-1.62,-1.425,-2.192,-2.177,-0.389,0.639
"IDN","INDONESIA",1982,-7,0,577.745632722784,3.01611656913453,114.457229614258,NA,NA,NA,96.03236,NA,NA,NA,NA,20.0561437871232,156052152,50.2072973655628,NA,NA,9.25543574224988,10.8694649043359,2249911132.8125,NA,NA,NA,NA,NA,NA,NA,59.7,57.748,61.732,NA,NA,NA,NA,2.90192826971126,"Asia","South-Eastern Asia",1,0.058,0.306,-0.543,-0.449,-2.297,-0.821,-0.25,0.031,-0.901,-1.777,0.273,0.182,0.545,0.727,0.909,0.727,0.091,0.182,0.182,0,0.273,0,0.091,0.091,0.96,0.527,-1.189,-0.945,-2.674,-2.366,-1.88,-2.339,-2.626,-0.065,-2.422,-2.795,-1.62,-1.425,-2.192,-2.275,-0.389,0.639
"IDN","INDONESIA",1983,-7,0,507.682945653414,-12.1269089892,116.972297668457,NA,NA,NA,97.42245,24.1049192918087,NA,NA,NA,18.822865330757,159651381,50.1892357573781,NA,39.2728257093854,12.0154311395155,14.0181435916622,1840490722.65625,NA,NA,NA,NA,NA,NA,NA,60.343,58.382,62.383,NA,NA,NA,NA,2.39812942040375,"Asia","South-Eastern Asia",1,0.058,0.306,-0.543,-0.449,-2.297,-0.821,-0.25,0.031,-0.901,-1.777,0.273,0.182,0.545,0.727,0.909,0.727,0.091,0.182,0.182,0,0.273,0,0.091,0.091,0.96,0.527,-1.189,-0.945,-2.674,-2.366,-1.88,-2.339,-2.626,-0.065,-2.422,-2.795,-1.62,-1.425,-2.192,-2.275,-0.389,0.639
"IDN","INDONESIA",1984,-7,0,519.774063103241,2.38162765823562,120.102462768555,NA,NA,NA,97.70897,23.456098917004,NA,NA,NA,17.4843891433901,163251124,50.1705403265707,NA,39.4049150649935,12.1765360023404,13.9506455931731,1765319702.14844,NA,NA,NA,NA,NA,NA,NA,60.891,58.972,62.882,NA,NA,NA,NA,2.28542025922011,"Asia","South-Eastern Asia",1,0.058,0.306,-0.543,-0.449,-2.297,-0.821,-0.25,0.031,-0.901,-1.777,0.273,0.182,0.545,0.727,0.909,0.727,0.091,0.182,0.182,0,0.273,0,0.091,0.091,0.96,0.527,-1.189,-0.945,-2.674,-2.366,-1.88,-2.339,-2.626,-0.065,-2.422,-2.795,-1.62,-1.425,-2.192,-2.275,-0.389,0.639
"IDN","INDONESIA",1985,-7,0,511.400883618027,-1.61092676214412,121.856018066406,NA,NA,NA,97.82536,23.767641320597,NA,NA,NA,18.7508973741776,166776185,50.1518517167184,NA,41.9253110193326,11.1670088241063,13.0786729597268,1587287719.72656,NA,NA,NA,NA,NA,0.556800007820129,NA,61.387,59.495,63.34,NA,NA,NA,NA,2.17059935369795,"Asia","South-Eastern Asia",1,0.057,0.306,-0.543,-0.449,-2.297,-0.821,-0.25,0.031,-0.901,-1.777,0.273,0.182,0.545,0.727,0.909,0.727,0.091,0.182,0.182,0,0.273,0,0.091,0.091,0.96,0.527,-1.189,-0.945,-2.674,-2.366,-1.88,-2.339,-2.626,-0.065,-2.422,-2.795,-1.62,-1.425,-2.192,-2.275,-0.389,0.639
"IDN","INDONESIA",1986,-7,0,469.834241253429,-8.12799580449,120.130958557129,NA,NA,NA,97.21808,24.2534416295532,NA,NA,NA,14.620769821124,170175065,50.1347294924478,NA,42.0916487153558,5.85764960650661,8.74391532825494,1526698852.53906,NA,NA,NA,NA,NA,NA,NA,61.736,59.829,63.699,NA,NA,NA,NA,2.00976539562951,"Asia","South-Eastern Asia",1,0.057,0.306,-0.543,-0.449,-2.297,-0.821,-0.25,0.031,-0.901,-1.777,0.273,0.182,0.545,0.727,0.909,0.727,0.091,0.182,0.182,0,0.273,0,0.091,0.091,0.96,0.527,-1.189,-0.945,-2.674,-2.366,-1.88,-2.339,-2.626,-0.065,-2.422,-2.795,-1.62,-1.425,-2.192,-2.275,-0.389,0.639
"IDN","INDONESIA",1987,-7,0,437.60655039936,-6.85937465266295,118.521118164062,NA,NA,NA,98.05198,23.3269453094893,NA,NA,NA,15.083694595844,173511154,50.1188554720745,NA,40.4187333606266,8.88214127520327,12.1494111109202,1813038696.28906,NA,NA,NA,NA,NA,NA,NA,62.087,60.166,64.064,NA,NA,NA,NA,1.72218767006142,"Asia","South-Eastern Asia",1,0.057,0.306,-0.543,-0.449,-2.297,-0.821,-0.25,0.031,-0.901,-1.777,0.273,0.182,0.545,0.727,0.909,0.727,0.091,0.182,0.182,0,0.273,0,0.091,0.091,0.961,0.527,-1.189,-0.964,-2.674,-2.366,-1.88,-2.339,-2.626,-0.065,-2.422,-2.795,-1.821,-1.425,-2.192,-2.275,-0.109,0.626
"IDN","INDONESIA",1988,-7,0,476.662483405818,8.92489679846327,117.328399658203,NA,NA,NA,97.76875,24.1215919518553,NA,NA,NA,15.0839380513536,176855065,50.1022936493224,NA,39.6710737427589,5.98981362304596,9.61090627607872,2067418945.3125,NA,NA,NA,NA,NA,NA,NA,62.386,60.531,64.291,NA,NA,NA,NA,1.53084105893772,"Asia","South-Eastern Asia",1,0.056,0.306,-0.543,-0.449,-2.297,-0.821,-0.25,0.031,-0.901,-1.777,0.273,0.182,0.545,0.727,0.909,0.727,0.091,0.182,0.182,0,0.273,0,0.091,0.091,0.96,0.527,-1.189,-0.964,-2.674,-2.366,-1.88,-2.339,-2.626,-0.065,-2.422,-2.795,-1.821,-1.425,-2.393,-2.275,0.016,0.621
"IDN","INDONESIA",1989,-7,0,524.143027322576,9.96104068805732,116.410507202148,NA,NA,NA,97.87723,23.4255287714725,NA,NA,NA,15.9572018252866,180201630,50.0858471701949,NA,39.4668351828846,8.12288021039403,11.8026806942817,2371586669.92188,NA,NA,NA,NA,NA,0.702600002288818,NA,62.883,60.986,64.83,NA,NA,NA,NA,1.38913634136564,"Asia","South-Eastern Asia",1,0.056,0.306,-0.543,-0.449,-2.297,-0.821,-0.25,0.031,-0.901,-1.777,0.273,0.182,0.545,0.727,0.818,0.727,0.091,0.182,0.182,0,0.273,0,0.091,0.091,0.96,0.527,-1.189,-0.964,-2.674,-2.366,-1.88,-2.339,-2.626,-0.065,-2.422,-2.795,-1.821,-1.425,-2.393,-2.275,0.016,0.621
"IDN","INDONESIA",1990,-7,0,578.420121135382,10.3553974742474,114.242050170898,NA,NA,NA,96.23255,21.5487236013603,NA,NA,0,19.1370837619352,183501098,50.069596858761,61.7011451721191,39.0663465530181,9.91945749843524,13.273646932127,2131135498.04688,81.5199966430664,88.0199966430664,75.2699966430664,NA,NA,0.665199995,NA,63.249,61.45,65.087,NA,0.305938065052032,NA,NA,1.41049291967411,"Asia","South-Eastern Asia",1,0.057,0.306,-0.543,-0.449,-2.297,-0.821,-0.25,0.031,-0.901,-0.408,0.273,0.182,0.636,0.727,0.909,0.727,0.091,0.091,0.182,0,0.182,0,0,0.091,0.96,0.527,-1.189,-0.964,-2.674,-2.366,-1.88,-2.339,-2.626,-0.065,-2.422,-2.795,-1.821,-1.425,-2.393,-2.275,0.259,0.578
"IDN","INDONESIA",1991,-7,0,624.387495384411,7.94705657175263,112.321380615234,NA,NA,NA,95.32152,19.661807287925,NA,NA,NA,17.1896969094773,186778238,50.0516968681775,48.9,39.1334103025629,5.59365035937227,8.3647242051385,2191707519.53125,NA,NA,NA,NA,NA,0.6686000228,NA,63.703,61.98,65.457,NA,NA,NA,NA,1.32406418395881,"Asia","South-Eastern Asia",1,0.057,0.306,-0.543,-0.449,-2.297,-0.821,-0.25,0.031,-0.901,-0.408,0.273,0.182,0.636,0.727,0.909,0.818,0.091,0.091,0.182,0,0.182,0,0,0.091,0.96,0.527,-1.189,-0.964,-2.674,-2.366,-1.88,-2.339,-2.626,-0.065,-2.422,-2.795,-1.821,-1.425,-2.393,-2.275,0.259,0.578
"IDN","INDONESIA",1992,-7,0,673.67103954742,7.89310236468896,110.819923400879,NA,NA,NA,94.45806,19.5214104727292,NA,NA,NA,17.1229526962939,190043744,50.0334228313246,65.1091842651367,40.4986368944666,5.36966700706448,8.18443735972524,2027072021.48438,NA,NA,NA,NA,NA,0.6650000215,NA,64.182,62.462,65.93,NA,0.335057765245438,NA,NA,1.35687600701146,"Asia","South-Eastern Asia",1,0.052,0.306,-0.543,-0.449,-2.297,-0.821,-0.25,0.031,-0.901,-0.408,0.273,0.182,0.636,0.727,0.909,0.727,0.091,0.091,0.182,0,0.182,0,0,0.091,0.961,0.527,-1.189,-1.063,-2.674,-2.366,-2.015,-2.339,-2.626,-0.065,-2.422,-2.795,-1.821,-1.425,-2.393,-2.275,0.259,0.575
"IDN","INDONESIA",1993,-7,0,817.395116417856,21.3344597634762,110.764526367188,NA,NA,NA,93.25455,17.8798444276384,NA,NA,NA,14.3564203316314,193305168,50.0167791685735,55.43,42.4396665856015,4.21951518114362,6.63011643197696,2036517456.05469,NA,NA,NA,NA,NA,0.6575999856,NA,64.851,63.071,66.661,NA,NA,NA,NA,1.22355780893698,"Asia","South-Eastern Asia",1,0.052,0.306,-0.543,-0.449,-2.297,-0.821,-0.25,0.031,-0.901,-0.408,0.273,0.182,0.636,0.727,0.909,0.727,0.091,0.091,0.182,0,0.182,0,0,0.091,0.96,0.527,-1.189,-1.063,-2.674,-2.366,-2.015,-2.339,-2.626,-0.065,-2.422,-2.795,-1.821,-1.425,-2.393,-2.275,0.259,0.573
"IDN","INDONESIA",1994,-7,0,899.793982949817,10.0806653816412,112.164291381836,NA,NA,NA,93.78734,17.286262325045,NA,NA,0.00106,15.9484191945104,196591828,50.0005437662444,62.8,42.0717116360041,3.18630434473207,5.81546573340571,1573881958.00781,NA,NA,NA,NA,NA,0.6600999832,NA,65.041,63.368,66.733,NA,0.355206668376923,NA,NA,1.26615561718382,"Asia","South-Eastern Asia",1,0.052,0.306,-0.543,-0.449,-2.297,-0.821,-0.25,0.565,-0.901,-0.408,0.273,0.182,0.636,0.636,0.909,0.727,0.091,0.091,0.182,0,0.182,0,0,0.091,0.96,0.527,-1.189,-1.063,-2.674,-2.366,-2.015,-2.339,-2.626,-0.065,-2.422,-2.795,-1.821,-1.425,-2.393,-2.275,0.259,0.573
"IDN","INDONESIA",1995,-7,0,1011.22614205568,12.3841858489154,112.026466369629,NA,93.205940246582,95.9873123168945,93.61081,17.1383462031211,NA,NA,0.0261,14.9647722699912,199888057,49.9832073509024,66.86,41.0608163751136,2.9733252636664,6.18686041657674,1137194335.9375,NA,NA,NA,NA,NA,NA,NA,65.263,63.667,66.869,NA,NA,NA,NA,1.22630986064236,"Asia","South-Eastern Asia",1,0.052,0.306,-0.543,-0.449,-2.297,-0.821,-0.25,0.565,-0.901,-0.408,0.273,0.182,0.455,0.636,0.727,0.727,0.091,0.091,0.182,0,0.182,0,0,0.091,0.96,0.527,-1.189,-1.063,-2.674,-2.366,-2.015,-2.339,-2.626,-0.065,-2.422,-2.795,-1.821,-1.425,-2.393,-2.275,0.259,0.573
"IDN","INDONESIA",1996,-7,0,1118.92133024129,10.6499608452251,111.440757751465,NA,92.6915588378906,95.0861587524414,92.51603,16.6723873758844,NA,NA,0.0566,14.234801940785,203204348,49.9662625329257,72.39,39.8719036817834,3.29829614660024,6.42800323693652,867834106.445313,NA,NA,NA,NA,NA,NA,NA,65.465,63.843,67.097,NA,0.376594424247742,NA,NA,1.26439252827808,"Asia","South-Eastern Asia",1,0.051,0.306,-0.543,-0.449,-2.297,-0.821,-0.25,0.872,-0.901,-0.408,0.273,0.182,0.455,0.636,0.727,0.727,0.091,0.091,0.182,0,0.182,0,0,0.091,0.96,0.527,-1.189,-1.063,-2.674,-2.366,-2.015,-2.339,-2.626,-0.065,-2.422,-2.795,-1.821,-1.425,-2.393,-2.275,0.259,0.573
"IDN","INDONESIA",1997,-7,0,1044.60674832472,-6.64162706600154,111.167846679688,NA,95.0923233032227,93.2844619750977,92.46189,16.0921102228181,NA,NA,0.195,16.0118484144708,206536095,49.9504607172901,80.3,39.5789011173884,2.9527366047692,5.99702078194871,869413635.253906,NA,NA,NA,45.7327461242676,NA,NA,NA,65.774,64.148,67.407,NA,0.3890460729599,53.5625159740448,72.3944485187531,1.49774173762735,"Asia","South-Eastern Asia",1,0.052,0.306,-0.543,-0.449,-2.297,-0.821,-0.25,1.365,-0.901,-0.408,0.182,0.182,0.455,0.636,0.727,0.727,0.091,0.091,0.182,0,0.273,0,0,0.091,0.959,0.527,-1.051,-0.957,-2.674,-2.366,-2.015,-2.339,-2.626,-0.065,-2.422,-2.795,-1.821,-1.425,-2.118,-2.275,0.259,0.58
"IDN","INDONESIA",1998,-5,0,454.877800792123,-56.454636970168,112.03003692627,NA,NA,NA,NA,18.0828529531935,NA,NA,0.255,15.0275881804252,209826788,49.936125648856,80.94,36.686823537659,3.10513870524274,9.08504454166328,1444889770.50781,NA,NA,NA,NA,NA,0.6,NA,65.942,64.259,67.635,NA,0.399834871292114,NA,NA,1.01911684387405,"Asia","South-Eastern Asia",1,0.117,0.562,0.547,0.558,-0.01,-0.198,0.508,1.07,0.248,0.03,0.182,0.126,0.622,0.636,0.671,0.727,0.091,0.147,0.238,0.056,0.329,0.056,0.056,0.091,0.888,0.339,-0.245,-0.957,-1.515,-0.722,-0.907,-2.339,-2.331,-0.123,-2.422,-2.795,-1.349,-0.328,-0.454,-0.453,0.081,0.6
"IDN","INDONESIA",1999,6,1,657.268934667018,44.4935174946879,112.157676696777,NA,NA,NA,NA,19.612676402133,NA,NA,0.444,16.3158356093432,213004668,49.9232174107883,83.73,37.0272710177647,3.7780928159414,7.8691294427354,2151189697.26563,NA,NA,NA,NA,NA,NA,NA,66.001,64.328,67.683,NA,0.411782324314117,NA,NA,0.810812654015076,"Asia","South-Eastern Asia",2,0.417,0.894,2.221,1.298,1.596,2.126,0.508,-0.21,1.065,0.79,0.2,0.1,0.5,0.7,0.5,0.7,0.1,0.5,0.3,0.1,0.5,0.1,0.1,0.1,0.432,0.552,1.983,-0.674,-0.923,-0.489,1.46,0.441,-0.64,0.577,0.931,0.673,-1.692,2.07,0.869,0.351,0.493,0.524
"IDN","INDONESIA",2000,6,1,763.711124950924,16.1946175560284,108.993591308594,NA,NA,NA,NA,15.6787044387708,35.12568,NA,0.925564,NA,216077790,49.9110331982244,86.3,33.3686365074031,6.51396124227823,11.1257366947505,1948659423.82813,NA,NA,NA,NA,1.85297656,0.58,370,66.292,64.61,67.98,NA,0.428992599248886,NA,NA,0.684483763500435,"Asia","South-Eastern Asia",2,0.505,0.837,1.6,1.298,1.596,2.126,0.597,-0.21,1.065,0.79,0.2,0.1,0.7,0.7,0.5,0.6,0.2,0.6,0.5,0.1,0.5,0.1,0.2,0.1,0.416,0.648,1.983,-0.674,-0.933,-0.489,1.46,0.441,-0.64,1.205,0.931,0.673,-1.692,2.07,0.869,0.351,0.493,0.515
"IDN","INDONESIA",2001,6,1,732.307093405708,-4.11203012752159,109.43041229248,NA,92.3622970581055,95.1251678466797,91.94318,15.9949177621389,NA,NA,2.01861,11.5781845835748,219097902,49.8992751651269,86.26,38.4172452290621,4.50279039188872,9.29197183116353,1815809082.03125,NA,NA,NA,NA,2.11850214,0.58,369,66.583,64.899,68.269,NA,0.441570162773132,NA,NA,0.572792652704213,"Asia","South-Eastern Asia",2,0.505,0.837,1.6,1.298,1.596,2.126,0.597,-0.21,1.065,0.79,0.2,0.1,0.8,0.7,0.5,0.6,0.1,0.6,0.5,0.1,0.5,0.1,0.2,0.1,0.416,0.648,1.983,-0.674,-0.933,-0.489,1.46,0.441,-0.64,1.205,0.931,0.673,-1.692,2.07,0.869,0.351,0.493,0.515
"IDN","INDONESIA",2002,6,1,881.002913569131,20.3051180990054,110.116897583008,NA,94.1681671142578,96.7641906738281,91.32723,16.3196689664379,33.47149,NA,2.13414,11.8269595891699,222088495,49.8879550249194,87.6,40.104784004948,3.50125448115221,7.28595475221916,1769108886.71875,NA,NA,NA,34.7203407287598,1.98062706,0.58,367,66.954,65.229,68.682,NA,0.437973618507385,69.8268353939056,80.9129655361176,0.700120208801041,"Asia","South-Eastern Asia",2,0.512,0.837,1.6,1.298,1.596,2.126,0.597,-0.462,1.065,0.79,0.217,0.127,0.763,0.743,0.455,0.581,0.127,0.51,0.49,0.091,0.455,0.091,0.182,0.091,0.401,0.996,1.983,-0.674,-0.933,-0.489,1.46,0.441,-0.64,1.205,0.931,0.673,-1.692,2.07,0.869,0.837,0.493,0.488
"IDN","INDONESIA",2003,6,1,1043.2105838671,18.4117064540492,110.176658630371,NA,96.7370986938477,98.7029190063477,90.64128,15.1853482186248,NA,NA,2.38702,12.3855319027215,225048008,49.8767489646031,87.94,41.0650856896144,3.06092866032223,7.1428118800621,1851270874.02344,NA,NA,NA,NA,2.24837184,0.58,366,67.134,65.438,68.827,NA,0.440668940544128,NA,NA,0.909285036773652,"Asia","South-Eastern Asia",2,0.512,0.837,1.6,1.298,1.596,2.126,0.597,-0.462,1.065,0.79,0.273,0.182,0.818,0.909,0.545,0.727,0.182,0.273,0.455,0,0.455,0,0.182,0.091,0.393,0.996,1.983,-0.674,-0.933,-0.489,1.46,0.441,-0.64,1.205,1.113,0.673,-1.692,2.07,0.869,0.837,0.493,0.488
"IDN","INDONESIA",2004,8,1,1126.84004447173,8.01654640951034,109.678840637207,NA,95.6372833251953,98.9446182250977,89.73712,14.3357802955642,31.81729,NA,2.60029,12.3307678952353,227926649,49.8632753124744,89.01,41.0366037289756,3.94237539539958,9.12075209301056,334823699.951172,90.379997253418,94.0400009155273,86.8000030517578,NA,2.12002277,0.58,363,65.521,64.08,66.94,NA,0.442586541175842,NA,NA,0.945714621727218,"Asia","South-Eastern Asia",2,0.528,0.837,1.6,1.298,1.596,2.126,0.597,-0.462,1.065,0.79,0.273,0.182,0.818,1,0.727,0.545,0.091,0.545,0.545,0,0.455,0,0.182,0.091,0.394,0.996,2.131,-0.991,-0.903,-0.489,1.46,0.441,-0.64,1.205,1.113,0.673,-1.692,2.07,0.869,0.837,0.493,0.516
"IDN","INDONESIA",2005,8,1,1238.21447629488,9.88378362745913,109.01708984375,NA,95.9385833740234,99.0959014892578,88.93075,13.1266186400506,NA,NA,3.60202,NA,230871650,49.8502470961679,86.1946258544922,40.3323224888783,5.20636964649797,10.3253531632848,2632332763.67188,NA,NA,NA,NA,2.53189397,0.59,360,67.531,65.794,69.264,NA,0.446626514196396,NA,NA,0.750789394004931,"Asia","South-Eastern Asia",2,0.534,0.837,1.6,1.298,1.596,2.126,0.597,-0.609,1.194,0.79,0.231,0.154,0.693,0.846,0.616,0.462,0.154,0.462,0.462,0,0.385,0,0.154,0.077,0.391,0.996,2.183,-0.991,-0.781,-0.489,1.46,0.441,-0.64,1.205,1.113,0.673,-1.692,2.07,0.869,0.837,0.493,0.526
"IDN","INDONESIA",2006,8,1,1558.31562847163,25.8518340969968,107.672538757324,NA,94.7107391357422,96.7901077270508,91.79173,12.9738027192484,30.1631,NA,4.76481,NA,233951652,49.8396053215303,90.62,40.0826385396719,4.55289184316296,9.40722899701392,1592942138.67188,91.9800033569336,95.1600036621094,88.7900009155273,NA,2.61946416,0.59,357,67.664,65.929,69.394,NA,0.453480511903763,NA,NA,0.65870277762871,"Asia","South-Eastern Asia",2,0.534,0.854,1.6,1.52,1.596,2.126,0.597,-0.609,1.194,0.79,0.154,0.154,0.846,0.846,0.692,0.462,0.077,0.462,0.462,0,0.538,0,0.154,0.077,0.391,0.996,2.183,-0.991,-0.781,-0.489,1.46,0.441,-0.64,1.205,1.113,0.673,-1.692,2.07,0.869,0.837,0.493,0.526
"IDN","INDONESIA",2007,8,1,1823.21976255073,16.9993889067848,110.421722412109,NA,98.6004409790039,98.2578201293945,93.81578,13.7166831034562,NA,NA,5.78627,NA,237062337,49.8294511884887,91.1,39.4841753758365,3.6879578095142,9.75766253508312,938932189.941406,NA,NA,NA,34.2431755065918,2.82385564,0.6,353,67.914,66.138,69.687,NA,0.435101628303528,76.9370436668396,81.9727718830109,0.71236193115127,"Asia","South-Eastern Asia",2,0.537,0.854,1.6,1.52,1.596,2.126,0.597,-0.609,1.194,0.79,0.154,0.154,0.769,0.846,0.692,0.462,0.077,0.462,0.538,0,0.538,0,0.231,0.077,0.392,0.996,2.1,-0.991,-0.756,-0.489,1.46,0.441,-0.64,1.205,1.113,0.673,-1.692,2.07,0.869,0.837,0.493,0.526
"IDN","INDONESIA",2008,8,1,2124.55483920618,16.5276333026291,109.333679199219,NA,97.20556640625,97.5759506225586,93.13418,14.4817402607761,28.5089,NA,7.91748,13.3106178269489,240157903,49.820119806759,92.73,37.457515026462,4.60202331049434,11.10028650133,1349270507.8125,92.1900024414062,95.379997253418,89.0999984741211,NA,2.54842305,0.62,349,68.085,66.296,69.87,NA,0.436719655990601,NA,NA,0.578945804493387,"Asia","South-Eastern Asia",2,0.545,0.855,1.6,1.52,1.596,2.319,0.597,-0.609,0.988,0.79,0.231,0.154,0.769,0.923,0.692,0.538,0.154,0.538,0.538,0,0.538,0,0.154,0.077,0.394,0.996,2.117,-0.991,-0.776,-0.489,1.46,0.441,-0.64,1.205,1.052,0.673,-1.865,2.07,0.869,0.837,0.493,0.526
"IDN","INDONESIA",2009,8,1,2218.48541852977,4.42118873988144,110.992286682129,NA,97.1547698974609,99.5509719848633,93.76106,15.290148146172,NA,NA,6.92,11.0577865188848,243220028,49.8108963296394,93.55,37.0577298834625,2.12191492904716,6.42593139928445,1251831176.75781,92.5800018310547,95.6500015258789,89.6800003051758,NA,2.62324095,0.58,345,68.267,66.495,70.032,NA,0.437678903341293,NA,NA,0.571133891996423,"Asia","South-Eastern Asia",2,0.526,0.855,1.6,1.52,1.596,2.319,0.597,-0.609,0.675,1.111,0.231,0.154,0.846,0.846,0.692,0.538,0.154,0.538,0.538,0,0.538,0,0.154,0.154,0.402,0.996,2.008,-1.263,-0.776,-0.524,1.46,0.441,-0.574,1.205,1.052,0.673,-1.865,2.07,0.869,0.837,0.499,0.538
"IDN","INDONESIA",2010,8,1,3065.68348377765,38.1881286291858,113.010775075983,NA,105.851290414603,97.5232990430656,94.22952,13.929212707137,26.85471,NA,10.92,NA,246305322,49.8015986840918,94.15,40.6659902908934,2.31580791993823,7.13560902238893,1281450195.3125,92.3199996948242,94.7600021362305,89.8899993896484,NA,2.7908783,0.56,342,68.364,66.571,70.152,NA,0.437091112136841,NA,NA,0.617587091951932,"Asia","South-Eastern Asia",2,0.539,0.855,1.6,1.52,1.596,2.319,0.597,-0.706,0.658,1.111,0.231,0.154,0.846,0.769,0.692,0.538,0.154,0.462,0.538,0.077,0.538,0.077,0.231,0.154,0.375,0.996,2.008,-1.263,-0.753,-0.514,1.563,0.849,-0.552,1.549,1.052,0.673,-1.865,2.07,0.869,0.931,0.443,0.548
"IDN","INDONESIA",2011,8,1,3579.46442466152,16.7590993526432,114.684137554242,NA,98.7706364875795,102.888207236078,93.73808,13.5122870743946,NA,NA,12.28,NA,249470032,49.7925225744149,94.83,40.5846042111279,2.96041980198707,8.5631139337506,587980163.574219,92.8099975585938,95.5899963378906,90.0699996948242,NA,2.98942471,0.6,338,68.629,66.793,70.463,NA,0.508589267730713,NA,NA,0.653776702606807,"Asia","South-Eastern Asia",2,0.538,0.855,1.6,1.52,1.596,2.319,0.597,-0.706,0.658,1.111,0.231,0.231,0.846,0.769,0.692,0.538,0.154,0.462,0.538,0.077,0.538,0.077,0.231,0.154,0.382,0.996,2.008,-1.263,-0.788,-0.514,1.563,0.552,-0.552,1.549,1.052,0.673,-1.865,2.07,0.869,0.931,0.443,0.548
"IDN","INDONESIA",2012,8,1,3632.27254030331,1.47530773816208,115.201069565404,NA,106.535366838217,109.568459642433,92.85318,13.3739742350727,25.20051,NA,14.52,NA,252698525,49.7837626871783,96,40.8733748934867,2.51944833801451,5.94561486320563,364551452.636719,NA,NA,NA,31.5354614257813,2.91427088,0.81,335,68.862,67.002,70.721,NA,0.50325208902359,86.4870607852936,88.282173871994,0.711549473406383,"Asia","South-Eastern Asia",2,0.534,0.855,1.6,1.52,1.596,2.319,0.597,-0.706,0.658,1.111,0.154,0.154,0.769,0.769,0.692,0.462,0.077,0.462,0.538,0,0.538,0,0.154,0.077,0.386,0.996,1.966,-1.263,-0.788,-0.549,1.563,0.552,-0.552,1.549,1.052,0.673,-1.865,2.07,0.869,0.931,0.443,0.548
"IDN","INDONESIA",2013,8,1,3566.60284506078,-1.80795065661693,111.656675108204,NA,104.870197248034,108.502109458646,90.5756,13.3566991621949,NA,NA,14.94,NA,255852467,49.77624683125,96.4642583061542,41.5165374799893,2.24228816443479,5.38990903395495,253141448.974609,NA,NA,NA,NA,2.86934805,0.96,332,69.064,67.16,70.971,NA,0.504870653152466,NA,NA,0.918769839183066,"Asia","South-Eastern Asia",2,0.52,0.856,1.6,1.287,2.43,2.696,0.597,-0.543,0.959,1.757,0.154,0.154,0.769,0.769,0.615,0.462,0.077,0.385,0.462,0,0.538,0,0.154,0.077,0.396,0.996,1.966,-1.263,-0.788,-0.623,1.64,0.552,-0.552,1.554,0.943,0.401,-1.731,2.07,1.034,0.931,0.211,0.578
"IDN","INDONESIA",2014,9,1,3441.06808464008,-3.51972916173011,109.659608599994,NA,112.695967757015,106.223480278422,90.00059,13.3367549992146,23.54632,NA,17.1432,NA,258877399,49.770428009552,97.01,42.2421853142869,1.97502549820142,4.79162103687978,-144350341.796875,95.120002746582,96.7900009155273,93.4499969482422,NA,2.96433568,0.91,329,69.292,67.353,71.238,NA,0.505669713020325,NA,NA,0.777855178232831,"Asia","South-Eastern Asia",2,0.512,0.856,1.6,1.287,2.43,2.696,0.597,-0.543,0.959,1.757,0.154,0.154,0.769,0.769,0.615,0.462,0.077,0.308,0.462,0,0.538,0.077,0.154,0.077,0.402,1.053,1.966,-1.727,-0.788,-0.704,1.524,0.541,-0.552,1.554,0.943,0.401,-1.731,2.07,1.034,0.931,0.271,0.597
"IDN","INDONESIA",2015,9,1,3288.22269725538,-4.44180073236438,107.983525766989,NA,112.206227351602,105.406551445301,NA,13.4926435578886,NA,NA,22.0627,NA,261799249,49.7654498619284,97.5373674369822,43.3090809246806,0.796675128718901,3.08136736381978,238111450.195313,95.2200012207031,97.1100006103516,93.3399963378906,NA,2.92428517,0.95,325,69.52,67.584,71.46,NA,0.538234174251556,NA,NA,0.882266734481239,"Asia","South-Eastern Asia",2,0.511,0.856,1.6,1.287,2.43,2.696,0.597,-0.396,0.829,2.273,0.154,0.154,0.769,0.923,0.615,0.538,0.077,0.308,0.462,0.077,0.462,0,0.154,0.077,0.391,0.948,2.016,-1.727,-0.788,-0.641,1.524,1.005,0.027,1.425,0.943,0.401,-1.731,2.07,0.539,0.931,0.225,0.635
"IDN","INDONESIA",2016,9,1,3521.46943457574,7.09339843420723,105.922391949136,NA,107.670284159371,106.731671372093,92.77266,13.4787485470271,21.89212,NA,25.4474,NA,264627418,49.7608864550838,97.62,43.6417488094502,0.62227933803086,2.66818993930963,329778533.935547,95.379997253418,97.1699981689453,93.5899963378906,NA,3.02147198,0.97,322,69.733,67.781,71.692,NA,0.544424831867218,NA,NA,0.792220213496852,"Asia","South-Eastern Asia",2,0.496,0.844,1.6,0.974,2.43,2.696,0.597,-0.088,0.829,2.273,0.154,0.154,0.769,0.923,0.692,0.615,0.154,0.385,0.538,0,0.462,0,0.154,0.077,0.395,0.948,2.016,-1.727,-0.835,-0.726,1.524,1.005,0.027,1.425,0.943,0.401,-1.731,2.07,0.539,0.769,0.225,0.635
"IDN","INDONESIA",2017,9,1,3798.88326174526,7.8777860300509,104.382521256166,NA,105.727044440982,103.768227422442,94.09782,13.1566308462661,NA,NA,32.3358,NA,267346658,49.7572226992267,NA,43.6140553296427,0.799367966127144,3.08016177152276,643603698.730469,NA,NA,NA,NA,2.90417194,1.02,319,69.953,67.971,71.945,NA,0.550620496273041,NA,NA,0.865191376221992,"Asia","South-Eastern Asia",2,0.484,0.778,1.143,0.974,2.209,2.29,0.597,-0.051,0.514,2.273,0.154,0.154,0.769,0.923,0.692,0.615,0.077,0.385,0.538,0,0.462,0,0.154,0.077,0.407,0.904,1.934,-1.727,-0.883,-0.726,1.174,1.005,0.014,1.538,0.943,0.401,-1.731,2.07,0.539,0.769,0.225,0.639
"IDN","INDONESIA",2018,9,1,3860.95353090726,1.63390830634485,103.299542869882,NA,103.625111490476,101.576134935601,93.4963,12.8084975586902,20.23793,NA,39.9046,NA,269951846,49.7548879522947,NA,43.4048373057688,1.13230201999671,4.21663374449654,1314114135.74219,95.6600036621094,97.3300018310547,93.9899978637695,NA,2.86757827,1.15,316,70.08,68.062,72.113,NA,0.557391405105591,NA,NA,0.718928190476345,"Asia","South-Eastern Asia",2,0.463,0.762,1.04,0.768,2.086,2.511,0.881,0.069,0.291,1.691,0.231,0.154,0.846,0.923,0.692,0.538,0.077,0.385,0.538,0,0.462,0,0.154,0.154,0.414,1.05,1.934,-1.727,-0.854,-0.945,1.174,1.005,-0.091,1.447,0.943,0.475,-1.731,2.07,0.49,0.769,0.225,0.602
"IDN","INDONESIA",2019,NA,1,4106.94856160358,6.37135434879257,101.264685825869,NA,103.262175916525,102.428396462472,NA,12.7126026577522,NA,NA,47.6906,NA,272489381,49.7532801103908,NA,44.220745839176,0.740134609514678,3.23583967668836,-495205780.029297,NA,NA,NA,NA,2.87862897,1.16,312,70.349,68.325,72.389,NA,0.563311040401459,NA,NA,0.728563743551525,"Asia","South-Eastern Asia",2,0.459,0.753,1.137,0.419,1.409,2.511,0.881,0.069,0.098,1.011,0.333,0.222,0.889,1,0.667,0.778,0.222,0.444,0.667,0,0.667,0,0.222,0.111,0.433,0.873,1.934,-1.814,-1.006,-0.945,0.844,1.005,-0.13,1.447,0.943,0.475,-1.731,2.051,0.49,0.688,0.371,0.611
"IDN","INDONESIA",2020,NA,1,3853.70288774146,-6.16627333075822,100.951933675872,NA,102.874878025351,101.32439676602,NA,13.6984142796138,19.41083,NA,53.7265,NA,274814866,49.7577219858259,NA,44.4134399516292,0.287189045702826,2.43866732275102,1386874145.50781,96,97.4499969482422,94.5500030517578,NA,3.42067289,1.38,306,68.817,66.644,71.097,NA,NA,NA,NA,0.886277728854897,"Asia","South-Eastern Asia",2,0.411,0.753,1.137,0.419,1.948,2.511,0.881,0.067,0.098,0.991,0.2,0.2,0.9,0.9,0.6,0.6,0.1,0.3,0.5,0,0.5,0.1,0.2,0.2,0.451,0.873,1.934,-1.814,-1.006,-0.945,0.697,1.005,-0.13,1.447,0.795,0.475,-2.123,1.666,0.49,0.726,0.125,0.66
"LAO","LAOS",1960,-4,0,NA,NA,NA,NA,NA,NA,NA,NA,NA,NA,NA,NA,2121514,50.5593413757069,NA,NA,NA,NA,263879913.330078,NA,NA,NA,NA,NA,0.472209453582764,NA,41.036,39.555,42.579,NA,NA,NA,NA,NA,"Asia","South-Eastern Asia",1,0.145,0.363,-0.678,0.608,-1.005,-0.493,-1.187,3.051,0.251,-0.159,0.404,0.202,0.536,0,0,0.596,0,0,0,0,0,0,0,0.536,0.753,-1.561,-1.363,-0.576,-1.866,-1.897,-0.532,-1.346,-0.524,-0.353,0.9,0.924,-1.424,0.17,0.218,-0.15,-0.428,0.739
"LAO","LAOS",1961,0,0,NA,NA,NA,NA,NA,NA,NA,NA,NA,NA,NA,NA,2169796,50.5543378271506,NA,NA,NA,NA,404379638.671875,NA,NA,NA,NA,NA,NA,NA,41.344,39.929,42.804,NA,NA,NA,NA,NA,"Asia","South-Eastern Asia",1,0.124,0.363,-0.678,0.608,-1.005,-0.493,-1.187,2.747,0.251,-0.159,0.333,0,0.667,0,0,0.333,0,0,0,0,0,0,0,1,0.757,-1.561,-1.363,-0.576,-1.866,-1.897,-0.532,-1.346,-0.524,-0.353,0.9,0.924,-1.424,0.17,0.004,-0.15,-0.428,0.735
"LAO","LAOS",1962,0,0,NA,NA,NA,NA,NA,NA,NA,NA,NA,NA,NA,NA,2219910,50.5362830024641,NA,NA,NA,NA,242692718.505859,NA,NA,NA,NA,NA,NA,NA,42.272,41.34,43.211,NA,NA,NA,NA,NA,"Asia","South-Eastern Asia",1,0.124,0.397,-0.448,0.608,-1.005,-0.493,-1.187,2.747,0.251,-0.159,0.333,0,0.667,0,0,0.333,0,0,0,0,0,0,0,1,0.757,-1.561,-1.363,-0.576,-1.866,-1.897,-0.532,-1.346,-0.524,-0.353,0.9,0.924,-1.424,0.17,0.004,-0.15,-0.428,0.735
"LAO","LAOS",1963,0,0,NA,NA,NA,NA,NA,NA,NA,NA,NA,NA,NA,NA,2271061,50.5245345677637,NA,NA,NA,NA,285926116.943359,NA,NA,NA,NA,NA,NA,NA,41.544,39.755,43.418,NA,NA,NA,NA,NA,"Asia","South-Eastern Asia",1,0.124,0.397,-0.448,0.608,-1.005,-0.493,-1.187,2.747,0.251,-0.159,0.333,0,0.667,0,0,0.333,0,0,0,0,0,0,0,1,0.757,-1.561,-1.363,-0.576,-1.866,-1.897,-0.532,-1.346,-0.524,-0.353,0.9,0.924,-1.424,0.17,0.004,-0.15,-0.428,0.735
"LAO","LAOS",1964,0,0,NA,NA,NA,NA,NA,NA,NA,NA,NA,NA,NA,NA,2322826,50.5265999261245,NA,NA,NA,NA,354754058.837891,NA,NA,NA,NA,NA,NA,NA,41.859,40.105,43.686,NA,NA,NA,NA,NA,"Asia","South-Eastern Asia",1,0.124,0.397,-0.448,0.608,-1.005,-0.493,-1.187,2.936,0.251,-0.159,0.333,0,0.667,0,0,0.566,0,0,0,0,0,0,0,0.767,0.757,-1.561,-1.363,-0.576,-1.866,-1.897,-0.532,-1.346,-0.524,-0.353,0.9,0.924,-1.424,0.17,0.004,-0.15,-0.428,0.735
"LAO","LAOS",1965,0,0,NA,NA,NA,NA,NA,NA,NA,NA,NA,NA,NA,NA,2376200,50.5276071037791,NA,NA,NA,NA,515627014.160156,NA,NA,NA,NA,NA,NA,NA,42.222,40.358,44.168,NA,NA,NA,NA,NA,"Asia","South-Eastern Asia",1,0.11,0.425,-0.448,0.801,-1.005,-0.493,-1.187,2.936,0.347,-0.159,0.333,0,0.667,0,0,0.333,0,0,0,0,0,0,0,1,0.757,-1.561,-1.363,-0.727,-1.866,-1.897,-0.532,-1.346,-0.524,-0.353,0.9,0.924,-1.424,0.17,0.004,-0.15,-0.428,0.749
"LAO","LAOS",1966,0,0,NA,NA,NA,NA,NA,NA,NA,NA,NA,NA,NA,NA,2431084,50.52852966002,NA,NA,NA,NA,512487060.546875,NA,NA,NA,NA,NA,NA,NA,42.347,40.496,44.272,NA,NA,NA,NA,NA,"Asia","South-Eastern Asia",1,0.111,0.425,-0.401,0.801,-1.005,-0.493,-1.187,2.936,0.347,-0.159,0.333,0,0.667,0,0,0.333,0,0,0,0,0,0,0,1,0.756,-1.561,-1.363,-0.727,-1.866,-1.897,-0.532,-1.346,-0.524,-0.353,0.9,0.924,-1.424,0.17,0.004,-0.15,-0.428,0.767
"LAO","LAOS",1967,0,0,NA,NA,NA,NA,NA,NA,NA,NA,NA,NA,NA,NA,2487715,50.5259844773278,NA,NA,NA,NA,530929199.21875,NA,NA,NA,NA,NA,NA,NA,42.869,41.072,44.727,NA,NA,NA,NA,NA,"Asia","South-Eastern Asia",1,0.13,0.425,-0.401,0.801,-1.005,-0.493,-1.187,2.936,0.347,-0.159,0.333,0,0.667,0,0,0.333,0,0,0,0,0,0,0,1,0.759,-1.561,-1.363,-0.886,-1.866,-1.897,-0.532,-1.346,-0.524,-0.353,0.9,0.924,-1.424,0.17,0.004,-0.15,-0.428,0.768
"LAO","LAOS",1968,0,0,NA,NA,NA,NA,NA,NA,NA,NA,NA,NA,NA,NA,2546377,50.5203667799387,NA,NA,NA,NA,415463684.082031,NA,NA,NA,NA,NA,NA,NA,43.183,41.375,45.048,NA,NA,NA,NA,NA,"Asia","South-Eastern Asia",1,0.13,0.425,-0.401,0.801,-1.005,-0.493,-1.187,2.936,0.347,-0.159,0.333,0,0.667,0,0,0.333,0,0,0,0,0,0,0,1,0.759,-1.561,-1.363,-0.886,-1.866,-1.897,-0.532,-1.346,-0.524,-0.353,0.9,0.924,-1.424,0.17,0.004,-0.15,-0.428,0.768
"LAO","LAOS",1969,0,0,NA,NA,NA,NA,NA,NA,NA,NA,NA,NA,NA,NA,2606959,50.5129539820151,NA,NA,NA,NA,438860687.255859,NA,NA,NA,NA,NA,NA,NA,43.46,41.67,45.302,NA,NA,NA,NA,NA,"Asia","South-Eastern Asia",1,0.13,0.425,-0.401,0.801,-1.005,-0.493,-1.187,2.936,0.347,-0.159,0.333,0,0.667,0,0,0.333,0,0,0,0,0,0,0,1,0.759,-1.561,-1.363,-0.886,-1.866,-1.897,-0.532,-1.346,-0.524,-0.353,0.9,0.924,-1.424,0.17,0.004,-0.15,-0.428,0.768
"LAO","LAOS",1970,0,0,NA,NA,NA,NA,NA,NA,NA,NA,NA,NA,NA,NA,2669702,50.5036142610673,NA,NA,NA,NA,436479400.634766,NA,NA,NA,NA,NA,0.92739999294281,NA,43.776,42,45.599,NA,NA,NA,NA,NA,"Asia","South-Eastern Asia",1,0.13,0.425,-0.401,0.801,-1.005,-0.493,-1.187,2.936,0.347,-0.159,0.333,0,0.667,0,0,0.333,0,0,0,0,0,0,0,1,0.77,-1.561,-1.363,-0.886,-1.866,-1.897,-0.532,-1.346,-1.018,-0.353,0.9,0.924,-1.424,0.17,0.004,-0.15,-0.428,0.768
"LAO","LAOS",1971,0,0,NA,NA,57.8983688354492,NA,NA,NA,NA,NA,NA,NA,NA,NA,2734628,50.4930469519072,NA,NA,NA,NA,428032257.080078,NA,NA,NA,NA,NA,NA,NA,44.122,42.34,45.951,NA,NA,NA,NA,NA,"Asia","South-Eastern Asia",1,0.13,0.425,-0.401,0.801,-1.005,-0.493,-1.187,2.936,0.347,-0.159,0.333,0,0.667,0,0,0.333,0,0,0,0,0,0,0,1,0.77,-1.561,-1.363,-0.886,-1.866,-1.897,-0.532,-1.346,-1.018,-0.353,0.9,0.924,-1.424,0.17,0.004,-0.15,-0.428,0.768
"LAO","LAOS",1972,0,0,NA,NA,61.551628112793,NA,NA,NA,NA,NA,NA,NA,NA,NA,2801660,50.4810362427989,NA,NA,NA,NA,371292572.021484,NA,NA,NA,NA,NA,NA,NA,44.416,42.658,46.216,NA,NA,NA,NA,NA,"Asia","South-Eastern Asia",1,0.129,0.436,-0.401,0.783,-1.005,-0.493,-1.187,2.936,0.347,-0.159,0.333,0,0.667,0,0,0.333,0,0,0,0,0,0,0,1,0.767,-1.561,-1.363,-0.716,-1.866,-1.897,-0.532,-1.346,-1.018,-0.353,0.9,0.924,-1.424,0.17,0.004,-0.15,-0.428,0.745
"LAO","LAOS",1973,0,0,NA,NA,61.6483497619629,NA,NA,NA,NA,NA,NA,NA,NA,NA,2870573,50.4667883380775,NA,NA,NA,NA,377215484.619141,NA,NA,NA,NA,NA,NA,NA,44.728,43.019,46.474,NA,NA,NA,NA,NA,"Asia","South-Eastern Asia",1,0.129,0.413,-0.443,0.783,-1.005,-0.493,-1.187,2.936,0.347,-0.159,0.333,0,0.667,0,0,0.333,0,0,0,0,0,0,0,0.714,0.767,-1.561,-1.363,-0.716,-1.866,-1.897,-0.532,-1.346,-1.018,-0.353,0.9,0.924,-1.424,0.17,0.004,-0.15,-0.428,0.745
"LAO","LAOS",1974,-3,0,NA,NA,NA,NA,NA,NA,NA,NA,NA,NA,NA,NA,2939761,50.4364470445046,NA,NA,NA,NA,266944519.042969,NA,NA,NA,NA,NA,NA,NA,45.886,45.047,46.708,NA,NA,NA,NA,NA,"Asia","South-Eastern Asia",1,0.128,0.367,-0.664,0.675,-1.005,-0.493,-1.187,2.763,0.347,-0.159,0.333,0,0.667,0,0,0.333,0,0,0,0,0,0,0,0.667,0.767,-1.561,-1.363,-0.716,-1.866,-1.897,-0.532,-1.346,-1.018,-0.353,0.9,0.924,-1.424,0.17,0.004,-0.15,-0.428,0.745
"LAO","LAOS",1975,-7,0,NA,NA,NA,NA,NA,NA,NA,NA,NA,NA,NA,NA,3005521,50.3920950810192,NA,NA,NA,NA,143661209.106445,NA,NA,NA,NA,NA,NA,NA,46.15,45.351,46.927,NA,NA,NA,NA,NA,"Asia","South-Eastern Asia",1,0.073,0.073,-2.017,-1.515,-1.811,-2.35,-0.718,1.965,-1.194,-2.109,0.23,0,0.52,0,0.04,0.27,0,0,0,0,0,0,0,0.48,0.617,0.234,-1.786,-0.716,-1.551,-0.712,-0.271,-1.539,-0.788,0.524,1.6,2,NA,NA,0.004,-0.15,0.516,0.528
"LAO","LAOS",1976,-7,0,NA,NA,65.9809036254883,NA,NA,NA,NA,NA,NA,NA,NA,NA,3064876,50.3507809125067,NA,NA,NA,NA,95753074.6459961,NA,NA,NA,NA,NA,NA,NA,46.012,45.086,46.921,NA,NA,NA,NA,NA,"Asia","South-Eastern Asia",0,0.068,0.022,-2.99,-2.312,-1.811,-2.35,-0.453,1.217,-2.056,-2.83,0,0,0.75,0,0.5,0.5,0,0,0,0,0,0.25,0,0.25,0.549,1.467,-2.884,NA,-0.96,-0.706,0.115,-1.685,-0.725,1.353,1.714,1.96,NA,NA,0.004,-0.15,1.494,0.218
"LAO","LAOS",1977,-7,0,NA,NA,99.2658462524414,NA,NA,NA,NA,NA,NA,NA,NA,NA,3118923,50.3122391928239,NA,NA,NA,NA,98690422.0581055,NA,NA,NA,NA,NA,NA,NA,46.408,45.492,47.306,NA,NA,NA,NA,NA,"Asia","South-Eastern Asia",0,0.068,0.022,-2.99,-2.312,-1.811,-2.35,-0.453,1.217,-2.056,-2.83,0,0,0.75,0,0.5,0.5,0,0,0,0,0,0.25,0,0.25,0.549,1.467,-2.884,NA,-0.96,-0.706,0.115,-1.685,-0.725,1.353,1.714,1.96,NA,NA,0.004,-0.15,1.494,0.218
"LAO","LAOS",1978,-7,0,NA,NA,98.9748687744141,NA,NA,NA,NA,NA,NA,NA,NA,NA,3171740,50.2734933274817,NA,NA,NA,NA,198847930.908203,NA,NA,NA,NA,NA,NA,NA,46.832,45.944,47.699,NA,NA,NA,NA,NA,"Asia","South-Eastern Asia",0,0.068,0.022,-2.99,-2.312,-1.811,-2.35,-0.453,1.217,-2.056,-2.83,0,0,0.75,0,0.5,0.5,0,0,0,0,0,0.25,0,0.25,0.549,1.467,-2.884,NA,-0.96,-0.706,0.115,-1.685,-0.725,1.353,1.714,1.96,NA,NA,0.004,-0.15,1.494,0.218
"LAO","LAOS",1979,-7,0,NA,NA,102.653503417969,NA,NA,NA,NA,NA,NA,NA,NA,NA,3228202,50.2341705276899,NA,NA,NA,NA,131593536.376953,NA,NA,NA,NA,NA,NA,NA,47.46,46.575,48.323,NA,NA,NA,NA,NA,"Asia","South-Eastern Asia",0,0.068,0.022,-2.99,-2.312,-1.811,-2.35,-0.453,1.217,-2.056,-2.83,0,0,0.75,0,0.5,0.5,0,0,0,0,0,0.25,0,0.25,0.549,1.467,-2.884,NA,-0.96,-0.706,0.115,-1.685,-0.725,1.353,1.714,1.96,NA,NA,0.004,-0.15,1.494,0.218
"LAO","LAOS",1980,-7,0,NA,NA,102.426078796387,NA,NA,NA,NA,NA,NA,NA,NA,NA,3292573,50.1909144638815,NA,NA,NA,NA,103342613.220215,NA,NA,NA,NA,NA,NA,NA,48.56,47.929,49.159,NA,NA,NA,NA,NA,"Asia","South-Eastern Asia",0,0.068,0.022,-2.99,-2.312,-1.811,-2.35,-0.453,1.023,-1.703,-2.157,0,0,0.75,0,0.5,0.5,0,0,0,0,0,0.25,0,0.25,0.549,1.467,-2.884,NA,-0.96,-0.706,0.115,-1.685,-0.725,1.353,1.714,1.96,NA,NA,0.004,-0.15,1.494,0.218
"LAO","LAOS",1981,-7,0,NA,NA,103.121681213379,NA,NA,NA,NA,NA,NA,NA,NA,NA,3366631,50.1440757837732,NA,NA,NA,NA,100803382.873535,NA,NA,NA,NA,NA,NA,NA,49.237,48.606,49.834,NA,NA,NA,NA,NA,"Asia","South-Eastern Asia",0,0.068,0.022,-2.99,-2.312,-1.811,-2.35,-0.453,1.023,-1.703,-2.157,0,0,0.75,0,0.5,0.5,0,0,0,0,0,0.25,0,0.25,0.549,1.467,-2.884,NA,-0.96,-0.706,0.115,-1.685,-0.725,1.353,1.714,1.96,NA,NA,0.004,-0.15,1.494,0.218
"LAO","LAOS",1982,-7,0,NA,NA,100.618530273438,NA,NA,NA,NA,NA,NA,NA,NA,NA,3450026,50.0975065115451,NA,NA,NA,NA,101105331.420898,NA,NA,NA,NA,NA,NA,NA,49.931,49.316,50.511,NA,NA,NA,NA,NA,"Asia","South-Eastern Asia",0,0.068,0.022,-2.99,-2.312,-1.811,-2.35,-0.453,1.023,-1.703,-2.157,0,0,0.75,0,0.5,0.5,0,0,0,0,0,0.25,0,0.25,0.549,1.467,-2.884,NA,-0.96,-0.706,0.115,-1.685,-0.725,1.353,1.714,1.96,NA,NA,0.004,-0.15,1.494,0.218
"LAO","LAOS",1983,-7,0,NA,NA,98.0364990234375,NA,NA,NA,NA,NA,NA,NA,NA,NA,3541001,50.0513555347767,NA,NA,NA,NA,81966743.4692383,NA,NA,NA,NA,NA,NA,NA,50.485,49.881,51.052,NA,NA,NA,NA,NA,"Asia","South-Eastern Asia",0,0.068,0.022,-2.99,-2.312,-1.811,-2.35,-0.453,1.023,-1.703,-2.157,0,0,0.75,0,0.5,0.5,0,0,0,0,0,0.25,0,0.25,0.549,1.467,-2.884,NA,-0.96,-0.706,0.115,-1.685,-0.725,1.353,1.714,1.96,NA,NA,0.004,-0.15,1.494,0.218
"LAO","LAOS",1984,-7,0,483.017781668524,NA,96.5480575561523,NA,NA,NA,NA,NA,NA,NA,NA,NA,3637843,50.0065560828216,NA,NA,0,1.91829966458183,88820823.6694336,NA,NA,NA,NA,NA,NA,NA,51.014,50.371,51.619,NA,NA,NA,NA,NA,"Asia","South-Eastern Asia",0,0.068,0.022,-2.99,-2.312,-1.811,-2.35,-0.453,1.023,-1.703,-2.157,0,0,0.75,0,0.5,0.5,0,0,0,0,0,0.25,0,0.25,0.549,1.467,-2.884,NA,-0.96,-0.706,0.115,-1.685,-0.725,1.353,1.714,1.96,NA,NA,0.004,-0.15,1.494,0.218
"LAO","LAOS",1985,-7,0,632.801098281291,31.0098970053151,96.1734466552734,NA,NA,NA,NA,NA,NA,NA,NA,NA,3739985,49.9642378244833,NA,NA,0,1.51884374768261,89191642.7612305,NA,NA,NA,NA,NA,NA,NA,51.579,50.899,52.223,NA,NA,NA,NA,NA,"Asia","South-Eastern Asia",0,0.068,0.022,-2.99,-2.312,-1.811,-2.35,-0.453,1.023,-1.703,-2.157,0,0,0.75,0,0.5,0.5,0,0,0,0,0,0.25,0,0.25,0.549,1.467,-2.884,NA,-0.96,-0.706,0.115,-1.685,-0.725,1.353,1.714,1.96,NA,NA,0.004,-0.15,1.494,0.218
"LAO","LAOS",1986,-7,0,461.911552367003,-27.0052543174198,99.3769836425781,NA,NA,NA,NA,NA,NA,NA,NA,NA,3846715,49.9241040732157,NA,NA,0,2.88321548686397,85283767.7001953,NA,NA,NA,NA,NA,NA,NA,52.144,51.443,52.807,NA,NA,NA,NA,NA,"Asia","South-Eastern Asia",0,0.071,0.038,-2.99,-1.158,-1.811,-2.35,-0.453,1.023,-1.302,-2.157,0,0,0.75,0,0.5,0.5,0,0,0,0,0,0.25,0,0.25,0.56,1.467,-2.884,NA,-0.96,-0.706,0.115,-1.685,-1.078,1.353,1.714,1.96,NA,NA,0.004,-0.15,1.494,0.218
"LAO","LAOS",1987,-7,0,274.729585339944,-40.5233352722768,NA,NA,NA,NA,NA,NA,NA,NA,NA,NA,3957612,49.8866235497568,NA,NA,0,5.01007436793364,91083023.0712891,NA,NA,NA,NA,NA,NA,NA,52.597,51.802,53.358,NA,NA,NA,NA,NA,"Asia","South-Eastern Asia",0,0.071,0.042,-2.99,-0.972,-1.811,-2.35,-0.453,0.562,-1.302,-2.157,0,0,0.75,0,0.5,0.5,0,0,0,0,0,0.25,0,0.25,0.56,1.467,-2.884,NA,-0.96,-0.706,0.115,-1.685,-1.078,1.353,1.714,1.96,NA,NA,0.004,-0.15,1.494,0.218
"LAO","LAOS",1988,-7,0,147.070942942331,-46.4670167356207,101.340812683105,NA,NA,NA,64.94106,NA,NA,NA,NA,NA,4072601,49.8530545958222,NA,NA,0,9.13316573182897,110493293.762207,NA,NA,NA,NA,NA,NA,NA,53.077,52.163,53.962,NA,NA,NA,NA,NA,"Asia","South-Eastern Asia",0,0.071,0.042,-2.99,-0.972,-1.811,-2.35,-0.453,0.562,-1.302,-2.157,0,0,0.75,0,0.5,0.5,0,0,0,0,0,0.25,0,0.25,0.56,1.467,-2.884,NA,-0.96,-0.706,0.115,-1.685,-1.078,1.353,1.714,1.96,NA,NA,0.004,-0.15,1.494,0.218
"LAO","LAOS",1989,-7,0,170.377296803511,15.8470146413074,NA,NA,NA,NA,NA,47.4915072485295,NA,NA,NA,NA,4190974,49.8241458906689,NA,44.3907938397985,0,7.80235718053784,174107009.887695,NA,NA,NA,NA,NA,NA,NA,53.589,52.521,54.638,NA,NA,NA,NA,NA,"Asia","South-Eastern Asia",1,0.091,0.042,-2.99,-0.972,-1.811,-2.35,-0.453,0.562,-1.302,-2.157,0,0,0.75,0.25,0.5,0.5,0,0,0,0,0,0.25,0,0.25,0.603,1.467,-2.884,1.207,-0.96,-0.706,0.115,-1.685,-1.078,1.353,1.714,1.96,-1.302,-0.382,-0.278,-1.278,1.494,0.191
"LAO","LAOS",1990,-7,0,200.7349054896,17.8178720144264,96.6118469238281,NA,NA,NA,64.66251,46.4688634742615,NA,NA,0,NA,4311955,49.7987107935959,15.3026142120361,40.2499096767041,0,6.87527556801313,154113998.413086,NA,NA,NA,NA,NA,2.5697999001,NA,54.035,52.915,55.145,NA,NA,NA,NA,NA,"Asia","South-Eastern Asia",1,0.092,0.042,-2.99,-0.972,-1.811,-2.35,-0.453,-0.078,-1.302,-2.157,0,0,0.75,0.5,0.5,0.5,0,0,0,0,0,0.5,0,0.25,0.598,1.467,-2.884,1.207,-0.96,-0.706,0.156,-1.685,-1.078,1.353,1.714,1.96,-1.302,-0.382,-0.278,-1.278,1.494,0.183
"LAO","LAOS",1991,-7,0,231.806227548139,15.4787838132859,95.6576080322266,NA,NA,NA,NA,43.9597849289897,NA,NA,NA,NA,4435118,49.7746170451384,18.1253528594971,42.5262017413489,0,6.9921968782515,154267883.300781,NA,NA,NA,NA,NA,NA,NA,54.7,53.569,55.825,NA,NA,NA,NA,NA,"Asia","South-Eastern Asia",0,0.087,0.042,-2.99,-0.972,-1.811,-2.35,-0.453,-0.078,-1.302,-2.157,0,0,0.75,0.5,0.5,0.5,0,0,0,0,0.25,0.25,0,0.25,0.602,1.467,-2.884,1.207,-0.96,-0.706,0.156,-1.685,-1.078,1.305,1.714,1.96,-1.302,-0.382,-0.278,-1.278,1.494,0.183
"LAO","LAOS",1992,-7,0,247.345286150532,6.70346899941073,93.2355194091797,NA,44.2561187744141,34.9278907775879,57.91432,46.7255908925821,NA,NA,NA,NA,4559646,49.7517242014568,20.947582244873,42.9236362098356,0,7.10089180390363,197112274.169922,NA,NA,NA,NA,NA,NA,NA,55.098,53.939,56.253,NA,NA,NA,NA,8.67531237046249,"Asia","South-Eastern Asia",0,0.083,0.042,-2.99,-0.972,-1.811,-2.35,-0.453,-0.206,-1.302,-2.157,0,0,0.75,0.5,0.5,0.5,0,0,0,0,0.25,0.25,0,0.25,0.612,1.467,-2.884,1.227,-0.96,-0.706,0.156,-1.685,-1.078,1.305,1.714,1.96,-1.361,-0.382,-0.707,-1.455,1.494,0.183
"LAO","LAOS",1993,-7,0,283.400573286349,14.5769048996042,99.0777130126953,NA,46.7864418029785,37.7968292236328,62.72608,43.4169170590763,NA,NA,NA,NA,4685060,49.7306758077805,31,41.1036244824444,0,6.09963731529318,211525772.094727,NA,NA,NA,NA,NA,NA,NA,55.583,54.364,56.798,NA,NA,NA,NA,8.1075112779583,"Asia","South-Eastern Asia",0,0.087,0.042,-2.99,-0.972,-1.811,-2.35,-0.453,-0.557,-1.302,-2.157,0,0,0.75,0.5,0.5,0.5,0,0,0,0,0.25,0.25,0,0.25,0.603,1.467,-2.884,1.227,-0.96,-0.706,0.156,-1.685,-1.078,1.305,1.714,1.96,-1.361,-0.382,-0.707,-0.815,1.494,0.182
"LAO","LAOS",1994,-7,0,320.968128951646,13.2559914151404,102.602249145508,NA,52.955020904541,40.9614486694336,66.45433,44.0851035404577,NA,NA,NA,NA,4809220,49.7117308603618,26.5798015594482,39.0641252752297,0,6.43786818399527,240711624.145508,NA,NA,NA,NA,NA,NA,NA,55.81,54.535,57.082,NA,NA,NA,NA,7.52200406228842,"Asia","South-Eastern Asia",0,0.086,0.042,-2.99,-0.972,-1.811,-2.35,-0.453,-0.557,-1.302,-2.157,0,0,0.75,0.5,0.5,0.5,0,0,0,0,0.25,0.25,0,0.25,0.596,1.467,-2.884,1.227,-0.96,-0.706,0.156,-1.685,-1.078,1.305,1.714,1.96,-1.361,-0.382,-0.584,-0.815,1.494,0.182
"LAO","LAOS",1995,-7,0,357.758162193406,11.4622075911164,103.864929199219,NA,NA,NA,NA,42.2262355997899,NA,NA,NA,NA,4929409,49.6951662968116,25,40.8606940096723,0,9.05515087040462,265868774.414063,60.25,73.4899978637695,47.9000015258789,NA,NA,NA,NA,56.344,54.995,57.693,NA,NA,NA,NA,5.83419558712492,"Asia","South-Eastern Asia",0,0.087,0.042,-2.99,-0.972,-1.811,-2.35,-0.453,-0.557,-1.302,-2.157,0,0,0.75,0.5,0.5,0.5,0,0,0,0,0.25,0.25,0,0.25,0.596,1.467,-2.884,1.227,-0.96,-0.706,0.156,-1.685,-1.078,1.305,1.714,1.96,-1.361,-0.382,-0.584,-0.815,1.494,0.182
"LAO","LAOS",1996,-7,0,371.341879197673,3.79689925758383,107.512451171875,NA,61.1511383056641,48.7980003356934,68.4371,40.4982887775844,NA,NA,NA,NA,5045678,49.6801718856867,32.1753158569336,40.7308550781604,0,8.5244887824244,306034820.556641,NA,NA,NA,NA,NA,NA,NA,56.821,55.469,58.175,NA,NA,NA,NA,4.1867068435997,"Asia","South-Eastern Asia",0,0.087,0.042,-2.99,-0.972,-1.811,-2.35,-0.453,-0.557,-1.302,-2.157,0,0,0.75,0.5,0.5,0.5,0,0,0,0,0.25,0.25,0,0.25,0.596,1.467,-2.884,1.227,-0.96,-0.706,0.156,-1.685,-1.078,1.305,1.714,1.96,-1.361,-0.382,-0.584,-0.815,1.494,0.182
"LAO","LAOS",1997,-7,0,339.09319241187,-8.6843656997374,108.373001098633,NA,65.0926666259766,51.4430885314941,70.95232,51.8527062375068,NA,NA,NA,NA,5152011,49.6658683376258,34.9516563415527,55.7018926222061,0,7.6394712904328,314603607.177734,NA,NA,NA,NA,NA,NA,NA,57.302,55.913,58.695,NA,0.166912227869034,NA,NA,3.83900703742237,"Asia","South-Eastern Asia",0,0.087,0.082,-2.147,-0.972,-1.811,-2.35,-0.453,-0.557,-1.302,-2.157,0,0,0.75,0.5,0.5,0.5,0,0,0,0,0.25,0.25,0,0.25,0.596,1.467,-2.884,1.037,-0.96,-0.706,0.156,-1.685,-1.078,1.305,1.714,1.96,-1.361,-0.382,-0.584,-0.815,1.494,0.183
"LAO","LAOS",1998,-7,0,243.923962451418,-28.0658037643107,110.004417419434,NA,68.5636215209961,56.6259803771973,74.27794,33.9387656658138,NA,NA,0.00966,NA,5248266,49.6529901495084,37.709644317627,43.5732043382803,0,8.58585542696766,277257659.912109,NA,NA,NA,NA,NA,NA,NA,57.549,56.088,59.02,NA,NA,NA,NA,2.59421725390312,"Asia","South-Eastern Asia",0,0.087,0.082,-2.147,-0.972,-1.811,-2.35,-0.453,-0.557,-1.302,-2.157,0,0,0.75,0.5,0.5,0.5,0,0,0,0,0.25,0.25,0,0.25,0.604,1.467,-2.884,1.037,-0.96,-0.706,0.156,-1.685,-1.078,1.305,1.714,1.96,-1.361,-0.382,-0.584,-0.815,1.494,0.193
"LAO","LAOS",1999,-7,0,272.325307005412,11.6435237721471,107.866081237793,NA,74.2399597167969,61.6891899108887,74.94703,34.3119793661779,NA,NA,0.0378,NA,5340784,49.6411013813702,40.446216583252,40.5263320223378,0,5.13413124126985,291338684.082031,NA,NA,NA,NA,NA,NA,NA,57.866,56.417,59.324,NA,NA,NA,NA,1.0577425788587,"Asia","South-Eastern Asia",0,0.088,0.082,-2.147,-0.972,-1.811,-2.35,-0.453,-0.557,-1.302,-2.157,0,0,0.75,0.5,0.5,0.5,0,0,0,0,0.25,0.25,0,0.25,0.604,1.467,-2.884,1.037,-0.96,-0.706,0.156,-1.685,-1.078,1.305,1.714,1.96,-1.361,-0.382,-0.584,-0.815,1.494,0.193
"LAO","LAOS",2000,-7,0,318.749852236965,17.0474590635935,105.722198486328,NA,72.3036117553711,60.7974014282227,75.85907,33.6302510315937,54.4,NA,0.111044,NA,5431212,49.6302851002686,43.159839630127,42.2317010822793,0,4.02461466594692,292491027.832031,69.5800018310547,81.3600006103516,58.4599990844727,NA,4.27513599,1.16,330,58.317,56.776,59.875,NA,NA,22.1832111477852,NA,0.791543216650207,"Asia","South-Eastern Asia",0,0.088,0.076,-2.147,-1.073,-1.811,-2.35,-0.453,-0.557,-1.302,-2.157,0,0,0.75,0.5,0.5,0.5,0,0,0,0,0.25,0.25,0,0.25,0.604,1.467,-2.884,1.037,-0.96,-0.706,0.156,-1.685,-1.078,1.305,1.714,1.96,-1.361,-0.382,-0.584,-0.815,1.494,0.193
"LAO","LAOS",2001,-7,0,320.316005439568,0.491342408980536,103.310859680176,NA,71.4904327392578,61.7603416442871,75.377,32.6831929428473,NA,NA,0.181664,NA,5521482,49.6221304352708,45.8550491333008,41.8364260116675,0,4.55666788739825,295895355.224609,68.7300033569336,77.0100021362305,60.9000015258789,NA,4.29031658,1.15,317,58.887,57.233,60.568,NA,NA,NA,NA,0.717115235195965,"Asia","South-Eastern Asia",0,0.088,0.076,-2.147,-1.073,-1.811,-2.35,-0.453,-0.557,-1.448,-2.157,0,0,0.75,0.5,0.5,0.5,0,0,0,0,0.25,0.25,0,0.25,0.604,1.467,-2.884,1.037,-0.96,-0.706,0.156,-1.685,-1.078,1.305,1.714,1.96,-1.361,-0.382,-0.584,-0.815,1.494,0.193
"LAO","LAOS",2002,-7,0,313.350817148131,-2.17447401102506,105.233688354492,NA,71.0965194702148,62.9770812988281,76.5676,33.3863040963517,51,NA,0.267899,NA,5610889,49.6171907191874,46.3,42.0529397212505,0,4.81089612054397,320313934.326172,NA,NA,NA,NA,3.69751263,1.13,305,59.302,57.532,61.114,NA,0.229755163192749,NA,NA,0.583934898389787,"Asia","South-Eastern Asia",0,0.089,0.076,-2.147,-1.073,-1.811,-2.35,-0.453,-0.557,-0.936,-2.157,0,0,0.75,0.5,0.5,0.5,0,0,0,0,0.25,0.25,0,0.25,0.603,1.467,-2.884,1.055,-0.96,-0.706,0.156,-1.685,-1.078,1.305,1.714,1.96,-1.361,-0.382,-0.584,-0.815,1.494,0.196
"LAO","LAOS",2003,-7,0,355.097216151461,13.3225754390151,107.481590270996,NA,70.6186065673828,62.6072082519531,79.17625,32.0861145753545,NA,NA,0.333912,NA,5697945,49.616712692032,48,41.9337781300384,0,6.57889990038597,309256134.033203,NA,NA,NA,NA,4.47920704,1.1,293,59.643,57.65,61.705,NA,NA,26.1038333177566,19.9566796422005,0.492156926196989,"Asia","South-Eastern Asia",0,0.089,0.076,-2.147,-1.073,-1.811,-2.35,-0.453,-0.557,-0.936,-2.027,0,0,0.75,0.5,0.5,0.5,0,0,0,0,0.25,0.25,0,0.25,0.603,1.467,-2.884,1.055,-0.96,-0.706,0.156,-1.685,-1.078,1.305,1.714,1.96,-1.361,-0.382,-0.584,-0.815,1.494,0.196
"LAO","LAOS",2004,-7,0,409.296298284117,15.2631672869939,108.649421691895,NA,70.8363494873047,62.5998916625977,79.84852,30.5213475173909,47.5,NA,0.361434,NA,5781626,49.6213261842475,53.8908538818359,44.0601141074548,0,6.13767807292974,261236083.984375,NA,NA,NA,NA,3.5405724,1.15,282,60.08,57.882,62.376,NA,NA,NA,NA,0.433725286362231,"Asia","South-Eastern Asia",0,0.089,0.076,-2.147,-1.073,-1.811,-2.35,0.086,-1.981,-0.936,-2.027,0,0,0.75,0.5,0.5,0.5,0,0,0,0,0.25,0.25,0,0.25,0.603,1.467,-2.884,1.055,-0.96,-0.706,0.156,-1.685,-1.078,1.305,1.714,1.96,-1.361,-0.382,-0.584,-0.815,1.494,0.196
"LAO","LAOS",2005,-7,0,466.061506997741,13.868976814987,110.026527404785,NA,73.2144622802734,65.0121612548828,81.105,28.2951353434837,NA,NA,0.850357,NA,5869523,49.6293821491116,57.2,43.3904134909633,0,6.59795887828897,278166961.669922,72.6999969482422,82.4499969482422,63.2299995422363,NA,3.33673191,1.15,270,60.688,58.411,63.07,NA,NA,NA,NA,0.392508608502655,"Asia","South-Eastern Asia",0,0.089,0.076,-2.147,-1.073,-1.811,-2.35,0.086,-1.981,-0.936,-2.027,0,0,0.601,0.4,0.401,0.401,0,0,0,0,0.2,0.2,0,0.2,0.603,1.467,-2.884,1.055,-0.96,-0.706,0.156,-1.685,-1.078,1.305,1.714,1.96,-1.361,-0.382,-0.584,-0.815,1.494,0.196
"LAO","LAOS",2006,-7,0,579.391947440719,24.3166274711306,110.817306518555,NA,77.6871337890625,67.4506378173828,82.62215,26.7296699146578,44.1,NA,1.16989,NA,5963200,49.6390193184867,57.0410587037665,38.1438717266097,0,13.2819832345904,345478546.142578,NA,NA,NA,NA,2.93200922,1.11,260,61.074,58.697,63.57,NA,NA,20.5559700727463,NA,0.343162744772127,"Asia","South-Eastern Asia",0,0.088,0.079,-2.1,-1.073,-1.811,-2.35,0.086,-2.15,-0.936,-2.027,0,0,0.8,0.4,0.6,0.6,0,0,0,0,0.2,0.2,0,0.2,0.606,1.467,-2.884,0.795,-0.96,-0.706,0.156,-1.685,-1.044,1.104,1.714,1.96,-1.361,-0.382,-0.584,-0.815,1.494,0.206
"LAO","LAOS",2007,-7,0,697.323013673925,20.3542812001667,112.471809387207,NA,79.7007217407227,70.4608001708984,85.23456,25.788148677301,NA,NA,1.64,NA,6056236,49.6491550197185,61.9792442321777,41.6699062812217,0,13.221931484425,358331176.757813,NA,NA,NA,NA,3.12986231,1.15,249,61.694,59.295,64.222,NA,0.288283199071884,NA,NA,0.312173796332908,"Asia","South-Eastern Asia",0,0.088,0.079,-2.1,-1.073,-1.811,-2.35,0.086,-2.415,-0.936,-2.027,0,0,0.8,0.4,0.6,0.6,0,0,0,0,0.2,0.2,0,0.2,0.608,1.467,-2.884,0.795,-0.96,-0.706,0.156,-1.685,-1.044,1.104,1.714,1.96,-1.361,-0.382,-0.584,-0.815,1.494,0.211
"LAO","LAOS",2008,-7,0,885.747376088762,27.0211019455822,114.984016418457,76.6,81.2910995483398,73.2180633544922,87.67267,24.1764814314586,40.7,NA,3.55,12.1029400169726,6148969,49.6588046453308,66,44.1080874597489,0,13.0184310702118,464789093.017578,NA,NA,NA,NA,2.76727295,1.16,240,62.248,59.925,64.692,NA,NA,NA,NA,0.273820907156906,"Asia","South-Eastern Asia",0,0.088,0.079,-2.1,-1.073,-1.811,-2.35,0.086,-2.415,-0.936,-2.027,0,0,0.8,0.4,0.6,0.6,0,0,0,0,0.2,0.2,0,0.2,0.608,1.467,-2.884,0.795,-0.96,-0.706,0.156,-1.685,-1.044,1.104,1.714,1.96,-1.361,-0.382,-0.584,-0.815,1.494,0.211
"LAO","LAOS",2009,-7,0,935.03237283283,5.56422723617857,117.407089233398,79,83.892707824707,75.7518768310547,89.97949,24.2053770855586,NA,NA,6,12.7571661741676,6241642,49.6668825286679,67.4694671630859,45.6988801729367,0,10.5912220635737,376952880.859375,NA,NA,NA,NA,3.46300411,1.03,230,63.023,60.734,65.432,NA,NA,NA,NA,0.217194753335539,"Asia","South-Eastern Asia",0,0.088,0.084,-2.1,-1.073,-1.669,-2.083,0.086,-2.415,-0.936,-2.027,0,0,0.8,0.4,0.6,0.6,0,0,0,0,0.2,0.2,0,0.2,0.608,1.467,-2.884,0.795,-0.96,-0.706,0.156,-1.685,-1.044,1.104,1.714,1.96,-1.361,-0.382,-0.584,-0.815,1.494,0.211
"LAO","LAOS",2010,-7,0,1125.91610151261,20.4146652272014,119.705680847168,80,85.7878112792969,80.1001205444336,94.53585,22.5957941345194,37.3,NA,7,13.0271390929762,6334194,49.6732654541367,70.2431106567383,43.5714766178165,0,14.8104375708519,331187103.271484,NA,NA,NA,NA,2.91154933,1.06,221,63.69,61.419,66.083,NA,NA,NA,NA,0.204567128983702,"Asia","South-Eastern Asia",0,0.089,0.132,-1.619,-1.073,-1.236,-1.308,0.1,-2.415,-0.936,-2.027,0,0,0.8,0.4,0.6,0.6,0,0,0,0,0.2,0.2,0,0.2,0.608,1.467,-2.884,0.795,-1.122,-0.706,0.156,-1.685,-1.086,1.307,1.714,1.96,-1.361,-0.382,-0.584,-0.815,1.494,0.211
"LAO","LAOS",2011,-7,0,1361.54704394913,20.9279307863136,119.074599302583,82.4,91.8377082151514,85.7831644479767,94.33115,20.7912551864005,NA,NA,9,13.1464121849439,6426590,49.6783753626145,70,41.7741927844051,0,15.2722808030825,351297424.316406,NA,NA,NA,NA,1.94457507,1.32,213,64.505,62.254,66.882,NA,NA,42.1788543462753,37.4866098165512,0.212126552452257,"Asia","South-Eastern Asia",0,0.089,0.132,-1.619,-1.073,-1.236,-1.308,0.1,-2.415,-0.936,-2.027,0,0,0.8,0.4,0.6,0.6,0,0,0,0,0.2,0.2,0,0.2,0.61,1.467,-2.884,0.882,-1.122,-0.706,0.156,-1.685,-1.086,1.307,1.714,1.96,-1.361,-0.382,-0.584,-0.815,1.494,0.21
"LAO","LAOS",2012,-7,0,1563.5650771337,14.8373891363035,118.414315740965,NA,94.6224735574406,89.9439543053284,94.32175,18.5484865737637,33.8,NA,10.7477,13.6053412560259,6518978,49.6822047873148,76.3666277465237,40.1523222378494,0,12.1203041098296,387863647.460938,NA,NA,NA,NA,2.07637572,1.53,204,65.126,62.925,67.452,NA,0.288286030292511,NA,NA,0.199455064976167,"Asia","South-Eastern Asia",0,0.089,0.13,-1.619,-1.112,-1.236,-1.308,0.1,-2.415,-0.936,-2.027,0,0,0.8,0.4,0.6,0.6,0,0,0,0,0.2,0.2,0,0.2,0.611,1.467,-2.884,0.882,-1.122,-0.706,0.156,-1.685,-1.086,1.307,1.714,1.96,-1.361,-0.382,-0.584,-0.815,1.494,0.209
"LAO","LAOS",2013,-7,0,1812.51774424651,15.9221173939997,118.408152699995,NA,99.6400422849955,95.6896314820413,96.23668,17.9304984280697,NA,NA,12.5,13.7388338387583,6611385,49.6848768729815,78.6421585083008,42.4921486144815,0,12.5380892460783,412230621.337891,NA,NA,NA,NA,2.39984965,1.1,197,65.723,63.569,68.001,NA,NA,NA,NA,0.189895181780941,"Asia","South-Eastern Asia",0,0.09,0.125,-1.619,-1.2,-1.514,-1.308,0.1,-2.415,-0.936,-1.968,0,0,0.8,0.4,0.6,0.6,0,0,0,0,0.2,0.2,0,0.2,0.616,0.943,-2.884,0.882,-1.122,-0.706,0.156,-1.685,-1.086,1.307,1.714,1.96,-1.361,-0.382,-0.584,-0.815,1.494,0.233
"LAO","LAOS",2014,-7,0,1981.03910900473,9.29763944618799,117.425464096562,NA,101.091629492864,98.2163494339938,96.5434,17.8487917824206,30.4,NA,14.26,13.8301819353549,6703172,49.6875210721133,81.4578628540039,44.1576786053302,0,8.12984913076319,464276062.011719,NA,NA,NA,NA,2.29845548,1.08,189,66.35,64.268,68.553,NA,NA,NA,NA,NA,"Asia","South-Eastern Asia",0,0.09,0.125,-1.619,-1.2,-1.514,-1.308,0.1,-2.415,-0.936,-1.968,0,0,0.8,0.4,0.6,0.6,0,0,0,0,0.2,0.2,0,0.2,0.616,0.943,-2.884,0.882,-1.122,-0.706,0.156,-1.685,-1.086,1.307,1.714,1.96,-1.361,-0.382,-0.584,-0.815,1.494,0.233
"LAO","LAOS",2015,-7,0,2121.01339097363,7.06570008298437,114.302879123065,NA,102.392889081597,99.5055676167799,94.89325,17.5877596970627,NA,NA,18.2,13.5061406202026,6801645,49.6909203582369,89.7,44.1689693992427,0,5.52476230566431,508725341.796875,84.6600036621094,89.9599990844727,79.3899993896484,NA,2.45366454,1.15,182,66.688,64.61,68.896,NA,NA,NA,NA,NA,"Asia","South-Eastern Asia",0,0.089,0.125,-1.619,-1.2,-1.514,-1.308,0.1,-2.415,-0.936,-1.968,0,0,0.8,0.4,0.6,0.6,0,0,0,0,0.2,0.2,0,0.2,0.616,0.943,-2.884,0.882,-1.122,-0.706,0.156,-1.685,-1.086,1.307,1.714,1.96,-1.361,-0.382,-0.584,-0.815,1.494,0.233
"LAO","LAOS",2016,-7,0,2303.22156035363,8.5906185295869,110.502812681423,NA,101.028858889796,98.4348666942948,94.00376,17.2301765948066,27,NA,21.87,12.943111340589,6908802,49.6952004124594,87.0957717895508,42.4771231213113,0,4.35259193269181,443694335.9375,NA,NA,NA,NA,2.36087489,1.21,175,67.014,64.898,69.26,NA,NA,NA,NA,NA,"Asia","South-Eastern Asia",0,0.088,0.125,-1.619,-1.2,-1.514,-1.308,0.1,-1.859,-0.936,-1.968,0,0,0.8,0.4,0.6,0.6,0,0,0,0,0.2,0.2,0,0.2,0.624,0.943,-2.884,0.94,-1.122,-0.706,0.156,-1.685,-1.086,0.745,1.714,1.96,-1.361,-0.382,-0.584,-0.815,1.494,0.226
"LAO","LAOS",2017,-7,0,2432.43059478511,5.60992640289636,107.444972491228,NA,101.839271137794,100.244568540333,92.48614,16.1997598561979,NA,NA,25.5104,12.2393204925079,7018147,49.6997996764673,NA,41.5278261302034,0,4.97088233452954,519498779.296875,73.7200012207031,83.4300003051758,64.4100036621094,NA,2.52606821,1.58,168,67.345,65.252,69.561,NA,NA,64.3665552139282,62.5851631164551,NA,"Asia","South-Eastern Asia",0,0.093,0.136,-1.619,-1.006,-1.514,-1.212,0.1,-1.636,-0.947,-1.968,0,0,0.8,0.4,0.6,0.6,0,0,0,0,0.2,0.2,0,0.2,0.631,1.08,-2.884,0.94,-1.011,-0.392,0.156,-1.685,-1.086,0.745,1.501,1.935,-1.652,-0.348,-0.584,-0.688,1.085,0.261
"LAO","LAOS",2018,-7,0,2545.1075420815,4.63227799954327,104.275413158198,NA,99.4239903429816,97.4631994804633,91.46712,15.7091868201084,23.6,NA,36.3,11.7206462464078,7128045,49.7044841888624,NA,41.60838243206,0,3.8787583779558,617517089.84375,NA,NA,NA,NA,2.24630046,1.46,162,67.594,65.492,69.815,NA,0.330821663141251,NA,NA,NA,"Asia","South-Eastern Asia",0,0.09,0.167,-1.394,-0.839,-0.841,-1.212,0.1,-1.636,-0.947,-1.968,0,0,0.8,0.4,0.6,0.6,0,0,0,0,0.2,0.2,0,0.2,0.643,1.08,-2.884,0.94,-1.011,-0.392,0.156,-1.685,-1.086,0.745,1.23,1.565,-1.697,-0.348,-0.584,-0.688,1.085,0.261
"LAO","LAOS",2019,NA,0,2589.32081035237,1.73718664299388,101.978544594664,NA,93.9095598439423,93.2363626541334,NA,16.0503390570341,NA,NA,47.0323,11.4655560904234,7237636,49.7099397800525,NA,41.5143522873285,0,3.10453941803438,672017944.335938,NA,NA,NA,NA,2.60312223,1.68,155,67.911,65.784,70.156,NA,NA,NA,NA,NA,"Asia","South-Eastern Asia",0,0.109,0.149,-1.394,-1.064,-0.507,-1.455,0.1,-1.367,-1.028,-2.363,0,0,0.75,0.5,0.5,0.5,0,0,0,0,0.25,0.25,0,0.25,0.601,1.08,-2.884,0.94,-1.011,-0.341,0.156,-1.685,-1.086,0.745,1.23,1.298,-1.697,-0.348,0.909,0.274,0.926,0.273
"LAO","LAOS",2020,NA,0,2583.77730696131,-0.214091022205374,100.27766790602,NA,91.4903355739806,90.0600985886961,NA,16.3377623592616,21.8,NA,54,9.40187747055082,7346533,49.721562538411,NA,41.0498993391489,0,2.81746694955522,553043334.960938,NA,NA,NA,NA,2.05965185,1.27,149,68.339,65.861,71.045,NA,NA,NA,NA,NA,"Asia","South-Eastern Asia",0,0.094,0.152,-1.394,-1.064,-0.463,-1.289,0.1,-2.029,-1.048,-1.675,0,0,0.75,0.5,0.5,0.5,0,0,0,0,0.25,0.25,0,0.25,0.634,0.993,-2.884,0.94,-1.011,-0.183,0.156,-1.706,-0.965,1.107,1.166,1.077,-1.539,0.445,-0.119,-1.179,0.926,0.276
"MYS","MALAYSIA",1960,7,0,240.847414554537,NA,NA,NA,NA,NA,NA,43.7159324923287,NA,NA,NA,NA,7956197,49.0714658110484,NA,NA,NA,NA,147973556.518555,NA,NA,NA,NA,NA,3.72813272476196,NA,57.168,56.315,58.177,NA,NA,NA,NA,2.6764405046028,"Asia","South-Eastern Asia",1,0.217,0.238,-1.159,-0.273,-0.901,-0.634,1.086,-0.314,-0.139,-0.023,0.25,0.25,1,0.75,1,0.75,1,0.75,0.5,0.25,0.25,0.5,0.75,0,0.441,-0.111,-0.276,-0.4,0.847,1.033,0.609,1.29,1.713,1.274,-0.159,-0.114,0.19,-0.991,-0.825,-0.813,0.805,0.492
"MYS","MALAYSIA",1961,7,0,232.943768818315,-3.28159874617725,NA,NA,NA,NA,NA,45.382152181381,NA,NA,NA,NA,8164443,49.1638375286394,NA,NA,NA,NA,200638916.015625,NA,NA,NA,NA,NA,NA,NA,58.015,57.128,59.057,NA,NA,NA,NA,2.23290965304019,"Asia","South-Eastern Asia",1,0.219,0.238,-1.159,-0.273,-0.901,-0.634,1.086,-1.305,-0.139,-0.023,0.25,0.25,1,0.75,1,0.75,1,0.75,0.5,0.25,0.25,0.5,0.75,0,0.441,-0.111,-0.276,-0.4,0.847,1.033,0.609,1.29,1.713,1.274,-0.159,-0.114,0.19,-0.991,-0.825,-0.813,0.805,0.492
"MYS","MALAYSIA",1962,7,0,238.836339180717,2.52961064049665,NA,NA,NA,NA,NA,42.9686616614983,NA,NA,NA,NA,8380172,49.2464832464059,NA,NA,NA,NA,196781616.210938,NA,NA,NA,NA,NA,NA,NA,58.855,57.943,59.919,NA,NA,NA,NA,2.18704096621511,"Asia","South-Eastern Asia",1,0.218,0.238,-1.159,-0.273,-0.901,-0.634,1.086,-1.305,-0.139,-0.023,0.25,0.25,1,0.75,1,0.75,1,0.75,0.5,0.25,0.25,0.5,0.75,0,0.446,-0.111,-0.562,-0.4,0.847,1.033,0.609,1.29,1.713,1.274,-0.159,-0.114,0.19,-0.991,-0.825,-0.813,0.805,0.492
"MYS","MALAYSIA",1963,7,0,291.800006993807,22.175715803873,NA,NA,NA,NA,NA,35.1236530452889,NA,NA,NA,NA,8602160,49.3201185144059,NA,NA,NA,NA,109744087.219238,NA,NA,NA,NA,NA,NA,NA,59.667,58.71,60.775,NA,NA,NA,NA,2.42061426340448,"Asia","South-Eastern Asia",1,0.218,0.238,-1.159,-0.273,-0.901,-0.634,1.086,-1.305,-0.139,-0.023,0.25,0.25,1,0.75,1,0.75,1,0.75,0.5,0.25,0.25,0.5,0.75,0,0.446,-0.111,-0.562,-0.4,0.847,1.033,0.609,1.29,1.713,1.274,-0.159,-0.114,0.19,-0.991,-0.825,-0.813,0.805,0.492
"MYS","MALAYSIA",1964,7,0,302.933952345239,3.81560832233574,NA,NA,NA,NA,NA,33.2737840478808,NA,NA,NA,NA,8828406,49.3862312177306,NA,NA,NA,NA,157150329.589844,NA,NA,NA,NA,NA,NA,NA,60.448,59.406,61.648,NA,NA,NA,NA,3.16355197263955,"Asia","South-Eastern Asia",1,0.212,0.238,-1.159,-0.273,-0.901,-0.634,1.086,-1.305,-0.139,-0.023,0.25,0.25,1,0.75,1,0.75,1,0.75,0.5,0.25,0.25,0.5,0.75,0,0.446,-0.111,-0.562,-0.396,0.847,1.033,0.609,1.29,1.713,1.274,-0.159,-0.114,0.19,-0.991,-0.825,-0.813,0.805,0.494
"MYS","MALAYSIA",1965,7,0,326.436007443045,7.75814494078956,NA,NA,NA,NA,NA,31.0066375690608,NA,NA,NA,NA,9056408,49.4457515606629,NA,NA,NA,NA,196680923.461914,NA,NA,NA,NA,NA,NA,NA,61.144,60.045,62.405,NA,NA,NA,NA,4.01104972375691,"Asia","South-Eastern Asia",1,0.21,0.238,-1.159,-0.273,-0.901,-0.634,1.086,-1.305,-0.139,-0.023,0.25,0.25,1,0.75,1,0.75,1,0.75,0.5,0.25,0.25,0.5,0.75,0,0.446,-0.111,-0.562,-0.396,0.847,1.033,0.609,1.29,1.713,1.274,-0.159,-0.114,0.19,-0.991,-0.825,-0.813,0.805,0.495
"MYS","MALAYSIA",1966,7,0,338.570121454412,3.71714937528272,NA,NA,NA,NA,NA,31.5412355814195,NA,NA,NA,NA,9284688,49.4987176196677,NA,NA,NA,NA,250567062.37793,NA,NA,NA,NA,NA,NA,NA,61.679,60.547,62.969,NA,NA,NA,NA,4.72825522186428,"Asia","South-Eastern Asia",1,0.21,0.219,-1.259,-0.51,-0.901,-0.634,1.086,-1.305,-0.139,-0.023,0.25,0.25,1,0.75,1,0.75,1,0.75,0.5,0.25,0.25,0.5,0.75,0,0.446,-0.111,-0.562,-0.396,0.847,1.033,0.609,1.29,1.713,1.274,-0.159,-0.114,0.19,-0.991,-0.825,-0.813,0.805,0.495
"MYS","MALAYSIA",1967,7,0,335.425630582949,-0.928756163702534,NA,NA,NA,NA,NA,31.5981233353821,NA,NA,NA,NA,9507099,49.5529288166664,NA,NA,NA,NA,181857574.462891,NA,NA,NA,NA,NA,NA,NA,62.044,60.886,63.351,NA,NA,NA,NA,4.49702929727515,"Asia","South-Eastern Asia",1,0.213,0.219,-1.259,-0.51,-0.901,-0.634,1.086,-1.305,-0.139,-0.023,0.25,0.25,1,0.75,1,0.75,1,0.75,0.5,0.25,0.25,0.5,0.75,0,0.443,-0.111,-0.257,-0.396,0.847,1.033,0.609,1.29,1.713,1.274,-0.159,-0.114,0.19,-0.991,-0.825,-0.813,0.805,0.495
"MYS","MALAYSIA",1968,7,0,342.444763417284,2.09260479651962,NA,NA,NA,NA,NA,31.338511034821,NA,NA,NA,NA,9725281,49.6095279920447,NA,NA,NA,NA,216833541.870117,NA,NA,NA,NA,NA,NA,NA,62.443,61.216,63.815,NA,NA,NA,NA,4.45316331535066,"Asia","South-Eastern Asia",1,0.209,0.219,-1.259,-0.51,-0.901,-0.634,1.086,-1.305,-0.139,-0.023,0.25,0.25,1,0.75,1,0.75,1,0.75,0.5,0.25,0.25,0.5,0.75,0,0.449,-0.111,-0.53,-0.396,0.847,1.033,0.609,1.29,1.713,1.274,-0.159,-0.114,0.19,-0.991,-0.825,-0.813,0.805,0.495
"MYS","MALAYSIA",1969,1,0,368.385655484736,7.57520477421986,NA,NA,NA,NA,NA,33.1368791228383,NA,NA,NA,NA,9947597,49.661998806144,NA,NA,NA,NA,225388275.146484,NA,NA,NA,NA,NA,NA,NA,62.868,61.565,64.312,NA,NA,NA,NA,3.9222677839187,"Asia","South-Eastern Asia",1,0.163,0.219,-1.259,-0.51,-0.901,-0.634,1.086,-1.305,-0.139,-0.023,0.25,0.25,1,0.75,1,0.75,1,0.75,0.5,0.25,0.25,0.5,0.75,0,0.445,-0.111,-0.53,-0.546,0.847,1.033,0.609,1.29,1.713,1.274,-0.159,-0.114,0.19,-0.991,-0.825,-0.813,0.805,0.493
"MYS","MALAYSIA",1970,1,0,379.626764270849,3.051451276332,93.007926940918,NA,NA,NA,87.01569,32.5802840476794,NA,NA,NA,NA,10178802,49.7056578667763,NA,NA,0.0168146816605373,17.004345736664,202319488.525391,NA,NA,NA,NA,NA,3.46970009803772,NA,63.298,61.956,64.774,NA,NA,NA,NA,5.16527178966946,"Asia","South-Eastern Asia",0,0.133,0.249,-1.259,-0.079,-0.901,-0.634,1.086,-1.305,-0.139,-0.023,0.25,0.25,1,0.75,1,0.75,1,0.75,0.5,0.25,0.25,0.5,0.75,0,0.45,0.184,-0.53,NA,0.723,0.018,0.609,1.29,1.713,1.274,-0.159,-0.114,NA,NA,-0.825,-0.813,0.805,0.401
"MYS","MALAYSIA",1971,4,0,407.19672797331,7.26238671696785,NA,NA,NA,NA,86.73464,28.4261906599768,NA,NA,NA,NA,10423453,49.7253597511919,NA,NA,0.0668842004969055,19.6130299561807,279287048.339844,NA,NA,NA,NA,NA,NA,NA,63.77,62.39,65.279,NA,NA,NA,NA,5.37244307217291,"Asia","South-Eastern Asia",0,0.133,0.249,-1.259,-0.079,-0.901,-0.634,1.086,-1.305,-0.139,-0.023,0.25,0.25,1,0.75,1,0.75,1,0.75,0.5,0.25,0.25,0.5,0.75,0,0.45,0.184,-0.53,NA,0.723,0.018,0.609,1.29,1.713,1.274,-0.159,-0.114,NA,NA,-0.825,-0.813,0.805,0.401
"MYS","MALAYSIA",1972,4,0,472.363509449959,16.0037586257128,NA,NA,NA,NA,87.76241,28.2624810126582,NA,NA,NA,NA,10676835,49.7281450916868,NA,NA,0.253118828194178,26.9274941459081,299857849.121094,NA,NA,NA,NA,NA,NA,NA,64.232,62.818,65.776,NA,NA,NA,NA,4.9789029535865,"Asia","South-Eastern Asia",0,0.17,0.249,-1.259,-0.079,-0.901,-0.634,1.086,-1.51,-0.139,-0.023,0.25,0.25,1,0.75,1,0.75,1,0.75,0.5,0.25,0.25,0.5,0.75,0,0.489,0.184,-0.53,NA,0.525,0.018,0.609,1.29,1.713,1.274,-0.159,-0.114,0.001,-1.002,-1.15,-0.932,0.805,0.401
"MYS","MALAYSIA",1973,4,0,700.728626010603,48.3452070263773,NA,NA,NA,NA,NA,28.9364471505635,NA,NA,NA,NA,10935621,49.7307011645704,NA,NA,0.515906818444802,32.5021042060303,216590301.513672,NA,NA,NA,NA,NA,NA,NA,64.725,63.277,66.301,NA,NA,NA,NA,3.87224269614912,"Asia","South-Eastern Asia",0,0.17,0.249,-1.259,-0.079,-0.901,-0.634,1.086,-1.51,-0.139,-0.023,0.25,0.25,1,0.75,1,0.75,1,0.75,0.5,0.25,0.25,0.5,0.75,0,0.489,0.184,-0.53,NA,0.525,0.018,0.609,1.29,1.713,1.274,-0.159,-0.114,0.001,-1.002,-1.15,-0.932,0.805,0.401
"MYS","MALAYSIA",1974,4,0,847.806802570239,20.9893204159481,NA,NA,94.1431884765625,84.9910125732422,NA,32.4653403622364,NA,NA,NA,NA,11200906,49.7327269776213,NA,NA,2.64251075151027,24.8759223266563,275464447.021484,NA,NA,NA,NA,NA,NA,NA,65.204,63.713,66.821,NA,NA,NA,NA,4.18234316213142,"Asia","South-Eastern Asia",1,0.179,0.249,-1.259,-0.079,-0.901,-0.634,1.086,-1.51,-0.139,-0.023,0.25,0.25,1,0.75,1,0.75,1,0.75,0.5,0.25,0.25,0.5,0.75,0,0.497,0.184,-0.53,-1.529,0.525,0.018,0.609,1.29,1.713,1.274,-0.159,-0.114,0.001,-1.002,-1.15,-0.932,0.805,0.466
"MYS","MALAYSIA",1975,4,0,810.570999701272,-4.39201510958414,101.395896911621,NA,NA,NA,NA,30.7169416084542,NA,NA,NA,NA,11471914,49.7339197045863,NA,NA,3.59264852012829,29.0164220246222,347036468.505859,NA,NA,NA,NA,NA,3.34669995307922,NA,65.697,64.171,67.348,NA,NA,NA,NA,4.72416263657532,"Asia","South-Eastern Asia",1,0.194,0.249,-1.259,-0.079,-0.901,-0.634,1.086,-1.51,-0.139,-0.023,0.25,0.25,1,0.75,1,0.75,1,0.75,0.5,0.25,0.25,0.5,0.75,0,0.51,0.184,-0.53,-1.529,0.525,0.018,0.609,1.29,1.713,1.274,-0.159,-0.114,0.001,-1.002,-1.15,-0.932,0.805,0.584
"MYS","MALAYSIA",1976,4,0,940.437734141673,16.0216359194028,NA,NA,NA,NA,NA,29.4018255296422,NA,NA,NA,NA,11750097,49.7349426136652,NA,NA,5.53236920059649,29.3251825334001,222610214.233398,NA,NA,NA,NA,NA,NA,NA,66.233,64.547,68.057,NA,NA,NA,NA,3.98077265444187,"Asia","South-Eastern Asia",1,0.194,0.249,-1.259,-0.079,-0.901,-0.634,1.086,-1.51,-0.139,-0.023,0.25,0.25,1,0.75,1,0.75,1,0.75,0.5,0.25,0.25,0.5,0.75,0,0.51,0.184,-0.53,-1.529,0.525,0.018,0.609,1.29,1.713,1.274,-0.159,-0.114,0.001,-1.002,-1.15,-0.932,0.805,0.584
"MYS","MALAYSIA",1977,4,0,1091.70837095855,16.0851305009512,102.749168395996,NA,NA,NA,NA,28.2144613481756,NA,NA,NA,NA,12035713,49.7374688146851,NA,NA,5.79618674041397,30.9180140872899,236503677.368164,NA,NA,NA,NA,NA,NA,NA,66.72,64.837,68.763,NA,NA,NA,NA,4.85466914038343,"Asia","South-Eastern Asia",1,0.194,0.249,-1.259,-0.079,-0.901,-0.634,1.086,-1.51,-0.139,-0.023,0.25,0.25,1,0.75,1,0.75,1,0.75,0.5,0.25,0.25,0.5,0.75,0,0.51,0.184,-0.53,-1.529,0.525,0.018,0.609,1.29,1.713,1.274,-0.159,-0.114,0.001,-1.002,-1.15,-0.932,0.805,0.584
"MYS","MALAYSIA",1978,4,0,1326.88769798353,21.542321491818,104.063293457031,NA,NA,NA,NA,26.38947421211,NA,NA,NA,NA,12328157,49.7421188145058,NA,NA,5.48461744904904,26.6754857541954,192613861.083984,NA,NA,NA,NA,NA,NA,NA,67.17,65.093,69.429,NA,NA,NA,NA,3.7111334002006,"Asia","South-Eastern Asia",1,0.194,0.249,-1.259,-0.079,-0.901,-0.634,1.086,-1.51,-0.139,-0.023,0.25,0.25,1,0.75,1,0.75,1,0.75,0.5,0.25,0.25,0.5,0.75,0,0.509,0.184,-0.53,-1.492,0.525,0.018,0.609,1.29,1.713,1.274,-0.159,-0.114,0.001,-1.002,-1.15,-0.932,0.805,0.579
"MYS","MALAYSIA",1979,4,0,1679.87779419937,26.6028614744322,103.894348144531,NA,NA,NA,NA,24.8752858435292,NA,NA,NA,NA,12627862,49.7470553806293,NA,NA,13.3339842412618,38.5832711629996,279376007.080078,NA,NA,NA,NA,NA,NA,NA,67.607,65.513,69.876,NA,NA,NA,NA,3.67051525073238,"Asia","South-Eastern Asia",1,0.194,0.249,-1.259,-0.079,-0.901,-0.634,1.086,-1.51,-0.139,-0.023,0.25,0.25,1,0.75,1,0.75,1,0.75,0.5,0.25,0.25,0.5,0.75,0,0.509,0.184,-0.53,-1.492,0.525,0.018,0.609,1.29,1.713,1.274,-0.159,-0.114,0.001,-1.002,-1.15,-0.932,0.805,0.573
"MYS","MALAYSIA",1980,4,0,1886.12339323875,12.2774168306497,103.394828796387,NA,105.330718994141,101.524459838867,NA,23.0272681398664,NA,NA,NA,NA,12983363,49.712062253213,NA,NA,12.7544859581505,37.7832312516497,292945159.912109,69.5199966430664,78.1500015258789,61.25,NA,NA,NA,NA,68.061,65.938,70.357,NA,NA,NA,NA,4.23013431379905,"Asia","South-Eastern Asia",1,0.196,0.393,-0.572,-0.079,-0.901,0.572,1.086,-1.51,-0.139,-0.023,0.25,0.25,1,0.75,1,0.75,1,0.75,0.5,0.25,0.25,0.5,0.75,0,0.505,0.091,-0.53,-1.492,0.525,0.018,0.609,1.29,1.713,1.274,-0.159,-0.114,0.001,-1.002,-1.15,-0.932,0.805,0.581
"MYS","MALAYSIA",1981,4,0,1866.10246831744,-1.06148542524204,102.125587463379,NA,100.234077453613,98.0871124267578,NA,21.8210324058806,NA,NA,NA,NA,13399203,49.6391725417678,NA,NA,9.48820932436969,26.4833420566088,336368103.027344,NA,NA,NA,NA,NA,2.27830004692078,NA,68.461,66.301,70.799,NA,NA,NA,NA,5.78515265651849,"Asia","South-Eastern Asia",1,0.191,0.368,-0.572,-0.301,-1.399,0.572,1.086,-1.51,-0.139,-0.023,0.25,0.25,1,0.75,1,0.75,1,0.75,0.5,0.25,0.25,0.5,0.75,0,0.546,-0.128,-0.784,-1.492,0.055,-0.206,0.609,1.29,1.424,1.274,-0.436,-0.114,0.001,-1.002,-1.15,-0.932,0.805,0.585
"MYS","MALAYSIA",1982,4,0,1937.74922725899,3.83937967812399,101.497291564941,NA,98.6092071533203,96.7104263305664,NA,21.5016607294046,NA,NA,NA,NA,13832798,49.565666355739,NA,NA,6.95026678656724,31.1968461324752,305491699.21875,NA,NA,NA,NA,NA,NA,NA,68.876,66.712,71.218,NA,NA,NA,NA,5.36761533421755,"Asia","South-Eastern Asia",1,0.175,0.368,-0.572,-0.301,-1.399,0.572,1.086,-1.51,-0.139,-0.023,0.25,0.25,1,0.75,1,0.75,1,0.75,0.5,0.25,0.25,0.5,0.75,0,0.626,-0.149,-0.784,-1.802,-0.385,-0.598,0.763,0.603,1.424,0.66,-0.436,-0.114,-0.335,-1.002,-1.15,-1.657,0.805,0.617
"MYS","MALAYSIA",1983,4,0,2124.29229106221,9.62679077246189,101.269706726074,NA,101.794853210449,99.8217163085938,NA,20.2230885526092,NA,NA,NA,NA,14285907,49.4899763802186,NA,NA,9.08509496998775,29.7256370502483,406174255.371094,NA,NA,NA,NA,NA,NA,NA,69.205,67.042,71.546,NA,NA,NA,NA,4.42337175628868,"Asia","South-Eastern Asia",1,0.173,0.368,-0.572,-0.301,-1.399,0.572,1.086,-1.51,-0.139,-0.023,0.25,0.25,1,0.75,1,0.75,1,0.75,0.5,0.25,0.25,0.5,0.75,0,0.635,-0.149,-0.784,-1.802,-0.541,-0.598,0.763,0.603,1.424,0.66,-0.436,-0.114,-0.335,-1.002,-1.15,-2.032,0.805,0.628
"MYS","MALAYSIA",1984,4,0,2299.80870816235,8.26234778700704,100.014801025391,NA,99.9049224853516,98.2824401855469,NA,20.3456944060339,NA,NA,NA,NA,14759009,49.413304104632,NA,NA,9.38668970307597,21.3305645463802,659646179.199219,NA,NA,NA,NA,NA,NA,NA,69.551,67.386,71.888,NA,NA,NA,NA,3.75235700817096,"Asia","South-Eastern Asia",1,0.171,0.368,-0.572,-0.301,-1.399,0.572,1.086,-1.51,-0.139,-0.023,0.25,0.25,1,0.75,1,0.75,1,0.75,0.5,0.25,0.25,0.5,0.75,0,0.635,-0.149,-0.784,-1.802,-0.541,-0.598,0.763,0.603,1.424,0.66,-0.436,-0.114,-0.335,-1.002,-1.15,-2.032,0.805,0.628
"MYS","MALAYSIA",1985,4,0,2045.57471772113,-11.0545711710242,99.7106323242188,NA,97.0286865234375,95.8357620239258,NA,20.2814785078095,NA,NA,NA,NA,15252258,49.3386651774009,NA,NA,10.039182090438,21.7896848160812,527898681.640625,NA,NA,NA,NA,NA,2.5576000213623,NA,69.863,67.641,72.265,NA,NA,NA,NA,3.4516587065961,"Asia","South-Eastern Asia",1,0.17,0.368,-0.572,-0.301,-1.399,0.572,1.086,-1.51,-0.139,-0.023,0.25,0.25,1,0.75,1,0.75,1,0.75,0.5,0.25,0.25,0.5,0.75,0,0.635,-0.149,-0.784,-1.802,-0.541,-0.598,0.763,0.603,1.424,0.66,-0.436,-0.114,-0.335,-1.002,-1.15,-2.032,0.805,0.628
"MYS","MALAYSIA",1986,4,0,1759.73185736702,-13.9737188711715,NA,NA,NA,NA,NA,20.1845026119507,NA,NA,NA,NA,15760419,49.2675543714923,NA,NA,5.9985712191174,23.6510021336852,447070617.675781,NA,NA,NA,NA,NA,NA,NA,70.133,67.864,72.591,NA,NA,NA,NA,3.22373383244406,"Asia","South-Eastern Asia",1,0.168,0.368,-0.572,-0.301,-1.399,0.572,1.086,-1.51,-0.139,-0.023,0.25,0.25,1,0.75,1,0.75,1,0.75,0.5,0.25,0.25,0.5,0.75,0,0.636,-0.149,-0.784,-2.06,-0.541,-0.598,0.763,0.603,1.424,0.66,-0.436,-0.114,-0.335,-1.002,-1.15,-2.032,0.805,0.643
"MYS","MALAYSIA",1987,4,0,1977.1290866202,12.3539974765507,97.6758728027344,NA,95.773323059082,94.7587890625,NA,19.9605352407967,NA,NA,NA,NA,16276737,49.198626235713,NA,42.6774372571992,7.6046790210216,28.6319143984632,491690551.757813,NA,NA,NA,NA,NA,2.47790002822876,NA,70.351,68.043,72.86,NA,NA,NA,NA,4.14749953752235,"Asia","South-Eastern Asia",1,0.163,0.368,-0.572,-0.301,-1.399,0.572,1.086,-1.51,-0.139,-0.023,0.25,0.25,1,0.75,1,0.75,1,0.75,0.5,0.25,0.25,0.5,0.75,0,0.636,-0.149,-0.784,-2.06,-0.541,-0.598,0.763,0.603,1.424,0.66,-0.436,-0.114,-0.335,-1.002,-1.15,-2.032,0.805,0.665
"MYS","MALAYSIA",1988,4,0,2099.95467656701,6.21232021611569,97.4090423583984,NA,95.9025268554688,94.9694519042969,NA,20.0714517700552,NA,NA,NA,NA,16796605,49.1307023056147,NA,42.1457183068096,5.64035979972944,25.0794135493953,183364410.400391,NA,NA,NA,NA,NA,NA,NA,70.551,68.261,73.037,NA,NA,NA,NA,2.42611237414745,"Asia","South-Eastern Asia",1,0.155,0.368,-0.572,-0.301,-1.399,0.572,1.086,-1.51,-0.139,-0.023,0.25,0.25,1,0.75,1,0.75,1,0.75,0.5,0.25,0.25,0.5,0.75,0,0.681,-0.149,-0.784,-2.06,-0.541,-0.598,0.763,0.406,0.436,0.24,-0.475,-0.351,-0.335,-1.002,-1.15,-2.032,0.805,0.665
"MYS","MALAYSIA",1989,4,0,2243.60219599914,6.84050570400708,96.8028030395508,NA,93.6671295166016,93.1675796508789,NA,18.0817804300932,NA,NA,NA,NA,17314997,49.0644612875186,NA,44.0517708323435,7.96651029868657,28.3611314535947,191269256.591797,NA,NA,NA,NA,NA,2.33949995040894,NA,70.759,68.487,73.223,NA,NA,NA,NA,2.62370169053434,"Asia","South-Eastern Asia",1,0.161,0.368,-0.572,-0.301,-1.399,0.572,1.086,-1.771,-0.139,-0.023,0.25,0.25,1,0.75,1,0.75,1,0.75,0.5,0.25,0.25,0.5,0.75,0,0.658,-0.149,-0.784,-2.06,-0.541,-0.598,0.763,0.406,0.436,0.507,-0.206,-0.033,-0.335,-1.002,-1.15,-2.032,0.805,0.665
"MYS","MALAYSIA",1990,4,0,2468.69080320116,10.0324650957913,95.9352111816406,NA,91.0522232055664,92.0789413452148,NA,15.2165332840671,NA,NA,0,NA,17833171,49.0018881666144,93.9550399780273,44.1926083926067,10.2305989016965,26.8807563305794,535796447.753906,NA,NA,NA,NA,NA,2.1305999756,NA,70.952,68.69,73.407,NA,NA,NA,NA,2.55540346486845,"Asia","South-Eastern Asia",1,0.163,0.368,-0.572,-0.301,-1.399,0.572,1.086,-2.08,0.512,0.543,0.25,0.25,1,0.75,1,0.75,1,0.75,0.5,0.25,0.25,0.5,0.75,0,0.662,-0.149,-0.784,-2.08,-0.541,-0.598,0.763,0.406,0.436,0.507,-0.206,-0.033,-0.335,-1.002,-1.15,-2.032,0.78,0.651
"MYS","MALAYSIA",1991,4,0,2679.20101106745,8.52720023071826,95.6888427734375,NA,91.3327178955078,92.9112091064453,NA,14.3557029099198,NA,NA,NA,NA,18342464,48.9500728446338,94.2970886230469,44.8195731328261,5.42149160741163,21.2686939295695,327719207.763672,82.9199981689453,88.5599975585938,77.2799987792969,NA,NA,2.0938999653,NA,71.219,68.954,73.682,NA,NA,NA,NA,3.19928362097037,"Asia","South-Eastern Asia",1,0.162,0.368,-0.572,-0.301,-1.399,0.572,1.086,-2.08,0.512,0.543,0.25,0.25,1,0.75,1,0.75,1,0.75,0.5,0.25,0.25,0.5,0.75,0,0.669,-0.149,-0.784,-2.08,-1.146,-0.598,0.763,0.406,0.436,0.507,-0.206,-0.033,-0.335,-1.002,-1.15,-2.032,0.78,0.673
"MYS","MALAYSIA",1992,4,0,3141.43321987651,17.2526140031911,95.6893997192383,NA,NA,NA,NA,14.572410772355,NA,NA,0.00105,NA,18834572,48.9062825531687,94.6386260986328,45.6643792888334,4.93163394069584,20.1890047327682,206715332.03125,NA,NA,NA,NA,NA,2.0606999397,NA,71.483,69.191,73.982,NA,NA,NA,NA,2.98642173584104,"Asia","South-Eastern Asia",1,0.162,0.368,-0.572,-0.301,-1.399,0.572,1.086,-2.08,0.512,0.543,0.25,0.25,1,0.75,1,0.75,1,0.75,0.5,0.25,0.25,0.5,0.75,0,0.669,-0.149,-0.784,-2.08,-1.146,-0.598,0.763,0.406,0.436,0.507,-0.206,-0.033,-0.335,-1.002,-1.15,-2.032,0.78,0.673
"MYS","MALAYSIA",1993,4,0,3461.99504214189,10.2043175782671,95.9816513061523,NA,92.9408264160156,95.1827774047852,NA,13.7873561215838,NA,NA,0.0255,NA,19322664,48.8656870053898,94.9771041870117,47.9668281124778,4.18799363570595,17.3002755446405,192580657.958984,NA,NA,NA,NA,NA,2.0295000076,NA,71.721,69.374,74.287,NA,NA,NA,NA,2.87524536278848,"Asia","South-Eastern Asia",1,0.162,0.368,-0.572,-0.301,-1.399,0.572,1.086,-2.08,0.512,0.543,0.25,0.25,1,0.75,1,0.75,1,0.75,0.5,0.25,0.25,0.5,0.75,0,0.669,-0.149,-0.784,-2.08,-1.146,-0.598,0.763,0.406,0.436,0.507,-0.206,-0.033,-0.335,-1.002,-1.15,-2.032,0.78,0.673
"MYS","MALAYSIA",1994,4,0,3757.65292858601,8.54010138215567,96.0813064575195,NA,NA,NA,97.25382,13.6610372401656,NA,NA,0.0996,NA,19820446,48.8297185643552,95.3094635009765,47.9440911486179,3.26542845465158,15.238434591052,108342521.66748,NA,NA,NA,NA,NA,2.0215001106,NA,71.865,69.452,74.515,NA,NA,NA,NA,2.84711528130931,"Asia","South-Eastern Asia",1,0.162,0.368,-0.572,-0.301,-1.399,0.572,1.086,-2.08,0.512,0.543,0.25,0.25,1,0.75,1,0.75,1,0.75,0.5,0.25,0.25,0.5,0.75,0,0.669,-0.149,-0.784,-2.08,-1.146,-0.598,0.763,0.406,0.436,0.507,-0.206,-0.033,-0.335,-1.002,-1.15,-2.032,0.78,0.673
"MYS","MALAYSIA",1995,4,0,4363.14458333034,16.1135598803739,96.5522232055664,NA,NA,NA,NA,12.9494365608411,NA,NA,0.146,NA,20330599,48.7972365593968,95.6326446533203,47.8822149204623,3.17116110941302,13.8761007648154,110719192.504883,NA,NA,NA,NA,NA,2.0299999714,NA,71.979,69.519,74.69,NA,NA,NA,NA,2.7513451070467,"Asia","South-Eastern Asia",1,0.162,0.368,-0.572,-0.301,-1.399,0.572,1.086,-2.08,0.512,0.543,0.25,0.25,1,0.75,1,0.75,1,0.75,0.5,0.25,0.25,0.5,0.75,0,0.679,-0.149,-0.784,-2.055,-1.146,-0.808,0.763,0.406,0.436,0.507,-0.206,-0.033,-0.335,-1.002,-1.15,-2.032,0.78,0.659
"MYS","MALAYSIA",1996,3,0,4837.16897250768,10.8642833196126,97.2540512084961,NA,NA,NA,NA,11.6804344741696,NA,NA,0.852,19.3779263159554,20850087,48.7648996380687,95.9435882568359,47.9005407280122,3.56410340235547,12.7124864921089,-310390502.929688,NA,NA,NA,NA,NA,2.0099999905,NA,72.119,69.615,74.887,NA,NA,NA,NA,2.40056437500985,"Asia","South-Eastern Asia",1,0.161,0.368,-0.572,-0.301,-1.399,0.572,1.086,-2.08,0.512,0.543,0.25,0.25,1,0.75,1,0.75,1,0.75,0.5,0.25,0.25,0.5,0.75,0,0.679,-0.149,-0.784,-2.055,-1.146,-0.808,0.763,0.406,0.436,0.507,-0.206,-0.033,-0.335,-1.002,-1.15,-2.032,0.78,0.652
"MYS","MALAYSIA",1997,3,0,4678.56390058182,-3.27888218971264,NA,NA,NA,NA,NA,11.1013325289661,NA,NA,2.31,19.7533668092053,21375218,48.7302024241343,96.2392349243164,48.2435813268511,3.09025555254095,11.0799757813186,-176503524.780273,NA,NA,NA,NA,NA,NA,NA,72.296,69.734,75.143,NA,NA,NA,NA,2.08555865079224,"Asia","South-Eastern Asia",1,0.161,0.368,-0.572,-0.301,-1.399,0.572,1.086,-2.08,0.512,0.543,0.25,0.25,1,0.75,1,0.75,1,0.75,0.5,0.25,0.25,0.5,0.75,0,0.679,-0.149,-0.784,-2.055,-1.146,-0.808,0.763,0.406,0.436,0.507,-0.206,-0.033,-0.335,-1.002,-1.15,-2.032,0.78,0.652
"MYS","MALAYSIA",1998,3,0,3294.30978444095,-29.5871584861484,96.3125,NA,93.5372009277344,96.2532730102539,95.78351,13.3122442566983,NA,NA,6.75,16.7301574972727,21906713,48.6953450613675,96.5165328979492,48.9710248796969,2.0250566884991,10.095351709262,193138519.287109,NA,NA,NA,NA,NA,NA,NA,72.385,69.793,75.281,NA,NA,NA,NA,1.60533534809333,"Asia","South-Eastern Asia",1,0.161,0.368,-0.572,-0.301,-1.399,0.572,1.086,-2.08,0.512,0.543,0.25,0.25,1,0.75,1,0.75,1,0.75,0.5,0.25,0.25,0.5,0.75,0,0.679,-0.149,-0.784,-2.055,-1.146,-0.808,0.763,0.406,0.436,0.507,-0.206,-0.033,-0.335,-1.002,-1.15,-2.032,0.78,0.652
"MYS","MALAYSIA",1999,3,0,3527.81581379249,7.08816245680327,95.6834335327148,NA,93.5704574584961,94.5971908569336,95.61761,10.8423880517615,NA,NA,12.3,14.0937080235667,22435531,48.6662829598283,96.7724151611328,47.8827253261694,3.08538088119353,10.0710448024694,131289413.452148,NA,NA,NA,NA,NA,NA,NA,72.428,69.841,75.331,NA,NA,NA,NA,2.10148156029312,"Asia","South-Eastern Asia",1,0.162,0.512,0.358,-0.301,-1.399,0.572,1.086,0.027,0.512,0.543,0.25,0.25,1,0.75,1,0.75,1,0.75,0.5,0.25,0.25,0.5,0.75,0,0.679,-0.149,-0.784,-2.051,-1.146,-0.808,0.763,0.406,0.436,0.507,-0.206,-0.033,-0.335,-1.002,-1.15,-2.032,0.78,0.651
"MYS","MALAYSIA",2000,3,0,4083.52874483605,15.7523226941419,97.4562911987305,NA,98.7268295288086,102.647560119629,98.41488,8.59902188826631,NA,NA,21.3847,13.6669089031737,22967816,48.6312586272896,97.0053405761719,46.3014974705458,5.00305271845637,12.5675399788113,62349143.9819336,88.6900024414062,91.9700012207031,85.3499984741211,NA,2.51463366,2.05,152,72.732,70.194,75.581,NA,NA,NA,NA,1.63467554804841,"Asia","South-Eastern Asia",1,0.165,0.603,0.358,0.114,0.749,1.737,1.086,0.027,0.512,2.23,0.25,0.25,1,0.75,1,0.75,1,0.75,0.5,0.25,0.25,0.75,0.5,0,0.679,-0.149,-0.784,-2.051,-1.146,-0.808,0.763,0.406,0.436,0.507,-0.206,-0.033,-0.493,-1.002,-1.15,-2.032,0.78,0.643
"MYS","MALAYSIA",2001,3,0,3943.79943910239,-3.42177842902071,95.4063110351562,NA,NA,NA,97.81452,8.01097059098812,NA,NA,26.696,17.7948888050621,23526538,48.5735172765326,97.2198638916015,49.1730931223924,3.80612191711308,10.666951361765,40325878.1433105,NA,NA,NA,NA,2.6753974,2.01,136,73.08,70.584,75.878,NA,NA,NA,NA,2.0849228116252,"Asia","South-Eastern Asia",1,0.166,0.603,0.358,0.114,0.749,1.737,1.086,0.027,0.512,2.23,0.25,0.25,1,0.75,1,0.75,1,0.75,0.5,0.25,0.25,0.75,0.5,0,0.679,-0.149,-0.784,-2.051,-1.146,-0.808,0.763,0.406,0.436,0.507,-0.206,-0.033,-0.493,-1.002,-1.15,-2.032,0.78,0.643
"MYS","MALAYSIA",2002,3,0,4184.03163773539,6.09138984734166,92.926628112793,NA,88.5287475585938,90.8889389038086,96.5906,8.98508140381459,NA,NA,32.3382,17.4469550876406,24102477,48.5050976295922,97.4220352172852,48.6964168752104,3.7943040184147,9.81548671538781,106425537.109375,NA,NA,NA,NA,2.66876554,1.96,121,73.469,71.003,76.231,NA,NA,NA,NA,2.21913139689937,"Asia","South-Eastern Asia",1,0.171,0.603,0.358,0.114,0.749,1.737,1.086,0.027,0.512,2.23,0.25,0.25,1,0.75,1,0.75,1,0.75,0.5,0.25,0.25,0.75,0.5,0,0.67,-0.149,-0.784,-2.051,-1.146,-0.808,0.763,0.406,0.436,0.507,-0.206,-0.033,-0.637,-1.002,-1.15,-1.42,0.78,0.643
"MYS","MALAYSIA",2003,3,0,4465.32194567208,6.72294887542816,93.3964691162109,NA,88.5167694091797,89.9067001342773,97.09317,9.30608521643197,NA,NA,34.9712,15.4956551225138,24679602,48.4392879771436,97.6179275512695,46.7102388190148,4.23640666645896,12.1560364817758,110110473.632813,NA,NA,NA,NA,2.92417073,1.92,121,73.727,71.252,76.505,NA,NA,97.0405101776123,86.5104675292969,2.61480673115727,"Asia","South-Eastern Asia",1,0.173,0.631,0.358,0.505,0.749,1.737,1.086,0.027,0.512,2.23,0.25,0.25,1,0.75,1,0.75,1,0.75,0.5,0.25,0.25,0.75,0.5,0,0.67,-0.149,-0.784,-2.051,-1.146,-0.808,0.763,0.406,0.436,0.507,-0.206,-0.033,-0.637,-1.002,-1.15,-1.42,0.78,0.643
"MYS","MALAYSIA",2004,3,0,4939.24851854427,10.6134916729024,96.0182037353516,NA,91.562858581543,93.4525604248047,99.37525,9.27100209261509,NA,NA,42.2523,15.1990937626569,25256772,48.3759584013365,97.813591003418,44.5475985554205,5.61137530219416,11.9873010934205,252097137.451172,NA,NA,NA,NA,2.86016941,1.89,107,74.027,71.567,76.788,NA,NA,NA,NA,2.26306196840826,"Asia","South-Eastern Asia",1,0.207,0.631,0.358,0.505,0.749,1.737,1.086,0.027,0.512,2.23,0.25,0.25,1,0.75,1,0.75,1,0.75,0.5,0.25,0.25,0.75,0.5,0,0.614,-0.149,-0.977,-2.05,-1.146,-0.808,0.763,1.027,0.436,0.949,-0.172,0.088,-0.637,-1.002,-0.751,-0.66,0.78,0.658
"MYS","MALAYSIA",2005,3,0,5555.58179951206,12.4782804237078,97.1333618164062,NA,95.8368377685547,97.3337173461914,99.59294,8.26229170422644,NA,NA,48.6292,14.8263910607125,25836071,48.3146199623534,98.0240097045898,44.1971529384927,7.08944062793991,13.884276518626,36319160.4614258,NA,NA,NA,NA,2.78692698,1.88,102,74.37,71.927,77.112,NA,NA,NA,NA,2.17392904054248,"Asia","South-Eastern Asia",1,0.209,0.631,0.358,0.505,0.749,1.737,1.086,0.027,0.512,2.23,0.25,0.25,1,0.75,1,0.75,1,0.75,0.5,0.25,0.25,0.75,0.5,0,0.614,-0.149,-0.977,-2.05,-1.146,-0.808,0.763,1.027,0.436,0.949,-0.172,0.088,-0.637,-1.002,-0.751,-0.66,0.78,0.663
"MYS","MALAYSIA",2006,3,0,6158.40785533236,10.8508177464554,97.8367385864258,NA,93.6592712402344,96.2211990356445,95.4107,8.60998284136304,NA,NA,51.638,14.5161969824928,26417909,48.2557571078014,98.2416687011719,43.9262781844017,7.01882709402704,13.4761141533839,218291778.564453,NA,NA,NA,NA,3.10897732,1.9,101,74.697,72.292,77.394,NA,NA,NA,NA,2.00759740140051,"Asia","South-Eastern Asia",1,0.21,0.637,0.406,0.585,0.881,1.661,1.086,0.027,0.512,2.23,0.25,0.25,1,0.75,1,0.75,1,0.75,0.5,0.25,0.25,0.75,0.5,0,0.617,-0.122,-0.977,-2.05,-1.146,-0.808,0.763,1.027,0.436,0.949,-0.172,0.088,-0.637,-1.002,-0.751,-0.66,0.78,0.658
"MYS","MALAYSIA",2007,3,0,7168.93031942508,16.4088265641215,98.3626403808594,NA,94.3820114135742,97.2587280273438,95.11282,9.98677367962245,NA,NA,55.7,14.3037228379475,26998389,48.1997554816977,98.4757995605469,44.5202452881234,5.89566119166293,12.628852352931,177200134.277344,NA,NA,NA,NA,3.07041144,1.91,98,74.961,72.56,77.658,NA,NA,NA,NA,1.95850253260823,"Asia","South-Eastern Asia",1,0.21,0.637,0.406,0.585,0.881,1.661,1.086,0.027,0.512,2.23,0.25,0.25,1,0.75,1,0.75,1,0.75,0.5,0.25,0.25,0.75,0.5,0,0.617,-0.122,-0.977,-2.05,-1.146,-0.808,0.763,1.027,0.436,0.949,-0.172,0.088,-0.637,-1.002,-0.751,-0.66,0.78,0.658
"MYS","MALAYSIA",2008,6,0,8371.82156086005,16.7792290877147,98.6990509033203,NA,98.1169662475586,101.593803405762,95.06773,9.96858233467411,NA,NA,55.8,14.6629582608718,27570059,48.1468610567718,98.729248046875,43.9481056537511,7.12611467503542,13.3867719140126,133606933.59375,NA,NA,NA,NA,3.00692558,1.93,100,75.151,72.766,77.837,NA,NA,NA,NA,1.82484376549945,"Asia","South-Eastern Asia",1,0.216,0.654,0.406,0.585,0.957,2,1.086,0.027,0.512,2.23,0.25,0.25,1,0.75,1,0.75,1,0.75,0.5,0.25,0.25,0.75,0.5,0,0.603,-0.122,-0.977,-1.099,-1.146,-0.808,0.763,1.027,0.436,0.949,-0.172,0.088,-0.637,-1.002,-0.751,-0.66,0.877,0.573
"MYS","MALAYSIA",2009,6,0,7191.43287234626,-14.0995442859454,98.7940902709961,NA,100.393058776855,103.766777038574,95.86919,9.21910004390782,NA,NA,55.9,14.9405015311626,28124778,48.096911132842,99.3,48.836021810826,3.92901312526175,9.65215518287161,120892517.089844,NA,NA,NA,NA,3.2610569,1.92,97,75.269,72.886,77.962,NA,NA,NA,NA,1.87148694418887,"Asia","South-Eastern Asia",1,0.218,0.633,0.257,0.585,0.957,2,1.086,0.027,0.512,2.23,0.25,0.25,1,0.75,1,0.75,1,0.75,0.5,0.25,0.25,0.75,0.5,0,0.602,-0.122,-0.977,-1.099,-1.224,-0.887,0.854,1.027,0.436,0.949,-0.172,0.088,-0.637,-1.002,-0.751,-0.66,0.945,0.546
"MYS","MALAYSIA",2010,6,0,8899.34505544675,23.7492612865518,98.8697814941406,NA,97.4441528320312,100.37198638916,96.23306,10.0899159275121,NA,NA,56.3,13.332195307231,28655776,48.0409482527729,99.2892303466797,48.4774187579282,4.63501988366743,9.61503786168569,17985567.0928955,93.120002746582,95.4300003051758,90.75,NA,3.16474271,1.91,100,75.376,73.004,78.063,NA,NA,NA,NA,1.49021010582112,"Asia","South-Eastern Asia",1,0.216,0.634,0.289,0.585,0.73,2,1.086,0.118,0.512,1.52,0.25,0.25,1,0.75,1,0.75,1,0.75,0.5,0.25,0.25,0.75,0.5,0,0.602,-0.122,-0.977,-1.099,-1.224,-0.993,0.854,1.027,0.436,0.949,-0.172,0.088,-0.637,-1.002,-0.751,-0.66,1.022,0.522
"MYS","MALAYSIA",2011,6,0,10217.1068585031,14.8074020598834,98.855643801119,NA,97.5437918554222,101.210220473209,97.06133,11.4533531198278,NA,NA,61,14.794353171378,29162039,47.9667298972726,99.5673446655273,47.766725565489,5.48169161167852,9.94490616865965,50239757.5378418,NA,NA,NA,NA,3.31451917,1.9,102,75.488,73.123,78.17,NA,NA,NA,NA,1.55285313376988,"Asia","South-Eastern Asia",1,0.216,0.631,0.264,0.585,0.73,2,1.086,0.118,0.512,2.216,0.25,0.25,1,0.75,1,0.75,1,0.75,0.5,0.25,0.25,0.75,0.5,0,0.608,-0.122,-0.977,-1.099,-1.224,-0.993,0.854,1.027,0.436,0.949,-0.027,0.054,-0.637,-1.002,-0.751,-0.66,1.022,0.522
"MYS","MALAYSIA",2012,6,0,10600.5744240026,3.7531912977925,98.7042528833624,NA,101.508505183673,106.764302196425,98.54356,9.79375074645921,NA,NA,65.8,15.613146742555,29662831,47.8823683417136,99.8,49.0223958354783,4.89957757600977,9.20599203286687,23878505.7067871,NA,NA,NA,NA,3.45786357,1.9,108,75.552,73.206,78.218,NA,NA,NA,NA,1.41333070740643,"Asia","South-Eastern Asia",1,0.218,0.631,0.264,0.585,0.73,2,1.086,0.118,0.512,2.216,0.25,0.25,1,0.75,1,0.75,1,0.75,0.5,0.25,0.25,0.75,0.5,0,0.599,-0.122,-0.977,-1.099,-1.224,-0.993,0.854,1.027,0.436,0.949,-0.027,0.054,-0.637,-1.002,-0.751,-0.468,1.022,0.522
"MYS","MALAYSIA",2013,6,0,10713.6407638899,1.06660578346856,98.9066848845224,NA,96.6098744107135,101.492275018322,99.66427,9.11336384538206,NA,NA,57.0575,15.310235280489,30174265,47.7997441793444,99.9291381835938,49.9447288177857,4.34705959022544,8.46715106760802,-73193763.7329102,NA,NA,NA,NA,3.51276922,1.91,112,75.464,73.122,78.133,NA,NA,NA,NA,1.49929579850642,"Asia","South-Eastern Asia",1,0.206,0.624,0.284,0.518,0.73,2,1.086,0.606,0.512,1.98,0.25,0.25,1,0.75,1,0.75,1,0.75,0.5,0.25,0.25,0.75,0.5,0,0.614,0.13,-0.98,-1.078,-1.215,-0.842,0.729,0.535,0.436,0.949,-0.166,-0.101,-0.637,-1.002,-0.974,-0.321,1.426,0.473
"MYS","MALAYSIA",2014,5,0,11013.3107334403,2.79708808755685,97.15563448844,NA,94.6640807937585,99.4420504365421,99.8924,8.87320901302643,NA,NA,63.6654,14.8407907140268,30696137,47.7214901666617,99.9851226806641,50.1226904594272,3.85543153552736,8.64507399532146,27711116.7907715,NA,NA,NA,NA,3.71036959,1.85,110,75.345,72.974,78.061,NA,NA,NA,NA,1.45511301633341,"Asia","South-Eastern Asia",1,0.208,0.624,0.284,0.518,0.73,2,1.086,0.606,0.512,1.98,0.25,0.25,1,0.75,1,0.75,1,0.75,0.5,0.25,0.25,0.75,0.5,0,0.613,0.13,-0.98,-1.078,-1.215,-0.842,0.729,0.535,0.436,0.949,-0.166,-0.101,-0.637,-1.002,-0.974,-0.321,1.426,0.474
"MYS","MALAYSIA",2015,5,0,9648.6797937523,-12.3907421911242,95.6311535513474,NA,91.8245899417107,96.6613696218208,99.51663,8.2874950827938,NA,NA,71.0641,14.0568621293393,31232798,47.649656620582,99.9985885620117,52.0138720406596,1.86528956443024,6.5709120658644,10948068.6187744,NA,NA,NA,NA,3.82201481,1.86,104,75.288,72.9,78.032,NA,NA,NA,NA,1.50389842704146,"Asia","South-Eastern Asia",1,0.204,0.624,0.284,0.518,0.73,2,1.086,0.606,0.512,1.98,0.25,0.25,1,0.75,1,0.75,1,0.75,0.5,0.25,0.25,0.75,0.5,0,0.63,0.13,-0.98,-1.078,-1.215,-0.842,0.729,0.535,0.436,0.949,-0.361,-0.238,-0.637,-1.002,-1.053,-0.492,1.426,0.474
"MYS","MALAYSIA",2016,5,0,9476.53409809923,-1.78413730513203,96.2219697129545,NA,87.3986889354506,92.9406669553919,99.82064,8.46251885618027,NA,NA,78.7883,13.5507251724192,31789685,47.5801411684325,100,52.531571127313,1.5297271888572,5.20040474859063,-27058155.0598145,94.879997253418,96.3000030517578,93.370002746582,NA,3.70085335,1.88,106,75.371,72.972,78.13,NA,NA,NA,NA,1.3843347942822,"Asia","South-Eastern Asia",1,0.202,0.637,0.374,0.518,0.73,2,1.086,0.606,0.512,1.98,0.25,0.25,1,0.75,1,0.75,1,0.75,0.5,0.25,0.25,0.75,0.5,0,0.63,0.13,-0.98,-1.078,-1.215,-0.842,0.729,0.535,0.436,0.949,-0.361,-0.238,-0.637,-1.002,-1.053,-0.492,1.426,0.474
"MYS","MALAYSIA",2017,5,0,9862.54806612235,4.07336652859768,96.2574604579347,NA,87.4586876248023,92.6364362945425,99.64564,8.59827753533139,NA,NA,80.1405,12.9459662429934,32355644,47.5157333442124,NA,51.8821117066805,2.07911297067253,6.23600042741287,-5726230.14450073,95.0800018310547,96.5,93.5500030517578,NA,3.71472311,1.89,103,75.542,73.171,78.262,NA,NA,NA,NA,1.10033460723613,"Asia","South-Eastern Asia",1,0.206,0.687,0.802,0.721,0.73,1.294,1.307,0.584,0.596,1.822,0.25,0.25,1,0.75,1,0.75,1,0.75,0.5,0.25,0.25,0.75,0.5,0,0.626,0.13,-0.98,-1.078,-1.215,-0.457,0.729,0.104,0.908,0.853,-0.361,-0.241,-0.637,-1.002,-1.053,-0.626,1.426,0.474
"MYS","MALAYSIA",2018,7,0,10901.8019954421,10.5373775859158,95.7761544783431,NA,89.2859200368706,93.2796888464494,NA,7.51205693063821,NA,NA,81.201,12.0226658619336,32910967,47.4618202497666,NA,52.9909917677737,2.71329599019211,7.32744449685636,-11300795.5551147,94.8499984741211,96.120002746582,93.5,NA,3.75944281,1.9,100,75.734,73.379,78.431,NA,NA,NA,NA,0.960104126677078,"Asia","South-Eastern Asia",1,0.319,0.761,0.972,1.382,0.884,1.259,1.307,1.259,1.19,2.27,0.089,0.089,0.839,0.75,0.678,0.589,0.839,0.75,0.339,0.25,0.411,0.428,0.339,0,0.361,0.415,-0.353,-0.964,0.603,0.492,1.106,1.157,1.536,1.168,0.789,0.69,0.24,-1.002,-0.328,0.377,1.607,0.423
"MYS","MALAYSIA",2019,NA,0,10920.191763972,0.168685585535202,94.3275054202176,NA,88.3046169645277,92.2518085270125,NA,7.24131401562151,NA,NA,84.1871,11.9363488299638,33440596,47.4112198063461,NA,54.1548750822015,1.83020222238435,6.19635932474839,20753532.409668,94.9700012207031,96.2200012207031,93.6500015258789,NA,3.83991051,1.9,100,75.9,73.539,78.604,NA,NA,NA,NA,0.893413280938052,"Asia","South-Eastern Asia",1,0.338,0.741,0.907,1.382,0.796,1.259,1.911,1.021,1.19,2.27,0,0,0.75,0.75,0.5,0.5,0.75,0.75,0.25,0.25,0.5,0.25,0.25,0,0.355,0.415,0.442,-0.964,0.603,0.492,1.106,1.157,0.985,1.168,0.789,0.69,0.24,-1.002,-0.328,0.635,1.607,0.413
"MYS","MALAYSIA",2020,NA,0,9957.52626697613,-8.81546329774083,93.1800129351047,NA,92.3044719723481,95.9319512299068,NA,8.16597089919598,0.2,NA,89.555,10.8846712025214,33889558,47.4120480588136,NA,54.7885939890947,0.685563649053848,4.54156531962687,19959512.7105713,NA,NA,NA,NA,4.08254337,1.93,99,76.057,73.688,78.769,NA,NA,NA,NA,0.999653920235799,"Asia","South-Eastern Asia",1,0.307,0.705,0.63,1.382,0.796,1.259,1.911,1.021,0.999,2.27,0.25,0.25,1,0.75,0.75,0.75,0.75,0.75,0.5,0.25,0.5,0.75,0.25,0,0.444,0.229,0.186,-0.964,-0.716,-0.302,1.106,1.157,0.985,1.168,0.789,0.69,-0.208,-1.002,-0.44,-0.114,1.381,0.457
"MMR","MYANMAR",1960,5,1,25.0847757223623,NA,NA,NA,NA,NA,NA,NA,NA,NA,NA,NA,21730250,49.9666087596783,NA,NA,NA,NA,342818023.681641,NA,NA,NA,NA,NA,0.663009285926819,NA,44.086,42.408,45.842,NA,NA,NA,NA,NA,"Asia","South-Eastern Asia",1,0.275,0.62,0.664,0.292,0.284,0.982,0.808,2.329,0.42,0.12,0,0,0.435,0.185,0.25,0.75,0.435,0.185,0.435,0,0,0,0,0,0.417,-0.637,-0.173,-0.233,0.115,0.528,0.557,0.491,-0.001,0.432,0.813,0.957,0.054,1.37,0.7,-0.109,1.417,0.446
"MMR","MYANMAR",1961,5,1,27.2654541223873,8.69323459041731,NA,NA,NA,NA,NA,NA,NA,NA,NA,NA,22210581,49.9619393117181,NA,NA,NA,NA,197206344.604492,NA,NA,NA,NA,NA,NA,NA,44.603,42.939,46.346,NA,NA,NA,NA,6.12346049864824,"Asia","South-Eastern Asia",1,0.275,0.54,0.117,0.292,0.5,0.982,0.808,1.899,0.42,0.12,0,0,1,0.25,0.5,0.5,0.5,0.25,0.5,0,0,0,0,0,0.413,-0.637,-0.173,-0.233,0.115,0.528,1.227,0.491,-0.001,0.432,0.813,0.625,0.054,1.37,0.7,-0.109,1.417,0.445
"MMR","MYANMAR",1962,-6,0,27.9470039695431,2.49968272707473,NA,NA,NA,NA,NA,NA,NA,NA,NA,NA,22704719,49.9572027276445,NA,NA,NA,NA,264456756.591797,NA,NA,NA,NA,NA,NA,NA,45.264,43.536,47.078,NA,NA,NA,NA,5.69071146245059,"Asia","South-Eastern Asia",0,0.053,0.186,-1.862,-0.597,-0.792,0.629,0.813,2.366,-0.858,-0.52,0,0,0.584,0.042,0.292,0.708,0.292,0.042,0.292,0,0,0,0,0,0.799,-1.302,-1.485,-0.233,-0.974,-1.324,-1.733,-1.099,-0.355,-1.749,-0.044,0.153,NA,NA,-0.441,-0.839,1.179,0.501
"MMR","MYANMAR",1963,-6,0,25.8039844353997,-7.66815482789813,NA,NA,NA,NA,NA,NA,NA,NA,NA,NA,23213408,49.9517864847764,NA,NA,NA,NA,354836456.298828,NA,NA,NA,NA,NA,NA,NA,45.951,44.268,47.713,NA,NA,NA,NA,6.84714060484449,"Asia","South-Eastern Asia",0,0.018,0.036,-2.912,-2.048,-1.772,-1.407,0.097,0.918,-1.416,-2.262,0,0,0.5,0,0.25,1,0,0,0,0,0,0,0,0,0.951,-2.215,-2.505,NA,-2.014,-2.21,-1.733,-1.935,-0.75,-2.796,-1.151,-1.511,NA,NA,NA,-2.337,0.68,0.669
"MMR","MYANMAR",1964,-7,0,17.3322006236435,-32.8313010456401,NA,NA,NA,NA,NA,NA,NA,NA,NA,NA,23737315,49.945554080335,NA,NA,NA,NA,180238082.885742,NA,NA,NA,NA,NA,NA,NA,46.653,44.903,48.49,NA,NA,NA,NA,6.02234564711961,"Asia","South-Eastern Asia",0,0.016,0.032,-2.912,-2.203,-1.772,-1.407,0.097,0.918,-1.416,-2.262,0,0,0.5,0,0.25,1,0,0,0,0,0,0,0,0,0.951,-2.215,-2.505,NA,-2.014,-2.21,-1.733,-1.935,-0.75,-2.796,-1.151,-1.511,NA,NA,NA,-2.337,0.68,0.669
"MMR","MYANMAR",1965,-7,0,15.1178632326484,-12.7758582944998,NA,NA,NA,NA,NA,NA,NA,NA,NA,NA,24279431,49.9384417230189,NA,NA,NA,NA,139404357.910156,NA,NA,NA,NA,NA,NA,NA,47.405,45.703,49.187,NA,NA,NA,NA,6.69562082076832,"Asia","South-Eastern Asia",0,0.016,0.032,-2.912,-2.203,-1.772,-1.407,0.097,0.918,-1.416,-2.262,0,0,0.5,0,0.25,1,0,0,0,0,0,0,0,0,0.951,-2.215,-2.505,NA,-2.014,-2.21,-1.733,-1.935,-0.75,-2.796,-1.151,-1.511,NA,NA,NA,-2.337,0.68,0.669
"MMR","MYANMAR",1966,-7,0,11.8013216738981,-21.9378989458505,NA,NA,NA,NA,NA,NA,NA,NA,NA,NA,24836496,49.9300746772008,NA,NA,NA,NA,127692512.512207,NA,NA,NA,NA,NA,NA,NA,48.181,46.435,50.012,NA,NA,NA,NA,6.1255794096121,"Asia","South-Eastern Asia",0,0.014,0.032,-2.912,-2.203,-1.772,-1.407,0.097,0.918,-1.416,-2.262,0,0,0.5,0,0.25,1,0,0,0,0,0,0,0,0,0.958,-2.215,-2.505,NA,-2.014,-2.21,-1.733,-1.935,-0.75,-2.796,-2.035,-1.511,NA,NA,NA,-2.337,0.68,0.669
"MMR","MYANMAR",1967,-7,0,16.5453805372426,40.1993860894183,NA,NA,NA,NA,NA,NA,NA,NA,NA,NA,25406429,49.9226416243952,NA,NA,NA,NA,91215408.3251953,NA,NA,NA,NA,NA,NA,NA,48.86,47.05,50.761,NA,NA,NA,NA,5.20179852264212,"Asia","South-Eastern Asia",0,0.014,0.032,-2.912,-2.203,-1.772,-1.407,0.097,0.918,-1.416,-2.262,0,0,0.5,0,0.25,1,0,0,0,0,0,0,0,0,0.958,-2.215,-2.505,NA,-2.014,-2.21,-1.733,-1.935,-0.75,-2.796,-2.035,-1.511,NA,NA,NA,-2.337,0.68,0.669
"MMR","MYANMAR",1968,-7,0,21.5453410007264,30.2196764361461,NA,NA,NA,NA,NA,NA,NA,NA,NA,NA,25989662,49.9161455075427,NA,NA,NA,NA,107987014.770508,NA,NA,NA,NA,NA,NA,NA,49.4,47.547,51.349,NA,NA,NA,NA,5.02319717599597,"Asia","South-Eastern Asia",0,0.014,0.032,-2.912,-2.203,-1.772,-1.407,0.097,0.918,-1.416,-2.262,0,0,0.5,0,0.25,1,0,0,0,0,0,0,0,0,0.958,-2.215,-2.505,NA,-2.014,-2.21,-1.733,-1.935,-0.75,-2.796,-2.035,-1.511,NA,NA,NA,-2.337,0.68,0.669
"MMR","MYANMAR",1969,-7,0,21.5103180527937,-0.162554623440484,NA,NA,NA,NA,NA,NA,NA,NA,NA,NA,26585112,49.9096919392443,NA,NA,NA,NA,185997451.782227,NA,NA,NA,NA,NA,NA,NA,50.02,48.15,51.987,NA,NA,NA,NA,5.31042884990253,"Asia","South-Eastern Asia",0,0.014,0.032,-2.912,-2.203,-1.772,-1.407,0.097,0.918,-1.416,-2.262,0,0,0.5,0,0.25,1,0,0,0,0,0,0,0,0,0.958,-2.215,-2.505,NA,-2.014,-2.21,-1.733,-1.935,-0.75,-2.796,-2.035,-1.511,NA,NA,NA,-2.337,0.68,0.669
"MMR","MYANMAR",1970,-7,0,20.7242782768026,-3.65424525133421,NA,NA,NA,NA,NA,NA,NA,NA,NA,NA,27193016,49.9042143762207,NA,NA,0.112322934933028,7.56598226126745,151510208.129883,NA,NA,NA,NA,NA,0.85809999704361,NA,50.47,48.518,52.528,NA,NA,NA,NA,5.60194500335345,"Asia","South-Eastern Asia",0,0.014,0.032,-2.912,-2.203,-1.772,-1.407,0.097,0.918,-1.416,-2.262,0,0,0.5,0,0.25,1,0,0,0,0,0,0,0,0,0.958,-2.215,-2.505,NA,-2.014,-2.21,-1.733,-1.935,-0.75,-2.796,-2.035,-1.511,NA,NA,NA,-2.337,0.68,0.669
"MMR","MYANMAR",1971,-7,0,21.1257517513266,1.93721329718576,86.5253829956055,NA,41.1391792297363,31.2903003692627,60.75705,NA,NA,NA,NA,NA,27807219,49.8987439196994,NA,NA,0.14099581851896,7.95560273942277,245458480.834961,NA,NA,NA,NA,NA,NA,NA,51.027,49.114,53.038,NA,NA,NA,NA,5.65122539918307,"Asia","South-Eastern Asia",0,0.014,0.032,-2.912,-2.203,-1.772,-1.407,0.097,0.918,-1.416,-2.262,0,0,0.5,0,0.25,1,0,0,0,0,0,0,0,0,0.958,-2.215,-2.505,NA,-2.014,-2.21,-1.733,-1.935,-0.75,-2.796,-2.035,-1.511,NA,NA,NA,-2.337,0.68,0.669
"MMR","MYANMAR",1972,-7,0,23.2941302744944,10.2641484605708,85.2831802368164,NA,39.1277389526367,29.601749420166,NA,NA,NA,NA,NA,NA,28428324,49.892397810986,NA,NA,0.440919674066485,10.2415989638886,228604797.363281,NA,NA,NA,NA,NA,NA,NA,51.397,49.467,53.426,NA,NA,NA,NA,5.45164039198977,"Asia","South-Eastern Asia",0,0.014,0.032,-2.912,-2.203,-1.772,-1.407,0.097,0.918,-1.416,-2.262,0,0,0.5,0,0.25,1,0,0,0,0,0,0,0,0,0.958,-2.215,-2.505,NA,-2.014,-2.21,-1.733,-1.935,-0.75,-2.796,-2.035,-1.511,NA,NA,NA,-2.337,0.68,0.669
"MMR","MYANMAR",1973,-7,0,24.7965628847435,6.44983346682048,86.2236022949219,NA,48.2513389587402,36.4910202026367,68.00962,NA,NA,NA,NA,9.42479753366172,29026388,49.8859158737186,NA,NA,1.3997667556787,21.71338957086,278165527.34375,NA,NA,NA,NA,NA,NA,NA,51.763,49.837,53.785,NA,NA,NA,NA,5.11394557823129,"Asia","South-Eastern Asia",0,0.014,0.032,-2.912,-2.203,-1.772,-1.407,0.097,0.918,-1.416,-2.262,0,0,0.5,0,0.25,1,0,0,0,0,0,0,0,0,0.958,-2.215,-2.505,NA,-2.014,-2.21,-1.733,-1.935,-0.75,-2.796,-2.035,-1.511,NA,NA,NA,-2.337,0.68,0.669
"MMR","MYANMAR",1974,-9,0,41.4076276435663,66.989384117599,86.1027221679688,NA,44.696849822998,35.5584983825684,58.77535,NA,NA,NA,NA,7.612796448263,29598167,49.8798472932514,NA,NA,6.95348324385402,20.4644459882661,244158325.195313,NA,NA,NA,NA,NA,NA,NA,52.092,50.112,54.173,NA,NA,NA,NA,4.02108745089932,"Asia","South-Eastern Asia",0,0.016,0.032,-2.912,-2.203,-1.772,-1.407,0.097,0.918,-1.416,-2.262,0,0,0.5,0,0.25,1,0,0,0,0,0,0,0,0,0.948,-2.215,-2.505,-1.753,-2.014,-2.21,-0.555,-1.935,-0.75,-2.796,-2.035,-1.511,-1.257,-0.426,NA,-2.337,0.68,0.755
"MMR","MYANMAR",1975,-9,0,35.163291569876,-15.0801589683936,NA,NA,NA,NA,NA,NA,NA,NA,NA,7.92264763025389,30176565,49.8749112100731,NA,NA,6.97292933608767,19.9204075450338,201550323.486328,NA,NA,NA,NA,NA,NA,NA,52.493,50.47,54.624,NA,NA,NA,NA,3.77497124845594,"Asia","South-Eastern Asia",0,0.019,0.032,-2.912,-2.203,-1.772,-1.407,0.097,0.918,-1.416,-2.262,0,0,0.75,0,0.25,1,0,0,0,0,0,0,0,0,0.952,-2.215,-2.505,-1.753,-2.014,-2.21,-0.555,-1.935,-0.75,-2.796,-2.035,-1.511,-1.257,-0.426,-2.558,-2.227,0.68,0.762
"MMR","MYANMAR",1976,-9,0,39.1660083715823,11.3832255827136,86.0661087036133,NA,NA,NA,NA,NA,NA,NA,NA,8.80519186781064,30758811,49.87014778074,NA,NA,7.8254684772488,21.2632328239308,228044174.194336,NA,NA,NA,NA,NA,NA,NA,52.908,50.886,55.035,NA,NA,NA,NA,3.79370693112626,"Asia","South-Eastern Asia",0,0.027,0.032,-2.912,-2.203,-1.772,-1.407,0.097,0.918,-1.416,-2.262,0,0,0.75,0,0.25,1,0,0,0,0,0,0,0,0,0.952,-2.215,-2.505,-1.753,-2.014,-2.21,-0.555,-1.935,-0.75,-2.796,-2.035,-1.511,-1.257,-0.426,-2.558,-2.227,0.68,0.762
"MMR","MYANMAR",1977,-9,0,27.8600867193791,-28.8666681193033,86.8174591064453,NA,NA,NA,NA,NA,NA,NA,NA,10.4564792033779,31355966,49.8655311719626,NA,NA,10.507039214654,31.3853049753698,313479003.90625,NA,NA,NA,NA,NA,NA,NA,53.266,51.219,55.423,NA,NA,NA,NA,4.03977311094605,"Asia","South-Eastern Asia",0,0.027,0.032,-2.912,-2.203,-1.772,-1.407,0.097,0.918,-1.416,-2.262,0,0,0.75,0,0.25,1,0,0,0,0,0,0,0,0,0.952,-2.215,-2.505,-1.753,-2.014,-2.21,-0.555,-1.935,-0.75,-2.796,-2.035,-1.511,-1.257,-0.426,-2.558,-2.227,0.68,0.762
"MMR","MYANMAR",1978,-9,0,29.2562311044151,5.0112707799465,88.9854736328125,NA,NA,NA,64.29396,NA,NA,NA,NA,10.0094338048831,31972976,49.8621804864208,NA,NA,11.8295079031042,33.9830017564172,540846618.652344,NA,NA,NA,NA,NA,NA,NA,53.522,51.407,55.758,NA,NA,NA,NA,3.92138364779874,"Asia","South-Eastern Asia",0,0.027,0.032,-2.912,-2.203,-1.772,-1.407,0.097,0.918,-1.416,-2.262,0,0,0.75,0,0.25,1,0,0,0,0,0,0,0,0,0.951,-2.215,-2.505,-1.761,-2.014,-2.21,-0.555,-1.935,-0.75,-2.796,-2.035,-1.511,-1.257,-0.426,-2.558,-2.227,0.68,0.759
"MMR","MYANMAR",1979,-9,0,29.2136757858848,-0.145457281829712,90.6457214355469,NA,NA,NA,NA,NA,NA,NA,NA,10.2114167420344,32596550,49.8588270801305,NA,NA,31.9273180498944,65.381800177909,778718811.035156,NA,NA,NA,NA,NA,NA,NA,54.026,51.952,56.215,NA,NA,NA,NA,3.5575807318937,"Asia","South-Eastern Asia",0,0.027,0.032,-2.912,-2.203,-1.772,-1.407,0.097,0.918,-1.416,-2.262,0,0,0.75,0,0.25,1,0,0,0,0,0,0,0,0,0.951,-2.215,-2.505,-1.761,-2.014,-2.21,-0.555,-1.935,-0.75,-2.796,-2.035,-1.511,-1.257,-0.426,-2.558,-2.227,0.68,0.759
"MMR","MYANMAR",1980,-9,0,31.2462392881093,6.95757533944625,92.4754486083984,NA,NA,NA,NA,NA,NA,NA,NA,9.61174895435775,33227204,49.8546778159644,NA,NA,32.8352731314229,69.2286124920013,638453063.964844,NA,NA,NA,NA,NA,0.857100009918213,NA,54.374,52.291,56.575,NA,NA,NA,NA,3.42212955528504,"Asia","South-Eastern Asia",0,0.027,0.086,-1.89,-1.639,-1.772,-1.407,0.097,0.918,-1.416,-2.262,0,0,0.75,0,0.25,1,0,0,0,0,0,0,0,0,0.952,-2.215,-2.505,-1.761,-2.014,-2.21,-0.555,-1.935,-0.75,-2.81,-2.035,-1.511,-1.257,-0.426,-2.558,-2.227,0.68,0.759
"MMR","MYANMAR",1981,-9,0,32.8127790443581,5.01353056220415,95.4668121337891,NA,NA,NA,NA,NA,NA,NA,NA,9.9277052238806,33858783,49.8505380464933,NA,NA,22.9953780150739,44.5579995177765,575008850.097656,NA,NA,NA,NA,NA,0.857599973678589,NA,54.699,52.602,56.915,NA,NA,NA,NA,3.45682035495231,"Asia","South-Eastern Asia",0,0.027,0.086,-1.89,-1.639,-1.772,-1.407,0.097,0.918,-1.416,-2.262,0,0,0.75,0,0.25,1,0,0,0,0,0,0,0,0,0.952,-2.215,-2.505,-1.752,-2.014,-2.21,-0.555,-1.935,-0.75,-2.81,-2.035,-1.511,-1.257,-0.426,-2.558,-2.227,0.68,0.758
"MMR","MYANMAR",1982,-9,0,42.9535414901862,30.9049179654038,100.224449157715,NA,NA,NA,NA,NA,NA,NA,NA,9.83102245487561,34482965,49.8467417216953,NA,NA,13.967242193713,34.6768083317022,692324707.03125,NA,NA,NA,NA,NA,NA,NA,55.033,52.875,57.315,NA,NA,NA,NA,3.21826066522826,"Asia","South-Eastern Asia",0,0.027,0.086,-1.89,-1.639,-1.772,-1.407,0.097,0.918,-1.416,-2.262,0,0,0.75,0,0.25,1,0,0,0,0,0,0,0,0,0.953,-2.215,-2.505,-1.752,-2.014,-2.21,-0.555,-1.935,-0.75,-2.81,-2.035,-1.511,-1.257,-0.426,-2.558,-2.227,0.68,0.754
"MMR","MYANMAR",1983,-9,0,39.2908686161265,-8.5270567850535,102.06941986084,NA,NA,NA,NA,NA,NA,NA,NA,9.23669818868891,35162715,49.843725093469,NA,NA,14.9069188929982,32.6731835048483,684878051.757813,78.5699996948242,85.7900009155273,71.629997253418,NA,NA,NA,NA,55.308,53.11,57.631,NA,NA,NA,NA,3.0703691066375,"Asia","South-Eastern Asia",0,0.027,0.086,-1.89,-1.639,-1.772,-1.407,0.097,0.918,-1.416,-2.262,0,0,0.75,0,0.25,1,0,0,0,0,0,0,0,0,0.953,-2.215,-2.505,-1.752,-2.014,-2.21,-0.555,-1.935,-0.75,-2.81,-2.035,-1.511,-1.257,-0.426,-2.558,-2.227,0.68,0.754
"MMR","MYANMAR",1984,-9,0,36.3255768443636,-7.54702524073451,103.089668273926,NA,NA,NA,NA,NA,NA,NA,NA,8.58443574407767,35899313,49.8411042016319,NA,NA,16.6482185310175,29.407011079417,587977905.273438,NA,NA,NA,NA,NA,NA,NA,55.596,53.395,57.919,NA,NA,NA,NA,2.92367110099446,"Asia","South-Eastern Asia",0,0.027,0.086,-1.89,-1.639,-1.772,-1.407,0.097,0.918,-1.416,-2.262,0,0,0.75,0,0.25,1,0,0,0,0,0,0,0,0,0.953,-2.215,-2.505,-1.752,-2.014,-2.21,-0.555,-1.935,-0.75,-2.81,-2.035,-1.511,-1.257,-0.426,-2.558,-2.227,0.68,0.754
"MMR","MYANMAR",1985,-9,0,40.3821412603663,11.1672401883196,101.282051086426,NA,NA,NA,NA,NA,NA,NA,NA,8.25519326447815,36622827,49.8396601158163,NA,NA,15.8308006289425,29.9922526926025,747036315.917969,NA,NA,NA,NA,NA,NA,NA,55.816,53.559,58.202,NA,NA,NA,NA,2.9782635874904,"Asia","South-Eastern Asia",0,0.027,0.086,-1.89,-1.639,-1.772,-1.407,0.097,0.918,-1.416,-2.262,0,0,0.75,0,0.25,1,0,0,0,0,0,0,0,0,0.952,-2.215,-2.505,-1.763,-2.014,-2.21,-0.555,-1.935,-0.75,-2.81,-2.035,-1.511,-1.257,-0.426,-2.558,-2.227,0.68,0.757
"MMR","MYANMAR",1986,-9,0,42.4193735892874,5.04488436060367,102.095573425293,NA,NA,NA,NA,NA,NA,NA,NA,7.41173670242276,37314878,49.8399619583374,NA,NA,5.05388693197996,21.3508417979708,604707153.320313,NA,NA,NA,NA,NA,NA,NA,56.084,53.806,58.491,NA,NA,NA,NA,2.87914210205326,"Asia","South-Eastern Asia",0,0.027,0.086,-1.89,-1.639,-1.772,-1.407,0.097,0.918,-1.416,-2.262,0,0,0.75,0,0.25,1,0,0,0,0,0,0,0,0,0.951,-2.215,-2.505,-1.763,-2.014,-2.21,-0.555,-1.935,-0.75,-2.81,-2.035,-1.511,-1.257,-0.426,-2.558,-2.227,0.68,0.766
"MMR","MYANMAR",1987,-9,0,41.1478137224602,-2.99759227738413,107.29541015625,NA,NA,NA,NA,NA,NA,NA,NA,6.3655418074506,37971594,49.8415394412992,NA,NA,6.71502109996961,25.8862913584069,467075073.242188,NA,NA,NA,NA,NA,NA,NA,56.353,54.053,58.787,NA,NA,NA,NA,1.9724009432589,"Asia","South-Eastern Asia",0,0.027,0.086,-1.89,-1.639,-1.772,-1.407,0.097,0.918,-1.416,-2.262,0,0,0.75,0,0.25,1,0,0,0,0,0,0,0,0,0.951,-2.215,-2.505,-1.763,-2.014,-2.21,-0.555,-1.935,-0.75,-2.81,-2.035,-1.511,-1.257,-0.426,-2.558,-2.227,0.68,0.766
"MMR","MYANMAR",1988,-4,0,39.9236088878004,-2.9751394397695,106.517227172852,NA,NA,NA,NA,NA,NA,NA,NA,4.49352671473442,38600927,49.8445205733013,NA,NA,3.89351638171617,26.0745564622059,502819030.761719,NA,NA,NA,NA,NA,NA,NA,56.57,54.236,59.041,NA,NA,NA,NA,2.14085227496295,"Asia","South-Eastern Asia",0,0.015,0.086,-1.89,-1.639,-1.772,-1.407,0.097,1.82,-1.561,-2.262,0,0,0.608,0.071,0.25,1,0,0,0,0,0,0,0,0,0.959,-2.215,-2.505,-1.763,-2.114,-2.881,-0.823,-1.935,-1.324,-2.81,-2.035,-1.511,NA,NA,NA,-2.288,0.552,0.769
"MMR","MYANMAR",1989,-4,0,51.3443285034615,28.6064309660918,108.021347045898,NA,NA,NA,NA,NA,NA,NA,NA,4.26178737654007,39214618,49.8477353521587,NA,NA,4.25171643878697,21.2064484631509,209637329.101563,NA,NA,NA,NA,NA,NA,NA,56.889,54.566,59.345,NA,NA,NA,NA,2.95910673319109,"Asia","South-Eastern Asia",0,0.017,0.086,-1.89,-1.639,-1.772,-1.407,0.097,1.82,-1.561,-2.262,0,0,0.25,0.25,0.25,1,0,0,0.25,0,0,0,0,0,0.971,-2.316,-2.505,NA,-2.114,-2.881,-2.391,-1.935,-1.391,-2.81,-2.035,-1.511,NA,NA,NA,-2.288,0.552,0.684
"MMR","MYANMAR",1990,-5,0,53.1225401094506,3.4633067717873,99.1239395141602,NA,NA,NA,NA,NA,NA,NA,0,6.19778414572987,39817251,49.8509100992432,35.6520309448242,NA,4.86297915814427,25.5233831093605,212427383.422852,NA,NA,NA,NA,NA,0.635800004,NA,57.159,54.798,59.657,NA,NA,NA,NA,3.39589051013222,"Asia","South-Eastern Asia",0,0.02,0.086,-1.89,-1.639,-1.772,-1.407,0.097,1.82,-1.561,-2.262,0,0,0.25,0.25,0.5,1,0,0,0.25,0,0,0,0,0,0.963,-2.316,-1.133,-0.654,-2.114,-2.881,-2.23,-1.935,-1.391,-2.81,-2.035,-1.511,NA,NA,NA,-2.288,0.552,0.695
"MMR","MYANMAR",1991,-5,0,51.2408970610106,-3.54208033833316,108.852561950684,NA,NA,NA,NA,NA,NA,NA,NA,5.61020629285277,40394154,49.8550656612341,36.5349311828613,NA,2.87457588601181,24.8804324736507,217362518.310547,NA,NA,NA,NA,NA,NA,NA,57.395,54.987,59.948,NA,NA,NA,NA,3.17100459309858,"Asia","South-Eastern Asia",0,0.017,0.086,-1.89,-1.639,-1.772,-1.407,0.097,1.106,-1.561,-2.262,0,0,0.25,0.25,0.5,1,0,0,0.25,0,0,0,0,0,0.965,-2.316,-1.208,NA,-2.114,-2.881,-2.23,-1.935,-1.391,-2.81,-2.035,-1.511,NA,NA,NA,-2.288,0.552,0.702
"MMR","MYANMAR",1992,-5,0,58.8896739558883,14.9270940471058,118.075790405273,NA,NA,NA,NA,NA,NA,NA,NA,5.03739654451358,40950342,49.8611562267294,37.4173202514648,NA,2.88692307028693,29.3685944780051,123432510.375977,NA,NA,NA,NA,NA,NA,NA,57.681,55.17,60.353,NA,NA,NA,NA,3.35451793339882,"Asia","South-Eastern Asia",0,0.017,0.086,-1.89,-1.639,-1.772,-1.407,0.097,1.106,-1.561,-2.262,0,0,0.25,0.25,0.5,1,0,0,0.25,0,0,0,0,0,0.965,-2.316,-1.208,NA,-2.114,-2.881,-2.23,-1.935,-1.391,-2.81,-2.035,-1.511,NA,NA,NA,-2.288,0.552,0.702
"MMR","MYANMAR",1993,-5,0,76.212889482598,29.4163889236095,119.593360900879,NA,NA,NA,NA,NA,NA,NA,NA,4.72801035299943,41502429,49.8683028889707,38.2966499328613,NA,2.09265639774281,20.0850927076461,103624023.4375,NA,NA,NA,NA,NA,NA,NA,58.032,55.526,60.696,NA,NA,NA,NA,3.52310856153263,"Asia","South-Eastern Asia",0,0.017,0.086,-1.89,-1.639,-1.772,-1.407,0.097,1.106,-1.561,-2.262,0,0,0.25,0.25,0.5,1,0,0,0.25,0,0,0,0,0,0.965,-2.316,-1.208,NA,-2.114,-2.881,-2.23,-1.935,-1.391,-2.81,-2.035,-1.511,NA,NA,NA,-2.288,0.552,0.702
"MMR","MYANMAR",1994,-5,0,105.391561114159,38.2857438284419,120.619300842285,NA,NA,NA,NA,NA,NA,NA,NA,4.25171345046186,42055143,49.8762505664587,39.169864654541,NA,1.31082457279738,17.2275856928075,152971328.735352,NA,NA,NA,NA,NA,NA,NA,58.326,55.733,61.087,NA,NA,NA,NA,3.54112112764238,"Asia","South-Eastern Asia",0,0.017,0.086,-1.89,-1.639,-1.772,-1.407,0.097,1.106,-1.561,-2.262,0,0,0.25,0.25,0.5,1,0,0,0.25,0,0,0,0,0,0.965,-2.316,-1.208,NA,-2.114,-2.881,-2.23,-1.935,-1.391,-2.81,-2.035,-1.511,NA,NA,NA,-2.288,0.552,0.702
"MMR","MYANMAR",1995,-5,0,124.14348039051,17.7926193312946,114.590553283691,NA,NA,NA,NA,NA,NA,NA,NA,3.74448720005159,42605338,49.8860976032181,40.0338973999023,NA,0.780035740500825,19.0675432411162,132396957.397461,NA,NA,NA,NA,NA,NA,NA,58.671,56.008,61.513,NA,NA,NA,NA,3.68483237946254,"Asia","South-Eastern Asia",0,0.017,0.086,-1.89,-1.639,-1.772,-1.407,0.097,1.106,-1.561,-2.262,0,0,0.25,0.25,0.5,1,0,0,0.25,0,0,0,0,0,0.965,-2.316,-1.208,NA,-2.114,-2.881,-2.23,-1.935,-1.391,-2.81,-2.035,-1.511,NA,NA,NA,-2.288,0.552,0.702
"MMR","MYANMAR",1996,-5,0,141.897267580367,14.3010226022422,113.299156188965,NA,NA,NA,NA,NA,NA,NA,NA,3.9593171544736,43154860,49.8981435694612,40.8856964111328,NA,0.714927259697034,16.9886099764758,46160961.151123,NA,NA,NA,NA,NA,NA,NA,59.169,56.384,62.151,NA,NA,NA,NA,3.49342786434001,"Asia","South-Eastern Asia",0,0.017,0.086,-1.89,-1.639,-1.772,-1.407,0.097,1.106,-1.561,-2.262,0,0,0.25,0.25,0.5,1,0,0,0.25,0,0,0,0,0,0.965,-2.316,-1.208,NA,-2.114,-2.881,-2.23,-1.935,-1.391,-2.81,-2.035,-1.511,NA,NA,NA,-2.288,0.552,0.702
"MMR","MYANMAR",1997,-5,0,108.039770292032,-23.8605703024965,107.961029052734,NA,NA,NA,NA,NA,NA,NA,NA,4.41523918074799,43708798,49.9124203781582,41.7222023010254,NA,0.688794026130438,15.0830712313948,76865615.8447266,NA,NA,NA,NA,NA,NA,NA,59.523,56.644,62.612,NA,NA,NA,NA,2.31372237705347,"Asia","South-Eastern Asia",0,0.017,0.086,-1.89,-1.639,-1.772,-1.407,0.097,1.251,-1.561,-2.262,0,0,0.25,0.25,0.5,1,0,0,0.25,0,0,0,0,0,0.965,-2.316,-1.208,NA,-2.114,-2.881,-2.23,-1.935,-1.391,-2.81,-2.035,-1.511,NA,NA,NA,-2.288,0.552,0.702
"MMR","MYANMAR",1998,-5,0,145.950830383757,35.0899117882713,NA,NA,NA,NA,NA,NA,NA,NA,NA,3.51930951883989,44257793,49.927337089026,42.5403480529785,NA,0.48360292752074,14.6521009115073,103569679.260254,NA,NA,NA,NA,NA,NA,NA,59.896,56.997,63.005,NA,NA,NA,NA,2.53962410781848,"Asia","South-Eastern Asia",0,0.017,0.086,-1.89,-1.639,-1.772,-1.407,0.097,1.251,-1.561,-2.262,0,0,0.25,0.25,0.5,1,0,0,0.25,0,0,0,0,0,0.965,-2.316,-1.208,NA,-2.114,-2.881,-2.23,-1.935,-1.391,-2.81,-2.035,-1.511,NA,NA,NA,-2.288,0.552,0.702
"MMR","MYANMAR",1999,-5,0,189.490155849067,29.8315023976428,99.0064468383789,NA,76.1035308837891,74.3879470825195,NA,NA,NA,NA,0.000152,2.75274845684649,44787724,49.9415710429938,43.337085723877,NA,0.622091052701597,9.29372690499582,97527359.0087891,NA,NA,NA,NA,NA,NA,NA,60.107,57.21,63.208,NA,NA,NA,NA,2.1389500494262,"Asia","South-Eastern Asia",0,0.017,0.086,-1.89,-1.639,-1.772,-1.407,0.097,1.251,-1.561,-2.262,0,0,0.25,0.25,0.5,1,0,0,0.25,0,0,0,0,0,0.965,-2.316,-1.208,NA,-2.114,-2.881,-2.23,-1.935,-1.391,-2.81,-2.035,-1.511,NA,NA,NA,-2.288,0.552,0.702
"MMR","MYANMAR",2000,-5,0,196.619580625284,3.76242488390569,101.413139343262,NA,81.3735198974609,79.8199005126953,89.72516,57.2386452556231,29.39935,NA,NA,2.96650745818451,45290841,49.9556588052759,44.1108665466309,NA,1.32847770525212,10.8456569216916,125298103.33252,89.9400024414062,93.9199981689453,86.4199981689453,NA,2.00781965,NA,555,60.357,57.415,63.509,NA,NA,NA,NA,2.30851230754143,"Asia","South-Eastern Asia",0,0.018,0.086,-1.89,-1.639,-1.772,-1.407,0.097,1.251,-1.561,-2.262,0,0,0.25,0.25,0.5,1,0,0,0.25,0,0,0,0,0,0.965,-2.316,-1.208,NA,-2.114,-2.881,-2.23,-1.935,-1.391,-2.81,-2.035,-1.511,NA,NA,NA,-2.288,0.552,0.702
"MMR","MYANMAR",2001,-5,0,141.525660705722,-28.0205662855927,99.7626495361328,NA,77.8309783935547,79.2209625244141,90.8385,57.0691916368966,NA,NA,0.000289277,2.25714041101971,45771139,49.9698379802172,44.8662414550781,NA,0.978658400478298,15.8304411877684,154211639.404297,NA,NA,NA,NA,2.16208982,NA,555,60.64,57.688,63.799,NA,NA,NA,NA,1.94785828446242,"Asia","South-Eastern Asia",0,0.018,0.086,-1.89,-1.639,-1.772,-1.407,0.097,1.251,-1.561,-2.262,0,0,0.25,0.25,0.5,1,0,0,0.25,0,0,0,0,0,0.965,-2.316,-1.208,NA,-2.114,-2.881,-2.23,-1.935,-1.391,-2.81,-2.035,-1.511,NA,NA,NA,-2.288,0.552,0.702
"MMR","MYANMAR",2002,-5,0,146.598390364449,3.5843179487251,99.8293304443359,NA,77.6601104736328,79.7549896240234,88.72686,54.5283327348715,32.60843,NA,0.000426494,2.0010471703619,46232653,49.9835267947196,47,NA,1.34949335508262,17.4019189724924,156021514.892578,NA,NA,NA,NA,2.59446764,NA,554,60.925,57.961,64.092,NA,NA,NA,NA,1.48187129901045,"Asia","South-Eastern Asia",0,0.018,0.086,-1.89,-1.639,-1.772,-1.407,0.097,1.251,-1.561,-2.262,0,0,0.25,0.25,0.5,1,0,0,0.25,0,0,0,0,0,0.965,-2.316,-1.208,NA,-2.114,-2.881,-2.23,-1.935,-1.391,-2.81,-2.035,-1.511,NA,NA,NA,-2.288,0.552,0.702
"MMR","MYANMAR",2003,-5,0,224.292688912409,52.9980570419696,102.38102722168,NA,79.1794967651367,81.5428619384766,90.53915,50.620560861897,NA,NA,0.0240641,2.21041186420545,46667192,49.9966636089868,46.3460083007813,NA,1.36774097417015,20.1839434402257,152190872.192383,NA,NA,NA,NA,2.3959713,0.7,552,61.196,58.262,64.325,NA,NA,72.3542034626007,55.8618128299713,2.07081478779187,"Asia","South-Eastern Asia",0,0.018,0.086,-1.89,-1.639,-1.772,-1.407,0.097,1.251,-1.561,-2.262,0,0,0.25,0.25,0.5,1,0,0,0.25,0,0,0,0,0,0.965,-2.316,-1.208,NA,-2.114,-2.881,-2.23,-1.935,-1.391,-2.81,-2.035,-1.511,NA,NA,NA,-2.288,0.552,0.702
"MMR","MYANMAR",2004,-6,0,224.508811413327,0.0963573542971812,103.697303771973,NA,81.6580123901367,83.5942916870117,89.08456,48.1650901865787,35.81751,NA,0.0243374,3.27245665609108,47068772,50.0091568142037,47.0825309753418,NA,1.74505333251524,18.8644610196514,146995666.503906,NA,NA,NA,NA,2.33253765,0.71,549,61.443,58.537,64.533,NA,NA,NA,NA,1.92006952835836,"Asia","South-Eastern Asia",0,0.018,0.086,-1.89,-1.639,-1.772,-1.407,0.097,1.251,-1.561,-2.262,0,0,0.25,0.25,0.5,1,0,0,0.25,0,0,0,0,0,0.965,-2.316,-1.208,NA,-2.114,-2.881,-2.23,-1.935,-1.391,-2.81,-2.035,-1.511,NA,NA,NA,-2.288,0.552,0.702
"MMR","MYANMAR",2005,-8,0,252.685193060728,12.5502342068559,104.437133789062,NA,NA,NA,88.82624,46.687240402588,NA,NA,0.0652389,3.88177835640941,47438365,50.0209872321488,47.824893951416,NA,2.91494528517854,18.7820488600823,168395980.834961,NA,NA,NA,NA,2.3447094,0.72,545,61.72,58.839,64.778,NA,0.260779798030853,NA,NA,1.66965386990714,"Asia","South-Eastern Asia",0,0.018,0.086,-1.89,-1.639,-1.772,-1.407,0.097,1.251,-1.561,-2.262,0,0,0.167,0.167,0.333,1,0,0,0.167,0,0,0,0,0,0.965,-2.316,-1.208,NA,-2.114,-2.881,-2.23,-1.935,-1.391,-2.81,-2.035,-1.511,NA,NA,NA,-2.288,0.552,0.702
"MMR","MYANMAR",2006,-8,0,303.495087119254,20.1079823645681,105.169502258301,NA,NA,NA,88.61108,43.918958474559,39.02659,NA,0.182048,NA,47785135,50.0323615276516,48.5791625976563,NA,3.19885684353995,17.7577369198911,163862106.323242,NA,NA,NA,NA,2.26559186,0.72,540,62.026,59.148,65.076,NA,NA,NA,NA,NA,"Asia","South-Eastern Asia",0,0.018,0.086,-1.89,-1.639,-1.772,-1.407,0.097,1.251,-1.561,-2.262,0,0,0.167,0.167,0.333,1,0,0,0.167,0,0,0,0,0,0.965,-2.316,-1.208,NA,-2.114,-2.881,-2.23,-1.935,-1.391,-2.81,-2.035,-1.511,NA,NA,NA,-2.288,0.552,0.702
"MMR","MYANMAR",2007,-8,0,419.375780725042,38.1820657150389,106.169532775879,NA,86.0109329223633,94.3336486816406,88.95978,43.3227660063537,NA,NA,0.217128,NA,48125043,50.0427916500771,49.3513984680176,NA,2.31016483558413,15.8146237862238,208373855.59082,NA,NA,NA,NA,2.03606868,0.74,535,62.367,59.528,65.365,NA,NA,NA,NA,NA,"Asia","South-Eastern Asia",0,0.017,0.086,-1.89,-1.639,-1.772,-1.407,0.097,1.492,-1.561,-2.262,0,0,0.167,0.167,0.333,1,0,0,0.167,0,0,0,0,0,0.965,-2.316,-1.208,NA,-2.114,-2.881,-2.23,-1.935,-1.391,-2.81,-2.035,-1.511,NA,NA,NA,-2.288,0.552,0.702
"MMR","MYANMAR",2008,-6,0,658.442487229705,57.0053678568062,108.062278747559,NA,89.8226089477539,94.7829513549805,89.83805,40.2750956375485,42.23566,NA,0.22,NA,48390793,50.0330734402307,50.1461563110351,37.0590889399783,2.15334545377525,13.9641200526851,557503234.863281,NA,NA,NA,NA,2.12175322,0.77,530,56.364,55.119,57.592,NA,NA,NA,NA,NA,"Asia","South-Eastern Asia",0,0.018,0.086,-1.89,-1.639,-1.772,-1.407,0.097,1.254,-1.422,-2.262,0,0,0.167,0.167,0.333,1,0,0,0.167,0,0,0,0,0,0.965,-2.316,-1.208,NA,-2.114,-2.881,-2.23,-1.935,-1.391,-2.81,-2.035,-1.511,NA,NA,NA,-2.288,0.552,0.702
"MMR","MYANMAR",2009,-6,0,758.442935789255,15.187423427107,108.319793701172,NA,90.1805419921875,95.2055892944336,88.9333,38.1081206105058,NA,NA,0.22,NA,48660459,50.0236691149995,50.9619445800781,37.3598731111395,0.716107930719796,8.97077901763052,373037994.384766,NA,NA,NA,37.5089950561523,2.17283702,0.78,525,63.095,60.278,66.067,NA,NA,78.5278379917145,59.7952485084534,NA,"Asia","South-Eastern Asia",0,0.018,0.086,-1.89,-1.639,-1.772,-1.407,0.097,1.254,-1.422,-2.262,0,0,0.167,0.167,0.333,1,0,0,0.167,0,0,0,0,0,0.965,-2.316,-1.208,NA,-2.114,-2.881,-2.23,-1.935,-1.391,-2.81,-2.035,-1.511,NA,NA,NA,-2.288,0.552,0.702
"MMR","MYANMAR",2010,-6,0,1010.53417343401,33.2379966572465,109.490142822266,NA,90.1811294555664,97.4702529907227,89.00709,36.853075751266,45.44474,NA,0.25,NA,49024382,50.0337780909462,48.8,36.6788599743565,0.976336261487368,7.98804207462158,363148864.746094,NA,NA,NA,NA,1.96793783,0.87,500,63.479,60.655,66.456,NA,0.260619103908539,NA,NA,NA,"Asia","South-Eastern Asia",0,0.033,0.176,-1.252,-1.18,-1.405,-0.703,0.373,0.792,-1.225,-1.555,0,0,0.375,0.375,0.375,1,0,0,0.125,0,0.125,0,0,0.125,0.903,-1.707,-0.709,-1.608,-1.935,-2.065,-0.807,-1.623,-1.334,-2.249,-1.908,-1.22,NA,NA,-0.184,-0.543,0.229,0.684
"MMR","MYANMAR",2011,-3,0,1213.62898703376,20.0977679863701,NA,NA,NA,NA,NA,32.4961825024034,NA,NA,0.98,NA,49419820,50.0446723601988,52.6445808410644,36.2121686668943,1.00643883600724,7.3614633514873,358970428.466797,NA,NA,NA,NA,1.95077813,0.88,476,63.859,60.984,66.892,NA,NA,NA,NA,NA,"Asia","South-Eastern Asia",1,0.107,0.399,-0.15,-0.648,-0.877,0.601,0.489,0.601,-0.443,-0.738,0,0,0.625,0.375,0.375,0.875,0,0,0.25,0.125,0.25,0.125,0.125,0.125,0.786,-0.97,-0.223,-1.608,-0.986,-0.932,0.194,-1.383,-0.918,-1.226,-1.074,-0.429,-0.474,0.617,-0.184,-0.543,0.444,0.715
"MMR","MYANMAR",2012,-3,0,1202.6658960055,-0.903331343053621,NA,NA,NA,NA,NA,30.5901997024538,48.65382,NA,1.4,4.52409369741194,49837446,50.0558355257611,53.5054244995117,37.0367795009136,0.771527109079778,5.95623957618071,475683807.373047,NA,NA,NA,NA,2.43605232,0.89,453,64.251,61.4,67.252,NA,NA,NA,NA,4.12480380212694,"Asia","South-Eastern Asia",1,0.134,0.469,0.052,-0.257,-0.505,0.601,0.489,0.674,-0.302,-0.581,0,0,0.625,0.375,0.375,0.875,0.125,0,0.25,0.125,0.25,0.125,0.125,0.125,0.753,-0.703,-0.223,-0.464,-0.986,-0.932,0.261,-1.383,-0.918,-1.226,-0.882,-0.24,-0.714,0.617,-0.184,-0.543,0.444,0.608
"MMR","MYANMAR",2013,-3,0,1199.09561597055,-0.296863829498134,NA,NA,NA,NA,NA,29.5337253604993,NA,NA,1.8,5.52956758874506,50262658,50.0661733819603,54.3752822875977,38.1040550388986,0.661094841513687,5.85283366421301,3346164794.92188,NA,NA,NA,NA,3.11112022,0.91,431,64.617,61.783,67.595,NA,NA,NA,NA,4.11633459177026,"Asia","South-Eastern Asia",1,0.157,0.45,-0.137,-0.165,-0.203,0.667,0.549,0.684,-0.326,0.185,0,0,0.625,0.375,0.375,0.875,0.125,0,0.25,0.125,0.25,0.125,0.125,0.125,0.676,-0.431,0.019,-0.464,-0.68,-0.445,0.514,-0.598,-0.918,-0.629,-0.77,-0.24,-0.381,0.617,-0.14,-0.641,0.425,0.562
"MMR","MYANMAR",2014,-3,0,1293.00042319714,7.83130268978453,115.448463439941,NA,NA,NA,96.1312,27.8298025759612,51.8629,NA,7.4,5.84092892509683,50681634,50.0767062877255,52,37.6804826288063,0.528936281376954,7.88242876018736,1376234130.85938,90.3600006103516,93.5500030517578,87.6699981689453,NA,4.14940882,0.94,411,64.994,62.111,68.026,NA,NA,NA,NA,3.78953444074754,"Asia","South-Eastern Asia",1,0.163,0.475,-0.007,-0.06,0.05,0.777,0.685,0.684,-0.326,0.185,0,0,0.625,0.375,0.375,0.875,0.125,0,0.25,0.125,0.25,0.125,0.125,0.125,0.675,-0.396,0.092,-0.464,-0.68,-0.445,0.514,-0.598,-0.918,-0.629,-0.77,-0.24,-0.381,0.617,-0.14,-0.776,0.425,0.569
"MMR","MYANMAR",2015,2,0,1166.73305547935,-9.76545447723634,NA,NA,NA,NA,NA,26.771778645598,NA,NA,10.9,6.01128503979227,51089056,50.0879611102613,60.5,38.7594000921142,0.146604102339128,6.61317909325215,1252746215.82031,NA,NA,NA,40.3178482055664,5.19711542,1.07,391,65.288,62.376,68.352,NA,0.277220875024796,71.836256980896,59.6388161182404,4.30136045141842,"Asia","South-Eastern Asia",1,0.181,0.487,0.04,-0.06,0.05,0.777,0.685,0.433,-0.238,0.189,0,0,0.662,0.393,0.393,0.857,0.143,0.018,0.25,0.162,0.287,0.162,0.162,0.125,0.578,-0.063,0.302,-0.306,0.817,0.66,0.514,-0.214,-0.607,-0.629,-0.77,-0.176,-0.381,0.617,-0.14,-0.776,1.192,0.442
"MMR","MYANMAR",2016,8,0,1229.19713491328,5.3537592974313,119.916152954102,NA,NA,NA,NA,25.6286228737595,55.07197,NA,16,7.17585983640205,51495696,50.099025751589,57.0093841552734,39.5618722429461,0.103530840750173,6.8108721648708,1615454833.98438,84.7799987792969,90.3499984741211,80.379997253418,NA,4.76220942,1.07,372,65.64,62.751,68.673,NA,NA,NA,NA,4.08929730356682,"Asia","South-Eastern Asia",1,0.226,0.566,0.347,0.361,0.304,0.71,0.75,0.346,-0.375,-0.404,0.125,0.125,1,0.5,0.75,0.5,0.25,0.25,0.375,0.625,0.75,0.625,0.625,0.125,0.436,0.411,0.486,-0.306,1.061,0.82,0.514,0.163,-0.426,-0.334,-0.146,0.365,0.449,1.183,0.42,0.448,1.127,0.408
"MMR","MYANMAR",2017,8,0,1272.82241815234,3.54908761173917,121.799392700195,NA,NA,NA,97.66256,23.4041280962744,NA,NA,23.6211,6.07774232896579,51894938,50.1096340091905,NA,39.7949507833698,0.152347682977876,7.82010371696471,1642327880.85938,NA,NA,NA,NA,4.6921258,1.06,355,65.909,63.038,68.918,NA,0.285321891307831,NA,NA,3.64194876170774,"Asia","South-Eastern Asia",1,0.229,0.585,0.347,0.432,0.597,1.23,0.212,0.346,-0.398,0.335,0.125,0.125,1,0.5,0.75,0.5,0.25,0.25,0.375,0.625,0.75,0.625,0.625,0.125,0.432,0.798,0.375,-0.306,1.388,0.82,0.514,0.163,-0.426,-0.334,-0.146,0.365,0.449,1.183,0.349,0.448,1.077,0.383
"MMR","MYANMAR",2018,8,0,1298.21310327675,1.99483327464232,120.214569091797,NA,103.977676391602,106.806716918945,97.93192,22.0756064041111,58.28105,NA,29.379,2.75697125272766,52272247,50.1201431038539,NA,40.960932093708,0.15681434683775,6.70278022169487,1742687988.28125,95.823239379743,96.8487094130495,NA,NA,4.53514671,1.06,338,66.232,63.376,69.224,NA,NA,NA,NA,2.3597905591242,"Asia","South-Eastern Asia",1,0.232,0.585,0.347,0.432,0.597,1.23,0.91,0.346,-0.113,0.335,0.125,0.125,1,0.5,0.75,0.5,0.25,0.25,0.375,0.625,0.75,0.625,0.625,0.125,0.399,0.629,0.14,-0.306,1.388,1.609,0.514,0.163,-0.426,-0.351,-0.146,0.365,1.104,0.574,0.573,0.749,1.219,0.375
"MMR","MYANMAR",2019,NA,0,1425.98954241668,9.84248570727074,NA,NA,NA,NA,NA,20.8421577754282,NA,NA,36.5405,6.01765247726484,52640713,50.1311798316413,NA,40.7452311327275,0.101384700071059,5.88188183004994,2058078857.42188,89.0699996948242,92.3899993896484,86.2699966430664,NA,3.814466,1.05,322,66.457,63.574,69.478,NA,NA,NA,NA,2.18974000019248,"Asia","South-Eastern Asia",1,0.246,0.621,0.347,0.816,0.597,1.23,0.91,0.346,-0.113,0.335,0.125,0.125,1,0.5,0.75,0.5,0.25,0.25,0.375,0.625,0.75,0.625,0.625,0.125,0.425,0.629,-0.154,-0.306,1.388,1.11,0.514,0.163,-0.426,-0.351,-0.146,0.365,0.821,0.574,0.573,0.749,1.219,0.375
"MMR","MYANMAR",2020,NA,0,1490.21683599469,4.50405081296469,NA,NA,NA,NA,NA,22.4186525400503,58.28105,NA,45.4477,NA,53016522,50.1453537473724,NA,40.0374319115209,0.0259006705691479,4.66301426840348,2796795166.01563,93.5471293315427,94.6805648592106,92.7215104911793,NA,4.27808714,1.07,316,66.612,63.678,69.702,NA,NA,NA,NA,3.12332883859715,"Asia","South-Eastern Asia",1,0.252,0.621,0.347,0.816,0.597,1.23,0.975,0.318,-0.113,0.335,0.125,0.125,1,0.625,0.75,0.5,0.25,0.25,0.25,0.625,0.75,0.625,0.625,0.125,0.396,0.629,0.478,-0.236,1.504,1.11,0.514,0.356,-0.426,-0.266,-0.146,0.365,0.821,0.574,0.573,0.874,1.219,0.375
"PHL","PHILIPPINES",1960,5,1,269.465146474794,NA,NA,NA,NA,NA,NA,23.7081886401864,NA,NA,NA,NA,27891897,49.5747905000943,NA,41.6815997657078,NA,NA,486430267.333984,NA,NA,NA,NA,NA,0.838957667350769,NA,59.175,57.438,61.111,NA,NA,NA,NA,1.77845890655072,"Asia","South-Eastern Asia",1,0.293,0.672,0.681,1.121,0.923,0.736,1.22,0.415,2.126,0.647,0.167,1,1,1,0.833,1,0.167,0.167,0.833,0.5,0.667,0.333,0.667,0.333,0.425,1.127,1.258,-1.351,-1.354,-0.401,1.565,0.977,-0.863,1.566,0.558,1.117,-0.856,2.051,0.168,0.91,-1.245,0.726
"PHL","PHILIPPINES",1961,5,1,283.794741192369,5.31779152333357,NA,NA,NA,NA,NA,23.6453816548095,NA,NA,NA,NA,28792621,49.5482644667882,NA,41.1698345415602,NA,NA,168316390.991211,NA,NA,NA,NA,NA,NA,NA,59.469,57.643,61.497,NA,NA,NA,NA,1.70290804296568,"Asia","South-Eastern Asia",1,0.293,0.651,0.544,1.121,0.923,0.736,1.22,0.415,2.126,0.647,0.167,1,1,1,0.833,1,0.167,0.167,0.833,0.5,0.667,0.333,0.667,0.333,0.425,1.127,1.258,-1.381,-1.354,-0.401,1.565,0.977,-0.863,1.566,0.558,1.117,-0.856,2.051,0.168,0.91,-1.245,0.727
"PHL","PHILIPPINES",1962,5,1,166.689221357377,-41.2641613241214,NA,NA,NA,NA,NA,23.8050235723976,NA,NA,NA,NA,29723536,49.5240774852629,NA,41.3293097629954,NA,NA,247529861.450195,NA,NA,NA,NA,NA,NA,NA,59.755,57.826,61.894,NA,NA,NA,NA,1.80881578177135,"Asia","South-Eastern Asia",1,0.292,0.651,0.544,1.121,0.923,0.736,1.22,0.415,2.126,0.647,0.167,1,1,1,0.833,1,0.167,0.167,0.833,0.5,0.667,0.333,0.667,0.333,0.425,1.127,1.258,-1.381,-1.354,-0.401,1.565,0.977,-0.863,1.566,0.558,1.117,-0.856,2.051,0.168,0.91,-1.245,0.735
"PHL","PHILIPPINES",1963,5,1,179.464434045296,7.66409044561394,NA,NA,NA,NA,NA,24.4045616089742,NA,NA,NA,NA,30674731,49.5013061239659,NA,40.0957194751098,NA,NA,183287231.445313,NA,NA,NA,NA,NA,NA,NA,60.018,58.082,62.155,NA,NA,NA,NA,1.85586220789686,"Asia","South-Eastern Asia",1,0.292,0.651,0.544,1.121,0.923,0.736,1.22,0.415,2.126,0.647,0.167,1,1,1,0.833,1,0.167,0.167,0.833,0.5,0.667,0.333,0.667,0.333,0.425,1.127,1.258,-1.381,-1.354,-0.401,1.565,0.977,-0.863,1.566,0.558,1.117,-0.856,2.051,0.168,0.91,-1.245,0.735
"PHL","PHILIPPINES",1964,5,1,188.153783582113,4.8418226057113,NA,NA,NA,NA,NA,23.7597278373505,NA,NA,NA,NA,31643032,49.4798475696008,NA,41.3583673238378,NA,NA,569756286.621094,NA,NA,NA,NA,NA,NA,NA,60.13,58.132,62.326,NA,NA,NA,NA,1.70494246983742,"Asia","South-Eastern Asia",1,0.292,0.651,0.544,1.121,0.923,0.736,1.22,0.415,2.126,0.647,0.167,1,1,1,0.833,1,0.167,0.167,0.833,0.5,0.667,0.333,0.667,0.333,0.425,1.127,1.258,-1.381,-1.354,-0.401,1.565,0.977,-0.863,1.566,0.558,1.117,-0.856,2.051,0.168,0.91,-1.245,0.735
"PHL","PHILIPPINES",1965,5,0,199.763575376063,6.17037381492959,NA,NA,NA,NA,NA,24.2669861645514,NA,NA,NA,NA,32625316,49.460860394425,NA,41.2856038802844,NA,NA,712846435.546875,NA,NA,NA,NA,NA,NA,NA,60.41,58.315,62.71,NA,NA,NA,NA,1.54919986380661,"Asia","South-Eastern Asia",1,0.288,0.651,0.544,1.121,0.923,0.736,1.22,0.415,2.126,0.647,0.167,1,1,1,0.833,1,0.167,0.167,0.833,0.5,0.667,0.333,0.667,0.333,0.468,1.127,1.178,-1.692,-1.354,-0.972,1.565,0.977,-0.863,1.566,0.225,0.707,-0.856,2.051,0.168,0.91,-1.245,0.739
"PHL","PHILIPPINES",1966,5,0,213.849586020843,7.05134087546367,NA,NA,NA,NA,NA,24.2495548613285,NA,NA,NA,NA,33617170,49.4445368244858,NA,41.4671517692114,NA,NA,345182037.353516,NA,NA,NA,NA,NA,NA,NA,60.623,58.442,63.013,NA,NA,NA,NA,1.65172706900549,"Asia","South-Eastern Asia",1,0.282,0.625,0.544,0.738,0.923,0.736,1.22,0.52,2.126,0.647,0.167,1,1,1,0.833,1,0.167,0.167,0.833,0.5,0.667,0.333,0.667,0.333,0.467,1.127,1.178,-1.692,-1.354,-0.972,1.565,0.977,-0.863,1.566,0.225,0.707,-0.856,2.051,0.32,0.91,-1.245,0.763
"PHL","PHILIPPINES",1967,5,0,223.124766332659,4.33724492265886,NA,NA,NA,NA,NA,24.4306398737826,NA,NA,NA,NA,34621320,49.4310066745,NA,40.6659451840992,NA,NA,620204528.808594,NA,NA,NA,NA,NA,NA,NA,60.804,58.521,63.304,NA,NA,NA,NA,1.73993936052922,"Asia","South-Eastern Asia",1,0.283,0.625,0.544,0.738,0.923,0.736,1.22,0.52,2.126,0.647,0.167,1,1,1,0.833,1,0.167,0.167,0.833,0.5,0.667,0.333,0.667,0.333,0.467,1.127,1.178,-1.692,-1.354,-0.972,1.565,0.977,-0.863,1.566,0.225,0.707,-0.856,2.051,0.32,0.91,-1.245,0.763
"PHL","PHILIPPINES",1968,5,0,242.232067627814,8.56350534689983,NA,NA,NA,NA,NA,26.1283864573497,NA,NA,NA,NA,35638342,49.4200235241022,NA,39.861516736443,NA,NA,437826141.357422,NA,NA,NA,NA,NA,NA,NA,60.917,58.569,63.483,NA,NA,NA,NA,1.86747175448971,"Asia","South-Eastern Asia",1,0.277,0.656,0.544,0.985,1.198,0.94,1.22,1.202,2.126,0.647,0.167,1,1,1,0.833,1,0.167,0.167,0.833,0.5,0.667,0.333,0.667,0.333,0.472,1.127,1.178,-1.692,-1.354,-0.972,1.565,0.977,-0.863,1.566,0.225,0.707,-0.856,2.051,0.32,0.716,-1.245,0.763
"PHL","PHILIPPINES",1969,2,0,261.090890369413,7.78543605984295,NA,NA,NA,NA,NA,26.7908574444179,NA,NA,NA,NA,36660799,49.4110289303842,NA,39.5875805892846,NA,NA,525060913.085938,NA,NA,NA,NA,NA,NA,NA,60.981,58.542,63.642,NA,NA,NA,NA,2.09088848594742,"Asia","South-Eastern Asia",1,0.269,0.628,0.406,0.985,1.198,0.94,1.34,1.366,2.126,0.647,0.167,1,1,1,0.833,1,0.167,0.167,0.833,0.5,0.667,0.333,0.667,0.333,0.489,1.127,1.178,-1.62,-1.354,-0.972,1.565,0.977,-0.863,1.566,0.225,0.707,-1.403,2.051,0.103,0.716,-1.245,0.763
"PHL","PHILIPPINES",1970,2,0,200.921655645037,-23.0453213588738,NA,NA,NA,NA,NA,26.3588782659169,NA,NA,NA,NA,37622204,49.4640850918782,NA,38.2146546435325,NA,4.12633961425907,289495300.292969,NA,NA,NA,NA,NA,1.18980002403259,NA,60.827,58.379,63.489,NA,NA,NA,NA,2.15675650207312,"Asia","South-Eastern Asia",1,0.245,0.602,0.406,0.412,1.198,1.185,1.34,1.366,1.441,0.647,0.167,0.833,1,0.833,0.833,1,0.167,0.167,0.667,0.5,0.667,0.333,0.667,0.333,0.476,1.626,1.178,-1.43,-1.354,-0.972,1.565,0.977,-0.863,1.566,0.225,0.707,-1.403,2.051,0.103,0.716,-1.098,0.712
"PHL","PHILIPPINES",1971,2,0,217.429055093343,8.21583885286572,99.5359420776367,NA,NA,NA,NA,27.0528960689863,NA,NA,NA,NA,38518659,49.5139251862325,NA,36.9727569532178,0,3.68497902553641,419099121.09375,NA,NA,NA,NA,NA,NA,NA,61.065,58.522,63.812,NA,NA,NA,NA,2.06999062269308,"Asia","South-Eastern Asia",1,0.212,0.545,0.258,-0.03,0.931,1.185,1.34,1.366,1.107,0.343,0.167,0.833,1,0.833,0.833,1,0.167,0.167,0.667,0.5,0.667,0.333,0.667,0.333,0.528,1.626,1.054,-1.43,-1.354,-0.972,1.398,0.782,-1.055,0.867,-0.067,0.707,-1.403,2.051,-0.198,0.46,-1.098,0.7
"PHL","PHILIPPINES",1972,-9,0,230.097611314044,5.8265240656371,97.4706268310547,NA,NA,NA,NA,26.2174506850867,NA,NA,NA,NA,39408560,49.5667870127708,NA,36.5882418712557,0,4.082682110153,824865600.585938,NA,NA,NA,NA,NA,NA,NA,60.911,58.298,63.727,NA,NA,NA,NA,2.33615693267945,"Asia","South-Eastern Asia",0,0.065,0.252,-0.668,-0.88,-1.024,-0.854,1.145,1.509,-0.19,-0.731,0.167,0.741,0.908,0.787,0.787,1,0.167,0.121,0.575,0.408,0.529,0.241,0.529,0.379,0.871,0.656,-0.956,NA,-1.935,-2.164,-0.262,-0.65,-1.208,0.119,-2.427,-0.635,-1.403,-1.779,-1.246,-1.507,-0.962,0.661
"PHL","PHILIPPINES",1973,-9,0,283.228592733126,23.0906271106688,95.6513366699219,NA,NA,NA,NA,27.1991178494379,NA,NA,NA,NA,40294130,49.6188799708543,NA,34.9114344300043,0,6.15626830516728,938155883.789063,NA,NA,NA,NA,NA,NA,NA,60.741,58.041,63.63,NA,NA,NA,NA,2.81380492796106,"Asia","South-Eastern Asia",0,0.038,0.14,-1.466,-1.57,-2.085,-0.854,1.145,1.838,-0.19,-0.731,0.167,0.5,0.667,0.667,0.667,1,0.167,0,0.333,0.167,0.167,0,0.167,0.5,0.888,0.46,-2.393,NA,-2.164,-2.164,-0.203,-0.65,-1.208,0.119,-2.765,-0.839,NA,NA,-1.246,-1.507,-1.079,0.686
"PHL","PHILIPPINES",1974,-9,0,379.068181207602,33.8382461846928,96.5134963989258,NA,NA,NA,NA,27.6300031133891,NA,NA,NA,NA,41174341,49.6737494839322,NA,34.0501682185886,0,4.46093588702571,618193420.410156,NA,NA,NA,NA,NA,NA,NA,60.816,58.084,63.73,NA,NA,NA,NA,3.55803925904335,"Asia","South-Eastern Asia",0,0.038,0.14,-1.466,-1.57,-2.085,-0.854,1.145,1.963,-0.19,-0.731,0.167,0.5,0.667,0.667,0.667,1,0.167,0,0.333,0.167,0.167,0,0.167,0.5,0.888,0.46,-2.393,NA,-2.164,-2.164,-0.203,-0.65,-1.208,0.119,-2.765,-0.839,NA,NA,-1.246,-1.507,-1.079,0.686
"PHL","PHILIPPINES",1975,-9,0,400.638883090952,5.69045437014312,97.9910202026367,NA,NA,NA,NA,26.9446902223849,NA,NA,NA,NA,42120826,49.7266672785572,NA,34.2099399063357,0,3.4892061452877,679213928.222656,NA,NA,NA,NA,NA,1.70949995517731,NA,60.904,58.111,63.858,NA,NA,NA,NA,NA,"Asia","South-Eastern Asia",0,0.038,0.14,-1.466,-1.57,-2.085,-0.854,1.145,1.963,-0.19,-0.731,0.167,0.5,0.667,0.667,0.667,1,0.167,0,0.333,0.167,0.167,0,0.167,0.5,0.888,0.46,-2.393,NA,-2.164,-2.164,-0.203,-0.65,-1.208,0.119,-2.765,-0.839,NA,NA,-1.246,-1.507,-1.079,0.686
"PHL","PHILIPPINES",1976,-9,0,448.620084504484,11.9761719190495,98.9888381958008,NA,NA,NA,96.79226,25.91656232506,NA,NA,NA,NA,43201488,49.7360901087481,NA,34.0441718178094,0,3.18969383844306,660739440.917969,NA,NA,NA,NA,NA,1.70940005779266,NA,60.869,58.112,63.771,NA,NA,NA,NA,3.93133834052871,"Asia","South-Eastern Asia",0,0.038,0.14,-1.466,-1.57,-2.085,-0.854,1.145,1.963,-0.19,-0.731,0.167,0.5,0.667,0.667,0.667,1,0.167,0,0.333,0.167,0.167,0,0.167,0.5,0.888,0.46,-2.393,NA,-2.164,-2.164,-0.203,-0.65,-1.208,0.119,-2.765,-0.839,NA,NA,-1.246,-1.507,-1.079,0.686
"PHL","PHILIPPINES",1977,-9,0,502.23424288346,11.9509046141335,100.591117858887,NA,NA,NA,NA,25.3814929310542,NA,NA,NA,NA,44367962,49.7448857353421,NA,33.8623022720506,0,3.31567540627858,644476196.289063,NA,NA,NA,NA,NA,NA,NA,61.431,58.549,64.458,NA,NA,NA,NA,3.62130898810836,"Asia","South-Eastern Asia",1,0.038,0.14,-1.466,-1.57,-2.085,-0.854,1.145,1.874,-0.19,-0.731,0.167,0.5,0.667,0.667,0.667,1,0.167,0,0.333,0.167,0.167,0,0.167,0.5,0.889,0.46,-2.393,-2.367,-2.164,-2.164,-0.203,-0.65,-1.208,0.119,-2.765,-0.839,NA,NA,-1.246,-1.507,-1.079,0.693
"PHL","PHILIPPINES",1978,-9,0,565.267487053598,12.5505668048931,100.129539489746,NA,NA,NA,NA,24.9110577412843,NA,NA,NA,NA,45575281,49.7580322104871,NA,34.2923678933046,0,2.50192146970321,729537597.65625,NA,NA,NA,NA,NA,NA,NA,61.531,58.524,64.691,NA,NA,NA,NA,2.58176721881701,"Asia","South-Eastern Asia",1,0.055,0.14,-1.466,-1.57,-2.085,-0.854,1.145,1.874,-0.19,-0.731,0.167,0.5,0.667,0.667,0.667,1,0.167,0,0.333,0.167,0.167,0,0.167,0.5,0.908,0.46,-2.393,-2.658,-2.164,-2.164,-0.203,-0.65,-1.208,0.119,-2.765,-0.839,-1.884,-0.66,-2.043,-1.507,-1.079,0.842
"PHL","PHILIPPINES",1979,-9,0,666.956386771672,17.9895185990826,103.032440185547,NA,NA,NA,96.17531,24.1817325811521,NA,NA,NA,NA,46807103,49.7713007361297,NA,34.4140333724071,0.687768091805142,4.16852921340345,694180969.238281,NA,NA,NA,NA,NA,NA,NA,61.727,58.627,64.976,NA,NA,NA,NA,2.96493107109859,"Asia","South-Eastern Asia",1,0.06,0.14,-1.466,-1.57,-2.085,-0.854,1.145,1.874,-0.19,-0.731,0.167,0.5,0.667,0.667,0.667,1,0.167,0,0.333,0.167,0.167,0,0.167,0.5,0.898,0.46,-0.857,-2.658,-2.164,-2.164,-0.203,-0.65,-1.208,0.119,-2.765,-0.839,-1.884,-0.66,-1.976,-1.507,-1.079,0.844
"PHL","PHILIPPINES",1980,-9,0,766.969451146209,14.9954429342283,101.185607910156,NA,NA,NA,NA,22.0315834069677,NA,NA,NA,NA,48043740,49.7911704998647,NA,35.2634907320924,0.298025563754551,4.18891412062013,696931152.34375,83.3199996948242,83.8899993896484,82.7600021362305,NA,NA,1.708899974823,NA,61.884,58.69,65.231,NA,NA,NA,NA,2.70975470668598,"Asia","South-Eastern Asia",1,0.06,0.14,-1.466,-1.57,-2.085,-0.854,1.145,1.874,-0.19,-0.731,0.167,0.5,0.833,0.667,0.667,1,0.167,0,0.333,0.167,0.167,0,0.167,0.5,0.898,0.46,-0.857,-2.658,-2.164,-2.164,-0.203,-0.65,-1.208,0.119,-2.765,-0.839,-1.884,-0.66,-1.976,-1.507,-1.079,0.844
"PHL","PHILIPPINES",1981,-8,0,821.293256858092,7.08291648783377,105.08544921875,NA,76.9147109985352,81.8600463867188,93.15358,21.8080621819015,NA,NA,NA,NA,49311727,49.8110905748647,NA,35.0787271518363,0.114392800953084,2.42505457279255,808118774.414063,NA,NA,NA,NA,NA,NA,NA,61.942,58.67,65.36,NA,NA,NA,NA,2.75572096194548,"Asia","South-Eastern Asia",0,0.061,0.166,-1.151,-1.57,-2.085,-0.854,1.145,1.874,-0.19,-0.731,0.167,0.5,0.833,0.667,0.667,1,0.167,0,0.333,0.167,0.167,0,0.167,0.5,0.897,0.46,-0.857,-2.488,-2.164,-2.164,-0.203,-0.65,-1.208,0.119,-2.765,-0.839,-1.884,-0.66,-1.976,-1.507,-1.079,0.84
"PHL","PHILIPPINES",1982,-7,0,832.536200258054,1.36893165822066,104.108688354492,NA,NA,NA,93.16523,20.4230485292463,NA,NA,NA,NA,50695707,49.8062676232868,NA,36.8762124767256,0.141007790266949,2.07273210027528,790517028.808594,NA,NA,NA,NA,NA,1.71350002288818,NA,62.175,58.826,65.67,NA,NA,NA,NA,2.59728794963065,"Asia","South-Eastern Asia",0,0.062,0.166,-1.151,-1.57,-2.085,-0.854,1.145,1.874,-0.19,-0.731,0.167,0.5,0.833,0.667,0.667,1,0.167,0,0.333,0.167,0.167,0,0.167,0.5,0.896,0.46,-0.857,-2.488,-2.164,-2.164,-0.203,-0.65,-1.208,0.119,-2.765,-0.839,-1.884,-0.66,-1.976,-1.507,-1.079,0.836
"PHL","PHILIPPINES",1983,-6,0,723.430497138016,-13.1052202998764,103.740173339844,NA,81.0033187866211,87.1825485229492,91.57376,19.5239809608368,NA,NA,NA,NA,52194620,49.8015312689315,NA,37.3797452989556,0.251796754055236,2.5112681810472,991545654.296875,NA,NA,NA,NA,NA,1.7146999835968,NA,62.349,58.975,65.861,NA,NA,NA,NA,2.40925335363623,"Asia","South-Eastern Asia",0,0.062,0.166,-1.151,-1.57,-2.085,-0.854,1.145,2.072,-0.19,-0.731,0.167,0.5,0.833,0.667,0.667,1,0.167,0,0.333,0.167,0.167,0,0.167,0.5,0.896,0.46,-0.857,-2.488,-2.164,-2.164,-0.203,-0.65,-1.208,0.119,-2.765,-0.839,-1.884,-0.66,-1.976,-1.507,-1.079,0.836
"PHL","PHILIPPINES",1984,-6,0,665.042349344043,-8.07101000372033,103.90518951416,NA,82.5845031738281,88.7975006103516,90.89301,21.6852969541723,NA,NA,NA,NA,53726181,49.8001356173073,NA,36.4904739772476,0.2120950352319,1.85607252972097,869944702.148438,NA,NA,NA,NA,NA,1.71529996395111,NA,62.426,59.065,65.915,NA,NA,NA,NA,1.63475893311674,"Asia","South-Eastern Asia",0,0.062,0.166,-1.151,-1.57,-2.085,-0.854,1.145,2.072,-0.19,-0.731,0.167,0.5,0.833,0.667,0.667,1,0.167,0,0.333,0.167,0.167,0,0.167,0.5,0.897,0.46,-0.857,-2.804,-2.164,-2.164,-0.203,-0.65,-1.208,0.119,-2.765,-0.839,-1.884,-0.66,-1.976,-1.507,-1.079,0.844
"PHL","PHILIPPINES",1985,-6,0,633.211065310196,-4.78635444272737,103.02027130127,NA,82.1639022827148,88.7391967773438,94.43847,21.5944650234403,NA,NA,NA,NA,55213006,49.7975069460537,NA,39.5685135878174,0.145385262325631,1.92701210757033,1004237670.89844,NA,NA,NA,NA,NA,1.75569999217987,NA,62.735,59.362,66.226,NA,NA,NA,NA,1.98257335853662,"Asia","South-Eastern Asia",0,0.063,0.188,-0.961,-1.57,-2.085,-0.854,1.145,2.072,-0.19,-0.731,0.167,0.5,0.833,0.667,0.667,1,0.167,0,0.333,0.167,0.167,0,0.167,0.5,0.898,0.46,-0.857,-2.804,-2.164,-2.164,-0.203,-0.65,-1.208,0.119,-2.765,-0.839,-1.884,-0.66,-1.976,-1.507,-1.079,0.848
"PHL","PHILIPPINES",1986,1,1,600.002843935462,-5.2444158344684,102.258178710938,NA,81.1112365722656,87.9163131713867,93.83803,21.0293839086533,NA,NA,NA,NA,56645077,49.816861404975,NA,40.6656664386056,0.0831561089283709,2.04465673075221,1616670166.01563,NA,NA,NA,NA,NA,1.71420001983643,NA,62.875,59.429,66.443,NA,NA,NA,NA,1.98805361257508,"Asia","South-Eastern Asia",1,0.128,0.476,-0.034,-0.092,-0.695,0.697,1.545,1.388,0.303,-0.266,0.167,0.5,0.833,0.808,0.667,0.859,0.026,0,0.474,0.308,0.449,0.141,0.308,0.359,0.733,0.987,-0.518,-2.372,-1.474,-1.045,-0.203,0.3,-1.022,0.951,-0.337,0.674,-1.884,-0.66,-0.66,-1.507,-1.108,0.809
"PHL","PHILIPPINES",1987,8,1,649.812857590607,8.30162959369284,102.875526428223,NA,82.4493637084961,86.6164093017578,94.10697,21.0794353560415,NA,NA,NA,NA,58157496,49.8347538896792,NA,40.7512237286074,0.0683466246918075,2.31616822098576,1122716308.59375,NA,NA,NA,NA,NA,NA,NA,63.299,59.88,66.813,NA,NA,NA,NA,1.96524714249726,"Asia","South-Eastern Asia",1,0.273,0.912,1.883,2.376,1.223,2.274,2.007,1.137,2.372,1.612,0.167,0.652,0.833,0.833,0.667,0.682,0.152,0.152,0.652,0.485,0.803,0.318,0.485,0.485,0.52,0.949,1.587,-1.393,-1.128,-0.714,1.541,0.914,-0.942,1.358,0.474,1.081,-1.178,2.018,0.658,-0.941,-1.108,0.76
"PHL","PHILIPPINES",1988,8,1,722.343718454247,11.1618075906611,104.656867980957,NA,83.2092819213867,85.4871063232422,96.14788,20.110454501016,NA,NA,NA,NA,59739052,49.8416822858468,NA,40.9830322118102,0.0486124862888635,2.54759186030404,1020123962.40234,NA,NA,NA,NA,NA,NA,NA,63.711,60.306,67.197,NA,NA,NA,NA,2.45888921422154,"Asia","South-Eastern Asia",2,0.417,0.912,1.883,2.376,1.223,2.274,2.007,1.137,2.372,1.612,0.167,0.667,0.833,0.833,0.667,0.667,0.167,0.167,0.667,0.5,0.833,0.333,0.5,0.5,0.432,0.949,1.587,-1.393,-1.128,-0.714,1.546,0.914,-0.942,1.358,0.474,1.081,-1.178,2.018,0.658,0.932,-1.108,0.735
"PHL","PHILIPPINES",1989,8,1,791.864324425833,9.62431100257287,106.024131774902,NA,85.0793533325195,87.1911468505859,97.64527,19.8651101063321,NA,NA,NA,NA,61265260,49.847000565198,NA,41.4976431355798,0.056637308911101,2.18154837884386,1155895141.60156,NA,NA,NA,NA,NA,NA,NA,64.105,60.664,67.619,NA,NA,NA,NA,2.24292339676955,"Asia","South-Eastern Asia",2,0.417,0.912,1.883,2.376,1.223,2.274,2.007,1.137,2.372,1.612,0.167,0.667,0.833,0.833,0.667,0.667,0.167,0.167,0.667,0.5,0.833,0.333,0.5,0.5,0.432,0.949,1.587,-1.393,-1.128,-0.714,1.546,0.914,-0.942,1.358,0.474,1.081,-1.178,2.018,0.658,0.932,-1.108,0.735
"PHL","PHILIPPINES",1990,8,1,803.572588255813,1.47856943024544,106.466331481934,NA,NA,NA,NA,19.1598428879723,NA,NA,0,12.3546103589205,62854666,49.8414684147479,62.1144485473633,42.6715370190698,0.0673842755889314,1.69171115258321,1582302124.02344,93.5699996948242,93.9700012207031,93.1800003051758,NA,NA,1.3918999434,NA,64.382,60.923,67.907,NA,NA,NA,NA,2.14724666740931,"Asia","South-Eastern Asia",2,0.43,0.937,2.36,2.376,1.223,2.274,2.007,1.137,2.372,1.612,0.167,0.667,0.833,0.833,0.667,0.667,0.167,0.167,0.667,0.5,0.833,0.333,0.5,0.5,0.423,0.949,1.587,-1.393,-1.128,-0.714,1.546,0.914,-0.942,1.358,0.474,1.081,-1.178,2.018,1.018,0.932,-1.108,0.735
"PHL","PHILIPPINES",1991,8,1,804.323330530547,0.09342557047192,105.011001586914,NA,NA,NA,NA,18.3384614659452,NA,NA,NA,12.8095883534011,64382249,49.8347323939357,63.2861862182617,44.0003347110474,0.0236527180965635,0.915508168360545,1307359008.78906,NA,NA,NA,NA,NA,1.2745000124,NA,64.622,61.138,68.155,NA,NA,NA,NA,2.01072106794016,"Asia","South-Eastern Asia",2,0.433,0.937,2.36,2.376,1.223,2.274,2.007,1.137,2.372,1.612,0.167,0.667,0.833,0.833,0.667,0.667,0.167,0.167,0.667,0.5,0.833,0.333,0.5,0.5,0.409,0.949,1.587,-1.393,-1.128,-0.2,1.546,0.914,-0.942,1.358,0.474,1.081,-1.178,2.018,1.018,0.932,-1.108,0.735
"PHL","PHILIPPINES",1992,8,1,916.515694532029,13.9486646405591,103.304977416992,NA,NA,NA,95.62759,19.1073217284293,NA,NA,NA,13.5388730593237,65926125,49.8245687908311,64.4574127197266,44.4348898286707,0.0655855357701965,0.720713572482038,1895330688.47656,NA,NA,NA,NA,NA,1.3701000214,NA,65.353,61.946,68.773,NA,NA,NA,NA,2.03646157033354,"Asia","South-Eastern Asia",2,0.425,0.937,2.36,2.376,1.223,2.274,2.007,0.619,2.372,1.612,0.167,0.667,0.833,0.833,0.667,0.667,0.167,0.167,0.667,0.5,0.833,0.333,0.5,0.5,0.402,0.949,1.587,-1.385,-1.01,-0.2,1.546,0.914,-0.942,1.108,0.795,1.081,-1.178,2.018,1.018,1.158,-1.108,0.736
"PHL","PHILIPPINES",1993,8,1,918.642953796961,0.232102873701275,102.162200927734,NA,NA,NA,94.67716,18.9079534983303,NA,NA,NA,13.6808811803346,67530621,49.8139917889989,65.4,44.7932362894614,0.0634476756612458,0.53965209898247,1671965454.10156,NA,NA,NA,33.5912017822266,NA,1.0710999966,NA,65.661,62.188,69.146,NA,NA,54.0312469005585,53.2478630542755,2.15753564016657,"Asia","South-Eastern Asia",2,0.406,0.937,2.36,2.376,1.223,2.274,2.007,0.494,2.372,0.805,0.167,0.667,0.833,0.833,0.667,0.667,0.167,0.167,0.667,0.5,0.833,0.333,0.5,0.333,0.433,0.949,1.413,-1.385,-1.01,-0.2,1.546,0.546,-0.942,0.516,0.795,0.85,-1.178,2.018,1.018,1.158,-1.108,0.736
"PHL","PHILIPPINES",1994,8,1,1059.9838951587,15.3858406878913,100.19603729248,NA,NA,NA,93.04913,19.2600358538901,NA,NA,0.00584,14.0378887210762,69019291,49.8336204318062,66.7876358032227,44.5762516559314,0.0229908401686568,0.582102556841532,1103159301.75781,93.9199981689453,93.3000030517578,94.5400009155273,NA,NA,NA,NA,66,62.562,69.43,NA,NA,NA,NA,2.17244658668699,"Asia","South-Eastern Asia",2,0.409,0.937,2.36,2.376,1.223,2.274,2.007,0.494,2.372,0.805,0.167,0.667,0.833,0.833,0.667,0.667,0.167,0.167,0.667,0.5,0.833,0.333,0.5,0.333,0.443,0.949,1.413,-1.385,-1.01,-0.2,1.546,0.546,-0.942,0.516,0.795,0.85,-1.335,1.365,1.178,1.235,-1.108,0.736
"PHL","PHILIPPINES",1995,8,1,1199.84171414993,13.1943343318712,99.3184585571289,NA,NA,NA,NA,18.9251458784336,NA,NA,0.0286,14.2662552351009,70546246,49.8507567624613,67.9405136108398,45.4102541835984,0.0122620602147757,0.790667957806218,951235229.492188,NA,NA,NA,NA,NA,NA,NA,66.311,62.864,69.73,NA,NA,NA,NA,2.29413153545476,"Asia","South-Eastern Asia",2,0.414,0.937,2.36,2.376,1.223,2.274,2.007,0.494,2.372,0.805,0.167,0.667,0.833,0.833,0.667,0.667,0.167,0.167,0.667,0.5,0.833,0.333,0.5,0.333,0.44,0.949,1.413,-1.368,-1.01,-0.2,1.546,0.546,-0.942,0.516,0.795,0.85,-1.335,1.365,1.178,1.235,-1.108,0.731
"PHL","PHILIPPINES",1996,8,1,1311.09249403865,9.27212136206979,102.639106750488,NA,NA,NA,95.75706,18.0136454030734,NA,NA,0.0559,14.8266416552207,72190242,49.8454742699786,69.0811462402344,46.3223253050971,0.00479879248717541,0.566314498398356,958068481.445313,NA,NA,NA,NA,NA,NA,NA,66.691,63.206,70.142,NA,NA,NA,NA,2.2684076761575,"Asia","South-Eastern Asia",2,0.416,0.937,2.36,2.376,1.223,2.274,2.007,0.494,2.372,0.805,0.167,0.667,0.833,0.833,0.667,0.667,0.167,0.167,0.667,0.5,0.833,0.333,0.5,0.333,0.439,0.949,1.413,-1.368,-1.01,-0.2,1.546,0.546,-0.942,0.516,0.795,0.85,-1.335,1.365,1.178,1.235,-1.108,0.728
"PHL","PHILIPPINES",1997,8,1,1273.27604875636,-2.88434610481228,103.284637451172,NA,NA,NA,NA,16.4491020670556,NA,NA,0.137,14.8614949312421,73908810,49.8401428755227,70.2064895629883,47.8902296668294,0.00370343988624245,0.617866059930157,756431091.308594,NA,NA,NA,NA,NA,NA,NA,66.994,63.533,70.404,NA,0.483836680650711,NA,NA,1.9144613761672,"Asia","South-Eastern Asia",2,0.416,0.937,2.36,2.376,1.223,2.274,2.007,0.494,2.372,0.805,0.167,0.667,0.833,0.833,0.667,0.667,0.167,0.167,0.667,0.5,0.833,0.333,0.5,0.333,0.439,0.949,1.413,-1.368,-1.01,-0.2,1.546,0.546,-0.942,0.516,0.795,0.85,-1.335,1.365,1.178,1.235,-1.108,0.728
"PHL","PHILIPPINES",1998,8,1,982.865943728564,-22.8081023994323,102.765266418457,NA,76.7507705688477,84.1988220214844,91.8589,14.7466733129599,NA,NA,1.1,13.6754637567029,75791024,49.80336061959,71.3,50.3701616070368,0.002146031953046,0.543037780193669,759070678.710938,NA,NA,NA,35.1343231201172,NA,NA,NA,67.212,63.761,70.605,NA,0.48491582274437,59.1618716716766,62.1888339519501,1.69729337975318,"Asia","South-Eastern Asia",2,0.428,0.937,2.36,2.376,1.223,2.274,2.007,0.494,2.372,0.805,0.167,0.833,0.833,0.833,0.667,0.667,0.167,0.167,0.667,0.333,0.667,0.333,0.5,0.333,0.475,0.949,1.413,-1.38,-1.01,-0.861,1.546,0.546,-1.006,0.516,0.795,0.85,-1.864,1.365,1.178,0.863,-1.108,0.725
"PHL","PHILIPPINES",1999,8,1,1101.43515975318,12.0636203524171,103.614517211914,NA,78.7097625732422,85.4328002929688,88.98721,15.1943554182619,NA,NA,1.43,12.8954370860496,77753257,49.7684116306536,71.8741709275167,51.2549363336746,0.00374795547372416,0.350020818173585,744699707.03125,NA,NA,NA,NA,NA,NA,NA,67.503,64.033,70.917,NA,0.485110282897949,58.147394657135,NA,1.61577584612539,"Asia","South-Eastern Asia",2,0.437,0.937,2.36,2.376,1.223,2.274,2.007,0.494,2.372,0.805,0.167,0.833,0.833,0.833,0.667,0.667,0.167,0.167,0.667,0.333,0.667,0.333,0.5,0.333,0.465,0.949,1.413,-1.38,-1.313,-0.861,1.546,0.546,-1.006,0.725,0.795,0.85,-1.864,1.365,1.96,0.863,-1.108,0.723
"PHL","PHILIPPINES",2000,8,1,1050.79273107952,-4.59785836916703,104.052787780762,NA,NA,NA,NA,13.9410952116747,49.97359,NA,1.98225,12.440324756341,79625397,49.7553054555609,73.4616775512695,51.0836200202037,0.0104038241654931,0.464605311146084,677757324.21875,92.5999984741211,92.5500030517578,92.6500015258789,NA,3.05512357,0.99,590,67.789,64.299,71.215,NA,0.486667811870575,NA,NA,1.60822662086796,"Asia","South-Eastern Asia",2,0.439,0.937,2.36,2.376,1.223,2.274,2.007,0.494,2.372,0.805,0.167,0.833,0.833,0.833,0.667,0.667,0.167,0.167,0.667,0.333,0.667,0.333,0.5,0.333,0.488,0.949,1.413,-1.38,-1.313,-0.861,0.722,0.546,-1.006,0.725,0.795,0.85,-1.864,1.365,1.96,0.863,-1.108,0.723
"PHL","PHILIPPINES",2001,8,1,969.530611744453,-7.73341087462447,103.305671691895,NA,89.9383163452148,101.095558166504,89.53385,13.302809302832,NA,NA,2.52401,12.2655086469998,81401488,49.7416030036208,74.5058898925781,51.7995754391189,0.0144915389746712,0.364822695488848,721502014.160156,NA,NA,NA,NA,2.84775972,0.98,579,67.829,64.384,71.2,NA,0.487380504608154,NA,NA,1.4713788325538,"Asia","South-Eastern Asia",2,0.409,0.924,2.13,2.376,1.223,2.274,2.007,0.494,2.372,1.674,0.167,0.833,0.833,0.833,0.667,0.667,0.167,0.167,0.667,0.333,0.667,0.167,0.333,0.333,0.499,0.949,0.77,-1.394,-1.313,-0.744,0.722,0.546,-1.006,0.725,0.795,0.85,-1.864,1.365,1.96,0.579,-1.108,0.735
"PHL","PHILIPPINES",2002,8,1,1014.90879320106,4.68042792119365,102.620742797852,NA,84.9985885620117,93.7874908447266,89.63244,13.4484134145704,48.56749,NA,4.33228,11.6681306910299,83068889,49.7507177416411,75.5377502441406,51.7681513225796,0.0953215148068828,0.559004078335385,694743652.34375,NA,NA,NA,NA,2.63767385,1.03,569,67.886,64.313,71.409,NA,0.48881784081459,NA,NA,1.47389018793368,"Asia","South-Eastern Asia",2,0.394,0.924,2.13,2.376,1.223,2.274,2.007,0.494,2.372,1.674,0.167,0.833,0.833,0.833,0.667,0.667,0.167,0.167,0.667,0.333,0.667,0.167,0.333,0.333,0.508,0.949,0.667,-1.394,-1.313,-0.182,0.722,0.546,-1.036,0.725,0.589,0.85,-1.864,1.365,1.45,0.579,-1.108,0.742
"PHL","PHILIPPINES",2003,8,1,1027.2301192843,1.21403284371771,102.732582092285,NA,84.9800262451172,93.5213775634766,89.90912,13.1509476628836,NA,NA,4.85767,11.6664325949085,84731835,49.7602194027782,76.6,52.3084883072534,0.0995952840686412,0.772663756762627,745271301.269531,92.5899963378906,91.629997253418,93.5599975585938,28.7482299804688,3.07663488,1,559,68.049,64.531,71.497,NA,0.488259017467499,61.9911789894104,68.3402717113495,1.55084482917909,"Asia","South-Eastern Asia",2,0.393,0.924,2.13,2.376,1.223,2.274,2.007,0.494,2.372,1.674,0.167,0.833,0.833,0.833,0.667,0.667,0.167,0.167,0.667,0.333,0.667,0.167,0.333,0.333,0.508,0.949,0.667,-1.394,-1.313,-0.182,0.722,0.546,-1.036,0.725,0.589,0.85,-1.864,1.365,1.45,0.579,-1.108,0.742
"PHL","PHILIPPINES",2004,8,1,1099.63013023758,7.04808100873475,102.275131225586,NA,85.5304794311523,93.7336502075195,89.35752,13.9844036917201,47.16139,NA,5.24363,11.3644043893781,86394504,49.7704292651483,77.5886917114258,52.3969001028699,0.120921357203037,0.875871134569893,526182678.222656,NA,NA,NA,NA,3.0468533,0.95,549,68.301,64.662,71.885,NA,0.489173799753189,NA,NA,1.36062650970663,"Asia","South-Eastern Asia",1,0.354,0.901,2.13,1.641,1.223,2.274,2.007,0.494,2.372,1.674,0.167,0.833,0.833,0.833,0.667,0.667,0.167,0.167,0.667,0.333,0.667,0.167,0.333,0.333,0.552,0.949,0.602,-1.52,-1.313,-1.336,0.722,0.747,-1.036,0.725,0.488,0.85,-1.864,1.365,0.698,0.579,-1.108,0.748
"PHL","PHILIPPINES",2005,8,1,1220.46018559867,10.9882452325114,101.720321655273,NA,84.9809112548828,94.1063690185547,88.55488,13.517547003593,NA,NA,5.39764,11.9242240624029,88015962,49.7826002263385,78.6198959350586,52.6687766910829,0.208173196873912,0.891170286368252,645222839.355469,NA,NA,NA,NA,3.74253035,0.98,539,68.423,64.666,72.143,NA,0.491313993930817,NA,NA,1.27788393643261,"Asia","South-Eastern Asia",1,0.348,0.901,2.13,1.641,1.425,2.274,2.007,0.689,2.372,1.674,0.375,0.875,0.75,0.875,0.625,0.75,0.125,0.25,0.625,0.25,0.5,0.125,0.25,0.375,0.541,0.949,0.602,-1.52,-1.313,-1.336,0.722,0.747,-1.036,1.049,0.488,0.486,-1.864,1.365,0.998,0.943,-1.108,0.751
"PHL","PHILIPPINES",2006,8,1,1426.14649179546,16.8531762546514,100.087287902832,NA,82.6575164794922,91.512580871582,86.79077,13.3612491069675,45.75529,NA,5.74059,13.1273014401873,89508986,49.8174457011215,79.6630020141602,53.1761655626521,0.189561366939243,1.4699734534733,661597167.96875,NA,NA,NA,NA,3.77762938,1.03,530,68.172,64.721,71.541,NA,NA,NA,NA,1.2590953916093,"Asia","South-Eastern Asia",1,0.346,0.901,2.13,1.641,1.425,2.274,2.007,0.766,2.372,1.674,0.375,0.875,0.75,0.875,0.625,0.75,0.125,0.25,0.625,0.25,0.5,0.125,0.25,0.375,0.541,0.949,0.602,-1.52,-1.313,-1.336,0.722,0.747,-1.036,1.049,0.488,0.486,-1.864,1.365,0.998,0.943,-1.108,0.751
"PHL","PHILIPPINES",2007,8,1,1712.65543282793,20.0897272952491,100.310913085938,NA,82.7041931152344,90.0513534545898,87.09612,13.606507617711,NA,NA,5.97,12.9604093017337,91075184,49.8477060447114,80.7240829467773,53.3926314484507,0.175523561601761,2.90665631792163,674052856.445313,NA,NA,NA,NA,3.75318074,1.02,520,68.549,65.112,71.88,NA,0.488901197910309,NA,NA,1.29142591630931,"Asia","South-Eastern Asia",1,0.346,0.901,2.13,1.641,1.425,2.274,2.007,0.685,2.372,1.674,0.375,0.875,0.75,0.875,0.625,0.75,0.125,0.25,0.625,0.25,0.5,0.125,0.25,0.375,0.534,0.949,0.602,-1.765,-1.313,-1.336,0.722,0.747,-1.036,1.049,0.488,0.486,-1.864,1.365,1.437,0.943,-1.108,0.762
"PHL","PHILIPPINES",2008,8,1,1959.29233534978,14.4008478176258,101.465858459473,NA,83.9748611450195,91.5151672363281,88.12346,14.5160747573134,44.34919,NA,6.22,13.0335136905172,92699095,49.8703762951556,83.3,52.7186368304904,0.237100244347381,1.52340699760132,173438858.032227,95.4199981689453,95.0100021362305,95.8300018310547,24.9004554748535,3.86315918,1.52,524,68.643,65.231,71.949,NA,0.49036905169487,64.8169994354248,76.0769784450531,1.25032908798354,"Asia","South-Eastern Asia",1,0.347,0.901,2.13,1.641,1.565,2.274,2.007,0.685,2.372,1.674,0.375,0.875,0.75,0.875,0.625,0.75,0.125,0.25,0.625,0.25,0.5,0.125,0.25,0.375,0.535,0.949,0.602,-1.765,-1.313,-1.336,0.722,0.747,-1.036,1.049,0.488,0.486,-1.864,1.365,1.437,0.943,-1.108,0.768
"PHL","PHILIPPINES",2009,8,1,1864.45043406471,-4.840620236905,102.759162902832,NA,84.0453109741211,91.0494079589844,89.88861,14.5402133153152,NA,NA,9,11.6989355673304,94384250,49.8920180008847,82.9123001098633,53.9372440034219,0.157110268663192,1.1747398877258,421688110.351563,NA,NA,NA,NA,4.16451931,1.02,528,68.631,65.189,71.966,NA,0.493203401565552,NA,NA,1.2023233937147,"Asia","South-Eastern Asia",1,0.348,0.901,2.13,1.641,1.565,2.274,2.007,0.685,2.372,1.674,0.375,0.875,0.75,0.875,0.625,0.75,0.125,0.25,0.625,0.25,0.5,0.125,0.25,0.375,0.534,0.949,0.602,-1.765,-1.313,-1.336,0.722,0.747,-1.036,1.049,0.488,0.486,-1.864,1.365,1.316,0.943,-1.108,0.768
"PHL","PHILIPPINES",2010,8,1,2162.91375885614,16.0081125965224,NA,NA,NA,NA,NA,13.7488650524217,42.94309,NA,25,11.63527559371,96337125,49.8713605995612,84.0349502563477,53.9115789019179,0.174056441360051,2.11755801672482,665685241.699219,97.0899963378906,97.0400009155273,97.1500015258789,NA,4.13107872,1.02,531,68.883,65.534,72.112,NA,0.491499125957489,NA,NA,1.17013220060251,"Asia","South-Eastern Asia",2,0.395,0.942,2.506,2.512,2.126,1.928,2.007,0.408,2.372,1.665,0.375,0.75,0.75,0.875,0.625,0.75,0.125,0.25,0.625,0.375,0.625,0.25,0.375,0.375,0.434,1.062,1.201,-1.562,-0.538,-0.746,0.766,1.107,-0.889,1.218,1.169,0.922,-1.615,1.365,1.268,0.707,-0.984,0.727
"PHL","PHILIPPINES",2011,8,1,2383.91892522087,10.2179370518041,NA,NA,NA,NA,NA,14.0957351510823,NA,NA,29,11.8490007825541,98248614,49.8501022126368,85.1726226806641,54.5655820660708,0.225427511195249,2.84367320905718,99143722.5341797,NA,NA,NA,NA,4.02518559,1.04,535,69.096,65.835,72.229,NA,0.491253584623337,NA,NA,1.15341455205701,"Asia","South-Eastern Asia",2,0.413,0.942,2.506,2.512,2.126,1.928,2.007,0.331,2.372,1.665,0.375,0.75,0.75,0.875,0.625,0.75,0.125,0.25,0.625,0.375,0.625,0.25,0.375,0.375,0.411,1.062,1.303,-1.562,-0.538,-0.537,0.797,1.25,-0.889,1.218,1.286,1.091,-1.615,1.365,1.268,0.825,-0.984,0.713
"PHL","PHILIPPINES",2012,8,1,2614.61644401308,9.67723844764713,NA,NA,NA,NA,NA,13.0958070106782,41.53699,NA,30.8,12.3059271151495,100175512,49.8234079402559,86.3223037719727,55.5046996251733,0.158243887624787,1.55356736359168,172747817.993164,NA,NA,NA,NA,4.17709208,1.01,539,69.237,65.98,72.373,NA,0.490556538105011,NA,NA,1.10670418975985,"Asia","South-Eastern Asia",2,0.413,0.942,2.506,2.512,2.126,1.928,2.007,0.331,2.372,1.665,0.375,0.75,0.75,0.875,0.625,0.75,0.125,0.25,0.625,0.375,0.625,0.25,0.375,0.375,0.411,1.062,1.303,-1.562,-0.538,-0.537,0.797,1.25,-0.889,1.218,1.286,1.091,-1.615,1.365,1.268,0.825,-0.984,0.713
"PHL","PHILIPPINES",2013,8,1,2781.27957677397,6.37428610772005,NA,NA,NA,NA,NA,12.4734251044125,NA,NA,32.7,12.7438220628562,102076336,49.7980462386503,87.5,56.7511282641544,0.131161173186058,1.1859412840883,310678771.972656,96.4000015258789,96.0100021362305,96.7900009155273,22.7073135375977,4.27408695,0.95,543,69.283,66.111,72.332,NA,0.488466531038284,79.0559113025665,84.2226505279541,1.18950172893764,"Asia","South-Eastern Asia",2,0.408,0.938,2.506,2.451,2.126,1.928,2.007,0.59,1.929,1.665,0.375,0.75,0.75,0.875,0.625,0.75,0.125,0.25,0.625,0.375,0.625,0.25,0.375,0.375,0.425,0.938,1.303,-1.767,-0.491,-0.537,0.797,1.262,-0.889,1.361,0.94,0.597,-1.615,1.365,1.62,0.825,-0.984,0.747
"PHL","PHILIPPINES",2014,8,1,2866.83803761407,3.0762265525043,104.629987793486,NA,88.9475454250612,94.4703719806497,95.36339,12.2716816211446,40.13089,NA,34.7,13.0155171797493,103767130,49.796135344556,88.6456985473633,56.6808739042732,0.135190051391655,1.5089650931856,742953796.386719,NA,NA,NA,NA,3.70313668,0.92,546,69.311,66.116,72.401,NA,0.491241753101349,NA,NA,1.04312706559466,"Asia","South-Eastern Asia",2,0.408,0.938,2.506,2.451,2.126,1.928,2.007,0.59,1.929,1.665,0.375,0.75,0.75,0.875,0.625,0.75,0.125,0.25,0.625,0.375,0.625,0.25,0.375,0.375,0.427,0.938,1.303,-1.767,-0.491,-0.537,0.797,1.262,-0.889,1.361,0.94,0.597,-1.615,1.365,1.62,0.825,-0.984,0.752
"PHL","PHILIPPINES",2015,8,1,2909.85818010301,1.50061293747671,103.408354699272,NA,NA,NA,95.0759,10.9964991548623,NA,NA,36.9,13.0196105917208,105312992,49.8290343892233,89.08,58.5215498609238,0.0435510310012169,0.758148274430124,598386596.679688,98.1800003051758,98.120002746582,98.2399978637695,NA,3.8982749,0.93,550,69.45,66.271,72.527,NA,0.48415070772171,NA,NA,1.08846303958172,"Asia","South-Eastern Asia",2,0.409,0.938,2.506,2.451,2.126,1.928,2.311,0.59,1.579,1.666,0.375,0.75,0.75,0.875,0.625,0.75,0.125,0.25,0.625,0.375,0.625,0.25,0.375,0.375,0.422,0.938,1.303,-1.767,-0.491,-0.537,0.797,1.262,-0.889,1.361,0.94,0.824,-1.615,1.365,1.62,0.825,-1.185,0.769
"PHL","PHILIPPINES",2016,8,1,2985.19564024046,2.58904233383576,101.721937186986,NA,NA,NA,94.36604,10.2051255325616,38.7248,NA,39.2,13.0871006913218,106735719,49.882169715671,90.9816131591797,59.508957300169,0.0331707917845771,0.661597167675748,413233673.095703,NA,NA,NA,NA,3.95484328,1.03,554,69.49,66.187,72.749,NA,0.455147862434387,NA,NA,1.04558514673889,"Asia","South-Eastern Asia",1,0.346,0.895,2.311,1.285,1.264,1.771,2.311,0.102,1.67,1.481,0.25,0.875,0.75,0.875,0.625,0.75,0.25,0.25,0.625,0.25,0.625,0.25,0.375,0.375,0.518,0.945,1.303,-2.145,-0.698,-0.661,0.568,0.918,-0.994,1.361,0.185,0.375,-1.852,1.365,0.286,0.965,-1.185,0.789
"PHL","PHILIPPINES",2017,8,1,3038.12124959289,1.77293603940031,99.3666730080757,NA,101.975827821703,102.995524836883,93.7756,10.1829541314109,NA,NA,41.6,13.5937937490496,108119693,49.9440985279157,NA,59.6904952918166,0.0417218027567957,0.964596437230551,228060714.72168,NA,NA,NA,NA,3.96042776,0.98,554,69.966,66.517,73.421,NA,0.450840920209885,81.8039357662201,87.2846364974976,1.16796083355235,"Asia","South-Eastern Asia",1,0.321,0.864,2.311,0.845,1.531,1.45,1.679,0.208,0.661,1.019,0.25,0.875,0.75,0.875,0.625,0.75,0.25,0.25,0.625,0.25,0.625,0.25,0.375,0.375,0.539,0.945,1.035,-2.145,-0.589,-0.952,0.568,0.918,-0.994,0.896,0.224,0.375,-1.852,1.365,0.286,0.767,-1.095,0.793
"PHL","PHILIPPINES",2018,8,1,3168.51036609727,4.29176803005648,94.5541345217085,NA,110.672722621798,105.887626670051,NA,9.65014035815306,37.3187,NA,44.1,14.0475332790366,109465287,50.0203904823271,NA,59.7861194870255,0.0571201423493892,0.943783444739612,575727539.0625,NA,NA,NA,NA,3.9538188,0.94,554,69.761,66.69,72.807,NA,0.440473228693008,NA,NA,1.18424717696738,"Asia","South-Eastern Asia",1,0.295,0.802,1.68,0.845,1.333,1.362,1.679,0.791,0.247,0.938,0.25,0.875,0.75,0.875,0.625,0.75,0.25,0.25,0.625,0.25,0.625,0.25,0.375,0.375,0.576,0.945,1.035,-2.145,-0.589,-0.952,0.568,0.648,-0.994,0.655,0.224,0.375,-1.852,1.365,0.286,0.032,-1.151,0.803
"PHL","PHILIPPINES",2019,NA,1,3400.78949767074,7.3308622897003,93.0076871274695,NA,100.665692621436,98.0368681210744,NA,8.82032374730525,NA,NA,43.0266,14.4884730214742,110804683,50.09436830391,NA,60.8521683732324,0.0343292239111028,0.78530018741462,840383666.992188,96.2799987792969,95.7099990844727,96.8499984741211,NA,4.16646004,0.98,554,69.68,66.66,72.702,NA,0.447344899177551,NA,NA,1.13133132483668,"Asia","South-Eastern Asia",1,0.28,0.76,1.442,0.542,1.788,1.362,1.679,0.791,0.247,1.284,0.25,0.875,0.75,0.875,0.625,0.75,0.25,0.25,0.625,0.25,0.625,0.25,0.375,0.375,0.58,0.945,1.035,-1.672,-0.892,-0.952,0.529,0.646,-0.994,0.655,0.224,0.375,-1.852,1.365,0.286,0.216,-1.151,0.779
"PHL","PHILIPPINES",2020,NA,1,3227.57910235199,-5.09324071476299,93.2822386485839,NA,96.0549689736026,94.8418752283601,NA,10.1853110317615,36.61565,NA,53.7649,13.9509857073772,112081264,50.1205759064245,NA,61.4147713831863,0.0120548345049257,0.764112790267085,1374599853.51563,98.4700012207031,98.4100036621094,98.5400009155273,NA,5.16214037,0.99,544,70.097,67.421,72.76,NA,NA,NA,NA,1.29724003910725,"Asia","South-Eastern Asia",1,0.27,0.728,1.442,0.106,0.688,1.362,1.679,0.805,0.549,0.772,0.25,0.875,0.875,0.875,0.75,0.875,0.25,0.25,0.75,0.375,0.75,0.375,0.5,0.375,0.589,0.945,1.035,-1.672,-1.334,-1.397,0.529,0.646,-0.994,0.902,0.224,0.375,-1.852,1.365,0.286,0.216,-1.151,0.765
"SGP","SINGAPORE",1965,-4,0,516.531928636745,NA,NA,NA,NA,NA,NA,3.07011663761898,NA,NA,NA,NA,1886900,47.5806891302326,NA,69.2049872637083,NA,NA,20892753.6010742,NA,NA,NA,NA,NA,NA,NA,67.2328536585366,63.787,70.851,NA,NA,NA,NA,NA,"Asia","South-Eastern Asia",1,0.258,0.35,-0.468,-0.175,-0.285,-0.357,1.171,-0.223,0.254,0.678,0.167,0,0.5,0.334,0.465,0.132,0.232,0.101,0.101,0.233,0.198,0,0,0.166,0.186,0.939,-1.239,0.979,2.812,2.383,1.528,2.341,2.562,1.231,0.163,0.374,1.62,0.326,0.585,0.25,1.345,0.237
"SGP","SINGAPORE",1966,-4,0,566.803974405961,9.73261147706712,NA,NA,NA,NA,NA,3.2713621737576,NA,NA,NA,NA,1934400,47.6689993694928,NA,68.8624716958646,NA,NA,20082296.37146,NA,NA,NA,NA,NA,NA,NA,67.5478292682927,64.141,71.125,NA,NA,NA,NA,NA,"Asia","South-Eastern Asia",1,0.258,0.35,-0.468,-0.175,-0.285,-0.357,1.171,-2.361,0.254,0.678,0.167,0,0.833,0.667,0.833,0.333,0.333,0,0,0.5,0.667,0,0,0,0.191,0.939,-1.239,0.979,2.812,2.383,1.343,2.341,2.562,1.231,0.163,0.374,1.62,0.326,0.585,0.25,1.345,0.237
"SGP","SINGAPORE",1967,-4,0,626.029437593984,10.4490204484,NA,NA,NA,NA,NA,3.04493522256524,NA,NA,NA,NA,1977600,47.7500384091392,NA,68.9622417478034,NA,NA,63723979.9499512,NA,NA,NA,NA,NA,NA,NA,67.6523902439025,64.268,71.206,NA,NA,NA,NA,NA,"Asia","South-Eastern Asia",1,0.262,0.35,-0.468,-0.175,-0.285,-0.357,1.171,-2.361,0.254,0.678,0.167,0,0.833,0.667,0.833,0.333,0.333,0,0,0.5,0.667,0,0,0,0.191,0.939,-1.239,0.979,2.812,2.383,1.343,2.341,2.562,1.231,0.163,0.374,1.62,0.326,0.585,0.25,1.345,0.237
"SGP","SINGAPORE",1968,-4,0,708.601436896422,13.1897949751032,NA,NA,NA,NA,NA,3.04967464027129,NA,NA,NA,NA,2012000,47.8257214097663,NA,68.0918339290624,NA,NA,38247093.2006836,NA,NA,NA,NA,NA,NA,NA,67.9807804878049,64.612,71.518,NA,NA,NA,NA,NA,"Asia","South-Eastern Asia",1,0.264,0.35,-0.468,-0.175,-0.285,-0.357,1.171,-2.361,0.254,0.678,0.167,0,0.833,0.667,0.833,0.333,0.333,0,0,0.5,0.667,0,0,0,0.186,0.939,-1.239,1.214,2.812,2.383,1.343,2.341,2.562,1.231,0.163,0.374,1.62,0.326,0.585,0.25,1.345,0.224
"SGP","SINGAPORE",1969,-4,0,812.677487316618,14.687530253401,NA,NA,NA,NA,NA,2.81227244996359,NA,NA,NA,NA,2042500,47.8996256623515,NA,67.301674768268,NA,NA,136722427.368164,NA,NA,NA,NA,NA,NA,NA,68.3339756097561,65.073,71.758,NA,NA,NA,NA,NA,"Asia","South-Eastern Asia",1,0.265,0.35,-0.468,-0.175,-0.285,-0.357,1.171,-2.361,0.254,0.678,0.167,0,0.833,0.667,0.833,0.333,0.333,0,0,0.5,0.667,0,0,0,0.184,0.939,-1.239,1.214,2.812,2.383,1.343,2.341,2.562,1.231,0.163,0.374,1.62,0.326,0.585,0.25,1.345,0.219
"SGP","SINGAPORE",1970,-4,0,925.797864348214,13.9194672913985,NA,NA,NA,NA,NA,2.56493119929243,NA,NA,NA,NA,2074507,47.9931228299669,NA,65.0247478441311,NA,0.00408314093355003,224893066.40625,NA,NA,NA,NA,NA,3.69829988479614,NA,68.724756097561,65.555,72.053,NA,NA,NA,NA,5.39908100748809,"Asia","South-Eastern Asia",1,0.269,0.35,-0.468,-0.175,-0.285,-0.357,1.171,-2.361,0.254,0.678,0.167,0,0.833,0.667,1,0.333,0.167,0,0,0.333,0.667,0,0,0,0.179,0.939,-1.239,1.214,3.413,2.383,1.343,2.341,2.562,1.231,0.163,0.374,1.62,0.326,0.585,0.25,1.057,0.247
"SGP","SINGAPORE",1971,-4,0,1071.41154035538,15.7284523560315,NA,NA,NA,NA,NA,2.58445287810791,NA,NA,NA,NA,2112900,48.1183574958667,NA,64.1077071819218,0,0.00245530166589818,218639968.87207,NA,NA,NA,NA,NA,NA,NA,69.0002195121951,65.869,72.288,NA,NA,NA,NA,5.64170312296964,"Asia","South-Eastern Asia",1,0.269,0.35,-0.468,-0.175,-0.285,-0.357,1.171,-2.361,0.254,0.678,0.167,0,0.833,0.667,1,0.333,0.167,0,0,0.333,0.667,0,0,0,0.179,0.939,-1.239,1.214,3.413,2.383,1.343,2.341,2.562,1.231,0.163,0.374,1.62,0.326,0.585,0.25,1.057,0.247
"SGP","SINGAPORE",1972,-4,0,1264.37510720987,18.0102191908895,NA,NA,NA,NA,NA,2.21263987087915,NA,NA,NA,14.5501848885249,2152400,48.2531808861294,NA,62.1550654637872,0,0.00318410083640528,189113296.508789,NA,NA,NA,NA,NA,NA,NA,69.1635609756098,66.046,72.437,NA,NA,NA,NA,5.08580794446587,"Asia","South-Eastern Asia",1,0.271,0.35,-0.468,-0.175,-0.285,-0.357,1.171,-2.361,0.254,0.678,0.167,0,0.833,0.667,1,0.333,0.167,0,0,0.333,0.667,0,0,0,0.18,0.939,-1.239,1.27,3.413,2.383,1.343,2.341,2.562,1.231,0.163,0.374,1.62,0.326,0.585,0.25,1.057,0.245
"SGP","SINGAPORE",1973,-4,0,1685.45979632163,33.3037788161599,NA,NA,NA,NA,NA,2.2865443072069,NA,NA,NA,14.7851013890492,2193000,48.3816924211118,NA,62.6370772249798,0,0.0075048800233091,148324798.583984,NA,NA,NA,NA,NA,NA,NA,69.5304634146342,66.509,72.703,NA,NA,NA,NA,4.70463099329079,"Asia","South-Eastern Asia",1,0.274,0.35,-0.468,-0.175,-0.285,-0.357,1.171,-2.361,0.254,0.678,0.167,0,0.833,0.667,1,0.333,0.167,0,0,0.333,0.667,0,0,0,0.18,0.939,-1.239,1.27,3.413,2.383,1.343,2.341,2.562,1.231,0.163,0.374,1.62,0.326,0.585,0.25,1.057,0.24
"SGP","SINGAPORE",1974,-4,0,2341.70551423633,38.9357087808858,NA,NA,NA,NA,NA,2.01069251991209,NA,NA,NA,15.0646071356204,2229800,48.5045020860598,NA,63.1201583615194,0,0.00559342511040176,81469131.4697266,NA,NA,NA,NA,NA,NA,NA,69.894512195122,66.795,73.149,NA,NA,NA,NA,4.29417225052068,"Asia","South-Eastern Asia",1,0.274,0.35,-0.468,-0.175,-0.285,-0.357,1.171,-2.361,0.254,0.678,0.167,0,0.833,0.667,1,0.333,0.167,0,0,0.333,0.667,0,0,0,0.18,0.939,-1.239,1.27,3.413,2.383,1.343,2.341,2.562,1.231,0.163,0.374,1.62,0.326,0.585,0.25,1.057,0.24
"SGP","SINGAPORE",1975,-4,0,2489.91157517591,6.3289794570054,NA,NA,NA,NA,NA,2.15533881576551,NA,NA,NA,16.5711247241181,2262600,48.6233112910912,NA,63.0831761200988,0,0.00391531497528914,40568260.1928711,NA,NA,NA,NA,NA,3.33330011367798,NA,70.405512195122,67.326,73.639,NA,NA,NA,NA,4.64925699300699,"Asia","South-Eastern Asia",1,0.275,0.35,-0.468,-0.175,-0.285,-0.357,1.171,-2.361,0.254,0.678,0.167,0,0.833,0.667,1,0.333,0.167,0,0,0.333,0.667,0,0,0,0.171,0.939,-1.239,1.27,3.413,2.383,1.343,2.341,2.562,1.231,0.163,0.374,2.602,0.326,0.585,0.25,1.057,0.24
"SGP","SINGAPORE",1976,-4,0,2758.94038028476,10.8047533812458,NA,NA,NA,NA,NA,2.04353679832571,NA,NA,NA,15.9963741551915,2293300,48.7386677863055,NA,62.4078542197102,0,0.00323927237688353,37443916.3208008,NA,NA,NA,NA,NA,NA,NA,70.7470487804878,67.589,74.063,NA,NA,NA,NA,5.04436104760064,"Asia","South-Eastern Asia",1,0.273,0.35,-0.468,-0.175,-0.285,-0.357,1.171,-2.361,0.254,0.678,0.167,0,0.833,0.667,1,0.333,0.167,0,0,0.333,0.667,0,0,0,0.173,0.939,-1.239,1.27,3.413,2.383,1.343,2.341,2.562,1.231,0.016,0.374,2.602,0.326,0.585,0.25,1.057,0.24
"SGP","SINGAPORE",1977,-4,0,2846.33598832854,3.16772369088888,NA,NA,NA,NA,NA,1.99165912481961,NA,NA,NA,16.7245554386909,2325300,48.8506977133189,NA,62.5486143384781,0,0.00146222737952749,33503295.8984375,NA,NA,NA,NA,NA,NA,NA,71.0261219512195,68.011,74.192,NA,NA,NA,NA,5.67716169437207,"Asia","South-Eastern Asia",1,0.273,0.35,-0.468,-0.175,-0.285,-0.357,1.171,-2.361,0.254,0.678,0.167,0,0.833,0.667,1,0.333,0.167,0,0,0.333,0.667,0,0,0,0.172,0.939,-1.239,1.27,3.413,2.383,1.343,2.341,2.562,1.231,0.016,0.374,2.602,0.326,0.585,0.25,1.057,0.241
"SGP","SINGAPORE",1978,-4,0,3193.90565722355,12.2111258235228,NA,NA,NA,NA,NA,1.66544875500344,NA,NA,NA,15.9346472237067,2353600,48.9578082201066,NA,63.1627166337649,0,0.00196742445718705,15043182.3730469,NA,NA,NA,NA,NA,NA,NA,71.2835609756098,68.386,74.326,NA,NA,NA,NA,5.19523729007696,"Asia","South-Eastern Asia",1,0.273,0.35,-0.468,-0.175,-0.285,-0.357,1.171,-2.361,0.254,0.678,0.167,0,0.833,0.667,1,0.333,0.167,0,0,0.333,0.667,0,0,0,0.172,0.939,-1.239,1.27,3.413,2.383,1.343,2.341,2.562,1.231,0.016,0.374,2.602,0.326,0.585,0.25,1.057,0.241
"SGP","SINGAPORE",1979,-4,0,3900.53355310873,22.1242569982311,NA,NA,NA,NA,NA,1.54910790305186,NA,NA,NA,16.0397706847293,2383500,49.0568249909868,NA,61.5031313265094,0,0.0016007422852391,13013285.6369019,NA,NA,NA,NA,NA,NA,NA,71.461756097561,68.672,74.391,NA,NA,NA,NA,4.65201551854656,"Asia","South-Eastern Asia",1,0.273,0.35,-0.468,-0.175,-0.285,-0.357,1.171,-2.361,0.254,0.678,0.167,0,0.833,0.667,1,0.333,0.167,0,0,0.333,0.667,0,0,0,0.172,0.939,-1.239,1.27,3.413,2.383,1.343,2.341,2.562,1.231,0.016,0.374,2.602,0.326,0.585,0.25,1.057,0.241
"SGP","SINGAPORE",1980,-4,0,4928.13911785754,26.3452563798562,NA,NA,NA,NA,NA,1.50949376874787,NA,NA,NA,16.9929183288493,2413945,49.1244077418889,NA,59.8996505550917,0,0.00257926718008528,32211399.0783691,82.9100036621094,91.5699996948242,73.9700012207031,NA,NA,3.95650005340576,NA,72.190243902439,69.8,74.7,NA,NA,NA,NA,4.6368613562022,"Asia","South-Eastern Asia",1,0.28,0.35,-0.468,-0.175,-0.285,-0.357,1.171,-2.361,0.254,0.678,0.167,0,0.833,0.667,1,0.334,0.167,0,0,0.5,0.833,0,0,0,0.169,1.167,-1.239,1.54,3.413,2.383,1.343,2.341,2.562,1.231,0.016,0.374,2.602,0.326,0.585,0.25,1.057,0.22
"SGP","SINGAPORE",1981,-4,0,5596.58597723068,13.5638796589764,NA,NA,NA,NA,NA,1.46316552451239,NA,NA,NA,17.8802055877702,2532835,49.1409280820538,NA,60.5060622034792,0,0.0011263869616139,49163185.1196289,NA,NA,NA,NA,NA,3.90799999237061,NA,72.5878048780488,70.1,75.2,NA,NA,NA,NA,4.74135516251602,"Asia","South-Eastern Asia",1,0.284,0.35,-0.468,-0.175,-0.285,-0.357,1.171,-2.361,0.254,0.678,0.167,0,0.833,0.667,1,0.5,0.333,0,0,0.333,0.833,0,0,0,0.167,1.167,-1.239,1.54,3.413,2.383,1.343,2.341,2.562,1.231,0.016,0.374,2.602,0.326,0.585,0.25,1.057,0.21
"SGP","SINGAPORE",1982,-4,0,6077.63424070932,8.59538771379106,NA,NA,NA,NA,NA,1.34338987440114,NA,NA,NA,18.9163419773286,2646466,49.13892584958,NA,61.8191823714289,0,0.000835113811323879,51322086.3342285,NA,NA,NA,NA,NA,NA,NA,72.6878048780488,70.2,75.3,NA,NA,NA,NA,4.65119017480232,"Asia","South-Eastern Asia",1,0.284,0.35,-0.468,-0.175,-0.285,-0.357,1.171,-2.361,0.254,0.678,0.167,0,0.833,0.667,1,0.5,0.333,0,0,0.333,0.833,0,0,0,0.167,1.167,-1.239,1.54,3.413,2.383,1.343,2.341,2.562,1.231,0.016,0.374,2.602,0.326,0.585,0.25,1.057,0.21
"SGP","SINGAPORE",1983,-4,0,6633.23667366491,9.14175501437786,NA,NA,NA,NA,NA,1.1784644489989,NA,NA,NA,18.7608387198487,2681061,49.1475181693393,NA,60.6931525566241,0,0.000763830759730898,37238063.8122559,NA,NA,NA,NA,NA,NA,NA,73.0365853658537,70.5,75.7,NA,NA,NA,NA,4.07146856786832,"Asia","South-Eastern Asia",1,0.284,0.35,-0.468,-0.175,-0.285,-0.357,1.171,-2.361,0.254,0.678,0.167,0,0.833,0.667,1,0.5,0.333,0,0,0.333,0.833,0,0,0,0.167,1.167,-1.239,1.54,3.413,2.383,1.343,2.341,2.562,1.231,0.016,0.374,2.602,0.326,0.585,0.25,1.057,0.21
"SGP","SINGAPORE",1984,-4,0,7228.31758410647,8.97119972824328,NA,NA,NA,NA,NA,1.06996338400782,NA,NA,NA,17.663382090754,2732221,49.1648606006124,NA,60.0322546632671,0,0.00100098475660571,85307273.8647461,NA,NA,NA,NA,NA,NA,NA,73.290243902439,70.9,75.8,NA,NA,NA,NA,4.69881540453695,"Asia","South-Eastern Asia",1,0.284,0.35,-0.468,-0.175,-0.285,-0.357,1.171,-2.361,0.254,0.678,0.167,0,0.833,0.667,1,0.5,0.333,0,0,0.333,0.833,0,0,0,0.167,1.167,-1.239,1.555,3.413,2.383,1.343,2.341,2.562,1.231,0.016,0.374,2.602,0.326,0.585,0.25,1.057,0.21
"SGP","SINGAPORE",1985,-4,0,7001.7667477117,-3.13421254335735,NA,NA,NA,NA,NA,0.921131200015662,NA,NA,NA,15.6621670565894,2735957,49.1894421633401,NA,63.1408028818387,0,0.00116136256467985,63145610.8093262,NA,NA,NA,NA,NA,NA,NA,73.890243902439,71.5,76.4,NA,NA,NA,NA,5.65661291547353,"Asia","South-Eastern Asia",1,0.285,0.35,-0.468,-0.175,-0.285,-0.357,1.171,-2.361,0.254,0.678,0.167,0,0.833,0.667,1,0.5,0.333,0,0,0.333,0.833,0,0,0,0.166,1.167,-1.239,1.555,3.413,2.383,1.343,2.341,2.562,1.231,0.016,0.374,2.602,0.326,0.585,0.25,1.057,0.205
"SGP","SINGAPORE",1986,-4,0,6799.93036332671,-2.88264936061964,NA,NA,NA,NA,NA,0.716998388465423,NA,NA,NA,12.7357694649656,2733373,49.2110116612149,NA,62.6172886603232,0,0.00195844070222803,55232074.7375488,NA,NA,NA,NA,NA,NA,NA,74.2463414634146,72.1,76.5,NA,NA,NA,NA,5.44251155937074,"Asia","South-Eastern Asia",1,0.288,0.35,-0.468,-0.175,-0.285,-0.357,1.171,-2.361,0.254,0.678,0.167,0,0.833,0.667,1,0.5,0.333,0,0,0.333,0.833,0,0,0,0.166,1.167,-1.239,1.555,3.413,2.383,1.343,2.341,2.562,1.231,0.016,0.374,2.602,0.326,0.585,0.25,1.057,0.205
"SGP","SINGAPORE",1987,-4,0,7539.02930212443,10.8692133493575,NA,NA,NA,NA,NA,0.550609776177565,NA,NA,NA,13.0780798911075,2774789,49.2190687783895,NA,62.8562333285766,0,0.00169630261074216,38546772.0031738,NA,NA,NA,NA,NA,NA,NA,74.5487804878049,72.5,76.7,NA,NA,NA,NA,4.87061150486237,"Asia","South-Eastern Asia",1,0.29,0.35,-0.468,-0.175,-0.285,-0.357,1.171,-2.361,0.254,0.678,0.167,0,0.833,0.667,1,0.5,0.333,0,0,0.333,0.833,0,0,0,0.166,1.167,-1.239,1.555,3.413,2.383,1.343,2.341,2.562,1.231,0.016,0.374,2.602,0.326,0.585,0.25,1.057,0.205
"SGP","SINGAPORE",1988,-4,0,8914.44122574729,18.2438861623111,NA,NA,NA,NA,NA,0.416976248448972,NA,NA,NA,14.0720126215791,2846108,49.2177905227892,NA,61.5408657310278,0,0.00135878804842763,32442092.8955078,NA,NA,NA,NA,NA,NA,NA,74.6975609756098,72.6,76.9,NA,NA,NA,NA,4.54786526287383,"Asia","South-Eastern Asia",1,0.29,0.35,-0.468,-0.175,-0.285,-0.357,1.171,-2.361,0.254,0.678,0.167,0,0.833,0.667,1,0.5,0.333,0,0,0.333,0.833,0,0,0,0.166,1.167,-1.239,1.546,3.413,2.383,1.343,2.341,2.562,1.231,0.016,0.374,2.602,0.326,0.585,0.25,1.057,0.204
"SGP","SINGAPORE",1989,-4,0,10394.5389962406,16.6033712378785,NA,NA,NA,NA,NA,0.355904972393714,NA,NA,NA,15.687873622744,2930901,49.2104381085905,NA,62.3349127771842,0,0.00110914083221739,175698959.350586,NA,NA,NA,NA,NA,NA,NA,74.9463414634146,72.8,77.2,NA,NA,NA,NA,4.49289825625078,"Asia","South-Eastern Asia",1,0.29,0.35,-0.468,-0.175,-0.285,-0.357,1.171,-2.361,0.254,0.678,0.167,0,0.833,0.667,1,0.5,0.333,0,0,0.333,0.833,0,0,0,0.166,1.167,-1.239,1.546,3.413,2.383,1.343,2.341,2.562,1.231,0.016,0.374,2.602,0.326,0.585,0.25,1.057,0.203
"SGP","SINGAPORE",1990,-4,0,11861.7561591366,14.1152692142157,NA,NA,NA,NA,NA,0.323439581344345,NA,NA,0,14.5462695925654,3047132,49.2782417108091,100,64.1826128527513,0,0.000920371570597071,5813564.77737427,89.0999984741211,95.0899963378906,83.0299987792969,NA,NA,3.6078000069,NA,75.2951219512195,73.1,77.6,NA,NA,NA,NA,4.63214447298365,"Asia","South-Eastern Asia",1,0.299,0.381,-0.468,0.283,-0.285,-0.357,1.631,-2.361,0.254,0.678,0.167,0,0.833,0.667,1,0.5,0.333,0,0,0.333,0.833,0,0,0,0.166,1.167,-1.239,1.546,3.413,2.383,1.343,2.341,2.562,1.231,0.016,0.374,2.602,0.326,0.585,0.25,1.057,0.203
"SGP","SINGAPORE",1991,-4,0,14502.3799938606,22.2616600720631,NA,NA,NA,NA,NA,0.250054747220624,NA,NA,0.162,15.1815315980586,3135083,49.422167777161,100,62.8172155818229,0,0.000727895187167592,4908534.04998779,NA,NA,NA,NA,NA,3.5471999645,NA,75.6463414634146,73.5,77.9,NA,NA,NA,NA,4.44835667304419,"Asia","South-Eastern Asia",1,0.301,0.381,-0.468,0.283,-0.285,-0.357,1.631,-2.361,0.254,0.678,0.167,0,0.833,0.667,1,0.5,0.333,0,0,0.167,0.667,0,0,0,0.167,1.167,-1.239,1.551,3.413,2.383,1.343,2.341,2.562,1.231,0.016,0.374,2.602,0.326,0.585,0.25,1.057,0.205
"SGP","SINGAPORE",1992,-4,0,16136.2405377661,11.2661545525436,NA,NA,NA,NA,NA,0.197361758450875,NA,NA,0.471,16.1033535012871,3230698,49.4832269992081,100,62.4616993365536,0,0.00102103321482271,21845884.3231201,NA,NA,NA,NA,NA,3.4514000416,NA,75.9463414634146,73.8,78.2,NA,NA,NA,NA,4.47136864604274,"Asia","South-Eastern Asia",1,0.297,0.381,-0.468,0.283,-0.285,-0.357,1.631,-2.361,0.254,0.678,0.167,0,0.833,0.667,1,0.5,0.333,0,0,0.167,0.667,0,0,0,0.168,1.167,-1.239,1.551,3.413,2.383,1.343,2.341,2.562,1.231,0.016,0.374,2.602,0.326,0.585,0.25,1.057,0.209
"SGP","SINGAPORE",1993,-4,0,18290.130113185,13.348149901322,NA,NA,NA,NA,NA,0.172788647418229,NA,NA,0.763,16.2903339457186,3313471,49.422916719411,100,62.0075344836918,0,0.000671956825673195,23420141.2200928,NA,NA,NA,NA,NA,3.6426999569,NA,76.0463414634146,73.9,78.3,NA,NA,NA,NA,4.09176493399803,"Asia","South-Eastern Asia",1,0.297,0.381,-0.468,0.283,-0.285,-0.357,1.631,-2.361,0.254,0.678,0.167,0,0.833,0.667,1,0.5,0.333,0,0,0.167,0.667,0,0,0,0.167,1.167,-1.239,1.555,3.413,2.383,1.343,2.341,2.562,1.231,0.016,0.374,2.602,0.326,0.585,0.25,1.057,0.212
"SGP","SINGAPORE",1994,-4,0,21552.4100366948,17.8362860369051,NA,NA,NA,NA,NA,0.173159173171612,NA,NA,1.19,16.6131522787889,3419048,49.3144600778801,100,61.8328396505188,0,0.000735973829980071,14484829.9026489,NA,NA,NA,NA,NA,3.5652000904,NA,76.1975609756098,74.1,78.4,NA,NA,NA,NA,3.79143512807907,"Asia","South-Eastern Asia",1,0.297,0.381,-0.468,0.283,-0.285,-0.357,1.631,-2.361,0.254,0.678,0.167,0,0.833,0.667,1,0.5,0.333,0,0,0.167,0.667,0,0,0,0.165,1.167,-1.239,1.555,3.413,2.383,1.343,2.341,2.562,1.231,0.016,0.374,2.602,0.326,0.585,0.25,1.057,0.216
"SGP","SINGAPORE",1995,-4,0,24914.8507020358,15.6012281671338,NA,NA,NA,NA,NA,0.144861979394729,NA,NA,2.87,15.7685036472599,3524506,49.0934519348974,100,61.6183244378062,0,0.000949987923543962,13393185.6155396,NA,NA,NA,NA,NA,NA,NA,76.2951219512195,74.1,78.6,NA,NA,NA,NA,4.18255823202502,"Asia","South-Eastern Asia",1,0.297,0.381,-0.468,0.283,-0.285,-0.357,1.631,-2.361,0.254,0.678,0.167,0,0.833,0.667,1,0.5,0.333,0,0,0.167,0.667,0,0,0,0.165,1.167,-1.239,1.555,3.413,2.383,1.343,2.341,2.562,1.231,0.016,0.374,2.602,0.326,0.585,0.25,1.057,0.216
"SGP","SINGAPORE",1996,-4,0,26232.866096827,5.29007944118848,NA,NA,NA,NA,NA,0.150025188323224,NA,NA,8.35,15.8973671573725,3670704,48.7308162507914,100,62.0785374864116,0,0.000831818439672971,16079999.9237061,NA,NA,NA,NA,NA,NA,NA,76.5951219512195,74.4,78.9,NA,NA,NA,NA,4.25807867594854,"Asia","South-Eastern Asia",1,0.299,0.381,-0.468,0.283,-0.285,-0.357,1.631,-2.361,0.254,0.678,0.167,0,0.833,0.667,1,0.5,0.333,0,0,0.167,0.667,0,0,0,0.165,1.167,-1.239,1.555,3.413,2.383,1.343,2.341,2.562,1.231,0.016,0.374,2.602,0.326,0.585,0.25,1.057,0.216
"SGP","SINGAPORE",1997,-4,0,26375.8653668113,0.545114931233516,NA,NA,NA,NA,NA,0.132916824740826,NA,NA,13.5,15.312341085021,3796038,48.377571331154,100,62.6299907711597,0,0.000727257745572007,2920000.07629395,NA,NA,NA,NA,NA,NA,NA,76.8975609756097,74.8,79.1,NA,NA,NA,NA,4.45180554322353,"Asia","South-Eastern Asia",1,0.304,0.381,-0.468,0.283,-0.285,-0.357,1.631,-2.361,0.254,0.678,0.167,0,0.833,0.667,1,0.5,0.333,0,0,0.167,0.667,0,0,0,0.165,1.167,-1.239,1.541,3.413,2.383,1.343,2.341,2.562,1.231,0.016,0.374,2.602,0.326,0.585,0.25,1.057,0.205
"SGP","SINGAPORE",1998,-4,0,21829.2737831583,-17.2376963577239,NA,NA,NA,NA,NA,0.111378366529616,NA,NA,19.6,14.0310256358429,3927213,48.2679241926715,100,62.7222601305176,0,0.00070994707950462,1580000.04291534,NA,NA,NA,NA,NA,NA,NA,77.3,75.3,79.4,NA,NA,NA,NA,5.20979627795524,"Asia","South-Eastern Asia",1,0.304,0.381,-0.468,0.283,-0.285,-0.357,1.631,-2.361,0.254,0.678,0.167,0,0.833,0.667,1,0.5,0.333,0,0,0.167,0.667,0,0,0,0.165,1.167,-1.239,1.541,3.413,2.383,1.343,2.341,2.562,1.231,0.016,0.374,2.602,0.326,0.585,0.25,1.057,0.205
"SGP","SINGAPORE",1999,-4,0,21796.6373891001,-0.149507465902879,NA,NA,NA,NA,NA,0.111245961607494,NA,NA,24.2,14.5317174065401,3958723,48.4645247755169,100,63.0692808669937,0,0.000371764816770873,-2029999.97138977,NA,NA,NA,NA,NA,NA,NA,77.5512195121951,75.6,79.6,NA,NA,NA,NA,5.2072614143348,"Asia","South-Eastern Asia",1,0.301,0.381,-0.468,0.283,-0.285,-0.357,1.631,-2.361,0.254,0.678,0.167,0,0.833,0.667,1,0.5,0.333,0,0,0.167,0.667,0,0,0,0.165,1.167,-1.239,1.541,3.413,2.383,1.343,2.341,2.562,1.231,0.016,0.374,2.602,0.326,0.585,0.25,1.057,0.205
"SGP","SINGAPORE",2000,-4,0,23852.8389514753,9.43357237022006,NA,NA,NA,NA,NA,0.092131732680321,0,NA,36,14.8557890847443,4027887,48.6741697220367,100,60.6645197437216,0,0.000326034372238966,-610000.014305115,92.5500030517578,96.5699996948242,88.6500015258789,NA,3.343364,NA,77,77.9512195121951,76,80,NA,NA,NA,NA,4.50757218998215,"Asia","South-Eastern Asia",1,0.309,0.381,-0.468,0.283,-0.125,-0.357,1.631,-2.361,0.254,0.678,0.167,0,0.833,0.667,1,0.5,0.333,0,0,0.167,0.667,0,0,0,0.161,1.167,-1.239,1.541,3.413,2.383,1.787,2.341,2.562,1.231,0.016,0.374,2.602,0.326,0.585,0.25,1.057,0.205
"SGP","SINGAPORE",2001,-4,0,21699.7414868907,-9.02658785801021,NA,NA,NA,NA,NA,0.0823566559095407,NA,NA,41.6704,14.5855191514965,4138012,48.8052474074175,100,63.593634234512,0,0.000402379159230447,-340000.003576279,NA,NA,NA,NA,3.16302657,NA,65,78.2512195121951,76.3,80.3,NA,NA,NA,NA,4.79890680085725,"Asia","South-Eastern Asia",1,0.309,0.381,-0.468,0.283,-0.125,-0.357,1.631,-2.361,0.254,0.678,0.167,0,0.833,0.667,1,0.5,0.333,0,0,0.167,0.667,0,0,0,0.161,1.167,-1.239,1.538,3.413,2.383,1.787,2.341,2.562,1.231,0.016,0.374,2.602,0.326,0.585,0.25,1.057,0.205
"SGP","SINGAPORE",2002,-4,0,22159.8373710639,2.12028278977956,NA,NA,NA,NA,NA,0.0710328000140014,0,NA,47,12.6887393397993,4175950,49.0424394944455,100,63.9769556802401,0,0.000433988190805362,10640000.3433228,NA,NA,NA,NA,3.358464,NA,62,78.5512195121951,76.6,80.6,NA,NA,NA,NA,4.89323655491523,"Asia","South-Eastern Asia",1,0.308,0.381,-0.468,0.283,-0.125,-0.357,1.631,-2.361,0.254,0.678,0.167,0,0.833,0.667,1,0.5,0.333,0,0,0.167,0.667,0,0,0,0.159,1.167,-1.239,1.538,3.413,2.383,1.787,2.341,2.562,1.231,0.016,0.374,2.602,0.326,0.585,0.25,1.057,0.205
"SGP","SINGAPORE",2003,-4,0,23730.3840054566,7.08735631987762,NA,NA,NA,NA,NA,0.0611340723110266,NA,NA,53.8379,12.4460741638593,4114826,49.3314797290832,100,64.3487252076354,0,0.00059371726127004,9060000.4196167,NA,NA,NA,NA,3.60699272,NA,63,79.0390243902439,76.6,81.6,NA,NA,NA,NA,4.83752738541917,"Asia","South-Eastern Asia",1,0.308,0.381,-0.468,0.283,-0.125,-0.357,1.631,-2.361,0.254,0.678,0.167,0,0.833,0.667,1,0.5,0.333,0,0,0.167,0.667,0,0,0,0.159,1.167,-1.239,1.538,3.413,2.383,1.787,2.341,2.562,1.231,0.016,0.374,2.602,0.326,0.585,0.25,1.057,0.205
"SGP","SINGAPORE",2004,-4,0,27608.080013423,16.3406374168861,NA,NA,NA,NA,NA,0.0556489896262466,0,NA,62,11.6045115798244,4166664,49.4687938557811,100,63.0725751287076,0,0.000555644983388465,10590000.1525879,NA,NA,NA,NA,3.15019798,NA,55,79.490243902439,77.1,82,NA,NA,NA,NA,4.38428661801237,"Asia","South-Eastern Asia",1,0.308,0.381,-0.468,0.283,-0.125,-0.357,1.631,-2.361,0.254,0.678,0.167,0,0.833,0.667,1,0.5,0.333,0,0,0.167,0.667,0,0,0,0.159,1.167,-1.239,1.538,3.413,2.383,1.787,2.341,2.562,1.231,0.016,0.374,2.602,0.326,0.585,0.25,1.057,0.205
"SGP","SINGAPORE",2005,-2,0,29961.3172812732,8.52372662896536,NA,NA,NA,NA,NA,0.0550481142142599,NA,NA,61,11.5770274018324,4265762,49.3938308433467,100,64.0731843759255,0.000219094740218199,0.000547061404429524,NA,NA,NA,NA,NA,3.03367925,NA,51,79.990243902439,77.6,82.5,NA,NA,NA,NA,4.27504313120819,"Asia","South-Eastern Asia",1,0.307,0.381,-0.468,0.283,-0.125,-0.357,1.631,-2.361,0.254,0.678,0.167,0,0.833,0.667,1,0.5,0.333,0,0,0.167,0.667,0,0,0,0.159,1.167,-1.239,1.538,3.413,2.383,1.787,2.341,2.562,1.231,0.016,0.374,2.602,0.326,0.585,0.25,1.057,0.205
"SGP","SINGAPORE",2006,-2,0,33768.4528234651,12.7068363064647,NA,NA,NA,NA,NA,0.0488654244516825,0,NA,59,11.8310221766032,4401365,49.0975158484413,100,64.8768540490551,0.00333182989614928,0.00365545459554034,NA,NA,NA,NA,NA,2.9347465,2.51,45,80.1414634146341,77.8,82.6,NA,NA,NA,NA,3.92291119365444,"Asia","South-Eastern Asia",1,0.311,0.381,-0.468,0.283,0.056,-0.357,1.631,-2.361,0.254,0.678,0.167,0,0.833,0.667,1,0.5,0.333,0,0,0.167,0.667,0,0,0,0.158,1.167,-1.239,1.616,3.413,2.383,1.787,2.341,2.562,1.231,0.016,0.374,2.602,0.326,0.585,0.25,1.057,0.2
"SGP","SINGAPORE",2007,-2,0,39432.8860198877,16.7743343943981,NA,NA,NA,NA,NA,0.0428679973714474,NA,NA,69.9,12.8204281959211,4588599,48.5524359215623,100,66.0401485014903,0.00646001510314827,0.00685518128899803,NA,NA,NA,NA,NA,2.83749056,2.4,43,80.4414634146342,78.1,82.9,NA,NA,NA,NA,3.602552791077,"Asia","South-Eastern Asia",1,0.311,0.381,-0.468,0.283,-0.068,-0.357,1.631,-2.361,0.254,0.678,0.167,0,0.833,0.667,1,0.5,0.333,0,0,0.167,0.667,0,0,0,0.158,1.167,-1.239,1.616,3.413,2.383,1.787,2.341,2.562,1.231,0.016,0.374,2.602,0.326,0.585,0.25,1.057,0.198
"SGP","SINGAPORE",2008,-2,0,40008.5720489092,1.45991350653653,NA,NA,NA,NA,NA,0.0414321884664469,0,NA,69,13.7543914469361,4839396,48.0314832856607,100,68.3479617553522,0.0247658429846694,0.0253865664259656,NA,NA,NA,NA,NA,3.19488454,2.31,45,80.790243902439,78.4,83.3,NA,NA,NA,NA,3.85002679403201,"Asia","South-Eastern Asia",1,0.311,0.381,-0.468,0.283,-0.068,-0.357,1.631,-2.361,0.254,0.678,0.167,0,0.833,0.667,1,0.5,0.333,0,0,0.167,0.667,0,0,0,0.158,1.167,-1.239,1.616,3.413,2.383,1.787,2.341,2.562,1.231,0.016,0.374,2.602,0.326,0.585,0.25,1.057,0.198
"SGP","SINGAPORE",2009,-2,0,38926.8054365453,-2.70383709531416,NA,NA,NA,NA,NA,0.0406877612701381,NA,NA,69,12.9549265300847,4987573,47.8676351013008,100,68.0060695233087,0.0062081095239493,0.00678567168470838,NA,NA,NA,NA,NA,3.39370513,2.26,40,81.2414634146342,78.9,83.7,NA,NA,NA,NA,3.88242334748021,"Asia","South-Eastern Asia",1,0.314,0.381,-0.468,0.283,-0.068,-0.357,1.631,-2.361,0.254,0.678,0.167,0,0.833,0.667,1,0.5,0.333,0,0,0.167,0.667,0,0,0,0.158,1.167,-1.239,1.616,3.413,2.383,1.787,2.341,2.562,1.231,0.016,0.374,2.602,0.326,0.585,0.25,1.057,0.198
"SGP","SINGAPORE",2010,-2,0,47236.683084953,21.3474431184795,NA,NA,NA,NA,NA,0.0361489888834213,0,NA,71,12.7858239691039,5076732,47.9582880803559,100,67.8435170825381,0.0380589445820771,0.038512160672046,NA,95.8600006103516,98.0400009155273,93.7699966430664,NA,3.1982615,2.19,39,81.5414634146342,79.2,84,NA,NA,NA,NA,3.38139843984389,"Asia","South-Eastern Asia",1,0.314,0.381,-0.468,0.283,-0.068,-0.357,1.45,-2.361,0.239,0.678,0.167,0,0.833,0.667,1,0.5,0.333,0,0,0.167,0.667,0,0,0,0.158,1.167,-1.239,1.616,3.413,2.383,1.787,2.341,2.562,1.231,0.016,0.374,2.602,0.326,0.585,0.25,1.057,0.198
"SGP","SINGAPORE",2011,-2,0,53891.4570264372,14.0881482501976,NA,NA,NA,NA,NA,0.0346076007512354,NA,NA,71,13.1057219512653,5183688,48.010792246363,100,69.0231236262618,0.153787333426844,0.154301445478482,NA,96.1900024414062,98.3899993896484,94.0699996948242,NA,3.1539185,2.14,39,81.7439024390244,79.5,84.1,NA,NA,NA,NA,3.19387456850782,"Asia","South-Eastern Asia",1,0.324,0.391,-0.468,0.385,-0.068,-0.357,1.45,-2.361,0.239,0.678,0.167,0,0.833,0.667,1,0.5,0.333,0,0,0.167,0.667,0,0,0,0.157,1.167,-1.239,1.607,3.413,2.383,1.787,2.341,2.562,1.231,0.016,0.374,2.602,0.326,0.585,0.25,1.057,0.198
"SGP","SINGAPORE",2012,-2,0,55547.5553077786,3.07302561986583,NA,NA,NA,NA,NA,0.033272726533169,0,NA,72,13.5806687357042,5312437,47.8940517707157,100,69.2086270458185,0.142898804490871,0.143294198627007,NA,96.370002746582,98.4700012207031,94.3600006103516,NA,3.32392788,2.19,53,81.9951219512195,79.8,84.3,NA,NA,NA,NA,3.10816619008299,"Asia","South-Eastern Asia",1,0.334,0.391,-0.468,0.385,0.098,-0.357,1.45,-2.361,0.239,0.678,0.167,0,0.833,0.667,1,0.5,0.333,0,0,0.167,0.667,0,0,0,0.157,1.167,-1.239,1.607,3.413,2.383,1.787,2.341,2.562,1.231,0.016,0.374,2.602,0.326,0.585,0.25,1.057,0.198
"SGP","SINGAPORE",2013,-2,0,56967.4257940383,2.55613497010348,NA,NA,NA,NA,NA,0.0343752167938134,NA,NA,80.9021,13.2712500808714,5399162,47.7113831003443,100,70.7623061587241,0.11912189370539,0.119459449682427,NA,96.5500030517578,98.5400009155273,94.6399993896484,NA,3.68225336,2.19,48,82.2463414634147,80.1,84.5,NA,NA,NA,NA,3.03849114883637,"Asia","South-Eastern Asia",1,0.33,0.391,-0.468,0.385,-0.084,-0.357,1.45,-2.361,0.239,0.678,0.167,0,0.833,0.667,1,0.5,0.333,0,0,0.167,0.667,0,0,0,0.157,1.167,-1.239,1.607,3.413,2.383,1.787,2.341,2.562,1.231,0.016,0.374,2.602,0.326,0.585,0.25,1.057,0.198
"SGP","SINGAPORE",2014,-2,0,57564.8023114977,1.04862824523468,NA,NA,NA,NA,NA,0.0345408510735362,0,NA,79.0292,13.5565571344028,5469724,47.6533831693508,100,70.3453257931675,0.104388992582944,0.104879469325881,NA,96.7200012207031,98.6100006103516,94.9100036621094,NA,3.87132597,2.25,47,82.4951219512195,80.3,84.8,NA,NA,NA,NA,3.04786038477706,"Asia","South-Eastern Asia",1,0.33,0.391,-0.468,0.385,-0.084,-0.357,1.45,-2.361,0.239,0.678,0.167,0,0.833,0.667,1,0.5,0.333,0,0,0.167,0.667,0,0,0,0.157,1.167,-1.239,1.607,3.413,2.383,1.787,2.341,2.562,1.231,0.016,0.374,2.602,0.326,0.585,0.25,1.057,0.198
"SGP","SINGAPORE",2015,-2,0,55645.6068614606,-3.33397383986806,NA,NA,NA,NA,NA,0.0326135138026483,NA,NA,79.013,13.1397745298612,5535002,47.7417136321023,100,69.950933310914,0.0340084198311141,0.0343911572935456,NA,96.8300018310547,98.5599975585938,95.1900024414062,NA,4.18061399,2.4,46,82.7439024390244,80.5,85.1,NA,NA,NA,NA,3.04671265935693,"Asia","South-Eastern Asia",1,0.331,0.387,-0.468,0.301,-0.084,-0.357,1.45,-2.361,0.239,0.678,0.167,0,0.833,0.667,1,0.5,0.333,0,0,0.167,0.667,0,0,0,0.157,1.167,-1.239,1.662,3.413,2.383,1.787,2.341,2.562,1.231,0.016,0.374,2.602,0.326,0.585,0.25,1.057,0.197
"SGP","SINGAPORE",2016,-2,0,57005.5887176547,2.44400579470723,100.773205741627,NA,100.367795243853,99.1869918699187,99.69504,0.0315212894381262,0,NA,84.4523,13.2839981132516,5607283,47.9607488799608,100,70.7460695193887,0.0289302386437418,0.029353972319112,NA,97.0500030517578,98.7300033569336,95.4499969482422,NA,4.37989521,2.5,51,82.8463414634146,80.7,85.1,NA,NA,NA,NA,3.09531096262441,"Asia","South-Eastern Asia",1,0.337,0.387,-0.468,0.301,-0.084,-0.357,1.45,-2.361,0.239,0.678,0.167,0,0.833,0.667,1,0.5,0.333,0,0,0.167,0.667,0,0,0,0.157,1.167,-1.239,1.662,3.413,2.383,1.787,2.341,2.562,1.231,0.016,0.374,2.602,0.326,0.585,0.25,1.057,0.195
"SGP","SINGAPORE",2017,-2,0,61236.251270627,7.42148734561189,100.626953870432,NA,99.2649632481624,99.2512479201331,99.66959,0.0307635837552264,NA,NA,84.4523,13.9731435178074,5612253,48.3052790654807,NA,70.3886178111457,0,0.000452888881904618,NA,97.1999969482422,98.8000030517578,95.6900024414062,NA,4.35978413,2.49,48,83.0951219512195,80.9,85.4,NA,NA,NA,NA,2.97201085878766,"Asia","South-Eastern Asia",1,0.345,0.377,-0.468,0.173,0.461,-0.396,1.45,-1.642,0.074,0.585,0.167,0,0.833,0.667,1,0.5,0.333,0,0,0.167,0.667,0,0,0,0.148,1.167,-1.3,1.662,3.413,2.383,1.787,2.341,2.562,1.231,0.016,0.132,2.602,0.856,1.158,0.556,1.191,0.185
"SGP","SINGAPORE",2018,-2,0,66881.6067035265,9.21897620406328,100.261866636903,NA,99.8231740262292,100.025906735751,NA,0.0301171482363284,0,NA,88.1656,13.0051768999114,5638676,48.4483355633967,NA,69.3585145719227,0,0.000188767152938037,NA,97.3399963378906,98.8499984741211,95.9199981689453,NA,4.07275724,2.58,47,83.2975609756098,81.2,85.5,NA,NA,NA,NA,2.80776039122786,"Asia","South-Eastern Asia",1,0.336,0.376,-0.468,0.198,0.461,-0.345,1.45,-1.642,0.103,0.691,0.167,0,0.833,0.667,1,0.5,0.333,0,0,0.167,0.667,0,0,0,0.148,1.167,-1.295,1.662,3.413,2.383,1.787,2.341,2.562,1.231,0.016,0.132,2.602,0.856,1.158,0.556,0.991,0.196
"SGP","SINGAPORE",2019,NA,0,65952.0378959293,-1.38987212391264,100.692578354355,NA,98.3315804570227,97.8157738683534,NA,0.0322521301996085,NA,NA,88.9493,13.1773611696825,5703569,48.2890833032458,NA,70.8020783233725,0,0.000169266160429021,NA,97.4800033569336,98.9000015258789,96.129997253418,NA,4.40746737,2.69,42,83.5951219512195,81.4,85.9,NA,NA,NA,NA,2.75970653894344,"Asia","South-Eastern Asia",1,0.33,0.383,-0.468,0.198,0.461,-0.239,1.45,-1.642,0.266,0.691,0.2,0,0.8,0.6,1,0.4,0.2,0,0,0.2,0.8,0,0,0,0.147,1.167,-1.295,1.662,3.413,2.383,1.787,2.341,2.562,1.231,0.016,0.132,2.6,0.856,1.158,0.556,0.991,0.196
"SGP","SINGAPORE",2020,NA,0,61410.0792630788,-6.88676010287598,100.53590938338,NA,100.663553698697,102.175145611051,NA,0.0328172521186951,0,NA,92.0043,12.7433047948475,5685807,48.229077830827,NA,72.1026995251566,0,0.00024207226855629,NA,97.129997253418,98.5400009155273,95.8300018310547,NA,5.70015287,2.77,47,83.5439024390244,81.3,85.9,NA,NA,NA,NA,2.80306272990798,"Asia","South-Eastern Asia",1,0.332,0.388,-0.468,0.355,-0.217,-0.239,1.45,-1.763,0.266,0.765,0.2,0,0.8,0.6,1,0.4,0.2,0,0,0.2,0.8,0,0,0,0.13,1.167,-1.139,1.409,3.413,2.383,1.787,2.341,2.562,1.231,0.281,0.416,3.441,0.856,1.158,0.556,0.991,0.209
"THA","THAILAND",1960,-7,0,102.814571454958,NA,NA,NA,NA,NA,NA,36.4443804267702,NA,NA,NA,NA,26851747,49.5667525841056,NA,NA,NA,NA,346712493.896484,NA,NA,NA,NA,NA,0.740034878253937,NA,50.608,48.987,52.339,NA,NA,NA,NA,2.46526491293072,"Asia","South-Eastern Asia",0,0.084,0.25,-0.425,-1.482,-2.21,-0.654,1,0.842,0.473,0.453,0.4,0.2,0.2,0.4,0.6,1,0,0,0,0,0.2,0,0,0.2,0.796,-1.721,-2.031,NA,-2.351,-1.347,-1.623,0.747,-0.158,1.741,-0.623,0.734,NA,NA,-1.835,-1.978,-1.64,0.893
"THA","THAILAND",1961,-7,0,109.728794269464,6.72494444771873,NA,NA,NA,NA,NA,35.8382304747796,NA,NA,NA,NA,27650334,49.5596653552178,NA,NA,NA,NA,231659301.757813,NA,NA,NA,NA,NA,NA,NA,51.065,49.288,52.983,NA,NA,NA,NA,2.09767678480583,"Asia","South-Eastern Asia",0,0.084,0.25,-0.425,-1.482,-2.21,-0.654,1,0.842,0.473,0.453,0.4,0.2,0.2,0.4,0.6,1,0,0,0,0,0.2,0,0,0.2,0.796,-1.721,-2.031,NA,-2.351,-1.347,-1.623,0.747,-0.158,1.741,-0.623,0.734,NA,NA,-1.835,-1.978,-1.64,0.893
"THA","THAILAND",1962,-7,0,116.179493337844,5.87876601700264,NA,NA,NA,NA,NA,34.0027004911291,NA,NA,NA,NA,28481040,49.5557764198296,NA,NA,NA,NA,299736083.984375,NA,NA,NA,NA,NA,NA,NA,51.444,49.586,53.458,NA,NA,NA,NA,2.62854679416837,"Asia","South-Eastern Asia",0,0.084,0.25,-0.425,-1.482,-2.21,-0.654,1,0.842,0.473,0.453,0.4,0.2,0.2,0.4,0.6,1,0,0,0,0,0.2,0,0,0.2,0.796,-1.721,-2.031,NA,-2.351,-1.347,-1.623,0.747,-0.158,1.741,-0.623,0.734,NA,NA,-1.835,-1.978,-1.64,0.893
"THA","THAILAND",1963,-7,0,120.658598748696,3.85533219518094,NA,NA,NA,NA,NA,33.0655231256479,NA,NA,NA,NA,29342322,49.5529835709662,NA,NA,NA,NA,281708251.953125,NA,NA,NA,NA,NA,NA,NA,51.988,50.083,54.047,NA,NA,NA,NA,2.61603995299647,"Asia","South-Eastern Asia",0,0.084,0.25,-0.425,-1.482,-2.21,-0.654,1,0.842,0.473,0.453,0.4,0.2,0.2,0.4,0.6,1,0,0,0,0,0.2,0,0,0.2,0.796,-1.721,-2.031,NA,-2.351,-1.347,-1.623,0.747,-0.158,1.741,-0.623,0.734,NA,NA,-1.835,-1.978,-1.64,0.893
"THA","THAILAND",1964,-7,0,128.642226903734,6.61670882791045,NA,NA,NA,NA,NA,30.6341992934479,NA,NA,NA,NA,30232141,49.5509100728261,NA,NA,NA,NA,234352020.263672,NA,NA,NA,NA,NA,NA,NA,52.539,50.553,54.682,NA,NA,NA,NA,2.43002544529262,"Asia","South-Eastern Asia",0,0.084,0.25,-0.425,-1.482,-2.21,-0.654,1,0.842,0.473,0.453,0.4,0.2,0.2,0.4,0.6,1,0,0,0,0,0.2,0,0,0.2,0.796,-1.721,-2.031,NA,-2.351,-1.347,-1.623,0.747,-0.158,1.741,-0.623,0.734,NA,NA,-1.835,-1.978,-1.64,0.893
"THA","THAILAND",1965,-7,0,140.899873696781,9.52847839164014,NA,NA,NA,NA,NA,31.923245627807,NA,NA,NA,NA,31149337,49.5499518834045,NA,NA,NA,NA,387141845.703125,NA,NA,NA,NA,NA,NA,NA,53.131,51.063,55.361,NA,NA,NA,NA,2.32591933570581,"Asia","South-Eastern Asia",0,0.084,0.25,-0.425,-1.482,-2.21,-0.654,1,1.463,0.473,0.453,0.4,0.2,0.2,0.4,0.6,1,0,0,0,0,0.2,0,0,0.2,0.796,-1.721,-2.031,NA,-2.351,-1.347,-1.623,0.747,-0.158,1.741,-0.623,0.734,NA,NA,-1.835,-1.978,-1.64,0.893
"THA","THAILAND",1966,-7,0,164.533414431069,16.7732873807593,NA,NA,NA,NA,NA,33.4002074220439,NA,NA,NA,NA,32086071,49.5501022858174,NA,NA,NA,NA,329256988.525391,NA,NA,NA,NA,NA,NA,NA,53.729,51.559,56.071,NA,NA,NA,NA,2.16536792266719,"Asia","South-Eastern Asia",0,0.084,0.25,-0.425,-1.482,-2.21,-0.654,1,1.463,0.473,0.453,0.4,0.2,0.2,0.4,0.6,1,0,0,0,0,0.2,0,0,0.2,0.796,-1.721,-2.031,NA,-2.351,-1.347,-1.623,0.747,-0.158,1.741,-0.623,0.734,NA,NA,-1.835,-1.978,-1.64,0.893
"THA","THAILAND",1967,-7,0,170.666971518706,3.72784890464097,NA,NA,NA,NA,NA,29.2437763343072,NA,NA,NA,NA,33037801,49.5513366643258,NA,NA,NA,NA,419738677.978516,NA,NA,NA,NA,NA,NA,NA,54.316,52.065,56.74,NA,NA,NA,NA,2.42681688059839,"Asia","South-Eastern Asia",0,0.085,0.25,-0.425,-1.482,-2.21,-0.654,1,1.463,0.473,0.453,0.4,0.2,0.2,0.4,0.6,1,0,0,0,0,0.2,0,0,0.2,0.796,-1.721,-2.031,NA,-2.351,-1.347,-1.623,0.747,-0.158,1.741,-0.623,0.734,NA,NA,-1.835,-1.978,-1.64,0.893
"THA","THAILAND",1968,-2,0,178.839752885801,4.78873052844864,NA,NA,NA,NA,NA,28.6829270021221,NA,NA,NA,NA,34002560,49.5536115647289,NA,NA,NA,NA,440364501.953125,NA,NA,NA,NA,NA,NA,NA,54.977,52.634,57.495,NA,NA,NA,NA,2.75456024663869,"Asia","South-Eastern Asia",0,0.087,0.314,-0.425,-0.747,-2.21,-0.654,1,1.463,0.473,0.453,0.4,0.2,0.2,0.4,0.6,1,0,0,0,0,0.2,0,0,0.2,0.796,-1.721,-2.031,NA,-2.351,-1.347,-1.623,0.747,-0.158,1.741,-0.623,0.734,NA,NA,-1.835,-1.978,-1.64,0.893
"THA","THAILAND",1969,2,0,191.438734515692,7.04484401627201,NA,NA,NA,NA,NA,28.6847176406452,NA,NA,NA,NA,34973782,49.5568194483513,NA,NA,NA,NA,441694610.595703,NA,NA,NA,NA,NA,NA,NA,55.705,53.292,58.29,NA,NA,NA,NA,2.99136657073967,"Asia","South-Eastern Asia",0,0.106,0.314,-0.425,-0.747,-2.21,-0.654,1,1.463,0.473,0.453,0.4,0.2,0.2,0.4,0.6,1,0,0,0,0,0.2,0,0,0.2,0.783,-1.721,-2.031,-1.771,-2.351,-1.347,-1.2,0.747,-0.158,1.741,-0.623,0.734,-2.236,-0.631,-1.176,-1.978,-1.64,0.907
"THA","THAILAND",1970,2,0,197.097903475424,2.95612534947473,NA,NA,NA,NA,NA,25.9158755967296,NA,NA,NA,NA,35954408,49.560825766876,NA,NA,NA,1.11813278200826,496541961.669922,NA,NA,NA,NA,NA,1.13730001449585,NA,56.47,53.997,59.114,NA,NA,NA,NA,3.06529850746269,"Asia","South-Eastern Asia",0,0.111,0.314,-0.425,-0.747,-2.21,-0.654,1,1.463,0.473,0.453,0.2,0.2,0.2,0.4,0.4,0.8,0,0,0.2,0.4,0.2,0.2,0.2,0.2,0.81,-1.406,-2.031,-1.771,-2.351,-1.347,-1.2,0.747,-0.158,1.741,-0.623,0.734,-2.236,-0.631,-1.83,-1.978,-1.64,0.901
"THA","THAILAND",1971,-7,0,199.662201986255,1.30102779665069,NA,NA,NA,NA,NA,23.9243808216285,NA,NA,NA,NA,36937387,49.5653414790819,NA,NA,0.00014699592998263,1.03267591925657,378230804.443359,NA,NA,NA,NA,NA,NA,NA,57.1,54.59,59.781,NA,NA,NA,NA,3.56097640464086,"Asia","South-Eastern Asia",0,0.109,0.279,-0.425,-1.082,-2.21,-0.654,1,1.83,0.473,0.453,0.2,0.2,0.2,0.4,0.4,0.8,0,0,0.2,0.4,0.2,0.2,0.2,0.2,0.815,-1.406,-2.031,-1.771,-2.351,-1.347,-1.2,0.747,-0.158,1.741,-0.623,0.734,-2.236,-0.631,-1.83,-1.978,-2.02,0.916
"THA","THAILAND",1972,-7,0,215.582022917854,7.97337742107789,NA,NA,NA,NA,NA,25.338036819162,NA,NA,NA,11.0411523477572,37933929,49.5703490139395,NA,NA,0.000203367338700307,1.49120591811501,298916412.353516,NA,NA,NA,NA,NA,NA,NA,57.746,55.199,60.463,NA,NA,NA,NA,3.47424741298213,"Asia","South-Eastern Asia",0,0.099,0.261,-0.425,-1.378,-2.21,-0.654,1,1.83,0.473,0.453,0.2,0.2,0.2,0.4,0.4,0.8,0,0,0.2,0.4,0.2,0.2,0.2,0.2,0.809,-1.406,-2.031,NA,-2.351,-1.347,-1.626,0.747,-0.158,1.741,-0.623,0.734,-2.236,-1.273,-1.83,-1.108,-2.02,0.916
"THA","THAILAND",1973,-2,0,278.285062967675,29.0854678888107,NA,NA,NA,NA,75.51095,27.6902292272749,NA,NA,NA,10.1733454910943,38947787,49.5765689993264,NA,NA,0.00048528054969446,2.30164957035895,292903045.654297,NA,NA,NA,NA,NA,NA,NA,58.323,55.702,61.124,NA,NA,NA,NA,2.88224303273153,"Asia","South-Eastern Asia",0,0.113,0.361,0.328,-1.378,-1.219,-0.642,1,2.404,0.473,0.453,0.2,0.157,0.2,0.4,0.443,0.8,0,0,0.157,0.4,0.243,0.2,0.2,0.157,0.77,-1.406,-2.031,NA,-2.351,-1.347,-0.941,0.747,-0.158,1.741,-0.623,0.734,-2.236,-0.428,-0.808,-1.108,-2.02,0.916
"THA","THAILAND",1974,3,0,342.978897633446,23.2473255933559,NA,NA,NA,NA,75.91348,27.0057313583991,NA,NA,NA,12.5838106133193,39952891,49.5845769959425,NA,NA,0.00272731166273437,2.27658465295209,313450134.277344,NA,NA,NA,NA,NA,NA,NA,59.031,56.316,61.935,NA,NA,NA,NA,2.65543855879087,"Asia","South-Eastern Asia",0,0.16,0.581,0.508,0.202,-0.394,0.664,1.714,2.404,0.473,0.453,0.2,0,0.2,0.4,0.6,0.8,0,0,0,0.4,0.4,0.2,0.2,0,0.706,-0.809,-2.031,NA,-2.351,-1.347,-0.673,0.747,-0.158,1.741,-0.623,0.734,-2.236,0.926,1.052,-1.108,-1.621,0.851
"THA","THAILAND",1975,3,1,363.526350179478,5.99087952285385,NA,NA,NA,NA,NA,26.8710847751989,NA,NA,NA,11.1938679968034,40940005,49.5945103084379,NA,NA,0.0027024941379687,1.7729244908987,311110504.150391,NA,NA,NA,NA,NA,1.11189997196198,NA,59.713,56.904,62.722,NA,NA,NA,NA,2.79523275748385,"Asia","South-Eastern Asia",1,0.194,0.581,0.508,0.202,-0.394,0.664,1.714,2.404,0.473,0.453,0.2,0,0.2,0.4,0.6,0.8,0,0,0,0.4,0.4,0.2,0.2,0,0.731,-0.809,-2.031,-2.595,-2.351,-1.347,-0.673,0.747,-0.158,1.741,-0.623,0.734,-2.236,0.926,1.052,-1.108,-1.621,0.911
"THA","THAILAND",1976,-7,0,405.408734060752,11.5211411389012,NA,NA,NA,NA,NA,26.6955264718511,NA,NA,NA,10.7838382002175,41896504,49.606738070556,NA,NA,0.00345248976010671,1.68996207277702,617538452.148438,NA,NA,NA,NA,NA,NA,NA,60.371,57.447,63.51,NA,NA,NA,NA,3.13142098580169,"Asia","South-Eastern Asia",1,0.13,0.428,-0.268,-0.214,-1.219,0.909,1.714,2.74,0.473,0.453,0.247,0,0.153,0.353,0.6,0.8,0,0,0,0.353,0.4,0.153,0.2,0,0.777,-0.809,-2.031,-2.588,-2.351,-1.347,-0.673,0.747,-0.158,1.741,-0.623,0.734,-2.236,0.926,-1.283,-1.549,-2.025,0.934
"THA","THAILAND",1977,-2,0,461.659141640678,13.8749866132624,NA,NA,NA,NA,NA,24.783097761103,NA,NA,NA,11.6089217201833,42843974,49.6218523141235,NA,NA,0.00495104949773012,2.23420162722544,422052429.199219,NA,NA,NA,NA,NA,NA,NA,60.906,57.875,64.165,NA,NA,NA,NA,3.48177335018462,"Asia","South-Eastern Asia",0,0.102,0.302,-0.268,-1.08,-2.193,-0.617,1.714,2.006,0.473,0.453,0.439,0,0,0.2,0.6,0.8,0,0,0,0.161,0.4,0,0.2,0,0.784,-1.382,-2.031,NA,-2.351,-1.347,-1.417,0.747,-0.158,1.741,-0.623,0.734,-2.236,0.926,-1.283,-1.549,-2.025,0.917
"THA","THAILAND",1978,2,0,548.233113208345,18.7527904808717,NA,NA,NA,NA,NA,24.4981552661241,NA,NA,NA,11.6614089766394,43788976,49.6403432681321,NA,NA,0.00369535364392527,1.8109720590934,682483093.261719,NA,NA,NA,NA,NA,NA,NA,61.266,58.096,64.689,NA,NA,NA,NA,3.9237142330459,"Asia","South-Eastern Asia",0,0.108,0.314,-0.268,-0.937,-1.503,-0.617,1.714,2.006,0.473,0.453,0.6,0,0,0.2,0.6,0.8,0,0,0,0,0.4,0,0.2,0,0.803,-1.382,-2.031,NA,-2.351,-1.347,-1.417,0.747,-0.158,1.741,-0.623,0.734,-2.236,-1.357,-1.283,-1.549,-2.025,0.917
"THA","THAILAND",1979,2,0,612.08876018577,11.647535590058,NA,NA,NA,NA,NA,23.9935595031534,NA,NA,NA,12.3741280520453,44718434,49.6619883947191,NA,NA,0.00862414576303014,2.45153531748761,912879089.355469,NA,NA,NA,NA,NA,NA,NA,61.696,58.383,65.291,NA,NA,NA,NA,4.38091940571985,"Asia","South-Eastern Asia",0,0.115,0.314,-0.268,-0.937,-1.503,-0.617,1.714,2.006,0.473,0.453,0.6,0,0,0.2,0.6,0.8,0,0,0,0,0.4,0,0.2,0,0.801,-1.382,-2.031,-2.589,-2.351,-1.347,-1.046,0.747,-0.158,1.741,-0.623,0.734,-2.236,-0.286,-1.471,-1.549,-2.025,0.935
"THA","THAILAND",1980,2,0,708.729450091584,15.7886725246324,NA,NA,NA,NA,NA,23.2398777723942,NA,NA,NA,13.1431496747109,45650022,49.6859377129312,NA,NA,0.00967885382727414,2.27082745223484,930131164.550781,87.9800033569336,92.2099990844727,83.8899993896484,NA,NA,1.53509998321533,NA,62.186,58.756,65.917,NA,NA,NA,NA,4.24445494368149,"Asia","South-Eastern Asia",1,0.184,0.422,-0.032,-0.136,0.201,-0.286,1.714,1.438,1.534,0.453,0.6,0,0.2,0.4,0.6,0.8,0,0,0,0,0.2,0,0,0,0.72,-1.079,-2.031,-2.589,-2.351,-1.271,0.413,0.747,-0.158,2.006,0.769,0.734,-2.236,0.466,-1.284,-1.549,-2.025,0.942
"THA","THAILAND",1981,2,0,748.156726132308,5.56309266330461,NA,NA,NA,NA,NA,21.3571007576909,NA,NA,NA,13.4769763614363,46575855,49.7103134293442,NA,NA,0.00864756729862053,1.303709851431,889038208.007813,NA,NA,NA,NA,NA,NA,NA,62.856,59.425,66.575,NA,NA,NA,NA,4.0631625186097,"Asia","South-Eastern Asia",1,0.198,0.486,0.345,0.061,0.201,-0.286,1.714,1.223,1.534,-0.806,0.6,0,0.2,0.4,0.6,0.8,0,0,0,0,0.2,0,0,0,0.712,-1.079,-2.031,-2.589,-2.351,-1.271,0.413,0.747,-0.158,2.006,0.769,0.734,-2.236,0.466,-1.284,-1.549,-1.443,0.916
"THA","THAILAND",1982,2,0,770.398953205891,2.97293685890749,NA,NA,NA,NA,NA,18.548449515227,NA,NA,NA,12.6405557683168,47494577,49.7330463644302,NA,NA,0.00560038169835253,1.28352200007881,910286743.164063,NA,NA,NA,NA,NA,NA,NA,63.603,60.244,67.218,NA,NA,NA,NA,4.1203692151208,"Asia","South-Eastern Asia",1,0.201,0.526,0.345,0.061,0.201,0.436,1.714,0.92,1.534,-0.806,0.8,0.2,0.2,0.6,0.8,0.6,0,0,0,0.2,0.4,0.2,0.2,0,0.715,-1.404,-2.031,-2.589,-2.351,-1.271,0.413,0.747,-0.158,2.006,0.769,0.734,-2.236,0.466,-1.284,-1.549,-1.443,0.927
"THA","THAILAND",1983,2,1,826.932302137698,7.33819129641241,NA,NA,NA,NA,NA,20.0601739342431,NA,NA,NA,14.1395824361608,48423309,49.7531250859607,NA,NA,0.121096379753785,1.23098552421632,918761657.714844,NA,NA,NA,NA,NA,NA,NA,64.5,61.25,67.967,NA,NA,NA,NA,3.95335883490465,"Asia","South-Eastern Asia",1,0.215,0.526,0.345,0.061,0.201,0.436,1.714,0.92,1.534,-0.806,0.8,0.2,0.2,0.6,0.8,0.6,0,0,0,0.2,0.4,0.2,0.2,0,0.711,-1.077,-2.031,-2.576,-2.351,-1.271,0.413,0.747,-0.158,2.006,0.769,0.734,-2.236,0.466,-1.284,-1.549,-1.443,0.917
"THA","THAILAND",1984,2,1,846.934168430884,2.41880335808376,NA,NA,NA,NA,NA,17.5738564214472,NA,NA,NA,14.1067937803599,49351708,49.7700606430886,NA,NA,0.255028986820187,1.16489160653116,1033275268.55469,NA,NA,NA,NA,NA,NA,NA,65.55,62.402,68.878,NA,NA,NA,NA,4.06443875433927,"Asia","South-Eastern Asia",1,0.219,0.526,0.345,0.061,0.201,0.436,1.714,0.92,1.534,-0.806,0.8,0.2,0.2,0.6,0.8,0.6,0,0,0,0.2,0.4,0.2,0.2,0,0.708,-1.077,-2.031,-2.576,-2.351,-1.271,0.413,0.747,-0.158,2.006,0.769,0.734,-2.236,0.466,-1.284,-1.549,-1.443,0.918
"THA","THAILAND",1985,2,1,773.823923674613,-8.63234091638108,NA,NA,NA,NA,NA,15.809370205056,NA,NA,NA,13.6878368964254,50270753,49.7840553489234,NA,NA,0.398201638635679,1.46043795536249,1009326660.15625,NA,NA,NA,NA,NA,NA,NA,66.543,63.477,69.761,NA,0.280732363462448,NA,NA,4.1891150023663,"Asia","South-Eastern Asia",1,0.221,0.526,0.345,0.061,0.201,0.436,1.714,1.377,1.534,-0.806,0.8,0.2,0.2,0.6,0.8,0.6,0,0,0,0.2,0.4,0.2,0.2,0,0.708,-1.077,-2.031,-2.576,-2.351,-1.271,0.413,0.747,-0.158,2.006,0.769,0.734,-2.236,0.466,-1.284,-1.549,-1.443,0.918
"THA","THAILAND",1986,2,1,842.098436226451,8.82300358815825,NA,NA,NA,NA,NA,15.6641498962633,NA,NA,NA,13.6161466582071,51177834,49.7960640538245,NA,NA,0.165945628110213,1.21696229951166,795979309.082031,NA,NA,NA,NA,NA,NA,NA,67.308,64.263,70.492,NA,0.289951711893082,NA,NA,3.79532821598729,"Asia","South-Eastern Asia",1,0.222,0.526,0.345,0.061,0.201,0.436,1.714,1.09,1.534,-0.806,0.6,0.4,0.2,0.6,0.8,0.6,0,0,0,0.2,0.4,0.2,0.2,0,0.699,-1.077,-2.031,-2.574,-2.351,-1.271,0.413,0.747,-0.158,2.006,0.769,0.734,-2.236,1.288,-1.284,-1.123,-1.443,0.916
"THA","THAILAND",1987,2,1,970.452522513385,15.242171314568,NA,NA,NA,NA,NA,15.7334375187687,NA,NA,NA,13.6499906061981,52074105,49.8077547409071,NA,NA,0.178253490297115,1.19322890113549,663126281.738281,NA,NA,NA,NA,NA,NA,NA,67.833,64.762,71.04,NA,0.276070982217789,NA,NA,3.36138655753091,"Asia","South-Eastern Asia",1,0.221,0.526,0.345,0.061,0.201,0.436,1.714,1.09,1.534,-0.806,0.6,0.4,0.2,0.6,0.8,0.6,0,0,0,0.2,0.4,0.2,0.2,0,0.697,-1.077,-2.031,-2.574,-2.351,-1.271,0.413,0.747,-0.158,2.006,0.769,0.734,-2.236,1.288,-1.284,-1.123,-1.443,0.914
"THA","THAILAND",1988,3,1,1164.20096229495,19.9647520395716,NA,NA,NA,NA,NA,16.1780589023433,NA,NA,NA,14.8067322617296,52969595,49.8207698208755,NA,NA,0.124273258971343,1.40066437896741,674635925.292969,NA,NA,NA,NA,NA,NA,NA,68.194,65.051,71.481,NA,0.276766508817673,NA,NA,2.93350108988332,"Asia","South-Eastern Asia",1,0.252,0.558,0.345,0.339,0.201,0.436,1.714,1.09,1.534,-0.806,0.6,0.4,0.2,0.6,0.8,0.6,0,0,0,0.2,0.4,0.2,0.2,0,0.657,-0.542,-2.031,-2.578,-2.351,-0.979,0.413,0.747,-0.158,2.006,0.769,0.734,-2.236,1.288,0.086,-1.123,-1.443,0.898
"THA","THAILAND",1989,3,1,1341.72978395303,15.2489842739971,NA,NA,NA,NA,NA,15.075292612001,NA,NA,NA,15.5805728846838,53848956,49.8354982004758,NA,NA,0.30573698012341,1.37641657663299,865169372.558594,NA,NA,NA,NA,NA,NA,NA,68.557,65.349,71.919,NA,0.277290314435959,NA,NA,2.68466712260163,"Asia","South-Eastern Asia",1,0.261,0.558,0.345,0.339,0.201,0.436,1.714,1.09,1.534,-0.806,0.6,0.4,0.4,0.6,0.8,0.6,0,0,0,0.2,0.6,0.2,0.2,0,0.654,-0.542,-2.031,-2.578,-2.351,-0.979,0.413,0.747,-0.158,2.006,0.769,0.734,-2.236,1.288,0.086,-1.123,-1.443,0.904
"THA","THAILAND",1990,3,1,1559.11209344755,16.2016459718189,NA,NA,NA,NA,NA,12.4996278305399,NA,NA,0,16.9073230109204,54738329,49.8748491208053,75.8987121582031,NA,0.390458989518824,1.20375710987377,1044090087.89063,NA,NA,NA,NA,NA,1.6325999498,NA,68.924,65.629,72.384,NA,0.27788844704628,NA,NA,2.59425018891255,"Asia","South-Eastern Asia",1,0.264,0.558,0.345,0.339,0.201,0.436,1.714,1.283,1.534,-0.806,0.6,0.4,0.2,0.6,0.6,0.6,0,0,0,0.2,0.6,0.2,0.2,0,0.654,-0.542,-2.031,-2.578,-2.351,-0.979,0.413,0.747,-0.158,2.006,0.769,0.734,-2.236,1.288,0.086,-1.123,-1.443,0.904
"THA","THAILAND",1991,-1,0,1765.62267359529,13.2453965956417,NA,NA,NA,NA,NA,12.6498265961915,NA,NA,5.22e-05,17.4135039767451,55637434,49.9340965293259,77.0654220581055,NA,0.204628439443956,0.809732902461381,885236694.335938,NA,NA,NA,NA,NA,1.6612999439,NA,69.132,65.74,72.706,NA,0.278170049190521,NA,NA,2.64502481409377,"Asia","South-Eastern Asia",0,0.158,0.48,0.202,-0.339,-0.393,0.436,1.714,2.232,1.534,-0.806,0.6,0.4,0.37,0.77,0.77,0.6,0,0,0,0.2,0.77,0.2,0.2,0,0.722,-0.534,-2.031,-2.578,-2.351,-0.979,0.21,0.747,-0.158,2.006,0.769,0.734,-2.236,0.458,-1.8,-1.964,-1.443,0.905
"THA","THAILAND",1992,9,1,1971.60879910694,11.6664861973145,NA,NA,NA,NA,NA,12.2973357445063,NA,NA,0.000344,15.5917839860999,56528834,49.9919793144858,78.2316207885742,NA,0.222297336687868,0.842725546694055,850540283.203125,NA,NA,NA,NA,NA,1.7066999674,NA,69.353,65.885,73.016,NA,0.275970607995987,NA,NA,2.65742287815579,"Asia","South-Eastern Asia",1,0.2,0.587,0.829,-0.245,1.06,0.532,1.714,3.248,1.534,-0.806,0.6,0.158,0.4,0.8,0.8,0.842,0,0,0,0.079,0.8,0.079,0.079,0,0.661,-0.534,-2.031,-2.98,-2.351,-0.979,0.21,0.747,-0.158,2.006,0.769,0.734,-1.688,1.59,-0.127,-1.08,-1.443,0.916
"THA","THAILAND",1993,9,1,2245.13688708983,13.8733448596287,NA,NA,NA,NA,NA,8.02582929718645,NA,NA,0.0136,15.3992767110393,57408198,50.0467032592331,79.3947601318359,55.1193132615846,0.191334945616026,0.728072272061621,648524597.167969,NA,NA,NA,NA,NA,NA,NA,69.568,66.069,73.267,NA,0.288033992052078,NA,NA,2.52482449877102,"Asia","South-Eastern Asia",1,0.303,0.7,0.829,1.4,1.06,0.532,1.714,0.624,1.534,-0.806,0.6,0,0.6,0.8,0.8,0.8,0,0,0,0,0.8,0,0,0,0.628,0.182,-2.031,-2.98,-2.351,-0.979,0.267,0.747,-0.158,2.006,0.769,0.734,-1.688,1.59,0.672,-1.08,-1.03,0.88
"THA","THAILAND",1994,9,1,2517.70732641683,12.1404819855019,NA,NA,NA,NA,NA,8.62754771501915,NA,NA,0.0386,16.0356890181589,58260854,50.0972299513495,80.5517883300781,54.3772583482647,0.15255889934956,0.737820725865071,578855529.785156,NA,NA,NA,NA,NA,NA,NA,69.661,65.96,73.6,NA,0.298398435115814,NA,NA,2.50238335344718,"Asia","South-Eastern Asia",1,0.303,0.7,0.829,1.4,1.863,0.532,1.714,0.624,1.534,-0.806,0.6,0,0.6,0.8,0.8,0.8,0,0,0,0,0.8,0,0,0,0.628,0.182,-2.031,-2.98,-2.351,-0.979,0.267,0.747,-0.158,2.006,0.769,0.734,-1.688,1.59,0.672,-1.08,-1.03,0.88
"THA","THAILAND",1995,9,1,2864.36515719866,13.7687898487863,NA,NA,NA,NA,NA,9.08122459760424,NA,NA,0.0748,16.4409308201272,59098232,50.1514089287815,81.6996307373047,53.6407551757937,0.135055462244214,0.794698605026913,677334228.515625,NA,NA,NA,NA,NA,1.9900000095,NA,69.757,65.876,73.909,NA,0.306347340345383,NA,NA,2.2737823729037,"Asia","South-Eastern Asia",1,0.307,0.7,0.829,1.4,1.863,0.532,1.714,0.624,1.534,-0.806,0.6,0,0.6,0.8,0.8,0.8,0,0,0,0,0.8,0,0,0,0.631,0.182,-2.031,-2.971,-2.351,-0.979,0.267,0.747,-0.158,2.006,0.769,0.734,-1.688,1.59,0.672,-1.08,-1.03,0.879
"THA","THAILAND",1996,9,1,3054.65690806473,6.64341801490752,NA,NA,NA,NA,NA,9.06341649341052,NA,NA,0.115,16.7262176292695,59920064,50.2105680362853,82.8352355957031,53.8552978439203,0.181677746071039,0.884654104500189,723513977.050781,NA,NA,NA,NA,NA,NA,NA,69.94,65.918,74.255,NA,NA,NA,NA,2.15152508135528,"Asia","South-Eastern Asia",1,0.278,0.7,0.829,1.4,2.278,0.532,1.714,0.624,1.534,-0.806,0.6,0,0.6,0.8,0.8,0.8,0,0,0,0,0.8,0,0,0,0.656,0.182,-2.031,-2.973,-2.351,-0.979,0.267,0.747,-0.158,2.006,0.769,0.734,-1.688,1.59,-0.416,-1.08,-1.03,0.878
"THA","THAILAND",1997,9,1,2473.14096982086,-19.0370295501464,NA,NA,NA,NA,NA,9.06490231003904,NA,NA,0.361,16.1054792572039,60724584,50.2727857304053,83.9555511474609,54.370497907781,0.223459763581227,1.1194897221251,624420715.332031,NA,NA,NA,NA,NA,NA,NA,70.362,66.473,74.506,NA,0.31046736240387,NA,NA,2.17392250470724,"Asia","South-Eastern Asia",1,0.348,0.7,0.829,1.4,2.278,0.532,1.714,0.566,1.534,-0.806,0.6,0,0.6,0.8,0.8,0.8,0,0,0,0,0.8,0,0,0,0.518,0.601,0.376,-2.973,-1.369,-0.555,0.267,0.747,-0.158,2.006,0.769,0.734,-1.121,1.59,-0.416,0.355,-0.267,0.808
"THA","THAILAND",1998,9,1,1847.70379269771,-25.2891842703351,NA,NA,NA,NA,NA,10.2592271107015,NA,NA,1.09,13.7881674416943,61522630,50.3370499603154,85.0575103759766,53.6290455515444,0.147065962629727,1.13200555125819,714207641.601563,NA,NA,NA,NA,NA,NA,NA,70.703,66.94,74.685,NA,0.312508672475815,NA,NA,1.85636828124458,"Asia","South-Eastern Asia",2,0.384,0.822,1.631,1.653,1.886,0.532,1.714,0.566,1.534,-0.806,0.6,0,0.6,0.8,0.8,0.8,0,0,0,0,0.8,0,0,0,0.487,0.456,0.781,-2.973,-1.369,-0.63,0.267,0.747,-0.158,2.006,0.769,0.734,-1.121,1.59,0.685,0.556,-0.267,0.807
"THA","THAILAND",1999,9,1,2033.24490520569,10.041713030046,NA,NA,NA,NA,NA,8.8929952779078,NA,NA,2.43,12.8892155998986,62299043,50.4007541431936,86.138053894043,54.7281049457746,0.259444930626917,1.10201089053417,895900146.484375,NA,NA,NA,NA,NA,2.2000000477,NA,70.979,67.187,74.975,NA,0.315327793359756,NA,NA,1.62379763252113,"Asia","South-Eastern Asia",2,0.385,0.822,1.631,1.653,1.886,0.532,1.714,0.566,1.534,-0.806,0.6,0,0.6,0.8,0.8,0.8,0,0,0,0,0.8,0,0,0,0.487,0.456,0.781,-2.973,-1.369,-0.63,0.267,0.747,-0.158,2.006,0.769,0.734,-1.121,1.59,0.685,0.556,-0.267,0.807
"THA","THAILAND",2000,9,1,2005.97694514234,-1.34110553989518,NA,NA,NA,NA,NA,8.49984812084058,NA,NA,3.68904,12.9767329017598,63007815,50.4469588486279,82.1,54.8307434977968,0.687313150348311,2.03569797727683,588825927.734375,92.6500015258789,94.9000015258789,90.5199966430664,NA,3.10125351,2.16,241,71.205,67.368,75.244,NA,0.316486924886703,NA,NA,1.48811161651995,"Asia","South-Eastern Asia",2,0.391,0.822,1.631,1.653,1.886,0.532,1.714,0.681,1.534,-0.806,0.4,0,0.6,0.8,0.8,0.8,0,0,0,0,0.6,0.4,0,0,0.468,0.456,0.629,-2.973,-1.369,-0.63,0.267,0.747,-0.158,2.006,0.769,0.734,-1.121,1.59,1.187,0.736,0.232,0.771
"THA","THAILAND",2001,9,1,1889.93432467144,-5.78484317837789,95.3342666625977,NA,87.0811614990234,87.1613388061523,NA,8.57928745008654,NA,NA,5.55633,13.0702183217552,63651141,50.4730732163937,88.2348251342773,55.0997090552462,0.524207577556559,1.94127427905778,316379272.460938,NA,NA,NA,NA,3.02623773,2.16,245,71.52,67.652,75.591,NA,0.325180053710938,NA,NA,1.42988520327266,"Asia","South-Eastern Asia",2,0.412,0.822,1.631,1.653,1.886,0.532,1.714,0.681,1.534,-0.806,0.4,0.2,0.6,0.8,0.6,0.6,0,0,0,0.2,0.6,0.6,0.2,0,0.45,0.456,0.629,-1.602,-1.369,-0.63,0.267,0.747,-0.158,2.006,0.769,0.734,-1.121,1.59,0.508,0.736,1.01,0.555
"THA","THAILAND",2002,9,1,2089.75183111554,10.5727222282625,96.070182800293,NA,NA,NA,NA,8.6921781801026,NA,NA,7.53125,13.4703127629092,64266437,50.4942385400952,89.2616653442383,54.4133903727448,0.526342209841627,1.74432562114147,324521118.164063,NA,NA,NA,NA,3.334723,2.09,244,71.775,68.02,75.717,NA,0.326681166887283,NA,NA,1.32827955528117,"Asia","South-Eastern Asia",2,0.408,0.773,1.513,1.211,1.886,0.532,1.714,0.681,1.534,-0.806,0.4,0.2,0.6,0.8,0.6,0.6,0,0,0,0.2,0.6,0.6,0.2,0,0.431,0.456,0.629,-1.602,-1.369,-0.63,0.267,0.747,-0.158,2.006,0.769,0.734,-1.121,1.59,0.508,1.639,1.01,0.554
"THA","THAILAND",2003,9,1,2347.54001286066,12.3358275325692,NA,NA,NA,NA,NA,9.44135495796228,NA,NA,9.29903,14.4815688039659,64868166,50.5141828736148,90.282211303711,52.6404701499991,0.6555395444715,2.29161140202485,-721848022.460938,NA,NA,NA,NA,3.24312782,2.08,240,72.101,68.412,75.97,NA,0.3279909491539,NA,NA,1.23290567713875,"Asia","South-Eastern Asia",2,0.391,0.795,1.646,1.211,1.074,0.532,1.714,0.681,1.534,-0.806,0.4,0.2,0.6,0.8,0.6,0.6,0,0,0,0.2,0.6,0.6,0.2,0,0.458,0.456,0.099,-1.602,-1.369,-0.63,0.267,0.747,-0.158,2.006,0.769,0.734,-1.121,1.59,0.508,0.612,1.01,0.554
"THA","THAILAND",2004,9,1,2641.56268717857,12.5247140712043,97.9626998901367,NA,NA,NA,NA,9.29111013904814,NA,NA,10.6773,14.8533309118037,65452047,50.5327533993361,91.3025436401367,52.8065873658848,0.818270913353913,2.39381750940094,98995323.1811523,NA,NA,NA,NA,3.13893151,2.04,232,72.1,68.524,75.845,NA,0.327073723077774,NA,NA,1.12835658834693,"Asia","South-Eastern Asia",2,0.382,0.768,1.513,0.617,0.91,0.947,1.714,0.681,1.534,-0.806,0.4,0.2,0.6,0.8,0.6,0.6,0,0,0,0.2,0.6,0.6,0.2,0,0.458,0.456,0.099,-1.602,-1.369,-0.63,0.267,0.747,-0.158,2.006,0.769,0.734,-1.121,1.59,0.508,0.612,1.01,0.554
"THA","THAILAND",2005,9,1,2867.70383436062,8.56088512605353,98.4672393798828,NA,NA,NA,NA,9.19435528237181,NA,NA,15.026,16.0618602673273,66017420,50.5501934269802,92.3287200927734,52.3004340059921,1.3590750714862,2.84717140955297,-61119617.4621582,93.5100021362305,95.5999984741211,91.5299987792969,NA,3.15972233,2.01,224,72.894,69.343,76.61,NA,0.301386892795563,97.2547233104706,97.7999985218048,0.986191840708362,"Asia","South-Eastern Asia",2,0.359,0.779,1.729,0.617,0.91,0.947,1.714,2.287,1.534,-0.806,0.2,0.1,0.5,0.4,0.4,0.4,0,0,0.2,0.2,0.4,0.6,0.3,0,0.467,0.456,0.099,-1.785,-1.369,-0.63,0.267,0.747,-0.158,2.006,0.769,0.734,-1.121,1.59,0.508,0.612,0.905,0.595
"THA","THAILAND",2006,-5,0,3331.32043511773,16.1668229195111,98.4360427856445,NA,NA,NA,98.9104,9.40199346621521,NA,NA,17.1607,15.6369927115112,66567687,50.5664662796531,99.146201481454,51.4511506498788,1.53654839015347,2.88566054006214,-98440605.1635742,NA,NA,NA,NA,3.09970832,2.02,215,73.341,69.87,76.967,NA,0.303129732608795,NA,NA,0.950123246459469,"Asia","South-Eastern Asia",1,0.166,0.66,1.348,-0.653,0.446,0.99,1.46,2.75,1.164,-0.806,0.257,0.072,0.415,0.428,0.4,0.513,0,0.028,0.144,0.243,0.5,0.615,0.315,0,0.564,0.262,-0.306,-1.785,-1.369,-0.63,-0.108,0.747,-0.158,2.006,0.558,0.701,-1.121,0.613,-0.332,-1.223,0.905,0.61
"THA","THAILAND",2007,-1,0,3918.52817434581,17.6268765093241,97.8308029174805,NA,NA,NA,98.48923,9.3476847010693,NA,NA,20.03,15.1431565568396,67102394,50.5813667393148,94.4228439331055,51.220943421775,1.36661103193532,2.75732969055044,-215507812.5,NA,NA,NA,NA,3.19277525,2.07,205,73.779,70.387,77.313,NA,0.304738789796829,NA,NA,1.01918920071311,"Asia","South-Eastern Asia",0,0.18,0.636,0.97,-0.243,0.56,1.051,1.46,1.547,1.334,-0.806,0.495,0.002,0.202,0.498,0.398,0.896,0,0.1,0,0.002,0.4,0.3,0.004,0,0.519,0.499,-0.508,-1.595,-1.243,-0.505,-0.108,0.747,-0.158,2.006,1.219,0.691,-1.121,0.646,-0.271,-0.412,0.905,0.582
"THA","THAILAND",2008,4,0,4309.13509292986,9.96820492809805,96.5354995727539,NA,NA,NA,97.95392,10.0724338253633,NA,NA,18.2,15.3848864043407,67619830,50.5951375506268,95.5014114379883,50.4479532095063,1.90791786682769,3.62309704439162,-425183319.091797,NA,NA,NA,NA,3.45933938,1.86,196,74.221,70.859,77.716,NA,0.307910263538361,NA,NA,1.25266188719419,"Asia","South-Eastern Asia",1,0.336,0.722,1.308,0.303,0.578,1.051,1.46,2.258,1.334,-0.806,0.3,0.1,0.4,0.4,0.3,0.5,0,0,0.1,0,0.4,0.4,0.2,0,0.387,0.461,-0.013,-1.595,-1.316,-0.505,0.381,0.747,-0.158,2.006,1.876,0.888,-1.155,1.57,0.906,1.998,0.905,0.553
"THA","THAILAND",2009,4,0,4135.43986952819,-4.03086047793343,93.5188827514648,NA,NA,NA,98.08255,9.78703375942043,NA,NA,20.1,14.1942308395144,68121080,50.6090434855114,98.96,51.6043673521408,1.00735619758168,2.40093157400913,32050312.0422363,NA,NA,NA,NA,3.61939645,1.73,188,74.669,71.273,78.19,NA,0.315861880779266,NA,NA,1.54034760915174,"Asia","South-Eastern Asia",1,0.337,0.658,1.233,-0.172,0.578,1.051,1.46,2.407,1.334,-0.806,0.4,0.1,0.5,0.6,0.4,0.5,0,0,0.1,0.1,0.4,0.5,0.2,0,0.429,0.461,-0.013,-1.595,-1.371,-0.624,0.381,0.747,-0.158,2.006,1.405,0.684,-1.155,1.57,0.842,1.259,0.954,0.547
"THA","THAILAND",2010,4,0,4973.86288823778,20.2740952634198,89.2488479614258,NA,NA,NA,NA,10.5221756369849,NA,NA,22.4,14.9326475542288,68579447,50.6316681147925,99.7,49.5560986644794,1.3337808366326,2.73568032123207,48774093.6279297,96.4300003051758,96.4400024414062,96.4300003051758,NA,3.39009809,1.96,181,75.012,71.434,78.738,NA,0.343085438013077,NA,NA,1.5225558657538,"Asia","South-Eastern Asia",1,0.33,0.634,1.09,-0.355,0.578,1.051,1.46,2.99,1.334,-0.806,0.6,0,0.4,0.8,0.3,0.6,0,0.1,0,0.1,0.5,0.4,0.4,0,0.437,0.706,-0.107,-1.595,-1.371,-0.624,0.381,0.747,-0.158,2.006,0.873,0.509,-1.155,1.57,1.052,1.259,0.954,0.561
"THA","THAILAND",2011,7,1,5373.6232832898,8.03722185421268,95.6526031494141,NA,NA,NA,NA,11.5917917775207,NA,NA,23.6699,16.3618347937093,69007208,50.6652449987543,98.7164154052734,50.4268099513695,1.77251079433152,3.14709998160529,-69306449.8901367,NA,NA,NA,NA,3.56825495,2.09,176,75.302,71.534,79.247,NA,0.344773411750793,NA,NA,1.39063450331731,"Asia","South-Eastern Asia",1,0.373,0.723,1.274,0.588,0.578,1.089,1.748,1.464,1.523,-0.806,0.5,0,0.5,0.7,0.3,0.5,0,0.1,0.1,0.1,0.4,0.6,0.5,0,0.398,0.465,0.105,-1.635,-1.371,-0.624,0.381,0.747,-0.158,2.006,1.365,0.994,-1.155,1.57,1.074,1.822,0.954,0.556
"THA","THAILAND",2012,7,1,5725.52802835463,6.54874237572882,96.4982681274414,NA,NA,NA,NA,11.5041001535767,NA,NA,26.46,15.4409356720887,69436098,50.7031112260945,99.1086235489221,51.1522057089623,1.64099046582139,2.90571167294829,-25177745.8190918,NA,NA,NA,NA,3.5229404,2.12,172,75.59,71.698,79.672,NA,0.344962269067764,99.5972573757172,95.9194183349609,1.38988888346862,"Asia","South-Eastern Asia",1,0.4,0.761,1.428,0.733,0.578,1.089,1.748,1.315,1.523,-0.806,0.5,0,0.5,0.7,0.3,0.5,0,0.1,0.1,0.1,0.4,0.6,0.5,0,0.373,0.465,0.105,-1.635,-1.371,-0.624,0.381,0.747,-0.158,2.006,1.984,0.994,-1.155,1.57,1.074,2.28,0.954,0.56
"THA","THAILAND",2013,7,1,6018.08244729255,5.10964958147262,97.1840591430664,NA,NA,NA,NA,11.3222153379773,NA,NA,28.94,17.738624653295,69845114,50.7433898562555,99.8556976318359,51.7791961972126,1.43416971462893,2.61852748014065,93097328.1860352,93.6999969482422,95.25,92.25,NA,3.45313334,2.17,170,75.96,72.003,80.109,NA,NA,NA,NA,1.34525091985427,"Asia","South-Eastern Asia",1,0.352,0.703,1.108,0.453,0.43,1.089,1.748,2.502,1.567,-0.806,0.4,0,0.6,0.6,0.3,0.4,0,0.1,0.1,0.2,0.3,0.7,0.6,0,0.373,-0.128,0.064,-1.635,-0.884,-0.624,0.384,0.747,-0.158,2.006,1.984,0.994,-1.304,1.57,1.074,2.28,0.872,0.603
"THA","THAILAND",2014,-3,0,5801.1978916205,-3.60388142853748,103.479377746582,NA,NA,NA,NA,10.0889216151042,NA,NA,34.8861,16.4984954918647,70216367,50.7857462918866,99.9816665649414,53.1480380193834,1.25645532400063,2.8228271736769,340767150.878906,NA,NA,NA,NA,3.68448091,2.14,167,76.279,72.254,80.497,NA,0.444806575775146,NA,NA,1.37997604796617,"Asia","South-Eastern Asia",0,0.116,0.281,-0.625,-1.578,-0.935,0.929,1.259,1.384,1.35,-0.944,0.522,0,0.417,0.539,0.422,0.645,0,0.161,0.1,0.139,0.361,0.516,0.416,0,0.643,0.155,-1.072,-0.849,-1.3,-0.824,-0.705,0.747,-0.158,2.006,0.632,-0.38,-1.888,0.773,-1.538,-1.614,0.872,0.508
"THA","THAILAND",2015,-3,0,5688.85335397884,-1.9365748202442,103.333457946777,NA,NA,NA,NA,8.87272364786793,NA,NA,39.3161,16.8518811101701,70540795,50.8304875214406,99.6,54.9480990258654,0.533712422055235,1.93092320697655,90558021.5454102,92.870002746582,94.6600036621094,91.1900024414062,NA,3.8522861,2.13,163,76.563,72.464,80.858,NA,0.445640921592712,99.2583394050598,95.0259983539581,1.33732679725458,"Asia","South-Eastern Asia",0,0.105,0.301,-0.676,-1.221,-0.287,0.929,1.259,1.01,1.558,-0.944,0.7,0,0.2,0.5,0.5,1,0,0.2,0,0,0.4,0.2,0.2,0,0.684,0.64,-1.306,-0.849,-1.3,-0.824,-0.705,0.747,-0.158,2.006,0.173,-0.77,-1.508,0.773,-2.07,-1.614,0.872,0.485
"THA","THAILAND",2016,-3,0,5833.57715617098,2.54398897610744,104.941299438477,NA,NA,NA,NA,8.47807696285562,NA,NA,47.505,16.1000351534032,70859841,50.8769402968319,100,55.9351576320684,0.429121666160215,1.5532188768547,228171066.28418,91.9800033569336,91.1999969482422,92.6800003051758,NA,3.93900609,2,160,76.769,72.628,81.105,NA,0.446411371231079,NA,NA,1.32516695969445,"Asia","South-Eastern Asia",0,0.105,0.399,0.007,-1.221,-0.055,0.929,0.805,0.668,0.457,-0.944,0.7,0,0.1,0.4,0.5,1,0,0.2,0,0,0.5,0.1,0.1,0,0.695,0.185,-1.565,-0.849,-1.3,-0.824,-0.705,0.747,-0.158,2.006,0.173,-0.77,-1.508,0.773,-2.07,-1.614,0.872,0.505
"THA","THAILAND",2017,-3,0,6413.09182530343,9.934121956704,101.863590810489,NA,96.3623199462891,96.7391967773438,NA,8.40641258665047,NA,NA,52.8919,15.5187398280446,71160187,50.9251950110811,NA,56.5748278870276,0.527823222383697,1.63215260676224,261098602.294922,NA,NA,NA,NA,3.85276842,2.12,156,76.989,72.792,81.383,NA,0.44681990146637,NA,NA,1.33627619959584,"Asia","South-Eastern Asia",0,0.102,0.339,-0.174,-1.672,-0.055,0.758,1.167,0.668,0.418,-0.982,0.7,0,0.1,0.4,0.5,1,0,0.2,0,0,0.5,0.1,0.1,0,0.705,-0.403,-1.898,-0.849,-1.3,-0.824,-0.705,0.747,-0.158,2.006,0.173,-0.661,-1.508,0.773,-2.244,-1.614,1.054,0.527
"THA","THAILAND",2018,-3,0,7099.77650081458,10.7075447259585,102.013545184574,NA,97.0941009521484,97.4465179443359,NA,8.20181926195524,NA,NA,56.8175,15.6981581342307,71376079,50.9762388457376,NA,57.0556910705407,0.680804724043357,1.81670642609227,-313845367.431641,93.7699966430664,95.1999969482422,92.4300003051758,NA,3.87040329,2.1,153,77.19,72.95,81.629,NA,0.447837680578232,NA,NA,1.32639351547521,"Asia","South-Eastern Asia",0,0.11,0.343,-0.082,-1.672,-0.055,0.758,1.167,0.668,0.418,-1.386,0.7,0,0.1,0.4,0.5,1,0,0.2,0,0,0.5,0.1,0.1,0,0.703,-0.555,-1.448,-0.849,-1.564,-0.824,-0.705,0.747,-0.158,2.006,0.173,-0.661,-1.508,0.45,-1.653,-1.714,0.735,0.584
"THA","THAILAND",2019,NA,0,7605.69657797759,7.12585920282088,103.012241063391,NA,99.57813790662,98.5505040995974,NA,8.1285680400948,2,NA,66.6524,15.3979482181899,71522271,51.0312906591011,NA,58.2775214465787,0.459890940562708,1.51242491485513,-236038970.947266,91.2699966430664,92.4700012207031,90.1800003051758,NA,3.78911877,2.21,150,77.197,72.849,81.763,NA,0.448474109172821,NA,NA,1.32729814008386,"Asia","South-Eastern Asia",0,0.184,0.495,0.407,-0.46,0.064,0.758,1.167,0.668,1.283,-1.386,0.556,0,0.111,0.444,0.556,1,0,0.222,0,0,0.667,0.111,0.111,0,0.589,-0.837,-1.501,-1.527,-1.4,-1.162,-0.126,0.747,-0.158,2.006,0.173,-0.661,-1.551,1.494,1.047,0.677,0.976,0.623
"THA","THAILAND",2020,NA,0,6985.64393892574,-8.1524766692274,103.859900460568,NA,100.786428716427,100.408839139042,NA,8.70285214673554,NA,NA,77.8437,15.1931521673405,71641484,51.0892383397479,NA,58.006424885407,0.173930820486899,1.1095683956846,215299026.489258,NA,NA,NA,NA,4.35724688,2.32,144,77.331,72.971,81.904,NA,0.449094712734222,NA,NA,1.46077928107965,"Asia","South-Eastern Asia",0,0.187,0.406,0.28,-1.4,-0.098,0.758,1.251,2.37,0.972,-1.386,0.667,0.111,0.333,0.444,0.556,0.889,0,0.222,0.111,0,0.667,0.111,0.222,0,0.566,-0.837,-0.835,-1.527,-1.4,-1.162,-0.192,0.747,-0.158,2.006,-0.005,-0.661,-1.139,1.494,1.343,0.637,1.335,0.602
"VNM","VIETNAM",1976,-7,0,NA,NA,122.269721984863,NA,NA,NA,NA,NA,NA,NA,NA,NA,47684931,51.0151225761447,NA,NA,NA,NA,776909423.828125,NA,NA,NA,NA,NA,NA,NA,63.669,59.495,68.008,NA,NA,NA,NA,NA,"Asia","South-Eastern Asia",1,0.071,0.071,-2.777,-1.477,-0.43,0.357,1.282,-1.004,-1.416,-1.679,0,0,0.5,0,0.166,0.416,0,0,0.167,0.583,0.25,0.75,0.333,0,0.673,0.889,-0.897,1.88,0.574,0.392,0.379,-1.671,0.985,-1.733,-2.079,-2.234,1.176,-0.812,-1.178,0.874,2.387,0.103
"VNM","VIETNAM",1977,-7,0,NA,NA,125.823822021484,NA,NA,NA,97.36256,NA,NA,NA,NA,NA,48954872,51.0013415824815,NA,NA,NA,NA,921751647.949219,NA,NA,NA,NA,NA,NA,NA,64.07,59.828,68.481,NA,NA,NA,NA,NA,"Asia","South-Eastern Asia",0,0.071,0.071,-2.777,-1.477,-0.43,0.357,1.282,-1.004,-1.416,-1.679,0,0,0.5,0,0.333,0.5,0,0,0.167,0.667,0.333,0.833,0.333,0,0.674,0.889,-0.897,1.88,0.574,0.392,0.379,-1.671,0.985,-1.733,-2.079,-2.234,1.176,-0.812,-1.178,0.874,2.387,0.102
"VNM","VIETNAM",1978,-7,0,NA,NA,123.552833557129,NA,NA,NA,90.53762,NA,NA,NA,NA,NA,50249552,50.9885341863346,NA,NA,NA,NA,1217008178.71094,NA,NA,NA,NA,NA,NA,NA,64.529,60.219,69.012,NA,NA,NA,NA,NA,"Asia","South-Eastern Asia",0,0.058,0.071,-2.777,-1.477,-0.43,0.357,1.282,-1.476,-1.416,-1.679,0,0,0.5,0,0.333,0.5,0,0,0.167,0.667,0.333,0.833,0.333,0,0.674,0.889,-0.897,1.88,0.574,0.392,0.379,-1.671,0.985,-1.733,-2.079,-2.234,1.176,-0.812,-1.178,0.874,2.387,0.102
"VNM","VIETNAM",1979,-7,0,NA,NA,112.34538269043,NA,NA,NA,NA,NA,NA,NA,NA,NA,51378211,50.9797353590221,NA,NA,NA,NA,955236511.230469,83.8300018310547,90.379997253418,78.1399993896484,NA,NA,NA,NA,64.986,60.599,69.551,NA,NA,NA,NA,NA,"Asia","South-Eastern Asia",0,0.06,0.071,-2.777,-1.477,-0.43,0.357,1.282,-1.476,-1.416,-1.679,0,0,0.5,0,0.333,0.5,0,0,0.167,0.667,0.333,0.833,0.333,0,0.674,0.889,-0.897,1.88,0.574,0.392,0.379,-1.671,0.985,-1.733,-2.079,-2.234,1.176,-0.812,-1.178,0.874,2.387,0.102
"VNM","VIETNAM",1980,-7,0,NA,NA,117.022857666016,NA,NA,NA,NA,NA,NA,NA,NA,NA,52490101,50.9829882019088,NA,NA,NA,NA,603118896.484375,NA,NA,NA,NA,NA,3.49729990959167,NA,65.338,60.919,69.929,NA,NA,NA,NA,NA,"Asia","South-Eastern Asia",0,0.06,0.071,-2.777,-1.477,-0.43,0.357,1.282,-1.476,-1.416,-1.679,0,0,0.5,0,0.5,0.5,0,0,0.167,0.667,0.333,0.833,0.333,0,0.692,0.889,-1.211,1.88,0.574,0.257,0.379,-1.671,0.367,-1.733,-2.079,-2.234,1.176,-0.812,-1.178,0.874,2.387,0.102
"VNM","VIETNAM",1981,-7,0,NA,NA,113.040298461914,NA,NA,NA,93.9429,NA,NA,NA,NA,NA,53738141,50.9981579005496,NA,NA,NA,NA,658606140.136719,NA,NA,NA,NA,NA,3.69609999656677,NA,65.779,61.425,70.279,NA,NA,NA,NA,NA,"Asia","South-Eastern Asia",0,0.059,0.071,-2.777,-1.477,-0.43,0.357,1.282,-1.476,-1.416,-1.679,0,0,0.5,0,0.5,0.5,0,0,0.167,0.667,0.333,0.833,0.333,0,0.692,0.889,-1.211,1.908,0.444,0.257,0.379,-1.671,0.367,-1.733,-2.079,-2.234,1.176,-0.812,-1.178,0.874,2.387,0.106
"VNM","VIETNAM",1982,-7,0,NA,NA,NA,NA,NA,NA,NA,NA,NA,NA,NA,NA,55011289,51.0133956507254,NA,NA,NA,NA,637315368.652344,NA,NA,NA,NA,NA,NA,NA,66.212,61.997,70.531,NA,NA,NA,NA,NA,"Asia","South-Eastern Asia",0,0.059,0.053,-2.777,-2.271,-0.43,0.357,1.282,-1.476,-1.416,-1.679,0,0,0.5,0,0.5,0.5,0,0,0.167,0.667,0.333,0.833,0.333,0,0.692,0.889,-1.211,1.908,0.444,0.257,0.379,-1.671,0.367,-1.733,-2.079,-2.234,1.176,-0.812,-1.178,0.874,2.387,0.108
"VNM","VIETNAM",1983,-7,0,NA,NA,107.127212524414,NA,NA,NA,NA,NA,NA,NA,NA,NA,56337921,51.0207165791581,NA,NA,NA,NA,389757965.087891,NA,NA,NA,NA,NA,NA,NA,66.545,62.466,70.695,NA,NA,NA,NA,NA,"Asia","South-Eastern Asia",0,0.059,0.053,-2.777,-2.271,-0.43,0.357,1.282,-1.476,-1.416,-1.679,0,0,0.5,0,0.5,0.5,0,0,0.167,0.667,0.333,0.833,0.333,0,0.692,0.889,-1.211,1.908,0.444,0.257,0.379,-1.671,0.367,-1.733,-2.079,-2.234,1.176,-0.812,-1.178,0.874,2.387,0.108
"VNM","VIETNAM",1984,-7,0,NA,NA,106.49437713623,NA,NA,NA,NA,NA,NA,NA,NA,NA,57706067,51.0215009285159,NA,NA,NA,NA,400478057.861328,NA,NA,NA,NA,NA,NA,NA,66.929,62.942,70.965,NA,NA,NA,NA,NA,"Asia","South-Eastern Asia",0,0.059,0.053,-2.777,-2.271,-0.43,0.357,1.282,-1.476,-1.416,-1.679,0,0,0.5,0,0.5,0.5,0,0,0.167,0.667,0.333,0.833,0.333,0,0.692,0.889,-1.211,1.908,0.444,0.257,0.379,-1.671,0.367,-1.733,-2.079,-2.234,1.176,-0.812,-1.178,0.874,2.387,0.108
"VNM","VIETNAM",1985,-7,0,238.647805313403,NA,105.153312683105,NA,NA,NA,91.42218,NA,NA,NA,NA,NA,59060622,51.0255293281537,NA,NA,0,2.16947033947215,400783752.441406,NA,NA,NA,NA,NA,NA,NA,67.192,63.145,71.288,NA,NA,NA,NA,NA,"Asia","South-Eastern Asia",0,0.059,0.053,-2.777,-2.271,-0.43,0.357,1.282,-1.476,-1.416,-1.679,0,0,0.5,0,0.5,0.5,0,0,0.167,0.667,0.333,0.833,0.333,0,0.692,0.889,-1.211,1.908,0.444,0.257,0.379,-1.671,0.367,-1.733,-2.079,-2.234,1.176,-0.812,-1.178,0.874,2.387,0.108
"VNM","VIETNAM",1986,-7,0,436.419296772225,82.8716992385912,104.704452514648,NA,NA,NA,NA,38.0634390651085,NA,NA,NA,NA,60347048,51.0412091739765,NA,33.0550918196995,0.00994471011710838,1.46541596979983,394782440.185547,NA,NA,NA,NA,NA,NA,NA,67.55,63.45,71.698,NA,NA,NA,NA,NA,"Asia","South-Eastern Asia",0,0.065,0.148,-1.808,-1.315,-0.43,0.357,1.282,-1.299,-1.416,-1.679,0,0,0.5,0,0.5,0.5,0,0,0.167,0.667,0.5,0.833,0.5,0,0.717,0.889,-1.211,1.908,-0.207,0.257,0.379,-1.671,-0.977,-1.459,-1.915,-1.951,1.176,-0.812,-1.178,0.874,2.387,0.108
"VNM","VIETNAM",1987,-7,0,595.247488701606,36.3934851424034,107.515312194824,NA,NA,NA,NA,40.5574912891986,NA,NA,NA,NA,61584651,51.0591169867959,NA,31.0801393728223,0.0743460771096449,1.16167437420428,228140853.881836,NA,NA,NA,NA,NA,NA,NA,68.005,63.91,72.131,NA,NA,NA,NA,3.95376778715678,"Asia","South-Eastern Asia",0,0.069,0.252,-1.327,-0.906,0.819,1.335,1.282,-1.299,-1.416,-1.679,0,0,0.5,0,0.5,0.5,0,0,0.167,0.667,0.5,0.833,0.5,0,0.719,0.938,-1.211,1.894,-0.207,0.137,0.379,-1.671,-0.977,-1.459,-1.915,-1.951,0.966,-0.812,-1.178,0.874,2.387,0.103
"VNM","VIETNAM",1988,-7,0,404.559305078888,-32.0351093019577,107.937599182129,NA,NA,NA,NA,46.2970168612192,NA,NA,NA,NA,62843228,51.0649930331395,NA,29.7405966277562,0.198158553767886,1.76270601643729,267108734.130859,NA,NA,NA,NA,NA,NA,NA,68.585,64.634,72.53,NA,NA,NA,NA,7.10161041569528,"Asia","South-Eastern Asia",0,0.069,0.252,-1.327,-0.906,0.819,1.335,1.282,-1.299,-1.416,-1.679,0,0,0.5,0,0.5,0.5,0,0,0.167,0.667,0.5,0.833,0.5,0,0.719,0.938,-1.211,1.894,-0.207,0.137,0.379,-1.671,-0.977,-1.459,-1.915,-1.951,0.966,-0.812,-1.178,0.874,2.387,0.102
"VNM","VIETNAM",1989,-7,0,98.1070172159577,-75.7496574706576,105.796699523926,NA,NA,NA,NA,42.0674189299826,NA,NA,NA,NA,64147348,51.0643035634817,NA,34.9944826113267,2.53824146488537,9.25339598228214,206439666.748047,87.5999984741211,93,82.8300018310547,NA,NA,3.30170011520386,NA,68.805,64.861,72.736,NA,NA,NA,NA,7.28651265439789,"Asia","South-Eastern Asia",0,0.069,0.254,-1.327,-0.833,0.819,1.335,1.282,-1.299,-1.416,-1.679,0,0,0.5,0,0.5,0.5,0,0,0.167,0.667,0.5,0.833,0.5,0,0.723,0.854,-1.211,1.894,-0.207,0.137,0.379,-1.671,-0.977,-1.459,-1.915,-1.951,0.966,-0.812,-1.178,0.874,2.387,0.106
"VNM","VIETNAM",1990,-7,0,98.7983370311401,0.704658886591803,102.543182373047,NA,NA,NA,NA,38.73674174711,NA,NA,0,NA,65504552,51.0594034585657,NA,38.5889643665832,6.03479538118477,12.3278452336478,262290405.273438,NA,NA,NA,NA,NA,3.8329000473,NA,69.027,64.991,73.056,NA,NA,NA,NA,7.91085687045644,"Asia","South-Eastern Asia",0,0.073,0.295,-1.087,-0.833,0.819,1.335,1.282,-1.299,-1.416,-1.679,0,0,0.5,0.167,0.5,0.333,0,0,0.167,0.667,0.5,0.833,0.5,0,0.723,0.854,-1.211,1.894,-0.207,0.137,0.379,-1.671,-0.977,-1.459,-1.915,-1.951,0.966,-0.812,-1.178,0.874,2.387,0.106
"VNM","VIETNAM",1991,-7,0,143.715270231936,45.4632482190855,103.643630981445,NA,NA,NA,NA,40.4891339773424,NA,NA,NA,NA,66891775,51.0516128477679,NA,35.7164274446921,3.38977567855418,8.02299122246395,325326660.15625,NA,NA,NA,NA,NA,NA,NA,69.303,65.282,73.309,NA,NA,NA,NA,5.59531724614442,"Asia","South-Eastern Asia",0,0.075,0.295,-1.087,-0.833,0.819,1.335,1.282,-1.299,-1.416,-1.679,0,0,0.5,0.167,0.5,0.333,0,0,0.167,0.667,0.5,0.833,0.5,0,0.723,0.854,-1.211,1.894,-0.207,0.137,0.379,-1.671,-0.977,-1.459,-1.915,-1.951,0.966,-0.812,-1.178,0.874,2.387,0.106
"VNM","VIETNAM",1992,-7,0,144.549392371677,0.580399103306729,104.49942779541,NA,NA,NA,NA,33.9385879202403,NA,NA,NA,NA,68260337,51.0439400402617,NA,38.7978142076503,4.97222381409906,10.2593518493001,639616271.972656,NA,NA,NA,NA,NA,NA,NA,69.62,65.699,73.504,NA,NA,NA,NA,3.37458835450367,"Asia","South-Eastern Asia",0,0.077,0.295,-1.087,-0.833,0.819,1.335,1.282,-1.299,-1.416,-1.679,0,0,0.5,0.167,0.5,0.333,0,0,0.167,0.667,0.5,0.833,0.5,0,0.732,0.854,-1.211,1.486,-0.422,0.137,0.379,-1.671,-1.086,-1.459,-1.915,-1.951,0.966,-0.812,-1.178,0.874,2.387,0.113
"VNM","VIETNAM",1993,-7,0,189.418573584332,31.0407262711169,108.639862060547,NA,NA,NA,NA,29.8699539420211,NA,NA,NA,NA,69586384,51.0351859778317,NA,41.2297337763265,4.15423191201717,7.69223871824485,398677642.822266,NA,NA,NA,NA,NA,NA,NA,69.957,66.131,73.727,NA,NA,NA,NA,2.25869469121191,"Asia","South-Eastern Asia",0,0.076,0.31,-1.087,-0.5,0.819,1.335,1.282,-1.299,-1.416,-1.679,0,0,0.5,0.167,0.5,0.333,0,0,0.167,0.667,0.5,0.833,0.5,0,0.737,0.854,-1.211,1.486,-0.422,0.137,0.379,-1.671,-1.086,-1.459,-1.915,-1.951,0.618,-0.812,-1.178,0.964,2.387,0.122
"VNM","VIETNAM",1994,-7,0,229.857787265757,21.3491279742009,111.886009216309,NA,NA,NA,NA,27.4278288729318,NA,NA,NA,NA,70854391,51.0245441245836,NA,43.7037202997748,3.28951699268892,6.73816649187403,1292676879.88281,NA,NA,NA,NA,NA,NA,NA,70.379,66.714,73.961,NA,NA,NA,NA,2.6493553048719,"Asia","South-Eastern Asia",0,0.08,0.31,-1.087,-0.5,0.819,1.335,1.282,-1.299,-1.416,-1.679,0,0,0.5,0.167,0.5,0.333,0,0,0.167,0.667,0.5,0.833,0.5,0,0.737,0.854,-1.211,1.486,-0.422,0.137,0.379,-1.671,-1.086,-1.459,-1.915,-1.951,0.618,-0.812,-1.178,0.964,2.387,0.122
"VNM","VIETNAM",1995,-7,0,287.802661028593,25.2090105156373,115.786849975586,NA,NA,NA,NA,27.1826887789875,NA,NA,NA,NA,72049940,51.0135289495036,NA,44.0613913985635,3.24927853434552,7.28047435709847,921727294.921875,NA,NA,NA,NA,NA,NA,NA,70.871,67.116,74.543,NA,NA,NA,NA,NA,"Asia","South-Eastern Asia",0,0.08,0.31,-1.087,-0.5,0.819,1.335,1.282,-1.299,-1.416,-1.679,0,0,0.5,0.167,0.5,0.333,0,0,0.167,0.667,0.5,0.833,0.5,0,0.743,0.661,-1.211,1.486,-0.422,0.137,0.379,-1.671,-1.086,-1.459,-1.915,-1.951,0.618,-0.812,-1.178,0.964,2.387,0.134
"VNM","VIETNAM",1996,-7,0,337.051231790277,17.1119233525055,118.32006072998,NA,NA,NA,NA,27.7588260377303,NA,NA,0.000135,NA,73156447,51.0065845597996,NA,42.5112852710671,3.55958705591895,7.00278823071902,1181163452.14844,NA,NA,NA,NA,NA,NA,NA,71.296,67.485,75.019,NA,NA,NA,NA,NA,"Asia","South-Eastern Asia",0,0.082,0.376,-0.67,-0.5,0.819,1.335,1.411,-1.299,-1.267,-1.13,0,0,0.5,0.167,0.5,0.333,0,0,0.167,0.667,0.5,0.833,0.5,0,0.743,0.661,-1.211,1.486,-0.422,0.137,0.379,-1.671,-1.086,-1.459,-1.915,-1.951,0.618,-0.812,-1.178,0.964,2.387,0.134
"VNM","VIETNAM",1997,-7,0,361.643884085566,7.29641371273531,120.42115020752,NA,NA,NA,NA,25.7717067944634,NA,NA,0.00398,NA,74226889,50.9928841419298,NA,42.153158409938,3.07280393550162,5.75041182361485,1139826416.01563,NA,NA,NA,NA,NA,1.6699999571,NA,71.67,67.727,75.531,NA,NA,NA,NA,NA,"Asia","South-Eastern Asia",0,0.082,0.376,-0.67,-0.5,0.819,1.335,1.411,-1.299,-1.267,-1.13,0,0,0.5,0.167,0.5,0.333,0,0,0.167,0.667,0.5,0.833,0.5,0,0.743,0.661,-1.211,1.17,-0.422,0.137,0.379,-1.671,-1.086,-1.459,-1.915,-1.951,0.618,-0.812,-1.178,0.964,2.387,0.141
"VNM","VIETNAM",1998,-7,0,361.350928411167,-0.0810066718367925,119.422866821289,NA,NA,NA,99.69632,25.7807804064629,NA,NA,0.0131,NA,75299660,50.9680939997857,NA,41.7279518693026,1.76176859651124,4.5585937085968,1369713378.90625,NA,NA,NA,NA,NA,NA,NA,72.283,68.13,76.371,NA,NA,NA,NA,NA,"Asia","South-Eastern Asia",0,0.083,0.376,-0.67,-0.5,0.819,1.335,1.411,-1.299,-1.267,-1.13,0,0,0.5,0.167,0.5,0.333,0,0,0.167,0.667,0.5,0.833,0.5,0,0.747,0.661,-1.211,1.17,-0.43,0.145,0.379,-1.671,-1.364,-1.459,-1.915,-1.951,0.618,-0.812,-1.178,0.964,2.387,0.15
"VNM","VIETNAM",1999,-7,0,375.994455900496,4.05243942604922,116.105407714844,NA,108.86791229248,103.325958251953,98.91738,25.4344379935091,NA,NA,0.129,NA,76287452,50.9569673397927,NA,40.0708102674888,3.72966002415473,5.6404762468781,1400863891.60156,90.2799987792969,93.9199981689453,86.9199981689453,NA,NA,NA,NA,72.575,68.138,76.991,NA,NA,NA,NA,NA,"Asia","South-Eastern Asia",0,0.089,0.376,-0.67,-0.5,0.819,1.335,1.411,-1.299,-1.267,-1.13,0,0,0.5,0.167,0.5,0.333,0,0,0.167,0.667,0.5,0.833,0.5,0,0.747,0.661,-1.211,1.17,-0.43,0.145,0.379,-1.671,-1.364,-1.459,-1.915,-1.951,0.618,-0.812,-1.178,0.964,2.387,0.15
"VNM","VIETNAM",2000,-7,0,404.029784055118,7.45631423938903,113.529556274414,NA,105.93334197998,101.241432189941,97.93079,24.5345819955349,45.31667,NA,0.254248,NA,77154011,50.974597431812,NA,38.7346426776196,7.67987081900615,9.69222818683314,1633310668.94531,90.1600036621094,93.9300003051758,86.6100006103516,NA,4.10752726,1.43,296,72.746,68.2,77.278,NA,NA,NA,NA,NA,"Asia","South-Eastern Asia",0,0.092,0.346,-0.944,-0.5,0.957,1.335,1.411,-1.299,-1.267,-0.542,0,0,0.667,0.333,0.5,0.333,0,0,0.167,0.667,0.5,0.833,0.5,0,0.753,0.661,-1.211,1.17,-0.43,0.145,0.379,-1.671,-1.705,-1.459,-1.984,-1.951,0.618,-0.812,-1.178,0.964,2.387,0.15
"VNM","VIETNAM",2001,-7,0,419.205677580901,3.75613237555593,111.295097351074,NA,110.675506591797,105.688316345215,96.20012,23.2410475903552,NA,NA,1.26565,NA,77969361,51.0052294643632,NA,38.6295307451771,5.80548900026015,7.98035643169834,1755691528.32031,NA,NA,NA,NA,4.80107498,1.44,290,72.984,68.297,77.673,NA,NA,NA,NA,NA,"Asia","South-Eastern Asia",0,0.092,0.346,-0.944,-0.5,0.957,1.335,1.411,-1.299,-1.267,-0.542,0,0,0.667,0.333,0.5,0.333,0,0,0.167,0.667,0.5,0.833,0.5,0,0.753,0.661,-1.211,1.17,-0.43,0.145,0.379,-1.671,-1.705,-1.459,-1.984,-1.951,0.618,-0.812,-1.178,0.964,2.387,0.15
"VNM","VIETNAM",2002,-7,0,445.132861817313,6.18483613724636,109.35701751709,NA,107.273727416992,102.20140838623,93.55176,23.0294421776834,40.37283,NA,1.855,NA,78772224,51.0430256614695,NA,38.4838790358405,5.28727447254799,7.4254913633254,1464300048.82813,NA,NA,NA,NA,3.87075853,1.45,284,73.138,68.278,78.014,NA,NA,NA,NA,NA,"Asia","South-Eastern Asia",0,0.092,0.312,-0.944,-0.5,0.957,1.041,1.411,-1.299,-1.267,-0.542,0,0,0.667,0.333,0.5,0.333,0,0,0.167,0.667,0.5,0.833,0.5,0,0.753,0.661,-1.211,0.942,-0.43,0.145,0.379,-1.671,-1.705,-1.459,-1.984,-1.951,0.618,-0.812,-1.178,1.131,2.387,0.161
"VNM","VIETNAM",2003,-7,0,497.117089249256,11.6783621006345,107.77010345459,NA,108.284797668457,102.519638061523,NA,22.5424367056108,NA,NA,3.78028,NA,79563777,51.0958347289119,NA,37.9875554860028,5.58537873703382,7.95488668034576,1878551757.8125,NA,NA,NA,NA,3.94229889,1.47,278,73.236,68.289,78.186,NA,NA,NA,NA,2.12864112884164,"Asia","South-Eastern Asia",0,0.092,0.312,-0.944,-0.5,0.957,1.041,1.411,-1.299,-1.267,-0.542,0,0,0.667,0.333,0.5,0.333,0,0,0.167,0.667,0.5,0.833,0.5,0,0.751,0.851,-1.211,0.942,-0.43,0.145,0.379,-1.671,-1.705,-1.459,-1.984,-1.951,0.618,-0.812,-1.178,1.131,2.387,0.161
"VNM","VIETNAM",2004,-7,0,565.452284586212,13.7462977666198,106.744956970215,NA,NA,NA,NA,21.8076993514673,35.429,NA,7.64241,NA,80338971,51.1463035791185,NA,37.9835511186106,8.1232104070861,11.7642910494755,1814317016.60156,NA,NA,NA,NA,4.08791971,1.55,272,73.062,68.282,77.807,NA,NA,NA,NA,2.01437983970519,"Asia","South-Eastern Asia",0,0.091,0.312,-0.944,-0.5,0.957,1.041,1.411,-1.299,-1.267,-0.542,0,0,0.667,0.333,0.5,0.333,0,0,0.167,0.667,0.5,0.833,0.5,0,0.751,0.851,-1.211,0.942,-0.43,0.145,0.379,-1.671,-1.705,-1.459,-1.984,-1.951,0.618,-0.812,-1.178,1.131,2.387,0.161
"VNM","VIETNAM",2005,-7,0,710.746759994861,25.6952671992426,104.89729309082,NA,NA,NA,90.70151,19.2999788840494,NA,NA,12.7399,NA,81088313,51.1892336445574,NA,42.5688812156661,9.04473557257388,12.1341965365962,1830167724.60938,NA,NA,NA,NA,4.31821251,1.57,266,73.198,68.393,77.951,NA,NA,NA,NA,1.78096085234042,"Asia","South-Eastern Asia",0,0.103,0.312,-0.944,-0.5,0.957,1.041,1.411,-1.299,-1.267,-0.542,0,0,0.572,0.286,0.429,0.286,0,0,0.143,0.571,0.429,0.714,0.429,0,0.674,0.851,-1.211,0.942,-0.43,0.145,0.379,-1.122,-1.705,-1.279,-0.801,-0.844,0.49,-0.812,-1.178,1.131,2.387,0.161
"VNM","VIETNAM",2006,-7,0,807.756645117054,13.6490084207903,103.91251373291,NA,NA,NA,91.78953,18.7267854535521,30.48516,NA,17.2546,NA,82167897,51.245213200479,NA,42.6884835125499,8.77756808235261,12.2305390234099,1828824584.96094,NA,NA,NA,NA,4.56979847,1.6,260,73.293,68.477,78.049,NA,NA,NA,NA,1.93836458436365,"Asia","South-Eastern Asia",0,0.104,0.318,-0.822,-0.5,0.957,1.041,1.411,-1.299,-1.24,-0.542,0,0,0.714,0.286,0.429,0.286,0,0,0.143,0.571,0.429,0.714,0.429,0,0.674,0.851,-1.211,0.942,-0.43,0.145,0.379,-1.122,-1.705,-1.279,-0.801,-0.844,0.49,-0.812,-1.178,1.131,2.387,0.161
"VNM","VIETNAM",2007,-7,0,925.640338348717,14.5939614293833,102.282257080078,NA,NA,NA,NA,18.655099701709,NA,NA,20.7554,NA,83633375,51.306121509505,NA,42.8332754503841,6.63827611423842,11.4131853552874,2417176513.67188,NA,NA,NA,NA,4.62917614,1.71,253,73.385,68.559,78.152,NA,NA,NA,NA,2.30475733676407,"Asia","South-Eastern Asia",0,0.105,0.318,-0.822,-0.5,0.957,1.041,1.673,-1.129,-1.104,-0.542,0,0,0.714,0.286,0.429,0.286,0,0,0.143,0.571,0.429,0.714,0.429,0,0.674,0.824,-1.211,1.02,-0.43,0.145,0.379,-1.122,-1.705,-1.279,-0.801,-0.844,0.49,-0.812,-1.178,1.131,2.387,0.157
"VNM","VIETNAM",2008,-7,0,1163.83195772873,25.7326317265874,100.98104095459,NA,NA,NA,97.42175,20.4131439246507,25.54133,NA,23.92,NA,85175788,51.3624799103708,NA,42.5091596964692,7.24340907549005,13.9196883964883,2251949951.17188,NA,NA,NA,NA,4.36028337,1.78,246,73.455,68.632,78.213,NA,NA,NA,NA,2.15637292727254,"Asia","South-Eastern Asia",0,0.105,0.341,-0.822,-0.5,0.956,1.109,1.673,-0.94,-1.104,-0.542,0,0,0.714,0.286,0.429,0.286,0,0,0.143,0.571,0.429,0.714,0.429,0,0.672,0.824,-1.211,1.02,-0.43,0.145,0.379,-1.122,-1.705,-1.279,-0.801,-0.844,0.49,-0.812,-1.178,1.131,2.387,0.158
"VNM","VIETNAM",2009,-7,0,1226.16976051536,5.35625460124715,100.057693481445,NA,NA,NA,98.5813,19.1684598670425,NA,NA,26.55,NA,86460018,51.3783891576149,NA,43.4433537536156,3.46240247909829,7.40088651172265,3184149902.34375,93.5199966430664,95.7900009155273,91.379997253418,NA,4.48502922,1.9,239,73.525,68.706,78.272,NA,NA,NA,NA,2.26520866993266,"Asia","South-Eastern Asia",0,0.105,0.309,-0.938,-0.628,0.956,1.109,1.673,-0.94,-1.23,-0.379,0,0,0.714,0.286,0.429,0.286,0,0,0.143,0.571,0.429,0.714,0.429,0,0.679,0.824,-1.211,1.02,-0.43,0.145,0.379,-1.122,-1.705,-1.279,-0.801,-0.844,0.49,-0.947,-1.178,1.131,2.387,0.158
"VNM","VIETNAM",2010,-7,0,1683.16182443979,37.269885348694,100.919677734375,NA,NA,NA,98.01475,15.3750906872381,20.59749,NA,30.65,NA,87455152,51.3548081347433,NA,40.6273720032231,3.39330269400776,7.4812809152762,1725890014.64844,NA,NA,NA,NA,5.07146072,2.02,231,73.611,68.775,78.377,NA,NA,NA,NA,1.81539587772715,"Asia","South-Eastern Asia",0,0.105,0.342,-0.855,-0.534,1.096,1.212,1.673,-0.956,-1.23,-0.379,0,0,0.714,0.286,0.429,0.286,0,0,0.143,0.571,0.429,0.714,0.429,0,0.679,0.824,-1.211,1.02,-0.43,0.145,0.379,-1.122,-1.705,-1.279,-0.801,-0.844,0.49,-0.813,-1.178,1.131,2.387,0.158
"VNM","VIETNAM",2011,-7,0,1950.92504174913,15.9083466260566,101.384051611447,NA,NA,NA,99.32474,16.2591484896283,NA,NA,35.07,NA,88468314,51.3296014661249,NA,38.9070145300747,4.58244433557524,9.06944428635118,2966460449.21875,NA,NA,NA,NA,4.97468519,2.21,225,73.713,68.908,78.439,NA,NA,NA,NA,1.55654936250578,"Asia","South-Eastern Asia",0,0.104,0.342,-0.855,-0.534,1.096,1.212,1.673,-0.91,-1.23,-0.379,0,0,0.714,0.286,0.429,0.286,0,0,0.143,0.571,0.429,0.714,0.429,0,0.676,0.824,-1.211,1.119,-0.43,0.145,0.379,-1.122,-1.705,-1.279,-0.801,-0.844,0.49,-0.813,-1.178,1.131,2.399,0.151
"VNM","VIETNAM",2012,-7,0,2185.11767654291,12.0041841578809,102.054953695526,NA,NA,NA,98.05641,16.199507640393,15.65365,NA,36.8,NA,89510356,51.3008025574158,NA,39.1188401087315,4.10988392212901,7.29867693307343,3597937011.71875,NA,NA,NA,NA,5.00178242,2.27,218,73.762,68.979,78.465,NA,NA,NA,NA,1.71831331991755,"Asia","South-Eastern Asia",0,0.105,0.312,-0.914,-0.614,0.966,1.126,1.673,-0.902,-1.099,-0.162,0,0,0.714,0.286,0.429,0.286,0,0,0.143,0.571,0.429,0.714,0.429,0,0.675,0.824,-1.211,1.119,-0.43,0.145,0.379,-1.122,-1.705,-1.279,-0.801,-0.844,0.49,-0.813,-1.178,1.131,2.292,0.151
"VNM","VIETNAM",2013,-7,0,2359.51736472828,7.98124925067143,102.262367182756,NA,97.5869464739529,97.4575461963302,97.96511,15.2156122465127,NA,NA,38.5,NA,90573104,51.2677670845862,NA,40.542010129242,3.17047517147024,5.91331153505454,3863650634.76563,NA,NA,NA,NA,4.41233158,2.3,212,73.821,69.042,78.524,NA,NA,NA,NA,1.74407703676771,"Asia","South-Eastern Asia",0,0.113,0.288,-0.946,-0.705,0.827,1.002,1.673,-0.824,-1.116,-0.298,0,0,0.714,0.286,0.429,0.286,0,0,0.143,0.571,0.429,0.714,0.429,0,0.648,0.824,-1.137,1.119,0.456,0.145,0.379,-1.122,-1.293,-1.279,-0.801,-0.844,0.49,-0.813,-1.178,1.131,2.292,0.151
"VNM","VIETNAM",2014,-7,0,2546.38464459903,7.91972471422219,103.083557760139,NA,96.7219090268776,98.4171816328186,NA,14.8803489262722,10.70982,NA,41,NA,91679578,51.234001657752,NA,40.9236092881482,2.85117967459122,5.66094916066902,4015968261.71875,NA,NA,NA,NA,4.69078779,2.42,205,73.886,69.1,78.598,NA,NA,NA,NA,1.82295771785959,"Asia","South-Eastern Asia",0,0.115,0.305,-0.946,-0.661,0.827,1.055,1.673,-0.824,-1.116,-0.298,0,0,0.714,0.286,0.429,0.286,0,0,0.143,0.571,0.429,0.714,0.429,0,0.648,0.824,-1.137,1.119,0.456,0.145,0.379,-1.122,-1.293,-1.279,-0.801,-0.844,0.49,-0.813,-1.178,1.131,2.292,0.151
"VNM","VIETNAM",2015,-7,0,2577.56885340113,1.22464643620292,103.278372065069,NA,98.3469688933348,96.2811771167943,NA,14.4747261789547,NA,NA,45,NA,92823254,51.201932653643,NA,42.1930087721287,1.21986218030571,3.38333033260239,3375589599.60938,NA,NA,NA,NA,4.71140909,2.51,199,73.955,69.147,78.7,NA,NA,NA,NA,1.90702805588388,"Asia","South-Eastern Asia",0,0.115,0.31,-0.88,-0.661,0.816,1.055,1.673,-0.825,-1.116,-0.298,0,0,0.714,0.286,0.429,0.286,0,0,0.143,0.571,0.429,0.714,0.429,0,0.648,0.824,-1.137,1.119,0.456,0.145,0.379,-1.122,-1.293,-1.279,-0.801,-0.844,0.49,-0.813,-1.178,1.131,2.292,0.151
"VNM","VIETNAM",2016,-7,0,2735.0604380416,6.11008254668572,105.947597481197,NA,100.444871866779,99.4344338332448,NA,13.8182553730866,5.76598,NA,53,NA,94000117,51.1540219801431,NA,42.8544900073075,0.828042589429339,2.68357593807147,2965123535.15625,NA,NA,NA,NA,4.86994743,2.47,193,73.984,69.153,78.762,NA,NA,NA,NA,1.95056176952778,"Asia","South-Eastern Asia",0,0.117,0.289,-1.073,-0.757,0.816,1.091,1.673,-0.825,-1.116,-0.298,0,0,0.714,0.286,0.429,0.286,0,0,0.143,0.571,0.429,0.714,0.429,0,0.643,0.824,-1.137,0.876,0.456,0.145,0.379,-1.122,-1.293,-1.279,-0.801,-0.844,0.49,-0.813,-1.178,1.422,2.295,0.163
"VNM","VIETNAM",2017,-7,0,2956.10992127753,8.08206941833465,104.437659436385,NA,NA,NA,NA,12.9298794852362,NA,NA,58.14,NA,95176977,51.1009894756376,NA,42.5807243141144,1.00099064325611,3.21350443557147,2443488525.39063,NA,NA,NA,NA,4.99014759,2.52,188,74.026,69.217,78.79,NA,NA,NA,NA,1.80387228671057,"Asia","South-Eastern Asia",0,0.115,0.268,-1.172,-0.836,0.816,1.136,1.673,-0.692,-1.116,-0.298,0,0,0.714,0.286,0.429,0.286,0,0,0.143,0.571,0.429,0.714,0.429,0,0.641,0.824,-1.126,0.876,0.295,0.145,0.379,-1.122,-1.293,-1.279,-0.801,-0.844,0.818,-0.831,-0.894,1.357,2.031,0.198
"VNM","VIETNAM",2018,-7,0,3222.31003125366,9.00508157900595,104.190504718464,NA,103.143058728665,100.202661741217,NA,12.3066684310428,5.76598,NA,69.8479,NA,96237319,51.0691969712914,NA,42.1709178908888,1.12046207095372,3.26009968480725,1731149047.85156,NA,NA,NA,NA,5.02678823,NA,182,74.1,69.303,78.863,NA,NA,NA,NA,1.80650138874311,"Asia","South-Eastern Asia",1,0.113,0.268,-1.172,-0.836,0.816,1.136,1.673,-0.692,-1.116,-0.298,0,0,0.714,0.286,0.429,0.286,0,0,0.143,0.571,0.429,0.714,0.429,0,0.663,0.824,-1.126,0.876,0.295,0.145,0.379,-1.122,-1.293,-1.279,-0.801,-1.751,0.818,-0.831,-0.894,1.357,2.031,0.198
"VNM","VIETNAM",2019,NA,0,3440.90025375434,6.78364962963034,103.337272102979,NA,NA,NA,NA,11.7845285540387,NA,NA,68.6616,NA,97173776,51.0531210709886,NA,42.4687227777403,0.724494952926738,2.50068260501281,1167229003.90625,95.75,96.9899978637695,94.5699996948242,NA,4.97407484,NA,176,74.211,69.414,78.972,NA,NA,NA,NA,NA,"Asia","South-Eastern Asia",1,0.117,0.268,-1.172,-0.836,0.816,1.136,1.726,-0.692,-1.116,-0.298,0,0,0.6,0.4,0.6,0.4,0,0,0.2,0.8,0.6,1,0.6,0,0.687,0.824,-1.265,0.876,0.306,0.435,0.379,-1.122,-1.293,-1.279,-1.439,-1.541,0.67,-0.831,-1.343,1.357,2.031,0.198
"VNM","VIETNAM",2020,NA,0,3534.03953482647,2.70682885882863,102.847744602601,NA,NA,NA,NA,12.6554035685556,5.76598,NA,70.3,NA,98079191,51.0420207279238,NA,41.8311604395691,0.242642397619719,1.8108819584417,1250351074.21875,NA,NA,NA,NA,4.33219814,NA,171,75.383,70.366,80.314,NA,NA,NA,NA,NA,"Asia","South-Eastern Asia",1,0.106,0.267,-1.172,-0.836,0.816,1.045,1.155,-0.89,-1.358,-0.298,0,0.167,0.5,0.333,0.5,0.5,0,0,0.167,0.667,0.5,0.833,0.5,0,0.68,1.157,-1.265,0.876,0.498,0.651,0.379,-1.122,-1.156,-1.279,-1.596,-1.736,0.481,-0.274,-1.401,0.808,2.363,0.157
